country,lat,lon,name
BE,51.0905,2.5511,
BE,51.0929,2.5582,
BE,51.094,2.5609,
BE,51.0955,2.5641,
BE,51.1055,2.5936,
BE,51.1145,2.6157,
BE,51.124,2.6402,
BE,51.1312,2.6601,
BE,51.1344,2.6716,
BE,51.1392,2.6877,
BE,51.1478,2.7096,
BE,51.1546,2.7259,Strandreservaat IJzermonding
BE,51.1579,2.7369,
BE,51.1636,2.7541,
BE,51.1728,2.7771,
BE,51.1831,2.8016,
BE,51.1941,2.827,
BE,51.2064,2.8559,
BE,51.2189,2.8835,
BE,51.2309,2.9066,
BE,51.2358,2.9193,
BE,51.2387,2.9297,
BE,51.2435,2.9429,
BE,51.2486,2.9558,
BE,51.2514,2.9632,
BE,51.2548,2.9719,
BE,51.2581,2.9801,
BE,51.26,2.9852,Naaktstrand
BE,51.2636,2.994,
BE,51.2691,3.0066,
BE,51.2722,3.0143,Naaktstrand Bredene
BE,51.2741,3.0188,
BE,51.2794,3.0316,
BE,51.2832,3.0405,
BE,51.2868,3.0487,
BE,51.2914,3.0587,
BE,51.2955,3.0667,
BE,51.2991,3.0727,
BE,51.3034,3.0818,
BE,51.3067,3.0927,
BE,51.3109,3.105,
BE,51.3144,3.1175,
BE,51.3178,3.1308,
BE,51.3215,3.1464,
BE,51.3303,3.1689,
BE,51.3444,3.2509,AlbertStrand
BE,51.3584,3.3201,
BG,41.9832,28.0303,
BG,42.0063,28.0188,
BG,42.0109,28.017,
BG,42.0225,28.0105,Силистар
BG,42.025,28.0117,
BG,42.0331,28.0067,
BG,42.0342,28.0048,
BG,42.037,28.0027,
BG,42.0473,27.9912,Липите
BG,42.0475,27.9917,Липите
BG,42.0501,27.9903,
BG,42.0553,27.9865,Бутамята
BG,42.0678,27.9721,Плажът на Велека
BG,42.1022,27.927,Плаж Ахтопол
BG,42.1028,27.933,Ахтопол - Централен плаж
BG,42.104,27.9236,Плаж къмпинг Делфин
BG,42.1277,27.907,
BG,42.1585,27.8675,Южен плаж (Нестинарка)
BG,42.1631,27.8629,Магарешкия плаж
BG,42.1743,27.851,Централен плаж
BG,42.1887,27.8371,Арапя
BG,42.1974,27.8245,
BG,42.2013,27.8195,Оазис
BG,42.209,27.8107,Плаж Тарфа
BG,42.2131,27.8051,Централен плаж
BG,42.2143,27.7987,Мечата дупка
BG,42.2165,27.7917,Плаж Корал
BG,42.2198,27.787,
BG,42.2307,27.7782,Южен плаж Китен
BG,42.2347,27.7808,
BG,42.2416,27.7696,плаж Атлиман
BG,42.2558,27.7529,Южен плаж
BG,42.2651,27.7556,
BG,42.277,27.7564,Северен плаж
BG,42.2793,27.7538,Нудистски плаж
BG,42.2867,27.7547,
BG,42.2887,27.7571,Плаж Перла
BG,42.3002,27.7688,
BG,42.3075,27.7899,
BG,42.3205,27.7715,
BG,42.3268,27.7523,
BG,42.3294,27.7564,
BG,42.3324,27.7358,Аркутино
BG,42.3379,27.7295,
BG,42.3449,27.7269,Плаж Алепу
BG,42.3544,27.7179,
BG,42.3588,27.7175,Плаж Алепу
BG,42.3918,27.7076,"плаж ""Каваците"""
BG,42.4074,27.7144,Плаж Буджака
BG,42.409,27.6716,
BG,42.4093,27.7062,
BG,42.4097,27.6768,
BG,42.4107,27.6773,
BG,42.4135,27.7017,Харманите
BG,42.4136,27.684,Созопол-Запад
BG,42.4201,27.6568,Къмпинг градина
BG,42.4205,27.6958,
BG,42.4238,27.6962,
BG,42.4259,27.6948,
BG,42.4291,27.5138,
BG,42.4359,27.5272,Рибарско селище
BG,42.4364,27.5091,
BG,42.4385,27.5071,
BG,42.4394,27.5287,
BG,42.4395,27.6473,Царски плаж
BG,42.4399,27.5039,
BG,42.4434,27.499,
BG,42.4436,27.6497,
BG,42.4442,27.5315,
BG,42.4459,27.5346,
BG,42.4469,27.4911,Плaж Крайморе
BG,42.4482,27.6385,Черноморец
BG,42.4488,27.6088,
BG,42.4509,27.552,
BG,42.4516,27.6275,
BG,42.4517,27.5508,
BG,42.4529,27.4855,
BG,42.453,27.5489,Плаж Росенец - Север
BG,42.454,27.6273,
BG,42.4549,27.484,
BG,42.4555,27.5919,
BG,42.456,27.5391,
BG,42.456,27.6275,
BG,42.4569,27.6286,
BG,42.458,27.4802,
BG,42.4583,27.4749,
BG,42.4596,27.4774,
BG,42.4672,27.5527,
BG,42.4887,27.4821,Неохраняем плаж
BG,42.4925,27.4825,Централен плаж
BG,42.5029,27.4842,Северен Плаж
BG,42.517,27.4866,Плаж Солници
BG,42.5342,27.4948,Платена зона
BG,42.5357,27.4956,Свободна зона
BG,42.5378,27.497,
BG,42.5541,27.6497,
BG,42.5556,27.5191,
BG,42.5562,27.6496,
BG,42.5568,27.5217,Плаж
BG,42.5578,27.5252,
BG,42.5578,27.6474,
BG,42.5581,27.5425,
BG,42.5588,27.5355,
BG,42.5603,27.6022,
BG,42.5603,27.6451,Централен плаж Поморие
BG,42.5615,27.5965,Галера
BG,42.5626,27.5958,Дияна
BG,42.5627,27.6069,
BG,42.5631,27.6433,
BG,42.5637,27.6237,
BG,42.5639,27.5933,
BG,42.5645,27.591,Анхиало
BG,42.5647,27.5898,
BG,42.5651,27.6173,
BG,42.5665,27.6401,Северен плаж Поморие
BG,42.5715,27.6364,
BG,42.574,27.6352,
BG,42.5777,27.6337,
BG,42.6029,27.6331,"Плаж ""Черен пясък"""
BG,42.6376,27.6575,
BG,42.6376,27.6736,Южен плаж Равда
BG,42.6389,27.6497,
BG,42.6443,27.6839,
BG,42.6481,27.7118,Нудистки плаж
BG,42.6484,27.6881,
BG,42.6484,27.7046,
BG,42.6498,27.7127,
BG,42.6509,27.6929,
BG,42.6514,27.7008,
BG,42.6519,27.698,
BG,42.655,27.7165,Южен плаж
BG,42.6567,27.7331,
BG,42.6584,27.7221,
BG,42.6589,27.7396,
BG,42.6591,27.7404,
BG,42.6753,27.7117,
BG,42.6766,27.7117,Nudist Beach
BG,42.6877,27.721,Sunny Beach
BG,42.7008,27.8793,
BG,42.7017,27.8107,
BG,42.703,27.7909,
BG,42.7033,27.8146,
BG,42.7035,27.7996,Robinson Beach
BG,42.7038,27.7886,
BG,42.7047,27.82,
BG,42.7055,27.7773,
BG,42.7064,27.7716,
BG,42.7076,27.7523,
BG,42.7078,27.7656,
BG,42.7079,27.7579,
BG,42.708,27.7507,
BG,42.7081,27.7642,
BG,42.7084,27.7461,
BG,42.7084,27.7487,
BG,42.7092,27.734,
BG,42.739,27.8926,Иракли
BG,42.7455,27.8903,Нудистки плаж
BG,42.752,27.8886,Река Вая
BG,42.795,27.8929,
BG,42.8236,27.8852,Обзор
BG,42.8487,27.8862,
BG,42.8542,27.898,Чайка
BG,42.8549,27.8938,
BG,42.8694,27.8995,
BG,42.904,27.899,Кара дере
BG,42.9225,27.9011,
BG,42.9274,27.9054,
BG,42.9785,27.8952,Шкорпиловци
BG,43.0337,27.8894,Камчия
BG,43.1034,27.9234,Близнаци
BG,43.1098,27.9245,плаж Паша дере
BG,43.1226,27.9294,плаж Черноморец
BG,43.1331,27.9382,
BG,43.1427,27.9403,плаж Ветеран
BG,43.1465,27.9405,Нудистки плаж
BG,43.1529,27.9433,плаж Дивен кът
BG,43.1572,27.944,плаж Галата
BG,43.1607,27.9449,Галата Север
BG,43.1775,27.9129,Плаж Аспарухово
BG,43.1986,27.9223,Южен плаж
BG,43.2034,27.9254,Централен плаж
BG,43.2059,27.932,Ribarski beach
BG,43.2063,27.9338,плаж Офицерски-запад
BG,43.2088,27.9384,Офицерски плаж - Изток
BG,43.2098,27.9413,плаж Буните
BG,43.2106,27.9501,плаж Буните-2
BG,43.211,27.9488,
BG,43.2129,27.9599,Четвърта буна
BG,43.215,27.963,
BG,43.2168,27.9659,Плаж
BG,43.2171,27.9919,
BG,43.2177,27.9965,
BG,43.2188,27.9861,Евксиноград
BG,43.2191,27.9809,Траката
BG,43.2211,28.0035,
BG,43.2232,28.0083,плаж Св.св.Константин и Елена - юг
BG,43.2255,28.0114,плаж Св. Илия
BG,43.228,28.0136,
BG,43.2294,28.0143,
BG,43.2305,28.0149,
BG,43.235,28.0156,
BG,43.239,28.0166,Сахара-1
BG,43.2425,28.0192,
BG,43.2438,28.0191,
BG,43.2504,28.029,плаж Кабакум Юг
BG,43.2546,28.0303,
BG,43.2585,28.0322,плаж Кабакум Север
BG,43.2655,28.037,
BG,43.2681,28.0381,Нуди
BG,43.2697,28.0388,Чайка Север
BG,43.2711,28.0395,Ривиера
BG,43.2735,28.0411,Ривиера
BG,43.2753,28.043,плаж Лотос
BG,43.2763,28.0436,плаж Дюни
BG,43.2775,28.0434,
BG,43.2897,28.047,Златни пясъци
BG,43.3,28.0498,
BG,43.3037,28.0527,Плаж Нирвана
BG,43.3047,28.0531,Плаж Нирвана
BG,43.3065,28.0544,
BG,43.3435,28.0714,
BG,43.3656,28.0853,
BG,43.3824,28.4705,Болата
BG,43.3844,28.4303,плаж Зеленка
BG,43.4001,28.2232,
BG,43.402,28.2204,Women
BG,43.402,28.2208,Men
BG,43.4031,28.1463,
BG,43.4033,28.2455,
BG,43.4034,28.1703,
BG,43.4034,28.2447,
BG,43.4037,28.1482,
BG,43.404,28.244,
BG,43.4049,28.237,
BG,43.4049,28.2434,
BG,43.4054,28.1579,
BG,43.4054,28.2429,
BG,43.4078,28.2551,
BG,43.4113,28.499,
BG,43.412,28.2716,Кибела
BG,43.4125,28.3567,
BG,43.4134,28.3526,Бабешкия плаж
BG,43.4139,28.2881,Argata Beach
BG,43.4148,28.5072,
BG,43.4149,28.5126,плаж Каяк
BG,43.4152,28.5094,Централен плаж
BG,43.4164,28.2988,Bendida Beach
BG,43.4165,28.5161,плаж Хелинга
BG,43.4194,28.5211,
BG,43.4208,28.5235,
BG,43.5223,28.6013,Детски плаж
BG,43.5413,28.6075,Кария
BG,43.547,28.6046,Кария
BG,43.5635,28.5922,Шабленски плаж
BG,43.5748,28.58,
BG,43.5785,28.577,
BG,43.5892,28.5752,Езерец
BG,43.6116,28.5708,
BG,43.6463,28.5717,
BG,43.6539,28.572,Крапец
BG,43.6834,28.5647,Дуранкулак Юг
BG,43.7173,28.5748,Дуранкулак Север
CY,34.6419,32.7134,
CY,34.6472,32.7422,
CY,34.6489,32.7242,Pissouri Bay
CY,34.6496,32.7277,Pissouri Nudist Beach
CY,34.6513,32.68,
CY,34.6582,33.0226,
CY,34.6606,33.0243,
CY,34.665,32.6258,
CY,34.6681,33.0363,
CY,34.6684,33.0339,
CY,34.6686,33.0382,
CY,34.6803,33.0541,
CY,34.6863,33.0656,
CY,34.6886,33.0719,Agios Georgios Fragoudi 2 municipal beach
CY,34.6893,33.0733,
CY,34.6901,33.0757,
CY,34.6907,33.0777,
CY,34.6914,33.08,
CY,34.6921,33.0822,
CY,34.6923,33.0836,
CY,34.6927,33.0861,Dasoudi
CY,34.6938,33.0898,
CY,34.6996,32.5355,Hidden Beach
CY,34.7011,33.1042,
CY,34.7027,32.5248,Mandria Beach
CY,34.7034,33.1108,Kastella Beach
CY,34.7047,33.1155,Onisilos
CY,34.7053,33.1173,Onisilos
CY,34.7054,32.5004,
CY,34.7064,33.121,Armonia Beach
CY,34.7068,33.2356,
CY,34.7076,33.1266,Aphrodite Beach
CY,34.7081,33.2707,
CY,34.7082,33.1303,Vouppa Beach
CY,34.7083,33.1317,
CY,34.7085,33.1333,
CY,34.7089,33.1349,Loures
CY,34.7113,33.1692,Panagies Beach
CY,34.7116,33.1649,
CY,34.7122,33.272,Governor's Beach
CY,34.7127,33.154,Agia Barbara municipal beach
CY,34.7159,33.2735,
CY,34.7167,33.2739,
CY,34.717,33.2742,
CY,34.7174,33.2747,
CY,34.7177,33.2752,
CY,34.7179,33.2755,Kalymnos Beach
CY,34.7188,33.2766,
CY,34.7285,33.3406,Μαρινοπαρέα
CY,34.7315,33.3645,Secret Paradise Beach (Maroni)
CY,34.7315,33.3652,Secret Paradise Beach (Maroni)
CY,34.7332,32.4492,Geroskipou Beach
CY,34.7361,32.4423,Yeroskipou Plaz
CY,34.7366,33.3762,
CY,34.738,32.4344,
CY,34.7391,32.4336,
CY,34.7408,32.4306,
CY,34.7416,32.43,
CY,34.7477,32.4232,
CY,34.7499,32.4217,SODAP Beach
CY,34.7516,32.4203,
CY,34.7534,33.417,
CY,34.7581,33.4204,
CY,34.7644,32.4062,Lighthouse Beach
CY,34.7688,32.4051,Kefalos Beach
CY,34.7719,32.4046,Elysium Beach
CY,34.7734,33.4626,
CY,34.775,33.4701,
CY,34.7796,32.4029,Venus blue beach
CY,34.7813,32.4027,
CY,34.7848,32.4013,Vrexi Beach
CY,34.7879,33.5016,
CY,34.7903,32.3969,
CY,34.7956,32.394,
CY,34.804,32.3937,St. George Beach
CY,34.8056,32.3937,Alki Beach
CY,34.8096,32.3936,
CY,34.811,32.3934,
CY,34.8131,32.3938,Kotsia Beach
CY,34.8176,33.5951,
CY,34.8194,33.604,Faros Beach
CY,34.8239,33.6043,
CY,34.8245,32.3878,
CY,34.8278,32.3884,
CY,34.8341,32.3908,Blue Coral
CY,34.8473,33.6217,
CY,34.8498,33.6245,
CY,34.8505,32.3706,
CY,34.8539,32.369,Coral bay
CY,34.8552,32.3629,
CY,34.8554,32.366,
CY,34.8578,32.3598,Corallia Beach
CY,34.8652,33.6372,
CY,34.8723,33.6377,Dog Beach
CY,34.8861,32.3293,
CY,34.8878,32.3284,
CY,34.8907,33.638,Mackenzie Beach
CY,34.8946,32.3228,Kafizis Beach
CY,34.896,33.639,
CY,34.8978,33.6393,
CY,34.9002,33.6384,
CY,34.9032,32.3185,
CY,34.9062,32.3216,
CY,34.9084,32.3238,
CY,34.912,32.326,Παραλια Ασπροποταμου
CY,34.9129,33.6387,Phinikoudes
CY,34.922,32.3262,
CY,34.9398,32.3177,
CY,34.9471,32.3117,Lara Beach
CY,34.9581,32.3097,Lara Beach
CY,34.9607,33.659,
CY,34.9619,33.661,
CY,34.9631,32.3135,North Lara Beach
CY,34.9637,33.6631,
CY,34.9659,33.6659,
CY,34.9685,33.6707,
CY,34.9689,33.6715,
CY,34.9693,33.9013,
CY,34.9701,33.9012,
CY,34.9712,33.6765,
CY,34.973,34.0402,Limnara Beach
CY,34.9731,33.681,
CY,34.9738,33.9069,
CY,34.9746,34.0306,
CY,34.9747,33.6851,
CY,34.9756,33.6878,
CY,34.9758,33.6902,
CY,34.9759,33.6912,
CY,34.9767,33.6928,
CY,34.9767,33.9231,
CY,34.9779,33.9347,Nissaki beach
CY,34.9779,33.9406,
CY,34.9782,33.6986,CTO Beach
CY,34.9786,34.0237,Ammos Kambouri
CY,34.9788,33.9346,Ayia Thekla beach
CY,34.9789,33.7015,CTO Beach
CY,34.981,33.9476,
CY,34.9812,33.9552,
CY,34.9822,33.9532,
CY,34.9825,33.9984,Παραλία Λούκκος του Μάντη
CY,34.9827,33.9555,Makronissos Beach
CY,34.9835,34.0082,Glyki Nero Beach
CY,34.9838,34.0049,Paradisos
CY,34.984,34.07,Konnos
CY,34.9841,34.01,
CY,34.9842,34.0084,Γλυκύ Νερό
CY,34.9844,34.0082,
CY,34.9849,33.9834,Pernera
CY,34.985,33.9901,Katsarka
CY,34.9861,33.9676,
CY,34.9868,33.9651,Adams beach
CY,34.9868,33.9794,Vathia Gonia
CY,34.9872,33.959,Landa Golden Beach
CY,34.9875,33.969,Nissi
CY,34.9922,34.0737,Swimming spot
CY,34.9922,34.0739,Swimming spot
CY,34.9965,34.0689,Glifades (Mimosa Beach)
CY,34.9996,34.0667,Nissia Bay Beach
CY,35.0013,34.0653,Nisia Loumbardi Beach
CY,35.0034,34.0632,Παραλία Βυζακιά
CY,35.0067,34.0623,
CY,35.0111,32.3032,
CY,35.0125,34.0626,
CY,35.0128,34.0587,Fig Tree Bay
CY,35.0182,34.0534,Vrissi Beach | Sunrise Beach
CY,35.0216,32.2903,
CY,35.0288,34.0451,Potami Bay Beach
CY,35.0307,34.0439,Polyxenia Beach
CY,35.0318,34.0423,Pernera P Beach
CY,35.0341,34.0401,Ellines Beach
CY,35.0367,34.0386,Louma Beach
CY,35.0406,34.034,Vizakia Beach
CY,35.0413,32.3862,Yialos
CY,35.0414,32.3902,
CY,35.042,32.4105,Λατσί
CY,35.0443,34.0316,Vrisoudia Beach
CY,35.0454,32.4296,
CY,35.0465,32.3647,
CY,35.0467,32.433,
CY,35.0488,32.3569,Ttakkas Bay
CY,35.0492,32.4378,
CY,35.0509,34.0227,Trinity Beach | Agia Triada Beach
CY,35.052,34.0223,
CY,35.0529,32.4452,
CY,35.0549,34.0154,Skoutari Beach
CY,35.0554,34.0149,
CY,35.0559,32.3484,
CY,35.0559,32.4514,
CY,35.0566,32.3477,
CY,35.0574,32.3475,
CY,35.0585,34.0112,Kapparis Bay
CY,35.0597,34.0094,Firemans Beach
CY,35.0613,34.0074,Paralia Armyropigado
CY,35.0622,34.0067,
CY,35.0633,32.4628,Mavralis Beach
CY,35.0717,32.3225,
CY,35.075,32.3178,Amphitheatre
CY,35.0829,32.3058,Blue Lagoon
CY,35.0835,33.9815,Derinya Halk Plajı
CY,35.0884,32.3012,
CY,35.0973,33.9703,Glossa Beach
CY,35.1029,33.9645,
CY,35.1156,33.9587,
CY,35.1182,33.9584,Palm beach
CY,35.1437,32.8175,
CY,35.1486,32.8034,Lefke Belediyesi Halk Plajı
CY,35.1497,32.5358,Paradise Beach
CY,35.1567,32.542,Tpoulorotsos Beach
CY,35.1602,33.9156,Glapsides Beach
CY,35.1669,33.9102,Beach Club
CY,35.17,32.5605,
CY,35.1712,33.9093,Silver Beach
CY,35.1746,32.585,Pachyamos Beach
CY,35.1756,32.5556,Pomos Municipal Beach
CY,35.1802,32.6083,
CY,35.1812,32.9023,
CY,35.1836,32.7017,
CY,35.1844,32.6925,
CY,35.187,32.6157,
CY,35.1876,33.9037,
CY,35.192,32.6641,Omega Beach
CY,35.1925,33.9019,
CY,35.198,33.9006,
CY,35.2033,33.8998,Kocareis Beach
CY,35.2518,33.9053,Makenzi Plajı
CY,35.3126,33.952,
CY,35.3166,33.9582,
CY,35.3318,33.4145,
CY,35.3319,33.42,
CY,35.3321,33.4796,Alagadi Beach 1
CY,35.3329,33.3966,Shayna
CY,35.3329,33.485,Alagadi 2
CY,35.3331,33.406,
CY,35.3353,33.4922,Alagadi Beach 3
CY,35.3355,33.3461,
CY,35.3356,33.3755,Diana Beach
CY,35.3378,33.509,Korenium beach
CY,35.3382,33.3346,Bella Marin Beach
CY,35.3447,33.2479,
CY,35.3449,33.2754,Karaoğlanoğlu Plajı
CY,35.3453,33.2799,Riviera Beach
CY,35.3468,33.2908,
CY,35.3471,33.2347,Escape Beach
CY,35.3474,33.2552,Kervansaray Beach
CY,35.3504,33.2261,Beach
CY,35.3509,33.2234,
CY,35.3514,33.1747,
CY,35.3515,33.1696,Beach
CY,35.3531,33.5947,Esentepe Belediye Halk Plajı
CY,35.3533,33.0892,Güzelyalı Beach
CY,35.3539,33.2179,Bamboo Beach
CY,35.3551,34.0782,
CY,35.3565,33.0582,Lido Cyprus
CY,35.3565,33.2053,Municipality of Alsancak Beach
CY,35.3568,33.1939,Camelot Beach
CY,35.3598,33.1373,Sardunya Beach
CY,35.3615,34.0792,
CY,35.3623,32.9256,
CY,35.3669,34.0798,Mehmetçik Belediye Bafra Plajı
CY,35.367,33.1143,
CY,35.3688,34.0813,
CY,35.3703,32.9888,Sandouka Beach
CY,35.4103,33.7671,
CY,35.411,33.7688,
CY,35.4116,33.7889,
CY,35.4266,33.9,
CY,35.4325,34.1629,
CY,35.494,34.0838,Yudi Halk Plajı
CY,35.5228,34.3404,
CY,35.5268,34.3465,
CY,35.5338,34.3559,
CY,35.5387,34.366,
CY,35.5465,34.3861,
CY,35.555,34.399,
CY,35.5721,34.2683,Honey Beach - Balcı Plaza
CY,35.5768,34.276,
CY,35.5782,34.4148,
CY,35.5993,34.4354,
CY,35.6007,34.3335,
CY,35.6269,34.3689,Ayfilon Plajı
CY,35.6355,34.4089,
CY,35.6381,34.5371,Golden Beach
CY,35.6429,34.4202,
CY,35.6522,34.458,Issız Plaj
DE,53.0607,8.8433,
DE,53.0611,8.8421,
DE,53.0613,8.8417,
DE,53.0617,8.8409,
DE,53.0619,8.8404,
DE,53.0671,8.8236,Weserstrand
DE,53.0677,8.8176,
DE,53.0692,8.8113,
DE,53.0974,8.7533,Rablinghauser Strand
DE,53.1695,8.5797,
DE,53.1948,8.5165,
DE,53.1988,8.5116,
DE,53.2094,8.4988,
DE,53.2183,8.4998,
DE,53.2295,8.4829,
DE,53.2608,8.4794,
DE,53.269,8.4817,
DE,53.2729,8.4906,
DE,53.2746,8.4909,
DE,53.276,8.4911,
DE,53.2823,8.4929,
DE,53.2824,8.4845,
DE,53.2896,8.4855,
DE,53.2919,8.4852,
DE,53.2974,8.4871,Käseburger Strand
DE,53.301,8.4956,
DE,53.3101,8.4873,Schierlohstrand
DE,53.3202,8.4936,
DE,53.3272,8.495,
DE,53.3308,8.4966,
DE,53.3334,8.4981,
DE,53.3386,8.5016,
DE,53.3411,8.5027,
DE,53.3489,8.5056,
DE,53.3564,7.0021,
DE,53.3629,8.5098,
DE,53.3673,6.9989,
DE,53.3769,8.5037,
DE,53.3824,8.4908,
DE,53.39,8.4893,
DE,53.3919,8.489,
DE,53.3932,8.4889,
DE,53.3995,8.4884,
DE,53.4074,8.4884,
DE,53.4365,8.2954,
DE,53.4477,8.4848,Kleinsieler Strand
DE,53.448,8.1117,
DE,53.4511,8.1189,Hundestrand
DE,53.4514,8.122,
DE,53.4515,8.1207,Badestrand
DE,53.4737,8.4842,
DE,53.4752,8.483,
DE,53.4781,8.4843,
DE,53.4789,8.4853,
DE,53.479,8.4848,
DE,53.4798,8.4853,
DE,53.5036,8.0868,
DE,53.5052,8.0992,Strandbad Klein Wangerooge
DE,53.5183,8.1596,
DE,53.5215,8.2316,Strand Eckwarderhörne
DE,53.5258,8.555,
DE,53.5305,6.6577,Horsbornzand
DE,53.5333,8.2378,
DE,53.5376,8.5771,Weser-Strandbad
DE,53.5602,6.7186,
DE,53.5668,6.7037,
DE,53.5707,6.6859,
DE,53.5751,6.6749,Hundestrand
DE,53.5766,6.669,Südstrand
DE,53.5798,8.2427,
DE,53.5814,6.6606,
DE,53.5819,8.3756,Hundestrand
DE,53.5825,8.3746,
DE,53.5867,8.3679,
DE,53.5868,6.6564,Bewachter Badestrand
DE,53.5869,8.367,
DE,53.5888,6.6575,Nordstrand
DE,53.5898,6.87,Lütje Hörn
DE,53.5906,6.6565,bewachter Badestrand
DE,53.592,6.6564,Iglu-Strand
DE,53.5921,6.659,Hundestrand
DE,53.5937,6.6568,Drachensport
DE,53.5955,9.6182,
DE,53.6,9.6075,
DE,53.6019,6.7174,
DE,53.6038,6.804,
DE,53.6043,6.6707,Jugendbad
DE,53.6056,9.5944,
DE,53.6093,6.7037,FKK-Strand
DE,53.6114,9.5443,
DE,53.6133,7.1479,
DE,53.615,7.1474,Hundestrand
DE,53.6166,7.1489,Sandstrand
DE,53.6193,7.1517,Grünstrand
DE,53.6312,9.5236,
DE,53.6333,6.8765,
DE,53.6359,6.8821,
DE,53.6415,8.0554,
DE,53.6415,9.5145,
DE,53.6429,8.0627,
DE,53.643,6.8332,Kachelotplate
DE,53.6438,8.0661,
DE,53.6442,8.0717,Strandbad Hooksiel
DE,53.6448,8.4934,Badestrand Warren
DE,53.6452,8.0778,
DE,53.6453,8.0699,
DE,53.6488,6.8923,
DE,53.6655,6.8779,Billriff
DE,53.6703,9.5219,
DE,53.672,9.4957,
DE,53.6744,7.2829,Naturstrand
DE,53.6752,9.4941,
DE,53.6779,7.5649,
DE,53.6787,9.4909,
DE,53.6791,6.993,
DE,53.6819,7.4838,Strand Dornumersiel
DE,53.6822,7.4814,
DE,53.6825,6.9894,Rettungsturm Nr. 4
DE,53.6831,6.9941,Rettungsturm Nr. 3
DE,53.6837,7.0004,Rettungsturm Nr. 1
DE,53.686,7.3561,Hundestrand
DE,53.686,7.358,Strand
DE,53.6971,14.2619,
DE,53.6983,8.03,DLRG am Badestrand Schillig
DE,53.701,7.1445,Weststrand
DE,53.7018,7.6993,
DE,53.7031,9.5015,
DE,53.7036,8.0304,Badestrand Schillig
DE,53.707,7.1373,
DE,53.7083,8.0233,Hundestrand Schillig
DE,53.7098,7.8063,Badestrand
DE,53.7101,7.8088,Hundestrand
DE,53.7105,8.009,
DE,53.7111,7.1419,
DE,53.7131,8.1497,
DE,53.7132,7.1478,
DE,53.7156,7.1573,Nordstrand
DE,53.72,7.1874,
DE,53.7211,7.2389,FKK-Strand
DE,53.722,7.2238,
DE,53.7221,7.295,
DE,53.724,7.3639,
DE,53.7254,8.1668,
DE,53.7255,8.1418,
DE,53.7258,9.4862,
DE,53.7299,7.4058,
DE,53.7315,7.3763,
DE,53.7325,7.3788,
DE,53.7332,7.3809,
DE,53.7336,7.382,
DE,53.7347,8.5101,Hundestrand
DE,53.7356,14.1741,
DE,53.7374,8.5124,Watt´n Bad (Strand)
DE,53.7376,14.1319,
DE,53.7388,14.1401,
DE,53.7406,7.5469,
DE,53.7407,14.2698,
DE,53.7411,14.2686,
DE,53.7414,14.1449,
DE,53.7416,14.1456,
DE,53.7431,14.267,
DE,53.7442,14.2664,
DE,53.7468,7.47,Strandabschnitt A
DE,53.7475,7.6218,Seehundsbänke
DE,53.748,7.471,Strandabschnitt B
DE,53.7486,7.6303,Seehundsbänke
DE,53.7488,7.4716,Strandabschnitt C
DE,53.7495,7.4723,"Strandabschnitt D ""rauchfrei"""
DE,53.7503,7.4732,Strandabschnitt E
DE,53.7503,8.015,
DE,53.7512,7.4742,"Strandabschnitt S ""Sportstrand"""
DE,53.7516,9.3912,
DE,53.7519,7.4755,Strandabschnitt F
DE,53.7527,7.4771,Strandabschnitt G
DE,53.7534,7.4791,Strandabschnitt H
DE,53.7541,14.22,
DE,53.7543,7.6365,Seehundsbänke
DE,53.7544,7.4817,Strandabschnitt I
DE,53.7544,7.6784,
DE,53.755,7.4836,"Strandabschnitt J ""rauchfrei"""
DE,53.7553,7.4852,Strandabschnitt K
DE,53.7571,7.6865,
DE,53.7571,14.2241,
DE,53.758,7.6901,
DE,53.7587,9.3845,
DE,53.7597,14.2295,
DE,53.7602,14.2369,
DE,53.7603,14.2364,
DE,53.7608,7.6922,
DE,53.7615,7.6668,
DE,53.7721,7.6883,
DE,53.7781,7.7678,Nordstrand
DE,53.7787,7.8605,
DE,53.7794,7.9578,
DE,53.786,7.9367,
DE,53.7903,8.5435,Badestrand Spieka-Neufeld
DE,53.7914,7.8567,
DE,53.7935,7.9001,Strandservice
DE,53.7937,7.8912,
DE,53.8265,8.8821,
DE,53.8273,8.8808,
DE,53.8289,8.8931,Naturstrand Kap Jakob
DE,53.8292,8.8437,
DE,53.8312,8.826,
DE,53.8349,8.7827,Grünstrand Altenbruch
DE,53.8581,9.33,Brokdorfer Strand
DE,53.8612,8.5916,Sahlenburger Strand
DE,53.8669,14.2117,
DE,53.8686,14.2031,Kamminker Strand
DE,53.8705,14.199,
DE,53.8719,14.1952,Garzer Strand
DE,53.8825,8.6279,FKK-Strand Duhnen
DE,53.8874,8.658,
DE,53.9114,11.4316,
DE,53.9127,11.427,
DE,53.9132,11.4479,
DE,53.9155,11.4179,
DE,53.92,11.462,
DE,53.9231,11.4023,
DE,53.9248,11.4679,
DE,53.9264,11.4009,
DE,53.9302,14.2219,
DE,53.9328,14.2142,
DE,53.9339,11.2793,
DE,53.9351,11.3658,
DE,53.9359,11.4034,
DE,53.9368,11.3788,
DE,53.9371,11.397,
DE,53.939,11.2498,
DE,53.9417,11.2469,
DE,53.9427,11.2455,Hundestrand Wohlenberg
DE,53.9452,14.1911,
DE,53.9469,11.2431,
DE,53.9482,11.345,
DE,53.9492,11.3444,
DE,53.9523,8.4349,
DE,53.9539,11.341,
DE,53.9551,11.2413,
DE,53.9557,11.4809,
DE,53.9565,11.3301,
DE,53.9572,10.8968,
DE,53.9581,10.9097,FKK
DE,53.9582,10.8864,
DE,53.9583,10.8902,
DE,53.9596,14.1662,
DE,53.9597,8.4473,
DE,53.9611,10.8852,
DE,53.9611,10.9209,Hundestrand
DE,53.9642,10.9307,
DE,53.9651,14.1573,
DE,53.9655,10.8837,
DE,53.968,14.1529,
DE,53.9698,10.943,
DE,53.9718,14.1479,
DE,53.9724,11.4841,
DE,53.9752,10.9543,Hundestrand
DE,53.9757,11.3849,
DE,53.9764,10.8841,Hundestrand
DE,53.9765,14.1416,
DE,53.9775,11.2559,
DE,53.9777,10.8841,
DE,53.9792,10.8838,Wild-Strand
DE,53.9801,14.1361,
DE,53.9837,10.9729,Hundestrand
DE,53.9846,10.9748,Hundestrand
DE,53.9851,10.9802,
DE,53.9852,11.2152,Abschnitt 11/12 FKK
DE,53.9869,10.8633,
DE,53.988,14.1228,
DE,53.9883,11.2198,
DE,53.9888,11.3762,
DE,53.9891,11.4946,
DE,53.9902,11.4923,
DE,53.9908,11.4919,
DE,53.9931,10.809,Hundestrand
DE,53.9935,10.8263,
DE,53.994,10.8319,Schwimmplattform
DE,53.9966,11.1967,
DE,53.997,11.0121,
DE,53.9974,11.3818,
DE,53.9984,11.0159,
DE,53.9996,10.7909,
DE,54.0005,11.1935,
DE,54.0014,11.0243,
DE,54.0054,11.0388,
DE,54.006,11.3997,
DE,54.008,11.0552,
DE,54.0081,10.7737,Hundestrand
DE,54.0085,10.7733,Surfstrand
DE,54.009,10.7727,FKK-Bereich
DE,54.0095,11.5075,
DE,54.0114,10.7705,
DE,54.012,10.77,FKK-Bereich
DE,54.0134,11.5129,
DE,54.0138,10.7683,Hundestrand
DE,54.0139,11.4229,
DE,54.0209,10.763,
DE,54.0211,11.4614,
DE,54.0251,11.54,
DE,54.0257,11.5374,
DE,54.0263,11.4849,
DE,54.0273,11.5173,
DE,54.0301,11.4981,
DE,54.0301,11.5668,
DE,54.0316,11.5234,
DE,54.0336,10.7544,Scharbeutzer Strand
DE,54.0372,11.577,
DE,54.0403,10.7506,Hundestrand
DE,54.0431,10.7503,
DE,54.0487,10.752,
DE,54.0504,11.5148,
DE,54.0524,11.5325,
DE,54.0533,11.5856,
DE,54.0568,11.584,
DE,54.0572,11.5363,
DE,54.0579,8.6927,
DE,54.0592,11.5166,
DE,54.0615,11.5364,
DE,54.062,10.7694,
DE,54.0621,11.5182,
DE,54.0621,11.584,
DE,54.0642,13.7897,
DE,54.0651,13.7902,
DE,54.0666,11.5217,
DE,54.0672,13.7899,
DE,54.0677,11.5349,
DE,54.0723,11.6129,
DE,54.0801,10.7933,Hundestrand / Naturstrand
DE,54.0825,11.5449,
DE,54.0851,10.8657,Surf- und Kitestrand
DE,54.0853,10.8632,Hundestrand
DE,54.0856,10.8688,Wassersportfreier Strandbetrieb
DE,54.0863,10.8713,Surf- und Kitestrand
DE,54.0866,10.8615,
DE,54.087,10.8736,
DE,54.0874,10.8585,
DE,54.0877,10.8755,
DE,54.0877,13.465,
DE,54.0882,10.8772,
DE,54.0884,10.8373,
DE,54.0885,10.8317,
DE,54.0885,10.8584,Strandkorbvermietung
DE,54.0887,10.8788,
DE,54.0892,10.8503,
DE,54.0892,10.8537,
DE,54.0893,10.8519,
DE,54.0898,10.8813,
DE,54.0908,13.4578,
DE,54.0912,10.8026,
DE,54.0912,10.8844,Hundestrand
DE,54.0912,13.4566,FKK
DE,54.092,10.822,Strandbad
DE,54.092,10.8864,
DE,54.0927,10.8877,
DE,54.0929,13.4551,
DE,54.0975,13.455,
DE,54.1012,10.899,
DE,54.1024,11.5988,FKK-Strand
DE,54.1029,11.6004,Hundestrand
DE,54.106,11.5941,
DE,54.1103,11.6158,FKK Bereich
DE,54.1111,13.44,
DE,54.1142,13.4779,
DE,54.1198,13.4829,
DE,54.1217,10.9291,Hundestrand
DE,54.1228,11.6345,
DE,54.1247,10.9334,
DE,54.1252,13.4969,
DE,54.1288,13.5168,
DE,54.1304,13.5446,
DE,54.1306,10.9405,
DE,54.1336,8.8386,
DE,54.1337,13.5887,Hunde-Strand
DE,54.1355,13.4294,
DE,54.1361,13.6036,FKK
DE,54.1373,11.6559,
DE,54.1389,13.7296,Sandstrand Freest
DE,54.139,13.6174,
DE,54.1402,13.7549,
DE,54.1418,13.6302,FKK
DE,54.1428,11.6644,
DE,54.1435,13.7552,Nordstrand
DE,54.1438,10.9647,
DE,54.1453,11.8203,
DE,54.1454,11.8491,
DE,54.1466,13.6391,Hunde-Strand
DE,54.1486,11.6928,
DE,54.1488,11.7893,
DE,54.149,11.8769,
DE,54.1504,13.7515,
DE,54.1506,10.9815,
DE,54.1506,13.8207,
DE,54.1507,11.8859,
DE,54.1525,11.8949,
DE,54.1526,10.9864,
DE,54.1528,11.8959,
DE,54.153,13.6963,
DE,54.1534,11.7311,
DE,54.1534,13.8192,
DE,54.1535,11.7436,Hundestrand
DE,54.1536,11.7564,
DE,54.154,13.6536,
DE,54.1553,11.9062,
DE,54.1571,10.9969,
DE,54.159,13.6676,
DE,54.1591,11.9204,
DE,54.1612,11.9303,FKK Nudist Beach
DE,54.162,11.9347,
DE,54.1621,11.0088,
DE,54.1633,11.9402,
DE,54.1646,11.9464,
DE,54.1651,11.9517,
DE,54.1658,11.0183,
DE,54.1682,11.024,FKK-Badestrand
DE,54.1688,11.0265,
DE,54.1688,11.971,
DE,54.1694,13.6911,
DE,54.1716,11.0339,
DE,54.1726,7.8895,
DE,54.1734,13.7849,
DE,54.1737,11.993,
DE,54.1752,11.043,
DE,54.1773,7.8868,Kringelstrand
DE,54.1777,12.0971,
DE,54.1798,12.0427,
DE,54.18,7.8897,Südstrand
DE,54.1808,13.3452,
DE,54.1812,7.8809,
DE,54.1817,12.1148,
DE,54.1821,13.3341,Kinder-Kneipp-Kur
DE,54.1822,7.9126,Südstrand
DE,54.1823,13.3503,
DE,54.1825,7.9062,
DE,54.1828,7.8779,
DE,54.1831,7.9173,
DE,54.1835,13.3263,
DE,54.1859,11.0607,Badestrand Kellenhusen
DE,54.186,7.8737,
DE,54.1865,12.1288,
DE,54.1869,7.8722,
DE,54.1871,7.872,
DE,54.1871,7.9186,
DE,54.1874,7.8777,
DE,54.1875,7.8715,
DE,54.1876,7.8765,
DE,54.1876,7.8766,
DE,54.1878,7.9109,Nordstrand
DE,54.188,7.8701,
DE,54.1882,7.8811,Nordstrand
DE,54.1935,11.0725,
DE,54.1995,12.1449,
DE,54.201,13.77,
DE,54.2019,13.7691,
DE,54.2032,13.7689,
DE,54.2034,11.0919,
DE,54.2048,13.3059,
DE,54.2053,13.3056,
DE,54.2113,11.0906,
DE,54.2166,11.0903,
DE,54.2247,13.3906,Palmer Ort
DE,54.2264,11.088,
DE,54.2271,12.1783,
DE,54.2325,13.4126,
DE,54.2402,13.4228,Gelbes Ufer
DE,54.2411,13.9076,
DE,54.2419,13.909,
DE,54.2447,13.9102,
DE,54.245,13.9179,
DE,54.2468,13.4224,
DE,54.2486,12.2112,
DE,54.2489,11.0835,
DE,54.2559,12.2293,
DE,54.2574,12.2347,
DE,54.2581,13.196,
DE,54.2586,12.2384,
DE,54.2605,12.2448,
DE,54.2617,13.4084,
DE,54.262,12.2492,
DE,54.2651,11.0827,
DE,54.2654,13.4012,Sandhaken
DE,54.2663,12.2608,
DE,54.267,12.2631,
DE,54.2684,13.1418,
DE,54.269,8.6823,
DE,54.2704,13.7112,
DE,54.2736,11.0835,
DE,54.2736,13.7191,
DE,54.2746,8.6491,
DE,54.2748,13.1617,
DE,54.2756,13.1626,
DE,54.276,13.7,
DE,54.2765,8.6895,
DE,54.2786,11.0834,
DE,54.2802,12.302,
DE,54.2804,12.3007,
DE,54.2815,13.6897,
DE,54.2847,13.1036,
DE,54.2885,12.3212,
DE,54.2894,13.1645,
DE,54.2919,12.3273,
DE,54.2923,13.7151,Hundestrand Gager
DE,54.2937,12.3308,
DE,54.2948,8.6056,Hitzsand
DE,54.295,12.3336,FKK
DE,54.2966,13.1952,Badestrand
DE,54.2968,13.7204,Großer Strand
DE,54.2972,12.3361,
DE,54.2981,11.0787,
DE,54.2995,12.4565,
DE,54.3004,13.4173,
DE,54.3016,12.342,
DE,54.305,12.346,
DE,54.3059,10.7187,
DE,54.3074,12.3488,
DE,54.3075,10.6986,Sehlendorfer Strand
DE,54.3076,10.7482,
DE,54.3087,10.7766,
DE,54.3108,13.7184,Hundestrand
DE,54.311,13.438,
DE,54.3127,10.7898,
DE,54.3132,13.1185,Schwemmi
DE,54.3135,12.3546,
DE,54.3153,10.6814,
DE,54.3162,11.0742,
DE,54.3191,13.5295,
DE,54.3193,11.0738,
DE,54.3203,8.5917,
DE,54.3203,13.7282,
DE,54.3213,10.6762,
DE,54.3217,11.0735,
DE,54.3245,11.0734,
DE,54.3249,13.695,Strand Kleinhagen
DE,54.325,10.6667,
DE,54.3266,13.6853,
DE,54.3277,11.0731,
DE,54.3292,13.7352,Südstrand
DE,54.3298,13.0839,Freibad Stralsund
DE,54.33,12.3689,
DE,54.3305,13.1197,Strand Altefähr
DE,54.3316,10.654,
DE,54.3324,11.0724,
DE,54.3328,13.4803,
DE,54.334,8.5947,
DE,54.334,13.482,
DE,54.335,13.4839,
DE,54.3351,12.5277,
DE,54.3355,12.4143,
DE,54.336,12.4122,
DE,54.3362,12.4165,
DE,54.3373,10.6479,
DE,54.3373,13.748,
DE,54.3395,12.419,
DE,54.341,13.5333,
DE,54.3415,11.0739,
DE,54.3415,13.5146,
DE,54.3427,12.3795,
DE,54.3437,10.1754,Hasselfelder Strand
DE,54.345,12.3812,
DE,54.3467,10.6336,
DE,54.3479,13.744,Nordstrand
DE,54.3485,13.7382,Tiki Beach (Sportstrand)
DE,54.3489,12.3839,
DE,54.3497,8.6088,
DE,54.351,13.0777,
DE,54.3517,10.1776,Mönkeberger Strand
DE,54.3518,12.3858,
DE,54.3529,12.3866,
DE,54.3549,10.8671,
DE,54.3551,13.7269,FKK Strand
DE,54.3554,12.3897,
DE,54.3569,11.089,Südstrand Großenbrode
DE,54.3582,12.3934,
DE,54.3584,10.6116,Behrensdorf Strand
DE,54.3586,10.1794,Kitzeberger Strand
DE,54.3609,13.7194,Nordstrand
DE,54.3647,13.7144,
DE,54.3658,12.3994,
DE,54.3689,10.1967,Altheikendorfer Strand
DE,54.3696,13.7107,Sellin Südstrand
DE,54.3708,10.9131,
DE,54.3709,12.7642,
DE,54.371,12.6126,
DE,54.3731,10.1953,
DE,54.3742,12.6245,
DE,54.3745,12.406,
DE,54.3775,10.1953,Schröderstrand
DE,54.3776,12.4093,
DE,54.3777,10.9744,Strand am Binnensee
DE,54.3781,13.7047,
DE,54.3798,10.9981,
DE,54.3799,10.1974,
DE,54.3801,12.5044,
DE,54.3802,12.4141,
DE,54.3803,10.1996,
DE,54.3811,11.0798,
DE,54.3812,10.5287,
DE,54.3813,8.6235,Westerheversand
DE,54.3816,10.9728,Hundestrand
DE,54.3821,10.9718,
DE,54.3827,10.203,
DE,54.3827,13.0435,Strand Prohn
DE,54.3832,11.0822,Surfstrand
DE,54.3833,13.6992,Hauptstrand
DE,54.384,10.9478,
DE,54.3842,13.2491,
DE,54.3853,10.5075,
DE,54.3865,12.4263,
DE,54.3866,10.4987,
DE,54.3867,12.5431,
DE,54.3872,10.495,
DE,54.3895,10.4845,
DE,54.3913,13.6863,
DE,54.3928,10.4728,
DE,54.3929,11.1208,
DE,54.3949,12.4405,
DE,54.3957,10.2106,
DE,54.3959,8.6627,Stufhusen
DE,54.3988,13.6241,FKK Strand
DE,54.3988,13.6287,Hundestrand
DE,54.399,10.4557,
DE,54.3995,10.1907,
DE,54.3995,13.6217,
DE,54.4001,13.6197,Kulturstrand
DE,54.4005,13.6545,Naturstrand
DE,54.4021,11.1523,
DE,54.4023,13.6152,Textilstrand
DE,54.4024,11.1222,FKK Strand Avendorf
DE,54.4027,11.1341,Strand Fehmarnsund
DE,54.4043,10.2173,
DE,54.4045,12.4513,
DE,54.4048,13.6106,Aktivstrand
DE,54.405,11.3121,
DE,54.4067,13.0221,Strand Klausdorf
DE,54.4068,11.1838,Wulfener Hals - Strand
DE,54.4073,10.2214,Kurstrand
DE,54.4073,10.4334,Stakendorfer Strand
DE,54.4077,11.1843,Wulfener Hals - Strand
DE,54.4077,11.1851,FKK Strand Wulfener Hals
DE,54.4082,13.6058,
DE,54.4087,12.594,Kinderstrand
DE,54.4092,11.2054,Südstrand
DE,54.4101,10.2255,Freistrand
DE,54.4109,10.1885,Hundestrand Falckenstein
DE,54.4109,11.2509,
DE,54.4112,10.2272,Laboe Strand
DE,54.4117,11.2196,
DE,54.412,13.6007,Familienstrand
DE,54.4121,10.4205,
DE,54.4121,11.231,
DE,54.413,10.419,Hundestrand Schönberger Strand
DE,54.4137,10.186,FKK Strand Falckenstein
DE,54.4141,10.2337,Hundestrand Laboe
DE,54.4144,11.3066,
DE,54.4154,13.5969,FKK
DE,54.4167,10.2504,
DE,54.4167,13.5956,FKK
DE,54.4172,10.2615,
DE,54.4176,10.4095,
DE,54.4179,10.2663,
DE,54.4185,13.5938,Hundestrand/FKK
DE,54.4189,10.2754,
DE,54.4189,10.2812,
DE,54.4205,10.1788,Schilkseer Strand
DE,54.4221,10.4001,Hundestrand Brasilien
DE,54.4228,10.3981,
DE,54.4241,10.2823,
DE,54.4241,11.0964,
DE,54.4242,13.5887,
DE,54.425,10.3907,
DE,54.4254,13.5877,
DE,54.4259,13.589,
DE,54.4266,13.151,
DE,54.4266,13.5868,
DE,54.4271,10.383,Hundestrand Kalifornien
DE,54.4274,13.5861,
DE,54.4283,10.2918,FKK-Strand Bottsand
DE,54.4291,10.371,
DE,54.4307,11.0409,
DE,54.4313,10.2988,
DE,54.4313,10.3589,
DE,54.4318,11.2922,
DE,54.4319,10.3556,
DE,54.4331,10.1685,Strander Katamaransegler e.V. Katamaranstrand
DE,54.4335,13.0331,
DE,54.4337,10.3062,
DE,54.4338,10.3383,
DE,54.4342,10.1686,
DE,54.4345,10.3127,
DE,54.4352,10.3193,
DE,54.4376,10.1757,
DE,54.4401,10.1781,
DE,54.4414,12.775,
DE,54.4418,12.6744,
DE,54.4419,12.7229,
DE,54.4419,12.7265,Hundestrand
DE,54.4419,12.7304,FKK
DE,54.4419,12.7357,FKK
DE,54.442,12.74,FKK
DE,54.442,12.7458,FKK
DE,54.4423,12.6634,Hundestrand
DE,54.4423,12.7067,Sportstrand
DE,54.4424,12.7126,FKK
DE,54.4426,12.8526,
DE,54.4432,12.6548,FKK
DE,54.4451,10.1817,
DE,54.4451,12.4821,Weststrand
DE,54.4461,12.6394,
DE,54.4468,12.6329,FKK
DE,54.4477,10.1887,
DE,54.4481,12.6253,FKK
DE,54.449,12.6197,FKK
DE,54.4492,9.8808,
DE,54.4497,12.6133,FKK
DE,54.4506,9.8626,Südstrand
DE,54.4507,12.6006,
DE,54.4511,9.9004,
DE,54.452,11.2767,
DE,54.4526,12.5791,
DE,54.4529,9.915,
DE,54.4546,12.5603,
DE,54.4549,13.5726,
DE,54.4556,9.92,
DE,54.4557,12.5544,
DE,54.457,13.1996,
DE,54.457,13.2001,
DE,54.4571,9.8471,Hundestrand
DE,54.4572,13.2006,
DE,54.4573,13.2008,
DE,54.4575,13.1991,
DE,54.4582,12.5486,
DE,54.4582,13.1987,
DE,54.4585,9.9229,
DE,54.4586,13.1987,
DE,54.4587,13.2001,
DE,54.4587,13.2003,
DE,54.459,13.1985,
DE,54.4591,13.2001,
DE,54.4594,13.2002,
DE,54.4597,13.1984,
DE,54.4598,13.2005,
DE,54.46,13.2007,
DE,54.4602,13.1985,
DE,54.4604,9.9243,
DE,54.4605,13.1989,
DE,54.4605,13.2015,
DE,54.4605,13.2016,
DE,54.461,13.2022,
DE,54.4611,13.199,
DE,54.4611,13.2025,
DE,54.4613,13.2025,
DE,54.4614,13.2047,
DE,54.4614,13.2048,
DE,54.4615,9.9304,
DE,54.4615,13.2048,
DE,54.4616,13.2032,
DE,54.4616,13.2041,
DE,54.4617,13.1997,
DE,54.4617,13.2035,
DE,54.4618,13.2036,
DE,54.4618,13.2047,
DE,54.4619,13.1999,
DE,54.462,13.2002,
DE,54.4621,13.2006,
DE,54.4624,13.2063,
DE,54.4629,13.2021,
DE,54.4632,13.209,
DE,54.4633,13.2096,
DE,54.4634,12.5366,
DE,54.4635,13.2097,
DE,54.4636,9.9458,
DE,54.4636,13.2034,
DE,54.4636,13.2049,
DE,54.4637,13.204,
DE,54.4637,13.2041,
DE,54.4637,13.2043,
DE,54.4654,11.2623,
DE,54.4662,9.8425,Kurstrand
DE,54.468,9.9853,
DE,54.4688,12.5298,
DE,54.4702,10.0025,
DE,54.4711,12.5246,
DE,54.4726,13.5735,
DE,54.4739,10.0209,
DE,54.4747,12.5263,
DE,54.4766,10.0409,
DE,54.4768,9.8467,
DE,54.4774,10.0491,
DE,54.4791,11.025,
DE,54.48,10.0782,
DE,54.4805,10.085,Hundestrand
DE,54.4812,10.0907,FKK Strand Surendorf
DE,54.482,10.0963,
DE,54.4826,10.1005,
DE,54.4826,12.5265,
DE,54.4831,11.2469,
DE,54.4834,12.5199,Weststrand
DE,54.484,13.5055,
DE,54.4848,10.1233,
DE,54.4851,8.8188,Hundestrand
DE,54.4885,13.598,
DE,54.4889,11.0143,FKK Strand Wallnau
DE,54.4904,9.9223,
DE,54.4952,13.5042,
DE,54.4966,11.2378,
DE,54.5089,11.1989,Badestrand Grüner Brink
DE,54.5152,13.4127,
DE,54.5163,13.1632,Strand Schaprode
DE,54.5236,13.0817,
DE,54.5239,11.1192,
DE,54.5246,13.5099,
DE,54.5254,13.5093,
DE,54.5255,9.9923,
DE,54.5282,11.1119,Teichhof Fehmarn
DE,54.5315,13.51,Badestelle Neudorf
DE,54.5322,8.8728,Badestelle Holmer Siel
DE,54.5403,13.5062,
DE,54.5489,13.6641,
DE,54.5514,13.3524,
DE,54.5588,8.5716,
DE,54.5598,10.0216,
DE,54.5612,8.8707,Badestelle Lüttmoorsiel
DE,54.5675,13.1621,
DE,54.5704,13.4543,
DE,54.5705,13.453,Hundebadestrand
DE,54.5715,13.4624,Hauptstrand Glowe
DE,54.5737,13.4769,
DE,54.5737,13.4971,
DE,54.5742,13.1552,
DE,54.5748,13.4703,
DE,54.5763,10.0255,
DE,54.5789,13.4197,FKK
DE,54.5804,10.027,
DE,54.5811,13.1553,
DE,54.585,13.4219,
DE,54.5877,10.0265,
DE,54.5915,13.1949,
DE,54.5923,13.1472,
DE,54.5978,10.0264,
DE,54.5981,13.1166,
DE,54.6028,13.3894,
DE,54.6045,13.1375,
DE,54.608,10.0287,
DE,54.6217,10.0318,
DE,54.6224,13.3818,
DE,54.6246,13.223,
DE,54.6279,8.3905,
DE,54.6279,13.2329,
DE,54.6281,8.3994,
DE,54.6284,13.2333,
DE,54.6352,10.0316,
DE,54.6433,13.228,
DE,54.6455,10.031,Hunde-Strand
DE,54.6481,10.032,Weidefelder Strand
DE,54.6553,10.0327,FKK-Strand
DE,54.6576,10.0321,
DE,54.6578,13.2511,
DE,54.6601,8.3502,Kniepsand
DE,54.6626,10.0346,
DE,54.6692,13.2802,
DE,54.6735,10.0341,
DE,54.6738,13.3115,
DE,54.674,10.0326,
DE,54.6755,13.3353,
DE,54.6795,8.5539,
DE,54.6795,8.5548,
DE,54.6796,8.5514,
DE,54.6796,8.5574,
DE,54.6796,8.5604,
DE,54.6797,8.5487,
DE,54.6799,8.5464,
DE,54.6801,8.544,
DE,54.6803,8.542,Drachenstrand
DE,54.6804,8.5402,
DE,54.6804,13.3826,
DE,54.6806,8.5388,
DE,54.6808,8.5238,
DE,54.6808,8.5378,Raucherstrand
DE,54.6809,8.5368,
DE,54.681,8.5169,
DE,54.6813,8.532,
DE,54.6817,8.5269,Hundestrand
DE,54.683,8.4876,
DE,54.6834,8.566,
DE,54.6874,8.4604,FKK-Strand Goting
DE,54.6878,8.5708,
DE,54.6884,8.571,
DE,54.6893,8.458,FKK-Strand Goting
DE,54.6893,8.5717,
DE,54.6906,8.5729,
DE,54.6912,8.4544,
DE,54.6916,8.5752,Hundestrand
DE,54.6917,10.0194,
DE,54.6928,8.4489,
DE,54.6931,8.4413,
DE,54.6946,8.4298,
DE,54.6962,8.4227,
DE,54.698,8.4171,
DE,54.6984,8.5754,
DE,54.6993,8.4124,
DE,54.7003,8.4067,
DE,54.7018,8.4011,
DE,54.7094,8.3973,
DE,54.7133,9.9959,
DE,54.718,9.9891,Hunde Strand
DE,54.7245,8.7013,
DE,54.7245,8.7019,
DE,54.7246,8.6999,
DE,54.7246,8.7005,
DE,54.7247,8.6977,
DE,54.7247,8.6988,
DE,54.7248,8.6968,
DE,54.7249,8.6957,
DE,54.7249,9.9852,
DE,54.7254,8.6938,
DE,54.7268,8.6926,
DE,54.7271,8.6926,Badestrand Dagebüll
DE,54.7282,8.6923,Beach Dagebüll
DE,54.7284,8.6925,
DE,54.7293,8.6921,
DE,54.7324,9.9815,
DE,54.7343,9.9809,Hundestrand
DE,54.7361,9.9804,
DE,54.7386,9.9799,
DE,54.7478,8.4454,
DE,54.7501,9.977,
DE,54.752,8.2887,
DE,54.7523,9.8657,
DE,54.7569,9.878,
DE,54.7591,9.8356,
DE,54.7603,9.974,FKK Strand Niedamm / Golsmaas
DE,54.7626,9.9715,Hundestrand
DE,54.7644,9.9699,Hundebereich
DE,54.7693,9.9641,Hundestrand
DE,54.7696,9.9643,
DE,54.7737,8.3004,
DE,54.7882,9.7991,Norgaardholz
DE,54.7957,8.6606,Südwesthörn
DE,54.7974,9.7673,
DE,54.8023,9.7512,
DE,54.8046,9.7385,
DE,54.8061,9.7296,Kallebyer Strand
DE,54.8093,9.7086,Badestrand Dollerupholz
DE,54.8117,8.2979,
DE,54.8123,9.4306,Ostseebad
DE,54.8139,9.4291,
DE,54.8146,9.4283,
DE,54.8148,9.4283,
DE,54.8156,9.4278,
DE,54.8173,8.2845,
DE,54.8227,9.4896,Solitüde Strand
DE,54.8228,9.4845,
DE,54.8228,9.66,
DE,54.823,9.4668,
DE,54.823,9.4763,
DE,54.8236,9.4224,
DE,54.8262,9.4205,
DE,54.8387,9.5182,
DE,54.8423,9.5305,Strand Sandwig
DE,54.8452,9.5341,
DE,54.8471,9.5381,
DE,54.8484,9.5405,
DE,54.852,9.5523,
DE,54.8543,9.5586,
DE,54.8552,9.5922,
DE,54.8634,9.5966,FKK-Strand
DE,54.8755,8.3638,
DE,54.8756,8.3472,
DE,54.8766,8.4397,
DE,54.8871,8.2907,
DE,54.8907,8.3846,
DE,54.9074,8.2985,
DE,54.9135,8.3623,
DE,54.9243,8.363,
DE,54.9245,8.3068,
DE,54.9264,8.3078,
DE,54.928,8.3088,
DE,54.9296,8.3098,
DE,54.9311,8.3106,
DE,54.9442,8.319,
DE,54.9559,8.3603,
DE,54.9624,8.3574,
DE,54.9739,8.3398,
DE,54.987,8.3688,
DE,54.9896,8.3709,
DE,54.9989,8.39,
DE,55.0007,8.3595,
DE,55.0088,8.4161,
DE,55.0153,8.436,
DE,55.0193,8.4392,
DE,55.0223,8.4388,
DE,55.0266,8.4324,Nationalpark
DE,55.0317,8.3821,
DE,55.0344,8.4046,
DE,55.0458,8.4493,
DE,55.0463,8.4057,Schutzzone 1
DE,55.048,8.4255,
DE,55.0529,8.4283,
ES,27.6397,-17.984,
ES,27.6408,-17.9802,Playa de La Restinga
ES,27.6702,-17.9723,Playa del Pozo
ES,27.6771,-18.0277,Playa Roja
ES,27.681,-17.9674,Playa Brava
ES,27.6826,-17.9672,Playa Chica
ES,27.685,-17.9668,Playa Dulce
ES,27.6905,-17.9629,Playa de Miguel
ES,27.6944,-18.0563,
ES,27.6973,-18.0783,Playa de Tejeda
ES,27.6977,-17.9594,Playa de las Calcosas
ES,27.699,-18.0908,
ES,27.7009,-17.9597,Playa de las Calcosas
ES,27.7034,-17.9596,
ES,27.7068,-17.9589,Playa de los Cardones
ES,27.714,-17.9583,Playa de la Arena
ES,27.7233,-17.9533,Las Playas
ES,27.7288,-17.9489,Playa del Pozo
ES,27.7298,-17.9444,Playa de las Almorranas
ES,27.7306,-18.1526,Playa de los Negros
ES,27.735,-15.5981,Playa de Maspalomas
ES,27.7359,-15.5905,Playa de Maspalomas
ES,27.7419,-15.6087,Playa de las mujeres
ES,27.7449,-15.612,Playa Meloneras
ES,27.7473,-18.1516,Playa del Verodal
ES,27.7479,-15.5734,Playa del Inglés
ES,27.7487,-15.6346,Pasito Bea - Playa de las Mujeres
ES,27.749,-15.6209,Playa de Pasito Blanco
ES,27.7507,-15.6387,Playa de Montaña Arena
ES,27.7511,-15.643,Playa de Las Carpinteras
ES,27.7531,-18.0795,
ES,27.7537,-15.6709,Playa del Pajar
ES,27.7542,-15.6508,Playa de las Carpinteras
ES,27.7554,-15.6539,Playa Llano de los Militares
ES,27.7557,-15.6654,Playa de Lomo Galeón
ES,27.7563,-15.681,Playa de Arguineguín
ES,27.7568,-15.6602,Playa de las Pimientas
ES,27.759,-15.6825,Playa las Marañuelas
ES,27.7611,-15.5628,Playa de Cochino
ES,27.7615,-18.0408,Playa Los Llanillos
ES,27.7617,-15.6845,Playa de la Lajilla - Arguineguin
ES,27.7619,-18.0391,
ES,27.7628,-15.56,Playas del Veril
ES,27.7636,-15.6858,Playa La Carrera
ES,27.7636,-15.5577,Playa de las Burras
ES,27.7652,-15.5541,Playa de las Burras
ES,27.7666,-15.5509,Playa de las Burras
ES,27.7667,-18.122,Playa Arenas Blancas
ES,27.7672,-15.548,
ES,27.7689,-15.5413,Playa de San Agustín
ES,27.7701,-17.9146,Bahía de Timijiraque
ES,27.7701,-15.6887,Playa Patalavaca
ES,27.7712,-15.6898,Playa Arguineguín/Patalavaca (Stein)
ES,27.7719,-15.6921,Aquamarina
ES,27.7723,-18.0225,Playa de los Corrales
ES,27.7724,-15.5328,Playa El Pirata
ES,27.7726,-18.0218,
ES,27.7727,-15.6958,Playa de Anfi del Mar
ES,27.7738,-15.5311,
ES,27.7763,-15.5278,Playa del Águila
ES,27.7817,-15.5175,Bahia Feliz
ES,27.7837,-17.9042,Playa de Puerto de la Estaca
ES,27.7846,-15.7138,Playa de Puerto Rico
ES,27.7899,-15.725,Playa de Amadores
ES,27.7955,-15.7277,Playa de Tauro
ES,27.7983,-15.7323,Playa del Cura
ES,27.7989,-15.7378,Playa de Los Frailes
ES,27.8006,-17.8873,
ES,27.8018,-15.7399,Playa Medio Almud
ES,27.8074,-15.7476,Playa Cruz de Piedra
ES,27.8074,-15.7456,Playa de Tiritaña
ES,27.8142,-15.7533,Playa Taurito
ES,27.8173,-15.7615,Playa de Mogán
ES,27.8179,-15.7632,Playa de Mogán
ES,27.8181,-15.7682,Playa de Mogán
ES,27.8212,-15.4226,Playa de la Arena
ES,27.8249,-15.4227,Pozo Izquierdo
ES,27.8295,-15.7788,Playa del Perchel
ES,27.8361,-17.8996,Los Puentes
ES,27.8465,-15.7917,Playa de Veneguera
ES,27.8467,-15.4142,
ES,27.8479,-15.4123,Bahía de Formas
ES,27.8484,-15.7937,
ES,27.8512,-15.7954,Playa de las Canteras
ES,27.8528,-15.7963,Playa del Chicha
ES,27.8548,-15.3983,Playa de Arinaga
ES,27.8551,-15.3915,
ES,27.8564,-15.3903,Playa de las Kañadas
ES,27.858,-15.7988,Playa del Cerrillo
ES,27.8609,-15.3868,Muelle viejo
ES,27.8653,-15.8027,Playa Ambar
ES,27.8699,-15.8053,Playa del Tasarte
ES,27.8708,-15.3862,Playa del Cabrón
ES,27.8799,-15.3904,Playa de los Cuervitos
ES,27.8849,-15.393,Playa de las Cruces
ES,27.8874,-15.8151,Playa Aneas
ES,27.8902,-15.3941,Playa de Vargas
ES,27.904,-15.8268,Playa del Hornillo
ES,27.9059,-15.8281,Playa Tasartico
ES,27.911,-15.3866,Playa del Burrero
ES,27.9131,-15.3868,
ES,27.9453,-15.8278,Playa de Güi-Güí
ES,27.9504,-15.3807,Ojos de Garza
ES,27.9625,-15.3799,Playa de Tufia
ES,27.9638,-15.3818,Playa de Agua Dulce
ES,27.9756,-15.3813,Playa de Silva
ES,27.9828,-15.3779,Salinetas
ES,27.9872,-15.3752,Playa de Melenara
ES,27.9939,-15.3707,
ES,27.9968,-15.3745,Playa del Hombre
ES,27.9999,-15.3756,Playa Hoya del Pozo
ES,28.0012,-15.8187,Playa de la Aldea
ES,28.0052,-15.8172,
ES,28.0062,-15.8175,Playa de la Aldea
ES,28.0067,-15.3768,Playa de La Garita
ES,28.0068,-16.6563,
ES,28.0083,-16.6516,Playa de LA BALLENA
ES,28.0084,-16.6601,Playa de las Galletas
ES,28.0087,-16.6637,
ES,28.0092,-16.6385,Callao de la Cochina
ES,28.0092,-15.8186,Playa Chica
ES,28.0094,-16.6348,
ES,28.0099,-15.3778,Playa de Los Palos
ES,28.0109,-15.3795,Playa de San Borondón
ES,28.0127,-15.3807,
ES,28.0185,-16.6247,Playa Colmenares
ES,28.0188,-16.6218,Playa El Barranco
ES,28.0208,-16.6166,
ES,28.0226,-16.6102,Playa Amarilla
ES,28.0246,-17.2346,Playa de Erese
ES,28.0256,-16.7053,Playa de la Arenita
ES,28.028,-17.1975,Playa de Santiago
ES,28.0288,-16.5933,
ES,28.0288,-15.3909,
ES,28.029,-17.1956,Playa de Santiago
ES,28.0291,-16.5514,Playa de la Tejita zona naturista
ES,28.0293,-16.5956,Playa Grande
ES,28.0295,-16.5873,Playa Chica
ES,28.0297,-17.192,Playa de Santiago
ES,28.0299,-16.5816,Playa de Los Campos
ES,28.0302,-16.5625,Playas de Granadilla
ES,28.031,-16.5753,Playa de la Mareta
ES,28.0311,-16.5706,Playa El Horno
ES,28.0311,-16.5564,La Tejita
ES,28.0318,-15.3961,Playa de Bocabarranco
ES,28.0347,-17.1834,Playa de Tapahuga
ES,28.0357,-17.2731,Playa La Cantera
ES,28.0367,-16.5428,Playa de Montaña Roja
ES,28.0375,-17.1805,Playa del Medio
ES,28.0387,-17.1771,Playa de Chinguarime
ES,28.0394,-17.1745,
ES,28.0411,-16.5417,Playa Leocadio Machado
ES,28.0413,-16.7094,Playa del Callao
ES,28.0427,-17.1675,Playa de Suárez
ES,28.0427,-16.5407,Playa del Médano
ES,28.0439,-16.5389,Playa de El Médano
ES,28.0442,-16.5364,Playa Chica
ES,28.045,-17.1627,Playa de Cascante
ES,28.0453,-16.5336,Playa de El Cabezo
ES,28.0466,-17.2911,Playa de la Negra
ES,28.0467,-16.7122,Los Tarajales
ES,28.0474,-16.5332,Playa El Salado
ES,28.0481,-17.1605,
ES,28.0489,-17.1594,Playa del Guincho
ES,28.0493,-17.2975,Playa de la Rajita
ES,28.0501,-16.5307,Playa de la Jaquita
ES,28.0502,-16.7176,Playa de Los Cristianos
ES,28.0511,-16.7246,Playa de Las Vistas
ES,28.0527,-16.7316,Playa del Camison
ES,28.053,-17.1545,
ES,28.0532,-14.3739,
ES,28.0533,-14.3726,
ES,28.0535,-14.3676,Playa Las Coloradas
ES,28.0538,-15.7392,Playa del Risco
ES,28.0544,-17.1482,
ES,28.0553,-17.1515,Playa de Oroja
ES,28.0577,-16.7365,Playa del Búnker
ES,28.0581,-16.5217,Playa Pelada
ES,28.0585,-15.4173,Playa de La Laja
ES,28.0592,-17.316,Playa de Iguala
ES,28.0593,-16.5206,
ES,28.0612,-16.5161,
ES,28.0619,-16.5159,Playa de la Rajita
ES,28.0621,-16.7341,Playa de las Américas
ES,28.0624,-17.1435,Playa del Cabrito
ES,28.0632,-16.5147,
ES,28.0635,-17.3191,
ES,28.0638,-16.5146,Playa Cumplida
ES,28.0641,-15.731,Playa de Faneroque
ES,28.0648,-16.5127,
ES,28.0653,-16.5121,Playa Cuevas del Trigo
ES,28.0658,-16.5099,
ES,28.0684,-16.7333,Playa de Troya
ES,28.0685,-14.3162,Playa Del Matorral
ES,28.0692,-14.4391,Playa de Juan Gomez
ES,28.0697,-17.3184,Las Salinas
ES,28.0707,-16.7329,
ES,28.0712,-14.4455,Playa de las Pilas
ES,28.072,-16.733,Playa de el Bobo
ES,28.0732,-17.1292,Playa de la Guancha
ES,28.0746,-15.4148,
ES,28.0749,-17.3199,Playa de las Arenas
ES,28.0755,-15.4146,
ES,28.0762,-15.4145,Playa de San Cristóbal
ES,28.0776,-15.4145,
ES,28.0782,-17.3229,Playa de Argaga
ES,28.0799,-16.7355,Playa La Pinta
ES,28.0824,-17.3323,Playa de Vueltas
ES,28.0826,-17.3316,
ES,28.083,-15.4163,La Caleta
ES,28.0838,-14.4926,Playa de los Ojos
ES,28.0852,-16.7377,Playa de Fañabe
ES,28.0857,-17.3373,Charco del Conde
ES,28.0873,-15.709,Guayedra
ES,28.0874,-17.1129,Playa de San Sebastián
ES,28.0895,-17.1105,
ES,28.0896,-17.3398,Playa de La Puntilla
ES,28.0907,-17.1054,Playa de La Cueva
ES,28.0914,-16.7443,Playa El Duque
ES,28.093,-16.748,El Duque Norte
ES,28.0931,-16.4852,
ES,28.0933,-17.3416,Playa La Calera
ES,28.0962,-14.2761,
ES,28.0974,-16.7519,La Enramada
ES,28.0989,-16.7547,
ES,28.099,-16.7563,Playa El Cabezo
ES,28.0995,-16.48,Playa de Las Maretas
ES,28.1006,-15.7097,Playa de las Nieves
ES,28.1007,-16.7555,La Caleta
ES,28.1009,-15.7113,Playa de las Nieves
ES,28.1011,-17.3475,Playa del Inglés
ES,28.1014,-16.4768,
ES,28.1017,-16.7573,El Varadero
ES,28.1026,-14.2712,Playa del Salmo
ES,28.1034,-14.4244,Playa de Roque del Moro
ES,28.1036,-17.1042,
ES,28.1041,-16.4741,
ES,28.1048,-17.3466,
ES,28.1054,-14.2662,
ES,28.106,-15.7111,
ES,28.1066,-15.7109,Playa Las Salinas
ES,28.1071,-16.4729,Playa Callao Hondo
ES,28.1072,-15.7083,
ES,28.1077,-15.7069,
ES,28.1084,-16.472,Playa Tajao
ES,28.1085,-15.7062,Playa La Caleta
ES,28.1086,-16.7612,Playa Diego Hernandez
ES,28.109,-16.4701,
ES,28.1103,-16.7634,
ES,28.1108,-14.2638,Playa Risco del Paso
ES,28.1116,-17.1057,Playa de Ávalo
ES,28.1127,-16.7678,
ES,28.1129,-16.7718,
ES,28.1134,-14.2571,
ES,28.1136,-16.7683,El Puertito
ES,28.1159,-14.3852,Playa de Cofete
ES,28.1173,-15.7048,El Juncal
ES,28.1182,-16.7743,Playa las Salinas
ES,28.1195,-16.776,Playa El Pinque
ES,28.1207,-16.4628,Playa de La Jaca
ES,28.1217,-16.7776,Playa Las Galgas
ES,28.1218,-16.4617,
ES,28.1258,-17.1042,Playa del Cangrejo
ES,28.1268,-17.3428,Playa de Heredia
ES,28.1273,-16.782,Playa de Ajabo
ES,28.1293,-17.1062,Playa del Águila
ES,28.1298,-15.4507,Plaza El Yoret
ES,28.1299,-14.245,Playa Esmeralda
ES,28.1303,-15.4507,
ES,28.1307,-15.4505,
ES,28.1307,-15.429,Playa de Las Alcaravaneras
ES,28.1311,-15.7002,Playa del Lagarto
ES,28.1316,-17.1104,Playa de Chigadá
ES,28.1317,-14.3405,Playa Barlovento
ES,28.1337,-17.1128,
ES,28.1338,-16.7863,
ES,28.1354,-17.1139,Playa del Águila
ES,28.1367,-16.4432,Caleta de Teodoso
ES,28.1395,-15.4398,Playa de Las Canteras
ES,28.1405,-17.3428,Playa de Guariñén
ES,28.1427,-16.4368,Playa Cardones
ES,28.1431,-16.4389,Playa de los Abriguitos
ES,28.1441,-17.1157,Playa Majona
ES,28.1443,-15.5995,Playa San Felipe
ES,28.1452,-15.5823,
ES,28.1454,-14.3134,Playa Larga
ES,28.1463,-14.2337,Playa de Pájara
ES,28.1465,-15.5898,
ES,28.148,-15.6969,
ES,28.1495,-14.2307,
ES,28.1501,-15.5356,Playa Bocabarranco
ES,28.1511,-15.6964,
ES,28.1513,-14.2295,
ES,28.1514,-15.5344,Playa de Puertillo
ES,28.152,-15.6967,Playa de Sardina
ES,28.1521,-17.1234,Playa Majona
ES,28.1526,-16.4317,Playa Grande
ES,28.1538,-17.1295,Playa Molino
ES,28.1538,-15.6989,Playa El Muelle
ES,28.1543,-17.1301,Playa Molino
ES,28.1545,-15.7001,Playa El Roquete
ES,28.1556,-17.1331,
ES,28.1568,-16.8016,Playa del Barranco de Erques
ES,28.1573,-17.3389,
ES,28.1585,-15.6704,Playa Dos Roques
ES,28.1585,-15.6654,Playa de Bocabarranco
ES,28.1595,-15.436,Playa del Confital
ES,28.1595,-14.2194,Playa de Costa Calma
ES,28.1611,-15.6739,Playa Punta del Clavo
ES,28.1612,-15.6609,Playa el Agujero
ES,28.162,-15.6813,Playa Caleta de Abajo
ES,28.1623,-15.7089,
ES,28.1631,-17.1499,Playa y Fuente de Tejigüel
ES,28.1637,-17.3348,Playa de Alojera
ES,28.1643,-16.4315,Playa el Porís
ES,28.1648,-17.152,Playa de Teguijuel
ES,28.1671,-14.2082,Rio Calma Artificial Beach
ES,28.1683,-17.1563,Playa de los Incendios
ES,28.1713,-14.2037,Matas Bay - El Rancho Beach
ES,28.1715,-14.1988,Playa El Rancho
ES,28.1719,-17.3357,Playa de Trigo
ES,28.1719,-16.8055,Playa de Abama
ES,28.1735,-17.1664,Playa de la Caleta de Hermigua
ES,28.1744,-16.8067,
ES,28.1751,-14.1834,Playa de la Jaqueta
ES,28.1752,-14.1709,Playa de Puerto Rico
ES,28.1754,-14.1731,
ES,28.1775,-14.1634,Playa de La Lajita
ES,28.1781,-16.811,Playa de San Juan
ES,28.1798,-16.8132,Playa de San Juan
ES,28.1801,-14.1553,Playa La Lajita
ES,28.1804,-16.8148,
ES,28.1806,-17.1808,Playa Santa Catalina
ES,28.1825,-14.1512,Playa La Lajita
ES,28.1855,-16.4279,
ES,28.1857,-17.3289,La Raja
ES,28.1861,-16.8212,Playa de Fonsalía
ES,28.1868,-14.1371,Playa Laja del Corral
ES,28.1886,-16.4274,
ES,28.189,-17.3252,Playa de Negrín
ES,28.1899,-14.1219,Playa de Tarajalejo
ES,28.1904,-16.8235,Playa de los Tarajales
ES,28.1908,-17.1894,Playa de Agulo
ES,28.1917,-16.4253,Playa Honda
ES,28.1924,-14.1059,
ES,28.193,-14.0941,
ES,28.1936,-16.4228,Playa de Las Eras
ES,28.194,-14.0926,
ES,28.1943,-17.1934,Playita del Pescante de Agulo
ES,28.1948,-14.0972,Playa de Caracol
ES,28.1953,-16.8265,Playa la Carrera
ES,28.1964,-16.8269,Playa de los Topos
ES,28.1981,-16.8281,Playa de Baja Larga
ES,28.1983,-17.1969,Playa San Marcos
ES,28.1997,-16.8279,Playa de Alcalá
ES,28.2,-16.8278,Playa de Mendez
ES,28.2006,-17.2333,Callao Largo
ES,28.2006,-16.8286,
ES,28.2008,-17.2441,Playa de la Sepultura
ES,28.2008,-14.0742,Playa de Giniginamar
ES,28.2022,-17.318,Cueva de Bejira
ES,28.2026,-17.3104,Playa de Santa Catalina
ES,28.203,-14.051,Playa de Agando
ES,28.2031,-17.2521,Playa de Vallehermoso
ES,28.2038,-17.3056,
ES,28.2046,-16.8339,
ES,28.2064,-17.3022,
ES,28.2066,-16.8348,
ES,28.2069,-16.8356,
ES,28.207,-17.2949,Playa del Arguamul
ES,28.207,-16.8362,
ES,28.2075,-14.0311,Playa del Aceituno
ES,28.2078,-17.299,Playa de Arguamul
ES,28.2092,-17.2899,Playa del Remo
ES,28.2113,-14.0189,Playa de Gran Tarajal
ES,28.2126,-14.2259,Playa del Viejo Rey
ES,28.2139,-16.8365,Playa de Punta Blanca
ES,28.2143,-17.273,
ES,28.2148,-17.2742,Playa del Ancón Grande
ES,28.2153,-16.4175,Playa Zapata
ES,28.2171,-17.2674,Playa de Ancón Chico
ES,28.2178,-16.4152,Playa del Chinchorro
ES,28.2182,-14.2211,Playa de la Pared
ES,28.2189,-16.4146,Playa del Chinchorro
ES,28.2197,-16.4141,Playa del Roque
ES,28.2204,-16.4134,Fondeadero de Fasnia
ES,28.2215,-16.413,Playa del Abrigo
ES,28.2272,-13.988,Cala de las Playas
ES,28.229,-13.9789,Playa del Pajarito
ES,28.2297,-16.841,Playa de la Arena
ES,28.231,-16.8419,Playa Neptuno
ES,28.2325,-13.9405,
ES,28.2342,-16.8421,
ES,28.2357,-16.843,
ES,28.2371,-16.8427,Playa Chica
ES,28.2371,-14.2125,Playa de las Hermosas
ES,28.2402,-13.9304,Playa de los James
ES,28.2407,-16.8426,
ES,28.2416,-16.8432,
ES,28.244,-14.2125,Playa de Ugán
ES,28.246,-13.9246,
ES,28.2468,-16.4007,Playa de Chimaje
ES,28.2476,-16.8404,Playa Los Guíos
ES,28.251,-14.2114,
ES,28.2543,-13.9185,Ensenada de Gran Valle
ES,28.2618,-13.9152,Ensenada de Valle Corto
ES,28.2635,-14.2105,Playa de Terife
ES,28.2721,-16.8505,Playa de Barranco Seco
ES,28.2725,-16.3847,
ES,28.273,-13.9105,Ensenada de Jacomar
ES,28.275,-16.3843,
ES,28.2847,-16.3825,Playa de Arriba o Las Bajas
ES,28.2872,-16.862,Playa de Masca
ES,28.2887,-14.2126,Playa de Amanay
ES,28.2888,-16.3789,Playa para perros El Cabezo
ES,28.2906,-16.378,Playa El Cabezo
ES,28.2915,-16.377,
ES,28.2933,-16.3762,Playa La Charcada
ES,28.2949,-16.3744,Playa La Charcada
ES,28.2954,-16.3738,
ES,28.3009,-16.3677,Playa de Las Arenitas
ES,28.3016,-14.2069,Cueva de Lobos
ES,28.3202,-13.8961,
ES,28.3236,-13.8953,
ES,28.3254,-16.3621,Playa de la Entrada
ES,28.3318,-13.8859,
ES,28.3342,-16.364,Playa de Chimisay
ES,28.34,-16.3665,
ES,28.3413,-16.3674,Playa de la Viuda
ES,28.3424,-13.8792,
ES,28.3428,-16.9192,Playa de la Ballenita
ES,28.3436,-14.1808,
ES,28.3446,-14.1792,Playa de Vigocho
ES,28.3453,-13.8787,
ES,28.3464,-16.3691,Playa de Samarines
ES,28.3469,-14.177,Playa de Garcey
ES,28.3527,-16.3695,
ES,28.3543,-16.3697,
ES,28.3551,-13.8781,Puerto del la Torre
ES,28.3559,-16.3694,
ES,28.3577,-16.3688,Playa La Hornilla
ES,28.3585,-16.3676,
ES,28.3601,-16.3669,Playa de la Hornilla
ES,28.3625,-16.9075,
ES,28.3643,-14.1669,Playa de la Solapa
ES,28.3656,-13.8718,
ES,28.3662,-16.3634,
ES,28.3683,-16.8802,Playa del Fraile
ES,28.3701,-16.8742,Playa Las Mujeres
ES,28.3708,-16.768,Playa del Muelle
ES,28.3709,-16.3619,Playa de Punta Larga
ES,28.3713,-16.7701,Playa del Chatarrero
ES,28.3714,-16.7509,Playa de las Aguas
ES,28.3717,-16.7682,La Escalonada
ES,28.3722,-16.8708,Playa de las Arenas
ES,28.3726,-16.7705,
ES,28.373,-16.7793,
ES,28.3734,-16.7808,
ES,28.3737,-16.7914,Playa La Caleta de Interián
ES,28.374,-16.772,Playa la Magdalena
ES,28.3741,-16.7766,Malpéi
ES,28.3747,-16.7894,
ES,28.3749,-16.7859,
ES,28.3755,-16.7941,
ES,28.3758,-16.8601,Playa de los Barqueros
ES,28.3759,-16.7427,Playa de la Consolación
ES,28.3761,-16.8075,Playa de Aguadulce
ES,28.3762,-16.8068,
ES,28.3768,-16.8027,Playa del Gomero
ES,28.3768,-16.7962,Charco El Romantico
ES,28.377,-16.7308,Playa La Coronela
ES,28.3773,-16.798,Charco Las damas
ES,28.3779,-16.3604,
ES,28.378,-16.7238,Playa de San Marcos
ES,28.3782,-16.7404,Playa La Sabina
ES,28.3785,-16.361,Playa Charco del Musgo
ES,28.3792,-13.8651,
ES,28.3796,-16.3604,Playa Caletillas
ES,28.38,-16.3595,Playa Cho Vito
ES,28.3801,-16.8148,Playa Charco de la Araña
ES,28.381,-16.7224,
ES,28.384,-16.7011,Playa Moreno
ES,28.3877,-13.8619,Playa de la Guirra
ES,28.392,-14.1585,Playa de los Muertes
ES,28.3941,-13.8579,Playa del Castillo
ES,28.3943,-16.6031,Playa del Socorro
ES,28.3945,-16.6755,Playa de Santo Domingo
ES,28.3945,-16.6385,Playa de Las Aguas
ES,28.3956,-16.6493,Playa de los Roques
ES,28.3977,-16.5926,Playa de Castro
ES,28.3979,-16.3353,
ES,28.3983,-16.5882,Playa de la Fajana
ES,28.3986,-16.5887,Playa de la Fajana
ES,28.3992,-14.1565,Playa de Ajuy
ES,28.4006,-16.6738,
ES,28.401,-16.5829,Callao de Méndez
ES,28.4016,-16.3252,
ES,28.4018,-16.3265,Radazul
ES,28.4021,-16.3304,
ES,28.404,-16.3176,Playa La Nea
ES,28.4041,-16.5737,Playa de los Roques
ES,28.411,-14.1572,
ES,28.4111,-16.5632,Playa Punta Brava
ES,28.4122,-16.5613,Playa Charcón
ES,28.4125,-16.5609,
ES,28.4126,-16.5599,Playa Jardín
ES,28.4134,-16.5595,Playa Castillo
ES,28.4175,-16.5466,Playa de San Telmo
ES,28.4177,-16.5504,Playa de Puerto
ES,28.4178,-16.5202,Playa Bollullo
ES,28.4178,-16.5201,
ES,28.4184,-16.5407,Playa Martiánez
ES,28.4187,-16.5188,Playa Bollullo
ES,28.4191,-16.5145,Playa de Martínez-Alonso
ES,28.4208,-16.5101,Playa Los Patos
ES,28.4243,-16.5046,Playa del Ancón
ES,28.4243,-16.2935,Playa de Santa Ana
ES,28.4249,-13.8579,Las Caletillas
ES,28.4262,-16.2919,Playa del Muerto
ES,28.4534,-16.2539,Caleta de Negros
ES,28.4558,-17.8441,Playa del Faro
ES,28.4567,-17.8466,Playa de Malpique
ES,28.4586,-16.4638,La playa es tuya
ES,28.4589,-17.8511,Playa Echentive
ES,28.4592,-17.8548,
ES,28.4595,-17.8329,
ES,28.46,-17.8554,
ES,28.4609,-14.1183,
ES,28.4641,-17.8582,Playa de la Hilerita
ES,28.4656,-17.8315,Playa de las Cabras
ES,28.4717,-14.1042,
ES,28.4739,-14.102,
ES,28.4778,-13.8668,Playa Blanca
ES,28.4779,-16.2418,Playa de Tahodio
ES,28.482,-16.4386,
ES,28.4827,-17.8683,Punta Larga
ES,28.4855,-16.2371,Playa de Valleseco
ES,28.4857,-16.4331,
ES,28.4859,-16.2364,
ES,28.4863,-16.2358,Playa de Acapulco
ES,28.4896,-14.0923,Playa del Valle
ES,28.4927,-13.8624,Playa de Los Pozos
ES,28.4944,-14.0895,Playa de los Mozos
ES,28.4997,-17.8127,El Puertito
ES,28.4999,-13.8526,
ES,28.5005,-16.4252,Playa de La Arena
ES,28.5036,-17.8748,
ES,28.5042,-16.1907,
ES,28.508,-16.1843,Playa de las Teresitas
ES,28.5124,-16.4201,
ES,28.5129,-16.1761,Playa de las Gaviotas
ES,28.5148,-17.875,Playa de la Zamora Chica
ES,28.5152,-16.1732,Playa Chica
ES,28.5159,-17.8751,Playa de la Zamora Grande
ES,28.5161,-16.1713,Playa Fea
ES,28.5181,-16.1673,Playa de la Cueva del Agua
ES,28.5188,-17.7985,Playa el Rio
ES,28.5193,-16.1639,Playita del Burro
ES,28.5227,-16.1565,Playa del Llano
ES,28.5229,-16.1535,Playa de Igueste
ES,28.5311,-16.1389,Playa las Brujas
ES,28.5321,-16.1378,Playa de Zápata
ES,28.5346,-16.1322,Playa de Antequera
ES,28.5367,-16.1295,Playa de Toscalitos
ES,28.537,-13.8378,Playa de Puerto Lajas
ES,28.5429,-13.836,Playa de Barlovento
ES,28.5436,-16.3873,
ES,28.5437,-14.0637,
ES,28.5455,-16.1275,Playa de Ijuana
ES,28.5472,-16.3703,
ES,28.548,-16.1267,
ES,28.5558,-16.3454,Playa de Bajamar
ES,28.5567,-16.3389,
ES,28.5577,-17.7713,Playa de Azufre
ES,28.5606,-16.3332,
ES,28.5626,-16.1256,Playa de Anosma
ES,28.5665,-16.2208,Playa de Tachero
ES,28.5669,-16.3322,
ES,28.5671,-17.7638,
ES,28.5673,-16.2193,Playa de Tachero
ES,28.569,-14.0508,
ES,28.5693,-17.7618,Playa Arenas Blancas
ES,28.5695,-16.2962,Playa de Ocadila
ES,28.5697,-16.2055,Playa del Roque de las Bodegas
ES,28.5702,-16.2905,Playa de Pachila
ES,28.5703,-16.2532,Playa de Tamadite
ES,28.5704,-16.3326,
ES,28.5713,-14.0484,Playa de Jarugo
ES,28.5714,-16.3136,Playa de los Troches
ES,28.5715,-16.2772,Playa del Garajao
ES,28.5719,-16.2754,Playa de la Fajana
ES,28.5725,-17.8995,Charco Verde
ES,28.5725,-16.1928,
ES,28.574,-13.8301,Playa de las Valdivias
ES,28.5754,-17.9054,Playa de Los Monjas
ES,28.5762,-16.1861,Playa de Benijo
ES,28.5769,-17.761,Playa del Burro
ES,28.5788,-16.181,Playa de Fabián
ES,28.5788,-16.135,Playa Casas Blancas
ES,28.58,-16.1347,Playa Roque Bermejo
ES,28.5809,-17.7608,Playa de La Cangrejera
ES,28.5819,-16.1748,Playa del Draguillo
ES,28.5835,-17.7601,Playa del Pozo
ES,28.5849,-17.9101,Playa de Puerto Naos
ES,28.5876,-16.1551,Playa de Las Breñas
ES,28.5878,-17.7579,Playa Piedra Nueva
ES,28.5889,-14.0364,
ES,28.5908,-14.0348,Playa de Tebeto
ES,28.5912,-17.9178,
ES,28.5917,-17.9181,Playa de La Bombilla
ES,28.5943,-17.7567,Playa la Martina
ES,28.6,-13.8258,Playa del Chinchorro
ES,28.601,-17.924,Playa de Charcón
ES,28.6036,-17.9244,
ES,28.6047,-17.9251,
ES,28.6063,-17.9261,
ES,28.6084,-17.9272,
ES,28.6129,-17.7561,Playa del Hoyo
ES,28.6182,-17.9275,
ES,28.6282,-17.9338,
ES,28.6349,-14.0275,Playa de Esquinzo
ES,28.6407,-17.9389,Playa El Mangón
ES,28.6452,-17.9448,Playa de Tarajales
ES,28.6484,-17.9449,Playa de Tarajales
ES,28.6485,-14.0215,Playa del Águila
ES,28.6508,-17.9474,Playa de El Puerto
ES,28.6531,-17.7604,Playa los Cancajos
ES,28.6615,-14.0149,Playa Mallorquines
ES,28.6621,-17.7636,Playa de Los Guinchos
ES,28.6679,-14.0118,Playa del Aljibe
ES,28.6703,-17.7689,Playa de Bajamar
ES,28.6734,-14.0096,Piedra Playa
ES,28.674,-13.8338,Playa del Moro
ES,28.6767,-14.009,Playa del Castillo
ES,28.6813,-14.0118,
ES,28.6836,-14.0114,Caleta del Cotillo
ES,28.684,-17.7624,Santa Cruz de La Palma
ES,28.6884,-13.8322,El Burro
ES,28.689,-14.0126,Playa del Marfolín
ES,28.6939,-14.0163,La Concha
ES,28.6957,-13.8328,Playa de Larga
ES,28.6958,-14.0168,
ES,28.6985,-14.0165,Playa la Barra
ES,28.7006,-13.8351,Playa del Bajo Negro
ES,28.7016,-14.0171,Caletillas
ES,28.7079,-13.8378,Playa del Caserón
ES,28.7099,-14.0167,Caleta del Rio
ES,28.7109,-14.0088,Caleta del Marrajo
ES,28.7132,-14.0044,Punta Gorda
ES,28.7152,-13.8393,Dunas de Corralejo
ES,28.7163,-13.8394,El Viejo
ES,28.7166,-14.0011,Punta Blanca
ES,28.7197,-17.7341,Playa_Luis_Martin
ES,28.7219,-17.9796,Playa de la Veta
ES,28.7233,-13.8435,Playa del Pozo
ES,28.7241,-13.9884,
ES,28.7262,-17.9805,
ES,28.7276,-13.98,Playa de Beatriz
ES,28.7284,-13.854,Playa las Agujas
ES,28.7299,-17.7307,Playa del Trigo
ES,28.7314,-13.8601,Bajo del Medio
ES,28.7315,-13.8634,Popcorn Beach
ES,28.7333,-13.8659,La Galera
ES,28.735,-13.8673,Waikiki Beach
ES,28.7379,-13.8176,
ES,28.7386,-13.8673,
ES,28.7391,-13.9514,El Hierro
ES,28.7391,-13.9373,Playa del Majanicho
ES,28.7397,-13.8669,
ES,28.74,-17.9917,Playa de Tinizara
ES,28.7415,-13.948,La Derecha
ES,28.7415,-13.8276,Playa de la Calera
ES,28.7424,-13.8728,
ES,28.7441,-13.9157,
ES,28.7511,-13.8781,Generoso
ES,28.7523,-13.9001,Playa del Bajo de la Burra
ES,28.7529,-13.9003,Playa de El Hierro
ES,28.7532,-18.0043,Porís de Puntagorda
ES,28.755,-13.8866,
ES,28.7601,-17.7402,Playa de Nogales
ES,28.8107,-17.7635,Playa de La Espindola
ES,28.8146,-17.9719,Playa de Callejoncitos
ES,28.8267,-17.9634,Playa de Bujarén
ES,28.8378,-17.8794,
ES,28.8417,-13.7846,Playa Caleta del Congrio
ES,28.8425,-13.7883,Playa de Papagayo
ES,28.8438,-13.7813,Playa de Puerto Muelas
ES,28.8446,-13.7888,Playa de la Cera
ES,28.8454,-13.7891,Playa de los Boluditos
ES,28.8458,-13.7893,
ES,28.8475,-13.7897,Playa del Pozo
ES,28.8501,-13.7912,Caletón de San Marcial
ES,28.8504,-13.7748,
ES,28.8509,-13.7917,Playa Caleton del Cobre
ES,28.8516,-13.7745,
ES,28.853,-13.7929,Playa Mujeres
ES,28.8553,-13.7723,Caleta Larga
ES,28.8576,-13.842,Playa Flamingo
ES,28.8583,-13.8006,Playa de las Coloradas
ES,28.8619,-13.8233,Playa Dorada
ES,28.8626,-13.8297,Playa del Pueblo
ES,28.8677,-13.7603,
ES,28.8715,-13.7557,
ES,28.8732,-13.7542,
ES,28.8819,-13.7499,
ES,28.8851,-13.7486,
ES,28.8908,-13.7459,Playa la casa
ES,28.8987,-13.7434,Playa El Pozo
ES,28.905,-13.7386,Playa de la Arena
ES,28.9068,-13.734,Playa Quemada
ES,28.9143,-13.8477,
ES,28.9172,-13.8422,Los Charcones
ES,28.9191,-13.7057,
ES,28.9191,-13.6685,Playa Pila de la Barrilla (Playa Chica)
ES,28.9191,-13.6677,
ES,28.9191,-13.6662,
ES,28.9193,-13.6673,
ES,28.9195,-13.6447,El Barranquillo
ES,28.9198,-13.6487,La Peña del Dice
ES,28.9199,-13.6608,Playa Grande
ES,28.9247,-13.6337,Playa de los Pocillos
ES,28.9296,-13.6236,Playa de Matagorda
ES,28.933,-13.6151,Playa
ES,28.9346,-13.8306,Playa de Janubio
ES,28.9364,-13.6094,Playa Guasimeta
ES,28.9439,-13.6034,Playa Matagorda
ES,28.9487,-13.5945,Playa de Guacimeta
ES,28.9535,-13.5809,Playa la Concha
ES,28.9542,-13.5746,Playa del Cable
ES,28.9545,-13.5535,
ES,28.9562,-13.5483,Playa del Castillo de San Gabriel
ES,28.9575,-13.5474,
ES,28.9576,-13.558,Playa del Reducto
ES,28.9594,-13.8308,Playa Montaña Bermeja
ES,28.9734,-13.5314,Playa de la Arena
ES,28.976,-13.5221,Playa de Barlovento
ES,28.9763,-13.8287,Playa de los Clicos
ES,28.9789,-13.8295,
ES,28.9843,-13.8318,
ES,28.986,-13.5084,Playa El Ancia
ES,28.9926,-13.4958,Playa Bastián
ES,28.9927,-13.4875,
ES,28.993,-13.4897,Playa del Jablillo
ES,28.9971,-13.8304,Playa del Paso
ES,28.9983,-13.4883,Las Cucharas
ES,28.9986,-13.4875,Playa de las Cucharas
ES,28.9994,-13.4843,Las Salinas
ES,28.9997,-13.4842,Playa de los Charcos
ES,28.9999,-13.4828,Playa de los Charcos
ES,29.0006,-13.4819,Los Charcos
ES,29.0013,-13.4814,Playa de los Charcos
ES,29.003,-13.481,
ES,29.0034,-13.4802,
ES,29.0622,-13.7748,Playa de la Madera
ES,29.0637,-13.7669,Playa de las Malvas
ES,29.0661,-13.7622,Caleta del Mariscadero
ES,29.0693,-13.7596,Caleta del Mariscadero
ES,29.0813,-13.7157,Playa Teneza
ES,29.0837,-13.4498,
ES,29.1052,-13.4556,
ES,29.1094,-13.666,
ES,29.1119,-13.4608,
ES,29.1168,-13.6397,caleta de Caballo
ES,29.1168,-13.4642,
ES,29.1173,-13.5541,Playa de Famara
ES,29.119,-13.5653,Playa Palomitas
ES,29.1192,-13.464,
ES,29.1201,-13.6409,Playa Mejías
ES,29.1201,-13.5669,
ES,29.1204,-13.5686,La Charquita
ES,29.1256,-13.5752,Playa San Juan
ES,29.1261,-13.4643,Playa de la Garita
ES,29.1262,-13.5396,Playa de Famara
ES,29.1324,-13.4595,
ES,29.1328,-13.4586,El Charcón
ES,29.1514,-13.4387,
ES,29.1537,-13.435,
ES,29.1551,-13.4298,
ES,29.1687,-13.4277,Caleta del Guincho
ES,29.1728,-13.4264,
ES,29.1964,-13.4211,
ES,29.2,-13.4213,La Caleta
ES,29.2045,-13.4237,
ES,29.2073,-13.4289,Caleta del Mojon Blanco
ES,29.209,-13.4315,Bajo de los Sables
ES,29.2094,-13.498,Playa del Risco
ES,29.2097,-13.4337,Bajo de los Sables
ES,29.2163,-13.4428,Caletón Blanco
ES,29.2199,-13.5256,Playa Francesa
ES,29.2201,-13.5311,Playa Francesa
ES,29.2207,-13.537,La Cocina
ES,29.2207,-13.5281,Playa Francesa
ES,29.2248,-13.462,Playa de La Cantería
ES,29.2263,-13.5122,Playa del Salado
ES,29.2264,-13.5053,
ES,29.2302,-13.504,Playa de La Laja
ES,29.2402,-13.5278,Caleta del Burro
ES,29.2451,-13.4913,
ES,29.2516,-13.4892,
ES,29.2533,-13.4889,Barranco de los Conejos
ES,29.2563,-13.487,
ES,29.2611,-13.4813,
ES,29.2635,-13.5215,Playa Baja del Ganado
ES,29.2648,-13.5217,
ES,29.2766,-13.5155,Playa de Las Conchas
ES,29.2781,-13.4904,Playa de La Lambra
ES,29.3848,-13.5074,Playa Isla de la Alegranza
ES,29.386,-13.5152,Playa del Veril
ES,35.1713,-4.2984,
ES,35.2752,-2.9308,Playa de la Hípica
ES,35.278,-2.9349,Playa del Hipódromo
ES,35.2829,-2.9375,Playa de los Cárabos
ES,35.2867,-2.9372,Playa de San Lorenzo
ES,35.2945,-2.9348,
ES,35.2975,-2.936,Playa Los Militares
ES,35.3052,-2.9439,Playa de Horcas Coloradas
ES,35.8718,-5.3434,El Tarajal
ES,35.8747,-5.3415,Playa de Tramaguera
ES,35.8796,-5.3342,Playa de Miramar
ES,35.8845,-5.3218,Playa del Chorrillo
ES,35.8864,-5.3131,Playa Fuentecaballo
ES,35.8868,-5.3152,Playa de La Ribera
ES,35.895,-5.2826,Cala del Desnarigado
ES,35.8955,-5.3368,Playa de Benítez
ES,35.8962,-5.3001,San Amaro
ES,35.9003,-5.3438,Playa del Trampolin
ES,35.9008,-5.2981,Playa de la Bolera
ES,35.9118,-5.3574,Playa Calamocarro
ES,35.9132,-5.3813,Playa del Algarrobo
ES,35.9146,-5.3613,
ES,35.9153,-5.3629,Playa Punta Blanca
ES,35.9162,-5.3769,
ES,35.9163,-5.3784,
ES,35.9165,-5.3708,Playa de Benzú
ES,35.9382,-3.0364,
ES,35.9384,-3.035,
ES,35.9391,-3.0343,
ES,35.9392,-3.0369,
ES,36.005,-5.6108,
ES,36.0053,-5.609,Playa Isla de Las Palomas
ES,36.0084,-5.6065,Playa Chica
ES,36.0113,-5.6009,
ES,36.012,-5.5981,
ES,36.0299,-5.6298,Playa de Los Lances
ES,36.0369,-5.5199,
ES,36.0543,-5.4849,
ES,36.0613,-5.7173,
ES,36.0631,-5.6838,Playa de Valdevaqueros
ES,36.0643,-5.7282,
ES,36.0652,-5.7294,
ES,36.0667,-5.733,
ES,36.0685,-5.7406,Baños de Baelo
ES,36.072,-5.7483,
ES,36.0822,-5.7728,Playa de Bolonia
ES,36.0873,-5.8048,Playa del Cañuelo
ES,36.0908,-5.4438,Playa de Getares
ES,36.0959,-5.8152,Playa de los Alemanes
ES,36.0979,-5.4422,Playa de Getares
ES,36.1029,-5.8248,Playa del Búnker
ES,36.1054,-5.4357,
ES,36.1122,-5.4372,Playa de El Chinarral
ES,36.1158,-5.8333,Playa de Atlanterra
ES,36.1542,-5.8743,Playa de Zahara
ES,36.1568,-5.3389,Playa de Santa Bárbara
ES,36.1612,-5.4385,Playa del Rinconcillo
ES,36.1621,-5.3577,Playa de Poniente
ES,36.1694,-5.3706,Playa Príncipe Alfonso
ES,36.17,-5.3367,Playa de Levante
ES,36.1748,-5.428,Playa de Palmones
ES,36.1775,-5.384,Playa de Puente Mayorga-Campamento
ES,36.1792,-5.9901,Playa de la Cortina
ES,36.1804,-5.4084,Playa de Los Roncalillo
ES,36.1805,-5.4001,Playa de Refinería
ES,36.1809,-5.3935,Playa de La Colonia
ES,36.1815,-6.0329,Playa Faro de Trafalgar
ES,36.1819,-5.9999,Playa de Los Castillejos
ES,36.1836,-5.9166,Playa del Carmen
ES,36.1837,-6.0304,Playa de Mari Sucia
ES,36.1848,-6.018,Playa de los Caños de Meca
ES,36.1849,-6.009,Playa de Guadalupe
ES,36.1852,-5.9422,Playa de la Hierbabuena
ES,36.1915,-6.0415,Playa de Zahora
ES,36.203,-6.0517,Playa La Mangueta
ES,36.2057,-5.3259,Playa de La Atunara
ES,36.2246,-6.0664,Playa de El Palmar
ES,36.2368,-5.3095,Playa de La Alcaidesa
ES,36.2565,-6.0846,Playa de Castilnovo
ES,36.2644,-5.2876,
ES,36.2728,-6.0927,Playa de los Bateles
ES,36.2806,-6.1,Playa de la Fontanilla
ES,36.2806,-5.2798,
ES,36.2834,-5.2771,
ES,36.2857,-5.2747,
ES,36.29,-6.1104,Playa Fuente del Gallo
ES,36.2943,-6.1387,
ES,36.2943,-6.1176,Cala Camacho
ES,36.2944,-6.1153,Cala del Puntalejo
ES,36.2945,-6.1195,Cala Sudario
ES,36.2954,-6.1233,Cala Pitones
ES,36.2962,-6.1272,Cala Melchor
ES,36.2965,-6.1379,Cala del Río Roche
ES,36.2967,-6.1315,Cala del Aceite
ES,36.2969,-5.2689,
ES,36.297,-6.1431,Cala del Faro
ES,36.2986,-6.1443,Cala del Tio Juan Medina
ES,36.3026,-6.1475,Cala del Pato
ES,36.3039,-5.2631,
ES,36.304,-6.149,Cala del Enebro
ES,36.3054,-6.1503,Cala del Frailecillo
ES,36.3075,-6.1517,Cala El Aspero
ES,36.3091,-5.2579,
ES,36.31,-6.1531,Cala Encendida
ES,36.3109,-5.2477,
ES,36.3113,-5.2527,
ES,36.3122,-5.2468,
ES,36.3175,-5.2446,
ES,36.3356,-5.2378,Playa de la Chullera
ES,36.3431,-6.1731,Playa de La Barrosa
ES,36.3531,-5.2307,La Duquesa
ES,36.368,-5.2223,
ES,36.3753,-6.1935,
ES,36.3763,-6.1961,
ES,36.3799,-5.2132,
ES,36.3858,-6.2038,Playa de Sancti Petri
ES,36.3869,-5.2049,
ES,36.4015,-5.1913,
ES,36.4059,-5.1876,Play Costa Natura (Nudist)
ES,36.4084,-5.1851,
ES,36.4106,-5.1826,
ES,36.4113,-6.2221,Playa de Camposoto
ES,36.4139,-5.1772,Playa de Guadalobón
ES,36.4157,-5.1666,Playa del Cristo
ES,36.4214,-5.1442,La Rada
ES,36.428,-5.1277,Playa del Angel
ES,36.4308,-5.1174,Playa de Punta Plata
ES,36.4372,-5.1035,Playa del Padron
ES,36.4392,-6.2381,Playa de Urrutia
ES,36.4462,-5.0867,
ES,36.4524,-5.0548,Playa de Guadalmansa
ES,36.4527,-5.0542,Playa de Guadalmansa
ES,36.4528,-6.2491,Playa de Torregorda
ES,36.4552,-5.0474,Playa del Sol Villacana
ES,36.4579,-5.0423,Playa del Saladillo
ES,36.4581,-5.0422,Playa del Saladillo
ES,36.4606,-5.0122,Playa Atalaya
ES,36.4607,-6.2537,Playa de Torregorda
ES,36.461,-5.0184,Salduna
ES,36.4611,-5.0313,
ES,36.4621,-5.0165,Playa Isdabe
ES,36.4646,-4.9984,
ES,36.4654,-6.2474,
ES,36.4678,-6.2564,Playa de Santibáñez
ES,36.474,-4.9818,Playa de San Pedro
ES,36.477,-6.2617,Playa del Chato
ES,36.4796,-4.9707,Playa Canina Ventura del Mar
ES,36.4835,-4.9615,Playas del Duque
ES,36.484,-6.2011,Playa de la Casería
ES,36.4842,-4.7422,Playa de Cabopino
ES,36.4844,-4.7421,
ES,36.4844,-4.741,
ES,36.4856,-4.7358,Playa de Calahonda
ES,36.4868,-4.7267,Playa de Calahonda - La Luna / Royal Beach
ES,36.4869,-4.7243,La Luna-Royale Beach
ES,36.4873,-4.7165,Playa de Calahonda - Calahonda
ES,36.4878,-6.2676,Playa de la Cortadura
ES,36.489,-4.7074,Playa de Calahonda - Riviera
ES,36.49,-4.7718,Playa de Artola
ES,36.49,-4.6989,Playa de Calahonda - Rocas del Mar
ES,36.4914,-4.6927,Playa El Bombo - Cabo Rocoso
ES,36.4932,-4.944,Playa de Levante
ES,36.4946,-6.1848,Playa de la Clica
ES,36.4949,-4.6886,Playa El Bombo - El Bombo
ES,36.4974,-4.8099,El Alicate
ES,36.499,-6.1756,
ES,36.499,-4.684,Playa de La Cala - La Butibamba
ES,36.4998,-4.9305,Playa del Ancón
ES,36.5007,-4.8278,Playa Bahía de Marbella
ES,36.5024,-4.6784,Playa de La Cala - El Torreón
ES,36.5025,-4.8384,Playa de Los Monteros
ES,36.5029,-4.9191,Playa de Nagüeles
ES,36.5039,-4.8451,
ES,36.5042,-4.9083,Playa de la Fontanilla
ES,36.5044,-4.671,Playa de Las Doradas
ES,36.5058,-4.9113,Playa de Casablanca
ES,36.5061,-4.6604,Playa El Chaparral - El Chaparral
ES,36.5062,-6.2791,Playa de la Victoria
ES,36.5062,-4.8539,
ES,36.5062,-4.6517,Playa del Charcón - Playa Marina
ES,36.5066,-4.8915,Playa del Faro
ES,36.5066,-4.8841,Playa de Venus
ES,36.5071,-4.6472,Playa del Charcón - El Charcón
ES,36.5074,-4.8661,Playa del Cable
ES,36.5074,-4.6405,Playa del Faro - Punta Calaburras
ES,36.5076,-4.8777,Playa de la Bajadilla
ES,36.5079,-6.2658,Playa Puntales
ES,36.5117,-4.635,Playa del Faro - El Faro
ES,36.5161,-4.6316,Playa Rocas del Cura
ES,36.5181,-4.6301,Playa El Ejido
ES,36.5202,-6.2874,Playa de Santa María del Mar
ES,36.5225,-4.6282,Playa Mati
ES,36.525,-6.2322,Playa de la Ministra
ES,36.5251,-6.1843,La Cachucha
ES,36.5252,-6.1901,Playa de la Media Luneta
ES,36.5263,-6.22,Playa de la Ministra
ES,36.5275,-6.3163,
ES,36.5281,-6.314,
ES,36.5285,-6.3088,
ES,36.5293,-6.2168,Playa del Conchal
ES,36.5299,-4.6249,Playa del Castillo
ES,36.5302,-6.3062,Playa de La Caleta
ES,36.5347,-6.3066,
ES,36.5364,-4.6215,Playa de Santa Amalia
ES,36.5378,-6.291,Playa de la Punta San Felipe
ES,36.5447,-4.6172,Playa de San Francisco
ES,36.5457,-6.2281,Playa de Levante
ES,36.5526,-4.612,Playa de los Boliches
ES,36.5613,-4.6052,Playa Torreblanca-Carvajal
ES,36.5687,-4.5924,Playa de Torreblanca
ES,36.5739,-6.2277,Playa de Valdelagrana
ES,36.5753,-4.5766,
ES,36.5764,-4.5736,
ES,36.5791,-4.5619,Playa Bonita
ES,36.5793,-4.5434,
ES,36.5801,-4.5539,Playa Benalnatura
ES,36.5802,-4.5585,Playa de Arroyo Hondo
ES,36.5803,-4.5561,Playa Las Viborillas
ES,36.5804,-4.5515,
ES,36.5806,-4.5392,Playa de Torre Vigía
ES,36.5807,-4.5501,Playa de la Yuca
ES,36.5809,-6.2628,Playa de la Muralla
ES,36.581,-4.5487,
ES,36.5827,-6.2679,Playa de la Calita
ES,36.5834,-6.2495,Dunas de San Antón
ES,36.5841,-4.5338,Playa de las Verdas
ES,36.5851,-6.241,La Puntilla
ES,36.5865,-4.5317,Playa del Arroyo de la Miel y los Melilleros
ES,36.5894,-4.5282,Playa de Bil Bil
ES,36.5921,-4.5235,Playa de Santa Ana
ES,36.5949,-4.5181,Playa Malapesquera
ES,36.5955,-6.2767,Playa de Santa Catalina
ES,36.6073,-4.5044,Playa de la Carihuela
ES,36.6098,-6.2867,Playa de Fuentebravía
ES,36.6131,-6.2912,
ES,36.6183,-4.4969,El Gato Beach
ES,36.6187,-6.3645,Playa de la Costilla
ES,36.6198,-4.4959,Playa del Bajondillo
ES,36.6199,-4.4957,Playa del Bajondillo
ES,36.6209,-6.3553,Playa del Rompidillo
ES,36.623,-6.3527,Playa del Chorrillo
ES,36.624,-4.4931,Playa del Lido
ES,36.6244,-6.3769,Playa de Puntalillo
ES,36.6252,-6.348,Playa de Galeones
ES,36.6256,-6.3405,
ES,36.6313,-6.3888,Playa de Los Corrales
ES,36.6324,-4.4869,Playamar
ES,36.6402,-4.4811,Playa de Cañuela
ES,36.6405,-6.3932,Playa de Punta Candor
ES,36.6457,-4.4762,Playa de los Álamos
ES,36.6508,-4.4715,Playa Campo de Golf
ES,36.6546,-4.4679,Playa Campo de Golf
ES,36.6547,-6.3984,Playa de Peginas
ES,36.6598,-4.4628,Playa Campo de Golf
ES,36.6635,-4.457,Playa de Guadalmar
ES,36.6672,-6.4071,Playa Agua Dulce
ES,36.6704,-4.4516,Playa del Guadalhorce
ES,36.6795,-4.4459,Playa Sacaba Beach
ES,36.6812,-6.4159,Playa de la Ballena
ES,36.6825,-2.7586,
ES,36.6834,-2.7425,
ES,36.6846,-2.7052,Playa Punta Entinas Sabinar
ES,36.6847,-2.7276,
ES,36.6871,-2.7754,
ES,36.6906,-2.6831,
ES,36.6912,-4.4404,Playa de la Misericordia
ES,36.6916,-2.7834,Playa de Levante
ES,36.6947,-6.4239,Playa de las Tres Piedras
ES,36.6962,-3.4739,Playa de la Joya
ES,36.6966,-3.4608,Playa Salmonete
ES,36.6966,-2.6648,
ES,36.697,-3.4782,Cala de los Pobres
ES,36.6987,-3.4368,
ES,36.6991,-2.8411,Los Baños
ES,36.7008,-2.8013,Playa Poniente de Almerimar
ES,36.7022,-3.4886,Playa de Torrenueva Costa
ES,36.7025,-4.4323,Playa de San Andrés
ES,36.7033,-2.8239,San Miguel
ES,36.7059,-2.647,Playa Cerrillos
ES,36.708,-3.4965,Playa de la Pelá
ES,36.7095,-3.391,La Rijana
ES,36.7101,-6.4338,Playa del Camarón
ES,36.7102,-3.499,Playa del Cañón
ES,36.7112,-4.2575,Playa Los Claros
ES,36.7114,-4.2419,Playa Los Rubios
ES,36.7122,-4.2685,Playa Victoria
ES,36.7124,-4.3246,Playa de La Araña
ES,36.7125,-3.5018,Playa Maruja
ES,36.7125,-2.8695,
ES,36.7126,-4.3372,
ES,36.7128,-4.3352,Playa del Peñón del Cuervo
ES,36.7128,-4.317,Playa Canina Arroyo Totalán
ES,36.7129,-4.231,
ES,36.7132,-4.3298,Playa de la Fábrica
ES,36.7136,-4.3078,
ES,36.7137,-4.2824,Playa Victoria
ES,36.7137,-4.2199,
ES,36.7139,-4.3433,Playa de El Candado
ES,36.7149,-4.202,Playa de Benajarafe
ES,36.7153,-3.5053,Playa de la Chincheta
ES,36.7161,-4.1791,
ES,36.7164,-4.4083,Playa de La Malagueta
ES,36.7165,-4.3496,Playa de El Dedo
ES,36.7166,-3.5597,Playa Granada
ES,36.7179,-4.3598,Playa de El Palo
ES,36.7179,-3.51,Playa de las Azucenas
ES,36.7189,-3.5422,Playa de Poniente
ES,36.7194,-4.3683,Playa de las Acacias
ES,36.7194,-4.1634,Playa Valle de Niza
ES,36.7195,-2.6289,Playa Serena
ES,36.7201,-4.3742,Playa de Pedregalejo
ES,36.7203,-4.1556,Playa Valle de Niza
ES,36.7206,-2.1842,Cala Arena
ES,36.7207,-4.3967,Playa de La Caleta
ES,36.7212,-4.3827,Playa de los Baños del Carmen
ES,36.7212,-3.5308,Playa Can
ES,36.7216,-4.1449,
ES,36.7216,-2.19,La Calilla
ES,36.7217,-2.1869,
ES,36.7219,-2.1884,Cala de las Sirenas
ES,36.722,-3.5728,Playa Punta del Río
ES,36.7225,-4.1396,Playa de Almayate
ES,36.7227,-3.7282,Playa de los Berengueles
ES,36.7233,-2.1811,
ES,36.7234,-3.3572,
ES,36.7236,-4.1282,Costa del Sol
ES,36.7236,-2.1685,Cala de Punta Negra
ES,36.7243,-2.1769,Cala Rajá
ES,36.7245,-4.1181,Costa del Sol
ES,36.7248,-2.1946,Playa del Corralete
ES,36.7251,-3.581,Playa del Mayorazgo
ES,36.7255,-4.1113,Playa naturista de Almayate
ES,36.7266,-3.958,Playa Chica
ES,36.7266,-3.9558,Playa Canina de Torrox
ES,36.7272,-3.9545,Playa los Cuartos
ES,36.7273,-3.9539,Playa del Sillón
ES,36.7276,-4.1048,playa canina
ES,36.7282,-4.1023,
ES,36.7285,-3.5845,Playa de Salomar
ES,36.7286,-2.8868,
ES,36.7289,-6.4407,Playa de Regla
ES,36.7295,-2.1433,Cala Palmito
ES,36.7295,-2.1395,Playa del Barronal
ES,36.7296,-2.1419,Cala Peineta
ES,36.7297,-2.1567,Cala Carbón
ES,36.7298,-2.1552,Cala Chicré
ES,36.7298,-2.1355,Playa del Barronal
ES,36.7301,-3.6877,Playa Puerta del Mar
ES,36.7304,-2.146,Playa de Mónsul
ES,36.7306,-3.9714,Playa de Ferrara
ES,36.7311,-2.1523,Cala de la Media Luna
ES,36.7312,-3.6992,Playa de San Cristóbal
ES,36.7313,-3.3493,Playa de Cambriles
ES,36.7313,-2.1316,Cala Grande
ES,36.7314,-3.9727,
ES,36.7315,-3.9759,Playa de las Lindes
ES,36.7315,-3.9435,Playa El Peñoncillo
ES,36.7316,-3.7211,Playa del Muerto
ES,36.7322,-3.5882,Playa del Molino
ES,36.7324,-2.2033,Cala del Búnker
ES,36.7324,-2.1276,Cala Chica
ES,36.7326,-3.7184,
ES,36.7329,-3.7152,Playa de Cotobro
ES,36.733,-3.7073,La Veintiuna
ES,36.7334,-3.7451,Playa de la Herradura
ES,36.7334,-2.6166,Playa de la Urbanización de Roquetas de Mar
ES,36.7334,-2.1236,Cala Príncipe
ES,36.7336,-3.9822,Playa del Cenicero
ES,36.7338,-3.7051,El Rincón de la China
ES,36.7347,-2.8938,
ES,36.7348,-3.9838,Dunas de la Carraca
ES,36.7349,-3.9842,Dunas de la Carraca
ES,36.735,-3.762,
ES,36.7353,-3.5913,Playa de La Charca
ES,36.7361,-3.9314,
ES,36.7364,-2.119,Cala de los Amarillos
ES,36.7366,-3.5931,Playa del Peñón
ES,36.7367,-3.9287,
ES,36.7371,-3.776,Playa Cantarriján
ES,36.7374,-2.2074,Playa de la Fabriquilla
ES,36.7377,-3.9928,Playa del Morche
ES,36.7377,-3.9926,Playa del Morche
ES,36.738,-3.6683,Playa de Velilla
ES,36.7385,-4.0872,Playa de Torre del Mar
ES,36.7393,-6.4407,Playa de las Canteras
ES,36.7395,-3.9223,Playa El Calacile
ES,36.7402,-3.5963,Playa de La Guardia
ES,36.7403,-4.0017,
ES,36.741,-6.4383,Playa de las Canteras
ES,36.741,-4.0044,
ES,36.741,-3.3155,El Lance
ES,36.7415,-3.886,Playa El Chucho
ES,36.7416,-4.0106,
ES,36.7416,-3.8827,Playa La Torrecilla
ES,36.7416,-3.786,Cala de las Doncellas
ES,36.7421,-3.6248,Cala del Cambrón
ES,36.7424,-3.9124,Playa de Vilches
ES,36.7424,-3.0098,
ES,36.7427,-3.8957,Playa El Playazo
ES,36.7427,-2.9635,Las Cañadas
ES,36.743,-3.9064,
ES,36.7432,-4.0177,
ES,36.7434,-3.663,Playa del Tesorillo
ES,36.7434,-3.6117,Cala el Pargo
ES,36.7437,-3.6443,Playa Barranco de Enmedio
ES,36.7438,-3.8776,Playa El Salón
ES,36.7439,-6.4344,Playa Cruz del Mar
ES,36.7439,-6.4245,Playa Micaela
ES,36.744,-2.1205,Playa de los Genoveses
ES,36.7441,-3.8761,Playa La Caletilla
ES,36.7441,-3.6052,Playa del Caletón
ES,36.7442,-3.022,
ES,36.7443,-3.0281,Sirena Loca
ES,36.7443,-3.0146,
ES,36.7447,-4.0463,Playa de Mezquitilla
ES,36.7448,-3.7899,Playa del Cañuelo
ES,36.7449,-3.6489,Playa del Curumbico
ES,36.745,-3.8749,Playa Calahonda
ES,36.7454,-3.6519,Playa de Cabria
ES,36.7456,-3.874,Playa del Chorrillo
ES,36.7458,-3.6605,Playa del Pozuelo
ES,36.7459,-4.0538,Playa de La Caleta
ES,36.746,-3.1512,Playa de El Pozuelo
ES,36.7461,-3.7978,
ES,36.7461,-3.279,Playa de La Mamola
ES,36.7461,-3.1598,
ES,36.7461,-3.0728,
ES,36.7461,-3.0685,
ES,36.7464,-3.8726,Playa Carabeo
ES,36.7465,-3.8002,Cala del Pino
ES,36.7465,-3.6569,Playa Calabajío
ES,36.7466,-3.1412,Playa Iguazú
ES,36.7466,-2.9122,Playa de Balanegra
ES,36.7467,-3.0749,
ES,36.7468,-3.1693,
ES,36.7469,-2.6094,Playa de la Bajadilla
ES,36.7471,-3.0505,
ES,36.7472,-3.0445,La Rana
ES,36.7473,-4.0603,Playa de La Caleta
ES,36.7474,-3.2181,
ES,36.7478,-3.8706,Playa Carabeillo
ES,36.7478,-3.8037,
ES,36.748,-3.0909,Playa de la Barbacoa
ES,36.7486,-4.0717,
ES,36.7487,-3.2208,
ES,36.7491,-3.1819,Playa El Ruso
ES,36.7493,-3.809,Playa de las Alberquillas
ES,36.7495,-2.1187,Cala del Ave María
ES,36.7496,-3.223,
ES,36.7499,-3.8665,Playa Burriana
ES,36.7499,-3.1966,Cala Chilches
ES,36.7501,-3.1865,La Playiya
ES,36.7503,-2.2185,Playa de la Almadraba
ES,36.7507,-3.2671,Playa Los Yesos
ES,36.7507,-3.236,Playa de Melicena
ES,36.7509,-3.8146,Playa de las Alberquillas
ES,36.7511,-3.851,Cala Barranco de Maro
ES,36.7513,-3.229,Playa de El Gaiterillo
ES,36.7515,-3.8615,
ES,36.7518,-3.8622,Playa Piedra de Tarzán
ES,36.7527,-3.8249,
ES,36.753,-3.2416,Playa de las Cañas
ES,36.7534,-3.845,Playa de La Caleta
ES,36.7535,-3.2586,
ES,36.7537,-3.8343,Playa de Maro
ES,36.7545,-3.2468,
ES,36.7563,-2.1099,Playa de La Calilla
ES,36.76,-6.4093,Playa Montijo
ES,36.7612,-2.1067,Playa de San José
ES,36.7616,-6.4017,
ES,36.7625,-6.3965,
ES,36.7636,-6.3944,
ES,36.7645,-2.6044,Playa La Romanilla
ES,36.765,-2.0938,Cala Higuera
ES,36.768,-2.0801,Cala Tomate
ES,36.7703,-2.0747,Cala de las Hermanicas
ES,36.7726,-6.3792,Playas de la Jara
ES,36.7751,-2.0699,
ES,36.7765,-2.0638,
ES,36.7773,-2.2433,Playa de San Miguel de Cabo de Gata
ES,36.778,-2.5974,Playa Las Salinas
ES,36.7804,-2.0636,
ES,36.7815,-6.3648,
ES,36.782,-2.0633,Cala Tomate
ES,36.7866,-2.0634,Cala Chica
ES,36.7908,-2.5869,
ES,36.7914,-2.0627,Cala Cortada
ES,36.7942,-2.2597,Playa del Charco
ES,36.7949,-2.0622,Playa de Piedra Galera
ES,36.7983,-2.0625,El Embarcadero
ES,36.8027,-6.3712,Playa de Malandar
ES,36.8028,-2.576,Playa de Aguadulce
ES,36.8064,-2.0619,Playa del Arco
ES,36.8065,-2.274,Playa de las Amoladeras
ES,36.8089,-2.0607,Playa del Esparto
ES,36.8116,-2.5669,
ES,36.8139,-2.0508,
ES,36.8159,-2.0505,Playa del Peñón Blanco
ES,36.8172,-2.4375,Playa de Nueva Almería
ES,36.8192,-2.5355,
ES,36.8215,-2.4434,Playa de la Térmica
ES,36.8218,-2.5311,El Palmer
ES,36.8218,-2.0421,Cala de los Toros
ES,36.8244,-2.4478,Playa de El Zapillo
ES,36.8245,-2.3006,Playa de Torregarcía
ES,36.8248,-2.5215,Playa de la Cueva del Cura
ES,36.8253,-2.516,Cala de La Garrofa
ES,36.8254,-2.5109,Cala de los Ahogados
ES,36.8263,-6.4055,Playa del Inglesito
ES,36.8282,-2.4541,Playa de San Miguel
ES,36.8285,-2.4942,Cala del Lobo Marino
ES,36.8291,-2.4906,Cala de San Telmo
ES,36.8291,-2.0339,Cala de los Monteses
ES,36.83,-2.4567,
ES,36.83,-2.0312,
ES,36.831,-2.4881,Las Olas
ES,36.8331,-2.3197,Playa de Retamar
ES,36.8354,-2.0129,Cala del Carnaje
ES,36.8361,-2.3816,Playa de Costacabana
ES,36.8365,-2.3303,
ES,36.838,-2.3415,
ES,36.84,-2.351,
ES,36.8402,-2.3639,Playa del Perdigal
ES,36.8461,-2.001,Cala de la Polacra
ES,36.8516,-1.9996,Cala del Bergantín
ES,36.86,-2.0057,Playa del Playazo de Rodalquilar
ES,36.8628,-2.0048,Calilla del Playazo
ES,36.8685,-6.4276,Playa de Castilla
ES,36.8731,-2.0033,Cala del Cuervo
ES,36.8797,-2.0033,Playa de las Negras
ES,36.8849,-1.9987,
ES,36.8884,-1.9936,Cala Montoya
ES,36.8918,-1.9934,Cala Hernández
ES,36.9031,-1.9791,Cala de San Pedro
ES,36.9044,-6.4622,
ES,36.908,-6.4506,Playa de Castilla
ES,36.9081,-1.9636,Cala Montoya
ES,36.9154,-1.958,Cala Chumba
ES,36.918,-1.9563,Cala Puente
ES,36.9226,-1.955,Cala del Plomo
ES,36.9323,-1.9464,Cala de Enmedio
ES,36.9358,-1.918,Cala Arena
ES,36.9363,-1.9404,Cala del Sol
ES,36.9366,-1.9137,Cala Los Mendrugos
ES,36.9369,-1.9089,Cala Sorbas
ES,36.9387,-1.9345,Playa de Agua Amarga
ES,36.9428,-1.9039,Cala Castillo
ES,36.9442,-6.4837,Playa de Castilla
ES,36.9536,-1.8985,Playa de los Muertos
ES,36.9589,-1.8997,Playa de las Salinicas
ES,36.9624,-1.8996,Playa del Corral
ES,36.97,-1.9007,Playa de la Torre Vieja
ES,36.9746,-6.5186,Playa de Matalascañas
ES,36.9849,-1.9004,Playa de las Marinicas
ES,36.9913,-6.5441,Playa de Matalascañas
ES,36.9944,-1.8943,Playa de los Cocones
ES,37.0001,-1.8928,Playa de los Barquicos
ES,37.0117,-6.5781,Playa de Torre de la Higuera
ES,37.0186,-1.8787,Playa de la Galera
ES,37.0283,-6.6069,Playa de Castilla
ES,37.0308,-1.8773,Playa del Algarrobico
ES,37.0471,-6.6426,Playa Mata del Difunto
ES,37.0474,-1.863,Cala de la Granatilla
ES,37.0547,-1.8598,Playa Las Escalicas
ES,37.0573,-1.8573,Cala del Sombrerico
ES,37.0606,-1.8551,Cala de Bordenares
ES,37.0666,-1.8514,Playa Fuente las Cabras
ES,37.0698,-6.6879,Playa de Cuesta Maneli
ES,37.0764,-1.8499,Playa El Perulejo
ES,37.0835,-1.8501,Playa de Macenas
ES,37.0888,-6.726,Playa Médano del Loro
ES,37.0915,-1.85,Playa La Mena
ES,37.0951,-6.7388,Playa Pico del Loro
ES,37.1019,-1.8468,Playa Venta del Bancal
ES,37.1036,-6.7557,Playa de Rompeculos
ES,37.1078,-1.8449,Playa de las Ventanicas
ES,37.1111,-1.8429,Playa Cueva del Lobo
ES,37.1132,-6.7765,Playa de Castilla
ES,37.117,-1.8363,Playa del Lance Nuevo
ES,37.1234,-6.8004,Playa Cuesta De La Barca
ES,37.1235,-1.8321,Playa del Cantal
ES,37.1243,-6.8108,Playa de las Dunas
ES,37.1244,-6.8036,Playa del Cine
ES,37.1274,-6.8155,Playa del Picacho
ES,37.1292,-1.8305,Playa de Vista de los Ángeles
ES,37.1326,-1.8296,Playa de la Piedra Villazar
ES,37.1386,-1.8281,Playa del Descargador
ES,37.1453,-1.826,Playa del Palmeral
ES,37.1463,-6.8932,Playa del Espigón Juan Carlos I.
ES,37.1491,-6.8986,
ES,37.1509,-1.8238,Playa de Rumina
ES,37.1607,-1.8243,Playa de Marina de la Torre
ES,37.1697,-6.9528,Playa de La Canaleta
ES,37.1719,-7.3736,Playa de Isla Canela
ES,37.1755,-1.822,Playa de Garrucha
ES,37.1765,-7.3535,Playa de Los Haraganes
ES,37.178,-6.9693,Playa Urbana de Punta Umbría
ES,37.1785,-7.3938,Playa de San Bruno
ES,37.1802,-1.8205,Playa Pósito Garrucha
ES,37.1816,-7.3381,Playa de Punta del Moral
ES,37.1878,-1.8161,Playa El Playazo Garrucha
ES,37.189,-7.3264,Playa de la Gaviota
ES,37.1902,-6.9953,Playa de los Enebrales
ES,37.1921,-7.3183,Playa del Parque Litoral
ES,37.1931,-7.3279,Playa de la Gola
ES,37.1935,-1.8144,Playa de Las Marinas-Bolaga
ES,37.1947,-7.3093,Playa de Santana
ES,37.1969,-7.3007,Playa Central
ES,37.1978,-7.0116,Playa de la Mata Negra
ES,37.1986,-7.2934,Playa del Hoyo
ES,37.2004,-7.2835,Playa de la Casita Azul
ES,37.2017,-7.2739,Playa de Icona Pesmar
ES,37.2023,-7.2668,Playa de La Redondela
ES,37.203,-7.2586,Playa de la Chancla
ES,37.2032,-7.0285,Playa de la Bota
ES,37.2033,-7.2508,Playa de Urbasur
ES,37.2038,-7.2379,Playa de Islantilla
ES,37.204,-7.0316,Playa Canina la Bota.
ES,37.2052,-7.2121,Playa de La Antilla
ES,37.2064,-7.1878,Playa de Santa Pura
ES,37.2065,-7.1718,
ES,37.2067,-7.091,Playa de Nueva Umbría
ES,37.2073,-7.1517,Playa de la Flecha de El Rompido
ES,37.2086,-7.049,Playa de El Portil
ES,37.2086,-1.8083,Playa de Puerto Rey
ES,37.2125,-7.0768,
ES,37.2237,-1.8013,Playa El Playazo
ES,37.2296,-1.7976,Cala Marqués
ES,37.2326,-1.794,Playa de Quitapellejos
ES,37.242,-1.7751,Playazo de Villaricos
ES,37.2457,-1.7732,Playa de Luis Siret
ES,37.2472,-1.7712,
ES,37.2493,-1.7695,Cala Verde
ES,37.2548,-1.7642,Cala de los Dolores
ES,37.2587,-1.762,
ES,37.2613,-1.76,Cala La Invencible
ES,37.2741,-1.7455,Cala Mal Paso
ES,37.2785,-1.7402,
ES,37.2818,-1.7344,Cala del Peñón Cortado
ES,37.2835,-1.7325,
ES,37.2852,-1.7314,Cala de las Conchas
ES,37.2987,-1.7165,Cala Cristal
ES,37.2988,-1.7164,Cala Cristal
ES,37.3025,-1.7112,Cala Mochuela
ES,37.3097,-1.7057,Playa El Calón
ES,37.3215,-1.699,Cala Panizo
ES,37.3307,-1.6934,Playa Pozo del Esparto / La Escribanía
ES,37.3369,-1.6902,
ES,37.3452,-1.6836,Playa La Entrevista
ES,37.3505,-1.679,Playa Bellavista
ES,37.3535,-1.676,Playa Calypso
ES,37.3553,-1.674,Playa de Terreros
ES,37.3564,-1.6566,Cala La Invencible
ES,37.3571,-1.6706,Playa Mar Serena
ES,37.358,-1.6672,Playa Mar Rabiosa
ES,37.3582,-1.6654,
ES,37.3712,-1.6437,Playa la Carolina
ES,37.3744,-1.6387,Playa de las Palmeras
ES,37.3749,-1.6298,Cala Los Cocedores
ES,37.3763,-1.6282,Playa de la Carolina
ES,37.3799,-1.6262,Playa de la Higuerica
ES,37.3836,-1.6196,Playa de Calarreona
ES,37.3845,-1.6152,Cala de las Tortugas
ES,37.3859,-1.6126,Cala Mijo
ES,37.3871,-1.6111,Playa de la Herradura
ES,37.3887,-1.6108,Playa de Matalentisco
ES,37.3909,-1.608,
ES,37.3926,-1.6063,Playa Cañada del Negro
ES,37.3952,-1.6025,Playa Casica Verde
ES,37.3999,-1.5931,Playa de Poniente
ES,37.4023,-1.5856,Playa de la Colonia
ES,37.4064,-1.5769,Playa de Levante
ES,37.4065,-1.5687,Playa de las Delicias
ES,37.4066,-1.5615,Playa los Cocedores del Hornillo
ES,37.4112,-1.5598,Playa del Hornillo
ES,37.4118,-1.5495,Playa Amarilla
ES,37.4128,-1.5469,
ES,37.4227,-1.5302,
ES,37.4283,-1.5253,Playa del Arroz
ES,37.429,-1.5236,
ES,37.4318,-1.5033,Playa de Calabardina
ES,37.4347,-1.484,Playa Ensenada de la Fuente
ES,37.4467,-1.4825,Playa del Hoyo
ES,37.4492,-1.4818,Playa del Charco
ES,37.4528,-1.4808,Playa El Rafal
ES,37.4576,-1.4775,Playa de la Rambla de Elena
ES,37.4616,-1.4764,Playa del Pocico del Animal
ES,37.466,-1.4738,Playa del Saladar
ES,37.4677,-1.4726,Playa del Pozo de las Huertas
ES,37.469,-1.4712,Cala de las Pulgas
ES,37.471,-1.4693,
ES,37.4731,-1.4687,Playa de la Galera
ES,37.4771,-1.4679,Playa Larga
ES,37.4803,-1.4657,
ES,37.4835,-1.4622,Cala Blanca
ES,37.4861,-1.4599,Playa de los Hierros
ES,37.4889,-1.4567,Cala Leña
ES,37.4895,-1.4555,
ES,37.4905,-1.4542,
ES,37.4924,-1.45,Cala de la Gruta
ES,37.4935,-1.448,Cala Junquera
ES,37.4971,-1.4419,Cala del Ciscar
ES,37.4984,-1.4408,Playa de Baja Mar
ES,37.501,-1.4327,Playa Cala Honda
ES,37.5031,-1.4228,Cala San Pedro
ES,37.5038,-1.4249,Playa del Siscal
ES,37.5055,-1.4187,Playa Baño de las Mujeres
ES,37.5068,-1.4159,Cala de Calnegre
ES,37.5115,-1.4006,Playa de Puntas de Calnegre
ES,37.5157,-1.3978,Playa de Puntas de Calnegre
ES,37.5211,-1.3938,Playa de Parazuelos
ES,37.5256,-1.3889,Playa del Palomarico
ES,37.528,-1.384,Playa de Las Minas
ES,37.5286,-1.3832,
ES,37.5296,-1.3813,Playa de Percheles
ES,37.5312,-1.3756,Playa del Ballenato
ES,37.532,-1.3739,Playa de Las Chapas
ES,37.5394,-1.3681,Playa Cobaticas
ES,37.5411,-1.1523,Cala Cerrada
ES,37.5418,-1.1611,Cala Tocino
ES,37.5418,-1.1542,
ES,37.5422,-1.1642,Cala Muñoz
ES,37.5432,-1.1169,Cala Mojarra
ES,37.5439,-1.1676,Cala del Carracón
ES,37.5452,-1.3624,Playa del Cabezo de La Pelea
ES,37.5488,-1.1268,Cala Salitrona
ES,37.5498,-1.3559,Playa del Salar
ES,37.5525,-1.1702,
ES,37.5532,-1.35,Playa del Jondón
ES,37.5534,-1.1705,
ES,37.5537,-1.1263,Cala del Pozo de la Avispa
ES,37.5556,-1.3436,Playa del Barranco Ancho
ES,37.5567,-1.1696,Playa de La Chapineta
ES,37.5571,-1.3411,Cala Desnuda
ES,37.5573,-1.3388,Playa de la Grúa
ES,37.5573,-1.2683,
ES,37.5574,-1.2677,
ES,37.5575,-1.3399,Cala Leño
ES,37.5582,-1.275,Playa de Bahía
ES,37.5587,-1.284,Playa de Nares
ES,37.5588,-1.2727,Playa de la Ermita
ES,37.5592,-1.2803,Playa de la Pava
ES,37.5594,-1.2895,Playa del Castellar
ES,37.5594,-1.2773,Playa de la Reya
ES,37.5598,-1.3315,Playa Amarilla
ES,37.5599,-1.2657,Playa de la Isla
ES,37.5607,-1.2953,Playa de las Moreras
ES,37.5617,-1.3289,Playa de Cueva Lobos
ES,37.5618,-1.3068,Playa de Bolnuevo
ES,37.5622,-1.1201,Cala del Bolete Grande
ES,37.5623,-1.3185,Playa del Rincón
ES,37.563,-1.3198,Playa de Piedra Mala
ES,37.5656,-1.1802,Playa de San Ginés
ES,37.5658,-1.1137,Cala del Bolete
ES,37.5667,-1.2572,Playa del Puerto
ES,37.5686,-1.1888,
ES,37.5687,-1.1024,Cala Aguilar
ES,37.5697,-1.2541,Playa del Rihuete
ES,37.5709,-1.1942,Playa de la Calera
ES,37.5716,-1.2501,El Gachero
ES,37.5732,-1.2019,Playa de Isla Plana
ES,37.5736,-1.207,
ES,37.5737,-1.2091,La Caleta
ES,37.5738,-1.2065,
ES,37.574,-1.0179,Cala del Gallito
ES,37.5741,-1.2236,Playa Cabezo del Mojón
ES,37.5744,-1.2112,Playa Maestro Romero
ES,37.5748,-1.2449,El Alamillo
ES,37.5752,-1.2149,Cala del Contrabando
ES,37.5753,-1.2176,Playa del Corral
ES,37.5754,-1.2136,Cala Tabaco
ES,37.5758,-1.2285,El Mojón
ES,37.5773,-0.8766,Playa de El Gorguel
ES,37.5775,-1.0847,Cala del Barranco de la Muela
ES,37.5779,-0.8161,
ES,37.578,-1.239,Negra
ES,37.5789,-1.0305,
ES,37.5795,-1.0328,Playa de Fatares
ES,37.5798,-0.9747,
ES,37.58,-0.8657,Playa Cola de Caballo
ES,37.5802,-0.8431,Playa del Lastre
ES,37.5806,-1.0125,Playa de la Parajola
ES,37.5812,-0.9752,Cala Cortina
ES,37.5816,-0.8125,
ES,37.582,-1.0685,Playa de La Morena
ES,37.5836,-1.0709,Playa La Losa
ES,37.5842,-1.0731,Playa de El Portús
ES,37.5875,-0.7926,Cala del Barco
ES,37.5902,-0.7886,Cala Golera
ES,37.5912,-0.7881,Las Cañas
ES,37.5922,-0.7867,Cala del Cuervo
ES,37.5946,-0.7825,Cala de las Mulas
ES,37.5949,-0.7801,Cala de Huncos
ES,37.5953,-0.7748,Cala del Reventón
ES,37.5959,-0.774,Cala del Muerto
ES,37.5967,-0.7717,Playa Parreño
ES,37.5969,-0.7652,
ES,37.597,-0.7708,Playa Parreño
ES,37.597,-0.7648,
ES,37.5971,-0.7684,Playa Parreño
ES,37.5977,-0.7613,Playa Negrete
ES,37.5983,-0.7533,Playa Larga
ES,37.6037,-0.7298,Playa de Calblanque
ES,37.6052,-0.7265,Cala Arturo
ES,37.6055,-0.7245,Cala Magre
ES,37.6074,-0.7199,Cala de los Dentoles
ES,37.6125,-0.7172,Cala Cocón
ES,37.6183,-0.7141,Cala Reona
ES,37.6207,-0.7091,Cala del Descargador
ES,37.6252,-0.7048,Cala Flores
ES,37.6273,-0.704,Cala Medina
ES,37.6299,-0.6957,El Cañonero
ES,37.63,-0.6944,Cala Botella
ES,37.6305,-0.6951,
ES,37.6308,-0.6966,Cala de las Melvas
ES,37.6322,-0.6917,
ES,37.6324,-0.7353,Playa Honda
ES,37.6324,-0.6909,Cala Roja
ES,37.6326,-0.69,Cala Roja
ES,37.6333,-0.6898,Cala Fría
ES,37.6335,-0.7449,Playa Lomas del Castillico
ES,37.6339,-0.6954,La Galera - Isla del Pato
ES,37.6348,-0.692,Cala Túnez
ES,37.6349,-0.7012,Playa de Levante
ES,37.6351,-0.728,Playa Paraíso
ES,37.6392,-0.7242,Playa de los Alemanes
ES,37.6395,-0.7079,Amoladeras
ES,37.642,-0.7576,Playa de Mar de Cristal
ES,37.6443,-0.722,El Vivero
ES,37.6446,-0.7642,Playa de Levante de Islas Menores
ES,37.6466,-0.769,Playa de Poniente de Islas Menores
ES,37.6479,-0.7138,Marchamalo / Barco Perdido
ES,37.649,-0.7198,Puerto Bello
ES,37.6498,-0.7228,La Gola
ES,37.6518,-0.7865,Playa de Los Nietos
ES,37.6546,-0.723,Playa de la Gola
ES,37.6589,-0.726,Playa Cavanna
ES,37.6593,-0.72,playa Galua
ES,37.6614,-0.7298,Isla del Ciervo
ES,37.6622,-0.7305,Bahía de las Palmeras
ES,37.6641,-0.7341,Gollerón
ES,37.6643,-0.7232,
ES,37.6651,-0.7244,Playa de Monteblanco
ES,37.6668,-0.7326,Cala del Pino
ES,37.6673,-0.726,Playa Calnegre
ES,37.669,-0.7331,Playa de la Isla
ES,37.6731,-0.7289,Playa Banco del Tabal
ES,37.6733,-0.8234,Playa Perla de Levante
ES,37.6771,-0.7354,Playa Alíseos
ES,37.6839,-0.8309,Playa de Los Urrutias
ES,37.6852,-0.7377,Playa Lebeche
ES,37.6921,-0.7651,Playa del Muelle
ES,37.6926,-0.7406,Playa El Galán
ES,37.6933,-0.8379,Playa de Punta Brava
ES,37.6977,-0.7665,
ES,37.6992,-0.7363,Playa El Arenal/Playa Pedrucho
ES,37.7003,-0.7412,Playa de Poniente
ES,37.7007,-0.7701,
ES,37.7018,-0.7726,
ES,37.7051,-0.7431,Playa del Pedruchillo
ES,37.7081,-0.7441,Playa de las Antillas
ES,37.7183,-0.8601,
ES,37.7279,-0.74,Playa Matasgordas
ES,37.7328,-0.7383,Playa del Estacio
ES,37.7353,-0.8511,
ES,37.7366,-0.7396,Playa Mistral
ES,37.7456,-0.7383,
ES,37.7489,-0.7324,Playa Ensenada del Esparto
ES,37.749,-0.836,
ES,37.7534,-0.7422,Playa Chica
ES,37.7544,-0.7419,
ES,37.7555,-0.7429,Playa Ensenada del Esparto
ES,37.7578,-0.7444,
ES,37.7606,-0.7475,
ES,37.7621,-0.7462,
ES,37.7625,-0.7479,Playa Chica
ES,37.7658,-0.7467,
ES,37.7687,-0.8144,
ES,37.7693,-0.7458,Playa del Pudrimel (sur)
ES,37.7729,-0.7424,Playa del Pudrimel
ES,37.773,-0.7516,Playa La Veneziola
ES,37.7763,-0.7425,Playa del Pudrimel (norte)
ES,37.7766,-0.7534,
ES,37.7789,-0.7561,Playa Punta de los Guzmanes
ES,37.7935,-0.7505,Playa de Punta de Algas
ES,37.7962,-0.8032,Playa de Barnuevo
ES,37.7985,-0.803,Playa de El Pescador
ES,37.7985,-0.7527,Playa de La Llana
ES,37.8041,-0.7998,Playa de Colón
ES,37.8051,-0.7546,Playa de La Barraca Quemada
ES,37.8127,-0.7923,Playa El Castillico
ES,37.8137,-0.7572,Playa La Playuela
ES,37.8141,-0.7875,Playa La Puntica
ES,37.819,-0.7834,Playa Villananitos
ES,37.8191,-0.7757,Playa La Mota
ES,37.8198,-0.7792,Playa Las Charcas
ES,37.8237,-0.7578,Playa de la Torre Derribada
ES,37.8327,-0.7596,
ES,37.8335,-0.76,Playa de Torre Derribada
ES,37.8446,-0.7624,Playa del Mojón
ES,37.8476,-0.7625,Playa del Mojón
ES,37.8534,-0.7629,Playa de las Higuericas
ES,37.8596,-0.7626,Playa de las Villas
ES,37.8663,-0.7602,Playa del Puerto
ES,37.8682,-0.7559,Playa del Conde
ES,37.8708,-0.7556,Playa de los Jesuitas
ES,37.8742,-0.7542,
ES,37.8766,-0.7537,Cala de la Lombriz
ES,37.8838,-0.7534,Playa de las Mil Palmeras
ES,37.8896,-0.7523,Playa Vistamar
ES,37.8959,-0.7507,Playa Barranco Rubio Cala de Campoamor
ES,37.9025,-0.7449,Playa de Campoamor - La Glea
ES,37.907,-0.742,Playa de Aguamarina
ES,37.9109,-0.7341,Playa Fósil
ES,37.9128,-0.7309,Playa Cala la Caleta
ES,37.9136,-0.7289,Playa Cala la Caleta
ES,37.9199,-0.7223,Playa Cala Capitán
ES,37.9235,-0.7224,Playa Cala Bosque
ES,37.9267,-0.7214,Playa Cala Cerrada
ES,37.9294,-0.7209,Playa Cala Estaca
ES,37.9321,-0.7202,Cala Mosca
ES,37.9336,-0.7188,
ES,37.937,-0.7179,Playa Cala La Mosca
ES,37.9405,-0.7122,
ES,37.9414,-0.7112,Playa Punta Prima
ES,37.9459,-0.7054,Cala Piteras
ES,37.9493,-0.7043,Playa Rocío del Mar
ES,37.9522,-0.7047,Cala de lo Ferri
ES,37.9705,-0.6953,Playa de Los Náufragos
ES,37.9736,-0.6912,Playa del Acequión
ES,37.9748,-0.6755,
ES,37.9751,-0.6732,
ES,37.9756,-0.6722,Platja del Cura
ES,37.9768,-0.6694,Playa del Cura
ES,37.9804,-0.6642,Cala del Palangre
ES,37.9824,-0.6609,Playa de Los Locos
ES,37.9915,-0.6557,Cala Higuera
ES,37.994,-0.6548,La zorra
ES,37.999,-0.6506,Cala del Moro
ES,38.0056,-0.6495,Playa de Cabo Cervera
ES,38.0167,-0.6523,Playa de La Mata
ES,38.0277,-0.6522,
ES,38.0328,-0.6515,Platja de l'Eixidor
ES,38.0414,-0.6523,Platja de les Ortigues
ES,38.0547,-0.6512,Platja del Camp
ES,38.068,-0.649,Platja del Montcaio
ES,38.079,-0.6477,Platja de La Roqueta
ES,38.0864,-0.6469,Platja Centre
ES,38.0915,-0.6463,Platja Babilònia
ES,38.1041,-0.6439,Platja dels Vivers
ES,38.1206,-0.6404,Platja dels Tossals
ES,38.1325,-0.6382,Platja de les Pesqueres - el Rebollo
ES,38.1413,-0.6351,Platja de la Marina
ES,38.156,-0.6258,Platja del Pinet
ES,38.1628,-0.4746,Cala Rata
ES,38.1628,-0.4725,Platja de la Faroleta
ES,38.1628,-0.4678,Platja Gran
ES,38.1636,-0.4765,Cala Menaca
ES,38.1638,-0.4657,
ES,38.1655,-0.4789,Platja de Tabarca
ES,38.1658,-0.483,Cala dels Birros
ES,38.166,-0.4771,
ES,38.1661,-0.4743,la Seca
ES,38.1664,-0.4792,la Caleta
ES,38.1664,-0.4783,
ES,38.167,-0.4804,
ES,38.1671,-0.6178,
ES,38.1724,-0.6143,
ES,38.1784,-0.6091,
ES,38.1813,-0.6053,
ES,38.186,-0.5977,Platja de la Gola
ES,38.1887,-0.5355,Platja del Varador
ES,38.1892,-0.5523,Platja de Llevant
ES,38.1893,-0.5879,Platja del Tamarit
ES,38.1894,-0.5446,Caletes de Santiago Bernabeu
ES,38.1901,-0.5289,Caletes de Santa Pola de l'Est
ES,38.1906,-0.581,Platja Llisa
ES,38.1912,-0.5718,Platja Gran
ES,38.204,-0.5098,el Bancalet de l'Arena
ES,38.206,-0.509,el Bancalet de l'Arena
ES,38.2079,-0.5081,
ES,38.2099,-0.5079,Caletes del Cap
ES,38.2115,-0.5077,Caletes del Cap
ES,38.2145,-0.5076,Caletes del Cap
ES,38.2235,-0.5099,
ES,38.2246,-0.5106,Cala de la Mare de Déu
ES,38.2285,-0.5109,
ES,38.2324,-0.5126,
ES,38.235,-0.5131,Platja del Carabassí
ES,38.2498,-0.5161,Platja dels Arenals del Sol
ES,38.2605,-0.5176,
ES,38.2663,-0.5189,Platja de l'Altet
ES,38.2745,-0.5197,
ES,38.2836,-0.5202,Platja del Saladar
ES,38.2935,-0.5198,
ES,38.2974,-0.5198,Cala Barda
ES,38.2999,-0.5189,Platja d'Aigua Amarga
ES,38.3015,-0.5185,Playa de Perros
ES,38.3018,-0.5184,
ES,38.3045,-0.5177,Platja d'Aigua Amarga
ES,38.3071,-0.5176,Cala dels Borratxos
ES,38.3126,-0.516,Cala de Agua Amarga
ES,38.3143,-0.5152,
ES,38.3201,-0.5132,Cala El Palmeral
ES,38.3211,-0.5126,
ES,38.3281,-0.5086,Platja de Sant Gabriel
ES,38.3462,-0.4757,Platja del Postiguet
ES,38.3512,-0.4675,Platja del Cocó
ES,38.3525,-0.4101,Cala de la Palmera
ES,38.3526,-0.4152,
ES,38.3527,-0.4653,Cala de la Sangueta
ES,38.3533,-0.4141,Cala de Cantalars
ES,38.3535,-0.4198,
ES,38.3537,-0.4202,Cala de Cantalars
ES,38.3546,-0.4267,Cala dels Jueus
ES,38.3547,-0.4286,
ES,38.3547,-0.428,
ES,38.355,-0.4309,
ES,38.3553,-0.4324,
ES,38.3591,-0.4519,
ES,38.3603,-0.4361,Platja de l'Almadrava
ES,38.3613,-0.4484,
ES,38.3628,-0.444,Platja de l'Albufereta
ES,38.3705,-0.4092,Platja de Sant Joan
ES,38.3985,-0.4037,Platja de l'Horta-Mutxavista
ES,38.4151,-0.3914,"""Can"" Punta del Riu Sec"
ES,38.4248,-0.3886,Platja del Carrerlamar
ES,38.4324,-0.3825,Platja dels Banyets de la Reina
ES,38.4354,-0.3816,Platja de l'Almadrava
ES,38.443,-0.3742,Platja de l'Amerador
ES,38.4472,-0.3631,Cala del Morro Blanc
ES,38.4494,-0.3596,Cala d'Enmig
ES,38.4522,-0.3536,Cala Piteres
ES,38.4564,-0.3448,cala del Barranc d'Aigües
ES,38.4723,-0.3186,Cala de Baessa
ES,38.4746,-0.3168,Cala Lanuza
ES,38.4775,-0.312,Cala de Les Palmeretes
ES,38.4825,-0.3014,platja del Carritxal
ES,38.4903,-0.2798,Cala del Xarco
ES,38.4935,-0.2705,Platja la Caleta
ES,38.4943,-0.2683,Platja de l'Esparrelló
ES,38.4957,-0.263,Platja del Bol Nou
ES,38.4975,-0.2545,Platja del Paradís
ES,38.5054,-0.2268,Platja de la Vila Joiosa
ES,38.5096,-0.2127,Platja Varador
ES,38.5105,-0.2111,Platja dels Estudiants
ES,38.511,-0.2097,Platja del Tio Roig
ES,38.5146,-0.198,el Torres
ES,38.5157,-0.1857,Cala Fonda
ES,38.5164,-0.1797,Cala Racó del Conill
ES,38.5243,-0.167,Cala de Finestrat
ES,38.5281,-0.104,Cala del Ti Ximo
ES,38.5288,-0.1065,Cala de l’Almadrava
ES,38.5321,-0.1475,Platja de Ponent
ES,38.5341,-0.119,Platja de Llevant
ES,38.5343,-0.1319,Platja del Mal Pas
ES,38.5452,-0.0677,Platgeta dels Ponts
ES,38.5506,-0.0644,Platja de la Caleta
ES,38.5651,-0.0539,Cala de la Mina
ES,38.5652,-0.0526,Caleta de la Mina
ES,38.5696,-0.0611,Caleta de l'Amerador
ES,38.5696,-0.0602,Platgeta del Metge
ES,38.5745,-0.0644,Platja de l'Albir
ES,38.5796,-0.063,Platja de Cap Blanc
ES,38.5947,-0.0516,Platja de la Roda
ES,38.5983,-0.0479,Playa del Bol
ES,38.6012,-0.0447,Platja de l'Espigó
ES,38.6081,-0.0374,Platja del Cap Negret
ES,38.6169,-0.0306,Platja de l'Olla
ES,38.6268,-0.0151,Platja de la Solsida
ES,38.6284,0.0295,Cala Gasparet
ES,38.6301,0.0057,Cala de la Barra Gran
ES,38.6304,-0.0059,Platja de la Barreta de Gualda
ES,38.6305,0.0026,Platja del Mascarat
ES,38.6322,0.0099,Cala del Racó del Corb
ES,38.6327,0.0327,Cala les Urques
ES,38.6357,0.0348,
ES,38.6357,0.0711,Cala el Racó
ES,38.6384,0.0401,Cala la Mançanera
ES,38.6401,0.0675,Platja del Cantal Roig
ES,38.6409,0.0476,Platja de l'Arenal
ES,38.6409,0.0615,Cala del Morelló
ES,38.6413,0.0734,Cala de la Fossa
ES,38.6415,0.0574,Platja de l'Algoleja
ES,38.6415,0.0591,Platja del Cantal Roig
ES,38.6419,0.0536,Platja del Bol
ES,38.6453,0.0743,Platja de la Fossa
ES,38.6526,0.0775,Platja de la Calalga
ES,38.6564,0.0804,Cala del Mallorquí
ES,38.6597,1.5177,Platja Caló d'es Morts
ES,38.6631,0.0885,Cala Punta Prado
ES,38.6646,0.0881,Cala de la Fustera
ES,38.6646,1.5118,Platja d'es Copinyar
ES,38.666,0.0899,
ES,38.6664,0.0905,Cala dels Pinets
ES,38.6678,1.5067,
ES,38.6684,1.506,
ES,38.6689,1.5049,
ES,38.6693,0.0941,Cala de la Llobella
ES,38.6719,1.4992,
ES,38.6727,0.0987,Cala Advocat
ES,38.674,0.1022,Cala Baladrar
ES,38.6742,1.4951,Platja Es Valencians
ES,38.6775,1.4876,Platja Es Códol Foradat
ES,38.6788,1.5136,Platja Ses Platetes
ES,38.6804,0.1204,Cala de l'Andragó
ES,38.6817,0.1209,
ES,38.6821,1.4755,
ES,38.6842,1.4675,
ES,38.685,1.4553,Platja de Migjorn
ES,38.6854,0.1262,Platja de les Platgetes
ES,38.6867,0.1396,Cala del Portitxol
ES,38.687,0.1304,Platja de l'Ampolla
ES,38.6872,0.1463,Platja del Portet
ES,38.6931,1.3893,Platja cala Saona
ES,38.6982,0.1561,Cala de Llebeig
ES,38.7094,0.1669,Cala del Moraig
ES,38.7121,0.1713,Cala dels Testos
ES,38.7214,1.4123,
ES,38.7219,1.4086,
ES,38.7219,1.4169,
ES,38.7221,1.4177,
ES,38.724,1.4585,Platja d'es Pujols
ES,38.7268,1.4549,Platja d'es Pujols
ES,38.7289,1.453,
ES,38.7296,0.197,Cala de la Granadella
ES,38.7302,1.4503,Platja de ses Canyes
ES,38.7302,1.4523,
ES,38.7303,0.2184,Cala d'Ambolo
ES,38.731,1.416,
ES,38.732,1.4136,
ES,38.7323,0.2131,Cala en Caló
ES,38.7327,1.4468,platja de Sa Roqueta
ES,38.7366,1.4437,Platja de ses Salines
ES,38.7378,1.4444,Playa Llevante
ES,38.7406,1.4293,Platja Cavall d'en Borràs
ES,38.7426,1.4411,Platja de ses Salines
ES,38.7518,1.4377,Platja de ses Salines
ES,38.753,0.2244,Platja de la Barraca
ES,38.7536,1.4342,Platja de s'Illeta
ES,38.7584,0.2218,Platja del Portitxol
ES,38.7602,1.4356,
ES,38.7604,0.2198,Cala Sardinera
ES,38.7605,0.2115,Cala del Francés
ES,38.761,0.2089,la Caleta
ES,38.7732,0.1908,Platja de l'Arenal
ES,38.7762,0.1906,Cala del Ministre
ES,38.779,1.4281,s'Alga
ES,38.7793,1.4319,
ES,38.7922,0.1821,Platja de la Grava
ES,38.7931,1.4193,
ES,38.795,0.1828,Platja de la Grava
ES,38.7994,0.1895,Platgeta del Pope
ES,38.7997,0.19,
ES,38.7998,0.1925,Cala Tango
ES,38.821,0.1606,Cala d'Aigua Dolç
ES,38.8268,0.1547,Platja de les Arenetes
ES,38.8342,0.1257,Platja de la Marineta Cassiana
ES,38.8352,1.3769,Es Canal de s'Olla
ES,38.8357,1.4006,Cala Ses Salines
ES,38.8411,1.3897,Platja de ses Salines
ES,38.8444,1.4026,Platja des Cavallet
ES,38.8473,0.1124,
ES,38.8481,0.1113,Platja del Cagarritar
ES,38.8483,0.105,Platja Punta del Raset
ES,38.8509,0.0992,Albaranes
ES,38.8553,1.3643,Platja Pont de Baix
ES,38.8557,0.0827,Platja de les Marines
ES,38.8598,0.0649,Les Bovetes
ES,38.8608,0.0367,Platja dels Molins
ES,38.8616,0.047,Els Molins
ES,38.8621,0.0548,Les Bovetes
ES,38.8627,1.2537,
ES,38.8634,0.0253,Platja dels Molins
ES,38.8651,0.0148,Platja de l'Amadrava
ES,38.8652,1.3524,Platja des Codolar
ES,38.8665,1.3094,
ES,38.8666,1.3049,Cala de Porroig
ES,38.868,1.3154,Cala des Jondal
ES,38.868,1.3299,
ES,38.868,1.332,Es Bol Nou
ES,38.8682,0.0006,Platja de l'Almadrava
ES,38.8682,1.3052,
ES,38.8683,1.3105,Es Xarco
ES,38.8685,1.3349,sa Caleta
ES,38.8688,1.2587,Platja de S'Esqueneta Arenesta
ES,38.8702,1.3036,Cala Es Cuco
ES,38.8703,1.3405,
ES,38.8718,1.3004,
ES,38.8725,1.2306,Atlantis
ES,38.8748,1.299,Es Torrent
ES,38.876,1.2653,Ses Boques
ES,38.8768,1.2822,
ES,38.8768,1.296,
ES,38.877,1.2843,Platja de ses Ovelles
ES,38.8776,1.2669,Platjeta de S'Ullastre
ES,38.878,-0.022,Platja de les Deveses
ES,38.8781,1.2679,
ES,38.8784,1.2694,
ES,38.8855,1.409,Platja d'en Bossa
ES,38.8899,1.224,Cala d'Hort
ES,38.8901,-0.0435,Platja de la Devesa
ES,38.8948,1.2181,Platja de Cala Carbó
ES,38.8969,1.4168,
ES,38.8999,-0.0564,Platja de l'Aigua Morta
ES,38.9032,1.4324,Platja dels Molins
ES,38.9037,1.4224,Platja de ses Figueretes
ES,38.9044,1.4276,
ES,38.9067,1.4385,
ES,38.9078,-0.067,
ES,38.9135,1.224,Platja de Cala Vedella
ES,38.9144,1.4741,
ES,38.9155,1.4547,Platja de Talamanca
ES,38.9163,1.4758,
ES,38.9177,1.4612,Platja de Benirràs
ES,38.9182,1.4601,Platja de Figueres
ES,38.92,-0.0814,Platja de l'Aigua Blanca
ES,38.9217,-0.0841,Platja de l’Aigua Blanca
ES,38.9255,1.4866,Platja s'Estanyol
ES,38.9259,-0.0879,Platja Pau Pi
ES,38.9297,1.4915,Cala Espart
ES,38.93,1.233,Cala Molí
ES,38.9305,-0.0928,Platja de Pau Pi
ES,38.9309,-0.0927,Platja Pau Pi
ES,38.9339,1.5027,Cala Olivera
ES,38.9348,-0.0984,Platja de Burguera
ES,38.9356,-0.0988,Platja de Terranova
ES,38.9401,1.2362,Cala Tarida
ES,38.9406,-0.1053,Platja de Terranova
ES,38.9471,1.5115,Sol d’en Serra
ES,38.9479,-0.1128,Platja de Piles
ES,38.9482,1.2279,Cala llentia
ES,38.9501,1.2276,Cala Codolar
ES,38.9526,1.5198,Cala Llonga
ES,38.9534,1.5208,
ES,38.9554,-0.1209,Platja de Miramar
ES,38.9607,1.2198,es Racó d'en Xic
ES,38.9626,1.2203,Platges de Comte
ES,38.9629,1.2213,Platges de Comte
ES,38.9633,-0.1287,Platja de Bellreguard
ES,38.9667,1.2683,Platja Port d'es Torrent
ES,38.968,1.2401,Cala Bassa
ES,38.9681,1.2998,Platja de s'Estanyol
ES,38.9684,1.2959,Platja d’en Serral
ES,38.9684,1.3012,
ES,38.9693,-0.1347,Platja de Guardamar de la Safor
ES,38.97,1.3031,Platja des Pouet
ES,38.971,1.2922,Platja Es Pinet
ES,38.9719,1.286,Platja d'en Xinxó
ES,38.9744,1.5314,Caló de s'Alga
ES,38.9758,1.307,s'Arenal de San Antonio
ES,38.977,-0.1416,Platja de Daimús
ES,38.9789,1.2985,
ES,38.9796,1.5314,Platja del riu de Santa Eulària
ES,38.9829,1.5348,Platja de Santa Eulària
ES,38.9841,1.5427,Ses Estaques
ES,38.9852,1.2967,Caló des Moro
ES,38.9866,-0.1492,Platja dels Marenys de Rafalcaïd
ES,38.9913,1.5732,Platja de Cala Martina
ES,38.9915,-0.1521,Platja de Venècia
ES,38.9916,1.5692,S'Argamassa
ES,38.992,1.2907,Cala Grassio
ES,38.9924,1.567,
ES,38.9926,1.5525,Platja des Niu Blau
ES,38.993,1.2891,Cala Grassionetta
ES,38.9932,1.5616,Cala Pada
ES,38.9996,1.5795,
ES,39.0018,1.579,Platja es Canar
ES,39.0025,1.2929,Platja de sa Galera
ES,39.0036,-0.1612,Platja Nord de Gandia
ES,39.0088,1.582,Cala Nova
ES,39.0095,1.2991,Cala Salada
ES,39.0113,1.2977,Cala Saladeta
ES,39.0152,-0.1696,Platja Nord de Gandia
ES,39.0155,1.5848,Cala Llenya
ES,39.0247,1.5954,Cala Mastella
ES,39.0297,1.6066,Cala de Boix
ES,39.0301,-0.1809,Platja de l'Ahuir
ES,39.0349,1.6084,Platja Pou des Lleó
ES,39.0456,1.6049,Platja de s'Illot de s'Ora
ES,39.0484,-0.1934,Platja de Xeraco
ES,39.0532,1.5939,Platja es Figueral
ES,39.0598,1.5894,Aigües Blanques
ES,39.0729,-0.2068,Platja de Tavernes
ES,39.0744,1.3981,Es Portitxol
ES,39.0754,1.5924,Platja Cala Sant Vicent
ES,39.0803,1.4404,Cala Sant Miquel
ES,39.0811,1.4377,
ES,39.0857,1.4375,Cala d'en Ferrer
ES,39.0895,1.4538,Cala Benirràs
ES,39.0932,-0.2172,Platja de Tavernes
ES,39.0966,1.5532,Cala Nadja
ES,39.0985,1.4969,Cala Xarraca
ES,39.0996,1.4648,
ES,39.1002,1.5027,S' Illiot des Rencli
ES,39.1024,-0.221,Platja de la Goleta
ES,39.1026,1.5092,Cala de Xuclar
ES,39.1066,1.5373,
ES,39.1076,1.5371,Cala d'en Serra
ES,39.1086,1.5154,Portinatx S'Arenal Petit
ES,39.1098,1.5175,Portinatx S'Arenal Gros
ES,39.1113,-0.2252,
ES,39.114,1.5207,Portinatx Playa Porto
ES,39.1266,-0.2317,Platja de l'Estany
ES,39.1297,-0.2335,
ES,39.1309,-0.2341,
ES,39.1329,-0.235,
ES,39.1406,-0.237,
ES,39.1433,2.9303,
ES,39.1434,2.9303,Calas'Espalmador
ES,39.1439,-0.2388,Platja del Marenyet
ES,39.1444,2.937,sa Platgeta
ES,39.1482,-0.2391,
ES,39.1486,2.9365,
ES,39.1511,2.9323,
ES,39.1541,-0.2398,Platja de l'Escullera
ES,39.1684,-0.2376,Platja de Sant Antoni
ES,39.1799,-0.2316,Platja del Racó
ES,39.1806,-0.2281,Platja de Cap Blanc
ES,39.1813,-0.2225,Platja de l'Illa
ES,39.1829,-0.219,Platja del Far
ES,39.1964,-0.2269,Platja del Dosser
ES,39.2079,-0.2337,Platja Nudista de Cullera
ES,39.2133,-0.2372,Platja del Mareny de Sant Llorenç
ES,39.2273,-0.2458,Platja del Mareny Blau
ES,39.2365,-0.2514,Platja de Bega de Mar
ES,39.2446,-0.2562,Platja del Rei
ES,39.2517,-0.2594,Platja de Motilla
ES,39.2595,-0.2638,Platja de les Palmeres
ES,39.2665,-0.268,Platja de Sos
ES,39.2735,-0.2718,Platja del Perelló
ES,39.2784,3.0428,Platja des Caragol
ES,39.2889,3.0897,Cala Màrmols
ES,39.2938,-0.2847,Platja del Perellonet - Recatí
ES,39.3051,3.0124,
ES,39.3063,3.017,Platja d'es Carbó
ES,39.3122,3.006,platja de Can Curt
ES,39.3122,3.0098,platja del Dofí
ES,39.3126,3.1195,Caló dels Mariners
ES,39.3132,3.1181,es Maquer
ES,39.3137,3.1216,Caló des Moro
ES,39.3162,3.0044,Platja d'es Dolç
ES,39.3171,2.9983,Platja d'es Port
ES,39.3213,2.9868,Bassa Cabots
ES,39.3238,3.1387,Cala Llombards
ES,39.3256,2.9868,Platja d'es Coto
ES,39.3269,2.9892,Platja des Estanys
ES,39.3293,-0.3018,Platja de la Devesa
ES,39.3306,3.1463,Cala Santanyí
ES,39.3325,2.9918,Platja Es Peregons
ES,39.3433,2.9828,Platja d'es Trenc
ES,39.3497,3.1857,S'Amarador
ES,39.3524,3.1883,Ses Fonts de n'Alis
ES,39.3526,3.193,
ES,39.3528,3.1981,sa Barca Trencada
ES,39.354,2.9718,Platja des Freu
ES,39.3556,3.2095,Caló de sa Torre
ES,39.3571,2.9679,Platja de Ses Covetes
ES,39.3578,2.9146,Racó de s’Arena
ES,39.3579,-0.3149,Platja de la Garrofera
ES,39.358,3.2086,Caló des Homos Morts
ES,39.3611,2.9608,Arenal de sa Ràpita
ES,39.3614,3.2244,
ES,39.3643,2.8362,Platja de Cala Pi
ES,39.366,3.2284,Caló des Pou
ES,39.3691,-0.3192,Platja dels Ferros
ES,39.3712,3.23,Caló de ses Dones
ES,39.3734,3.2324,Cala Gran
ES,39.3762,3.2374,Cala Esmeralda
ES,39.3796,3.2417,Cala Serena
ES,39.3798,3.239,Cala Ferrera
ES,39.3825,-0.3236,Platja del Saler
ES,39.3868,-0.3257,Platja de la Creu
ES,39.3888,3.247,Cala Mitjana
ES,39.3932,3.2471,Cala sa Nau
ES,39.3947,-0.3276,Platja de la Creu
ES,39.4035,3.254,Cala Brafi
ES,39.4057,-0.3301,Platja de l'Arbre del Gos
ES,39.4098,3.2577,Cala Marçal
ES,39.4186,3.271,S'Arenal Petit
ES,39.4192,-0.333,Platja de Pinedo
ES,39.4195,3.2705,S'Arenal Gran
ES,39.4229,3.268,Arenal dels Ases
ES,39.4515,3.277,
ES,39.4568,3.2768,Cala Domingos Petit
ES,39.4586,3.278,Cala Domingos Gran
ES,39.4627,2.5191,
ES,39.467,3.2791,
ES,39.4688,-0.3219,Platja del Cabanyal
ES,39.4716,2.5214,platja petita de Portals Vells
ES,39.4723,2.5202,Cala Portals Vells
ES,39.4729,2.4873,sa Cala de s'Art
ES,39.4751,2.5201,El Mago
ES,39.4754,3.2859,
ES,39.4764,2.5208,caló dels Reis
ES,39.4765,2.4817,Racó de sa Fragata
ES,39.479,2.5256,Cala Xada
ES,39.4793,-0.3236,Platja de la Malva-rosa
ES,39.4824,2.7339,
ES,39.4825,2.7339,
ES,39.4826,3.2864,
ES,39.484,2.5305,Platja de Cala Bella Dona
ES,39.4841,3.2862,
ES,39.4846,2.7358,Caló de ses Lleonardes
ES,39.4866,3.2873,
ES,39.4868,2.4772,Caleta d'El Toro
ES,39.487,2.7369,Cala Mosques
ES,39.4882,2.5326,Cala Falcó
ES,39.4892,-0.3243,Platja de la Patacona
ES,39.4914,3.2917,Caló des Serral
ES,39.4915,2.4789,Platja del Toro
ES,39.4937,2.4743,Platja de ses Penyes Roges
ES,39.4943,3.2918,
ES,39.4949,2.5338,
ES,39.496,2.5345,
ES,39.4962,-0.3234,Els Peixets
ES,39.4965,2.7452,Es Calonet des Fornàs
ES,39.4971,2.7456,Sa Cova Baixa
ES,39.4977,-0.3238,Platja dels Peixets
ES,39.4983,3.2967,platja Petita
ES,39.4987,2.748,Caló de Sant Antoni
ES,39.5,3.296,Cala Varques
ES,39.5008,3.2986,es Caló Blanc
ES,39.5024,2.7504,Platja de s'Arenal de Llucmajor
ES,39.5039,3.3,
ES,39.5061,2.5375,Platja de Magaluf
ES,39.5065,-0.3213,Platja de Port Saplaya
ES,39.5118,2.4733,Caló d'en Pellicer
ES,39.5132,2.7467,Platja de s'Arenal
ES,39.5144,2.5394,Platja de Son Maties
ES,39.5162,2.4801,Platja de Santa Ponça
ES,39.5164,3.3098,Cala de s'Estany d'en Mas
ES,39.5178,2.7363,Platja de Palma
ES,39.518,-0.3168,Platja de Meliana
ES,39.5188,2.4774,
ES,39.5191,2.5371,Platja de na Nadala
ES,39.5205,3.3136,Cala Mendia
ES,39.5217,2.7384,Platja de les Meravelles
ES,39.5224,2.4684,Platja Cala Blanca
ES,39.5232,3.3178,Cala Anguila
ES,39.5236,2.5397,Platja de Porto Novo o d'es Carregador
ES,39.5242,2.5432,Platja del Lleó
ES,39.5243,2.545,Sa Foradada
ES,39.5248,2.4662,Monte de oro
ES,39.5252,-0.3145,Platja de Foios
ES,39.5254,2.4656,
ES,39.5257,2.5527,Punta Negra
ES,39.5258,2.553,
ES,39.5259,2.4649,platja de la Punta dels Gats
ES,39.526,2.5462,Platja de Son Caliu
ES,39.5287,2.5544,Platja de Ses Penyes Roges
ES,39.5288,2.4302,Platja des Caló d'en Monjo
ES,39.5291,2.5557,Platja des Cap des Gegant
ES,39.5301,2.5573,Platja de la Punta des Carregador
ES,39.5304,2.558,Platja de s'Hostalet
ES,39.531,2.4383,
ES,39.5313,2.7265,Platja de Palma
ES,39.5318,2.5609,
ES,39.5318,2.5644,Platja de Punta Portals
ES,39.5319,2.5733,Platja de l'Oratori
ES,39.5321,2.562,Platja de la Costa d'en Blanes
ES,39.5326,2.4381,
ES,39.5327,3.3319,
ES,39.5331,2.4585,Platja de La Romana
ES,39.5331,2.5839,Cala Oli
ES,39.5332,2.5889,Cala Xinxell
ES,39.5336,2.5873,
ES,39.5338,2.5765,
ES,39.534,2.3881,Cala Llamp
ES,39.5343,2.7131,
ES,39.5344,2.7181,Platja de Can Pastilla
ES,39.5345,2.5919,sa Caleta
ES,39.5345,2.7183,Platja de Can Pastilla
ES,39.5346,2.5894,Cala Comtesa
ES,39.5347,2.4561,Platja Gran de Torà
ES,39.5353,2.3663,
ES,39.5353,2.7099,
ES,39.5363,2.4512,Platja de Palmira
ES,39.5364,2.4486,
ES,39.5369,2.4057,Cala Blanca
ES,39.5369,2.5905,Platja d'Illetes
ES,39.5372,2.371,Racó des Murter
ES,39.5374,2.3774,Cala Mermessèn
ES,39.5374,2.423,es Camp de Mar
ES,39.5376,2.7079,
ES,39.5383,2.7075,
ES,39.5385,2.4192,platja de ses Dones
ES,39.5388,2.4131,Cala en Cranc
ES,39.5394,2.5927,
ES,39.5413,3.3366,
ES,39.5419,2.3846,
ES,39.5422,2.5956,Es Genetó
ES,39.5437,2.7002,
ES,39.5439,2.5969,Cova de sa Grava
ES,39.5441,2.3871,platja de ses Bassetes
ES,39.5446,2.3771,Cala en Fonoll
ES,39.5448,2.596,
ES,39.5461,2.5958,Caló dels Macs
ES,39.5462,2.6183,Caló des Grells
ES,39.5464,2.3795,sa cova Rotja
ES,39.5467,2.5957,Platja de Cas Català
ES,39.5474,2.6929,La Calita
ES,39.5484,3.353,Cala Petita
ES,39.5486,2.6915,El Penyó
ES,39.549,-0.2964,Platja de Massalfassar
ES,39.5501,2.599,Platja de Calanova
ES,39.5504,2.6,Cala del Guix
ES,39.5517,2.6891,Ciutat Jardí
ES,39.5518,-0.2937,Platja de Vistabella
ES,39.5521,2.6065,Platja de Cala Major
ES,39.5523,2.6894,Platja de Ciutat Jardí
ES,39.5537,2.6864,
ES,39.554,2.6859,
ES,39.5541,-0.2913,Platja de Rafalell
ES,39.5552,2.3655,
ES,39.5552,2.6828,
ES,39.5559,2.6812,Platja des Molinar
ES,39.5561,3.3669,Caló d'en Rafelino
ES,39.5565,2.6793,Platja des molinar
ES,39.5571,-0.2879,Platja de Massamagrell
ES,39.5575,3.371,Cala Morlanda
ES,39.5599,2.6725,Platja des Portitxolet
ES,39.5601,-0.2855,Platja Pobla Marina
ES,39.5621,2.6627,Platja de Ca'n Pere Antoni
ES,39.5625,2.662,Platja de Can Pere Antoni
ES,39.5639,2.6576,Punta des Gas
ES,39.5653,-0.2815,Platja Nord de la Pobla de Farnals
ES,39.5657,3.3732,s'Illot
ES,39.5711,-0.2781,Platja del Puig
ES,39.5737,3.3777,Platja de sa Coma
ES,39.5767,2.3545,sa Platja Petita
ES,39.5779,2.3537,Platja d'Es Geperut
ES,39.5842,2.3486,s'Algar
ES,39.5852,-0.2723,Platja de Plans
ES,39.5947,-0.2694,Platja de Santa Elvira-Torreta
ES,39.5948,3.3854,Platja de Cala Millor
ES,39.5963,2.3547,Cala en Basset
ES,39.5987,-0.268,
ES,39.6012,-0.2673,
ES,39.6046,-0.2662,
ES,39.6066,-0.2637,Platja de Puçol
ES,39.6075,-0.2644,
ES,39.6102,3.3907,
ES,39.6103,-0.263,
ES,39.6128,3.392,Platja de na Marins
ES,39.6134,-0.2606,
ES,39.6354,3.4048,platja de sa Marjal
ES,39.6434,2.4368,platja de sa Clota
ES,39.6459,3.4368,
ES,39.6461,2.445,platjola de sa Figuera
ES,39.6464,3.437,
ES,39.6486,2.4505,Platja de Can Pruaga
ES,39.6568,3.4416,platja de Canyamel
ES,39.6569,3.4467,Cala Serch
ES,39.6586,2.4715,Cala d'Estellencs
ES,39.6601,-0.2091,Platja del Port de Sagunt
ES,39.6694,-0.2052,
ES,39.6696,3.4525,
ES,39.6725,-0.2032,
ES,39.6803,-0.2021,Platja de Canet
ES,39.6819,3.452,Cala de sa Font
ES,39.6839,3.4549,cala de n´Aladern
ES,39.6907,2.5161,
ES,39.6939,2.5201,
ES,39.6957,3.4547,Caló des Beato
ES,39.6986,-0.1973,Platja d'Almardà
ES,39.6995,2.5507,platja de Son Bunyola
ES,39.7,2.555,
ES,39.7006,2.553,Cala Gata
ES,39.7029,2.5612,platja de Can Sales
ES,39.7051,3.4565,Son Moll
ES,39.7075,3.4596,na Ferradura
ES,39.7119,3.4727,
ES,39.7131,3.47,Cala Gat
ES,39.7165,-0.1911,Platja de la Malva-rosa de Corinto
ES,39.7183,2.5883,Sa Marina
ES,39.7201,3.4616,
ES,39.7227,3.4529,Cala Agulla
ES,39.7259,3.4521,Cala Moltó
ES,39.7305,3.2466,S’Arenal de Sa Canova
ES,39.7316,3.2374,Platja de Son Serra
ES,39.7317,3.4548,Cala na Llòbriga
ES,39.732,3.2566,Platja de s’Estanyol
ES,39.7322,3.2353,Platja de Son Serra de Marina
ES,39.7322,3.2362,Platja de Son Serra de Marina
ES,39.7326,3.2354,Platja des Sol
ES,39.7336,3.2628,
ES,39.7338,-0.1808,Platja de Casablanca
ES,39.7346,3.2328,Es Bot
ES,39.7375,3.2246,Platja de s'Homo Mort
ES,39.7389,3.2771,Platja Colònia de Sant Pere
ES,39.74,3.2175,Platja des Mollet
ES,39.74,3.2814,
ES,39.7414,3.2121,Platja de Son Real
ES,39.7414,3.2123,Platja de Son Real
ES,39.7444,3.4339,Cala Mesquida
ES,39.7446,3.2076,Platja des Serralot
ES,39.7468,3.2937,S'Arenalet de Son Colom
ES,39.748,3.3011,Ca los Camps
ES,39.7492,3.1953,Platja de s'Arenal
ES,39.7498,3.1949,Arenal d’en Casat
ES,39.7498,3.4173,Cala Torta
ES,39.7519,3.4137,
ES,39.7528,3.1882,Cala des Porros
ES,39.7542,3.4114,Cala Estreta
ES,39.7562,3.1778,Cala s'Arralot
ES,39.7562,3.3203,
ES,39.7576,3.1751,Platja de Na Patana
ES,39.7576,3.1752,Na Patana
ES,39.7591,3.1703,Platja de Son Bauló
ES,39.7591,3.1706,Platja de Son Bauló
ES,39.7592,3.4035,Cala es Matzocs
ES,39.7601,3.1692,Platja de na Patana
ES,39.7603,2.6415,
ES,39.7618,-0.1593,Platja del Cirerer
ES,39.7627,3.1647,Cala de s'Escar
ES,39.7631,3.3847,Cala de sa Font Salada
ES,39.7651,3.3797,s'Arenalet d'es Verger
ES,39.7654,3.158,Platja Petita
ES,39.7655,3.158,Platja Petita
ES,39.7663,3.1563,
ES,39.7673,3.1545,Platja de Santa Margalida
ES,39.7674,2.6531,es Canyaret
ES,39.7693,3.1505,Platja de Ca'n Picafort
ES,39.7701,3.1504,Platja de Ca'n Picafort
ES,39.7709,-0.1522,Platja de les Cases
ES,39.7744,3.1441,Platja de Capellans
ES,39.7802,3.138,Es Comú - Platja de Muro
ES,39.7854,-0.1427,Platja Naturista de Moncofa
ES,39.7884,-0.1397,Platja Belcaire
ES,39.7909,-0.1366,Platja de Masbó
ES,39.7916,2.6918,platja d'en Repic
ES,39.792,2.695,platja des Través
ES,39.7936,-0.1344,Platja de Masbó
ES,39.794,3.1263,
ES,39.7956,2.6962,platja de Can Generós
ES,39.7959,-0.1323,Platja de Masbó
ES,39.7985,-0.1305,Platja de Masbó
ES,39.8021,-0.1282,Platja del Grau
ES,39.8058,-0.1258,Platja de la Pedra Roja
ES,39.8082,3.1189,Platja de Muro
ES,39.8087,2.7046,
ES,39.8094,-0.1239,Platja de la Pedra Roja
ES,39.8112,4.2792,Cala Makikica
ES,39.8138,4.2808,Platja de Punta Prima
ES,39.814,-0.1212,Platja del Rajadell
ES,39.8163,4.2398,Cala Binibèquer
ES,39.8209,3.1173,platja dels Francesos
ES,39.8252,-0.1109,Platja de Nules
ES,39.8255,4.294,Playa Caló Roig
ES,39.8279,3.1184,
ES,39.8289,4.2925,Cala Alcaufar
ES,39.8291,4.2186,Cala de Binissafúller
ES,39.8293,4.211,es Calo Blanc
ES,39.8336,4.2027,Biniparatx
ES,39.8344,4.198,Cala Binidalí
ES,39.8354,3.1257,Platja d'Alcúdia
ES,39.8358,3.1702,
ES,39.8375,3.1567,
ES,39.8377,3.1576,Cala Poncet
ES,39.8385,3.1645,Platja d'Alcanada
ES,39.8395,-0.0994,Platja del Rajolí
ES,39.84,3.175,platja dels Secs
ES,39.8401,2.776,Cala Tuent
ES,39.8411,4.298,Cala Rafalet
ES,39.8421,3.1788,caló de sa Bassa Blanca
ES,39.8429,-0.0972,Platja del Serredal
ES,39.8449,-0.0958,Platja del Serredal
ES,39.851,2.8001,
ES,39.8522,2.8058,platja del Torrent de Pareis
ES,39.8526,4.1683,Cala Canutells
ES,39.8529,-0.0897,
ES,39.8583,3.1095,Platja del Corral d'en Bennàssar
ES,39.8622,-0.0787,
ES,39.8625,3.1875,Platja des Coll Baix
ES,39.8628,3.1207,Es Clot
ES,39.863,3.1246,Platja des Morer Vermell
ES,39.8646,3.0927,
ES,39.8646,3.1379,Platja de sa font de Sant Pere
ES,39.8648,4.1442,
ES,39.8649,4.1469,
ES,39.8654,3.1355,Platja de sa Font de Sant Joan
ES,39.8699,-0.0596,Platja de l'Arenal
ES,39.871,3.1541,Racó de ses Barreres
ES,39.8712,4.1319,Platja de Cala en Porter
ES,39.8715,3.1593,Caleta des Capellans
ES,39.8725,3.1602,
ES,39.8728,3.1618,
ES,39.873,3.0857,Platja de Can Cullerassa
ES,39.8737,3.1637,
ES,39.8772,3.188,
ES,39.8789,4.3147,
ES,39.879,4.3142,
ES,39.8791,-0.0508,
ES,39.8796,4.3137,
ES,39.8801,4.3086,Cala Teulera
ES,39.8861,3.1892,sa Platja Petita
ES,39.887,3.1903,sa Platja Gran
ES,39.8874,4.2876,
ES,39.8879,3.1886,
ES,39.8891,4.2899,
ES,39.8904,-0.0376,
ES,39.8904,4.2879,
ES,39.8913,4.082,Platja de Cala Llucalari
ES,39.8951,3.0801,platja del Port de Pollença
ES,39.8992,4.0724,Son Bou
ES,39.9018,4.0661,Platja de Son Bou
ES,39.9045,-0.0185,
ES,39.9049,4.0599,Son Bou
ES,39.9058,3.1075,La Platjola
ES,39.9072,3.0837,
ES,39.9072,4.0537,Platja d'Atalis
ES,39.9078,3.0841,
ES,39.9079,-0.0124,
ES,39.9093,3.0859,
ES,39.9094,-0.01,
ES,39.9097,3.0949,
ES,39.9102,3.087,
ES,39.9102,3.0941,
ES,39.9103,3.0939,
ES,39.9108,3.0883,
ES,39.9111,3.0899,
ES,39.9112,3.0913,
ES,39.9118,3.1108,
ES,39.9121,4.2859,Arenal petit de sa mesquida
ES,39.9122,-0.0089,Platja de les Goles
ES,39.9135,4.0411,Platja de Sant Tomàs
ES,39.9156,4.2868,Cala Mesquida
ES,39.9166,4.0336,Platja de San Adeodato
ES,39.9193,4.0275,Platja de Binigaus
ES,39.9194,3.0605,Cala Carbó
ES,39.9199,3.0575,Cala Molins
ES,39.9208,3.056,Cala Clara
ES,39.9213,-0.004,Platja del Pla de la Torre
ES,39.9213,4.0224,Platja es Trenc
ES,39.9215,3.0545,Cala Barques
ES,39.9225,3.8633,Raconada de Son Vell
ES,39.9237,3.8688,Platja des Comte
ES,39.9239,3.8847,es Escalons
ES,39.925,4.2825,
ES,39.9252,3.9049,Racó de sa Barra
ES,39.9253,4.0048,Cala Escorxada
ES,39.9256,3.8443,Playa de Son Xoriguer
ES,39.9262,4.0009,Cala Fustam
ES,39.9265,3.8375,Cala en Bosch
ES,39.9268,3.8967,Bellavista
ES,39.927,3.1381,Platja de Formentor
ES,39.927,3.903,es Talaier
ES,39.9276,3.8922,Es Banyul
ES,39.9279,3.0974,Font de Cala Bóquer
ES,39.9291,3.0947,Cala Bóquer
ES,39.9299,3.0385,
ES,39.9299,3.1635,Cala en Feliu
ES,39.9309,3.032,Cala Castell
ES,39.9311,3.9893,Cala Trebalúger
ES,39.9324,3.9153,Cala en Turqueta
ES,39.9338,3.9705,Mitjaneta
ES,39.9344,3.9728,Cala Mitjana
ES,39.9349,0.001,Platja de Benafelí
ES,39.9362,3.9349,Cala Macarelleta
ES,39.9372,3.9596,Cala Galdana
ES,39.9387,3.9371,Cala Macarella
ES,39.9402,3.18,Cala Murta
ES,39.944,3.1893,Cala en Gossalba
ES,39.9503,4.266,Platja es Grau
ES,39.9503,4.2684,
ES,39.952,3.1736,Cala Figuera
ES,39.9521,4.2642,Platja es Grau
ES,39.9539,4.2675,Cala en Vidrier
ES,39.9558,4.2695,
ES,39.9578,4.2697,
ES,39.9579,4.2747,Tamarells de s'Illa d'en Colom
ES,39.9581,4.2631,
ES,39.9591,4.2627,
ES,39.961,4.2628,Cala Tamarells
ES,39.961,4.275,
ES,39.9634,4.2585,Cala Sa Torreta
ES,39.9637,4.2747,S'Arenal d'en Moro
ES,39.964,4.2552,Cala Sa Torreta
ES,39.9677,3.8359,Cala Blanca
ES,39.978,3.8392,Cala de Santandria
ES,39.9792,4.2603,
ES,39.9814,3.8323,
ES,39.9815,3.8346,Sa Caleta
ES,39.9818,4.2596,Cala Morella Nou
ES,39.983,4.2582,Cala Morella Nou
ES,39.9859,0.0256,Platja del Pinar
ES,39.9887,4.2554,Platja d’en Tortuga
ES,39.9922,4.2549,Arenal d'en Moro
ES,39.9943,3.8342,Sa Platja Petita
ES,39.9943,3.8358,Sa Platja Gran
ES,39.9951,0.0283,Platja del Gurugú
ES,39.9959,4.2296,Cala den Caldés
ES,39.9968,4.2288,Cala Caldés
ES,39.9973,4.259,Platja de s'Escala
ES,39.9975,4.2193,S'Enclusa
ES,39.998,3.8223,
ES,39.9995,0.0302,Platja del Gurugú
ES,39.9995,3.8011,Cala en Forcat
ES,39.9996,3.7996,Cala en Forcat
ES,39.9999,4.2166,Platja des Sivinar
ES,40.0007,3.8134,Cala en Blanes
ES,40.0036,3.7983,Cales Piques
ES,40.005,3.7961,Playa Racó des Mart
ES,40.0058,4.2064,
ES,40.0063,4.2111,s'arenal de Mongofre
ES,40.0081,4.2107,macar Reial
ES,40.0088,0.0346,Platja del Serradal
ES,40.009,4.2072,
ES,40.0161,4.2006,
ES,40.0227,4.1831,Playa Arenal d'en Castell
ES,40.0241,4.177,Na Xeringa
ES,40.0245,4.1806,
ES,40.0252,4.1778,
ES,40.0255,4.1795,
ES,40.0261,0.0451,Platja Heliópolis
ES,40.0268,4.1688,
ES,40.0295,4.1683,Macar de sa Llosa
ES,40.0327,4.1339,Cala Rotja
ES,40.0332,4.1621,Arenal de Son Saura
ES,40.0339,4.1699,
ES,40.035,4.1674,
ES,40.0401,4.124,
ES,40.0416,0.0598,Platja dels Terrers
ES,40.0417,4.1596,
ES,40.043,4.1413,En Peuada
ES,40.0435,4.159,Macar de Cala Pudenta
ES,40.0439,4.1605,
ES,40.0442,4.1038,Cala Tirant
ES,40.0444,4.1627,Caló Verd
ES,40.0448,4.1053,Cala Tirant
ES,40.0453,4.1586,Cala Pudent
ES,40.0461,3.9223,Platja des Tancat
ES,40.0464,3.9147,Cala Fontanelles
ES,40.0483,3.91,Codolar de Biniatram
ES,40.0485,0.0714,Platja Torre de Sant Vicent
ES,40.0486,4.1424,es Pou de s'Albufereta
ES,40.0493,3.9245,Platja des Bot
ES,40.0499,3.8265,Cales Pous
ES,40.0511,3.9784,Cala del Pilar
ES,40.0518,4.0531,Platja de Binimel·là
ES,40.0522,3.9814,es Aloquets
ES,40.0524,0.0773,Platja de l'Almadrava
ES,40.0524,3.9873,Ets Alocs
ES,40.0527,4.0494,Calesmorts
ES,40.0528,3.9737,Pla de Mar
ES,40.0531,3.8824,Cala Morell
ES,40.0536,3.9692,sa Bombarda
ES,40.0543,4.0439,Salairò
ES,40.0545,4.0469,Macar de Calesmorts
ES,40.0552,4.0161,Cala Calderer
ES,40.0555,4.1432,Cala Cabra Salada
ES,40.0558,0.0836,Platja Voramar
ES,40.0564,0.0915,la Caleta
ES,40.0564,0.0966,Platja de Bellver
ES,40.0564,4.0662,Cala Mica
ES,40.0565,4.1328,
ES,40.0566,0.1006,Playa nudista de Bellver
ES,40.0569,4.0404,Cala Pregonda
ES,40.0569,4.1411,S'Arenalet (Fornells)
ES,40.057,0.1026,
ES,40.0577,4.0429,Escullar de Pregonda
ES,40.058,4.1648,
ES,40.0582,4.0002,es Rinconot
ES,40.0585,4.1666,Cala en Tosqueta
ES,40.0587,4.0072,Cala Moragues
ES,40.0589,4.0742,Platja de Ferragut
ES,40.059,3.9305,Cala Carabó
ES,40.0596,4.0931,
ES,40.0597,4.0761,Platja de Cavalleria
ES,40.0621,0.1167,Platja de la Renegà
ES,40.0622,4.077,Platja de Cala Roja
ES,40.0632,4.029,Cala Barril
ES,40.0639,4.0329,
ES,40.0761,4.0897,
ES,40.0762,4.0908,
ES,40.0769,4.0909,
ES,40.0784,0.1346,Cala d'Orpesa la Vella
ES,40.0798,0.1358,Cala dels Retors
ES,40.0821,0.1394,Platja de la Conxa
ES,40.0955,0.1487,Platja del Morro de Gos
ES,40.1142,0.1561,Platja de les Amplàries
ES,40.1295,0.1638,Platja de Torre de la Sal
ES,40.1419,0.171,Platja del Cudolar
ES,40.1648,0.1877,Platja del Quarter Vell
ES,40.1862,0.2103,Platja Natural del Prat
ES,40.1931,0.2227,Platja de Torrenostra
ES,40.1989,0.2385,Platja Nord de Torreblanca
ES,40.2066,0.2585,Platja de Capicorb
ES,40.2127,0.2656,Platja del Serradal
ES,40.2189,0.2683,Platja Manyetes
ES,40.2253,0.2712,les Tres Platges
ES,40.2301,0.2723,Platja del Moro
ES,40.2344,0.2735,Platja de la Romana
ES,40.2414,0.2764,Platja del Carregador
ES,40.2524,0.2876,Platja de les Fonts
ES,40.2584,0.2962,Cala Blanca
ES,40.2604,0.3042,Cala Mundina
ES,40.2663,0.3087,Platja Serradal
ES,40.2692,0.3115,Cala Perrera
ES,40.2746,0.3222,Cala Cubanita
ES,40.2783,0.3268,Cala Argilaga
ES,40.2809,0.3299,
ES,40.2817,0.331,
ES,40.2895,0.3341,Platja de la Basseta
ES,40.2918,0.3353,
ES,40.2965,0.3461,Platja del Barranc d'Irta
ES,40.3025,0.3506,
ES,40.3051,0.352,
ES,40.308,0.3518,Platja del Pebret
ES,40.3089,0.3521,Platja del Russo
ES,40.3123,0.354,Platjeta d'Ull de Bou
ES,40.331,0.374,Cala del Volante
ES,40.3336,0.3764,Cala de l'Arjub
ES,40.3365,0.3805,Platja de Portonegro
ES,40.3373,0.3822,Caleta del Barranc de Sant Antoni
ES,40.3411,0.3864,Cala Ordí
ES,40.3445,0.3879,Cala Puerto Azul
ES,40.3463,0.3891,Platja de Santa Llúcia
ES,40.3474,0.3893,Cala del Moro
ES,40.3559,0.3991,Platja de les Vídues
ES,40.3578,0.4014,Platja Sud de Peníscola
ES,40.381,0.4117,Platja Nord de Peníscola
ES,40.403,0.4207,Platja del Barranquet
ES,40.4058,0.4233,Platja del Gurugú
ES,40.4119,0.4313,Platja del Morrongo
ES,40.4177,0.4363,Platja de la Parreta
ES,40.4238,0.4385,Platja de la Mar Xica
ES,40.4323,0.4463,Platja de la Mar Xica
ES,40.4336,0.4444,Platja de Surrac
ES,40.444,0.4542,Platja d'Aiguadoliva
ES,40.4464,0.4563,
ES,40.4488,0.4579,Cala del Puntal
ES,40.4543,0.4617,Platja de les Salines
ES,40.4587,0.465,Cala de les Roques
ES,40.4605,0.467,Cala del Fondo de Bola
ES,40.4613,0.4684,Cala dels Pinets
ES,40.4631,0.4704,Platja del Clot
ES,40.4686,0.4777,Platja del Fortí
ES,40.4703,0.4798,
ES,40.4737,0.4819,Platja de Fora del Forat
ES,40.4799,0.4853,Cala dels Cossis
ES,40.4849,0.4886,Platja del Saldonar
ES,40.4888,0.4913,
ES,40.4915,0.4947,Platja de la Barbiguera
ES,40.4943,0.4968,Cala del Pinar
ES,40.4982,0.4991,Platja del Triador
ES,40.502,0.5023,Cala del Pastor
ES,40.5043,0.5043,Platja de les Cales
ES,40.5053,0.5054,Cala de la Foradada
ES,40.5079,0.5055,Cala de la Roca Plana
ES,40.5093,0.5065,
ES,40.5104,0.5073,Cala de les Llanetes
ES,40.5115,0.508,Cala de les Timbes
ES,40.5127,0.5091,Platja de les Deveses
ES,40.5152,0.5117,Cala del Sòl de Riu
ES,40.5176,0.5128,
ES,40.5188,0.5135,
ES,40.5221,0.5142,Platja del Riu de la Sénia
ES,40.5232,0.5145,
ES,40.5243,0.5148,
ES,40.5265,0.5158,
ES,40.5295,0.5168,
ES,40.5327,0.5181,
ES,40.5373,0.5205,Platges del Camaril
ES,40.5428,0.5232,Platja del Marjal
ES,40.5485,0.5275,Platja de les Cases d'Alcanar
ES,40.5536,0.5322,
ES,40.5564,0.5336,
ES,40.5582,0.534,
ES,40.559,0.5344,
ES,40.5616,0.5354,Platja Fonda
ES,40.5628,0.5359,
ES,40.5633,0.5364,Platja Fonda
ES,40.5654,0.6092,la Corballera
ES,40.5692,0.5406,Platja de lo Mar-i-cel
ES,40.5704,0.6675,Costa de Fora
ES,40.5717,0.544,
ES,40.5731,0.5466,Platja de la Martinenca
ES,40.5798,0.5539,Caleta Aquilón
ES,40.5819,0.5565,
ES,40.5827,0.5579,
ES,40.5858,0.5612,
ES,40.5871,0.5623,
ES,40.5885,0.5633,
ES,40.5893,0.5643,
ES,40.5897,0.5647,
ES,40.5903,0.5656,
ES,40.594,0.5697,
ES,40.5974,0.5737,Platja del Codonyol
ES,40.5996,0.5764,Platja dels Tontos
ES,40.6005,0.5777,Platja del Bol del Gos
ES,40.6011,0.5782,Platja de les Figueres
ES,40.6038,0.5802,
ES,40.6043,0.5809,Platja del Suís
ES,40.6049,0.582,
ES,40.6062,0.5834,Platja de les Delícies
ES,40.6072,0.5851,Platja de l'Aiguassera
ES,40.6085,0.5863,Platja de la Senieta
ES,40.6092,0.7251,Platja del Trabucador
ES,40.6095,0.5873,Platja del Far
ES,40.6101,0.5878,Platja de Capri
ES,40.612,0.5896,Platja dels Hortets
ES,40.6136,0.593,Platja de Garbí
ES,40.6532,0.7798,platja dels Eucaliptus
ES,40.6616,0.8033,Platja del Serrallo
ES,40.7313,0.8364,Platja de Riumar
ES,40.7331,0.8501,
ES,40.7344,0.8585,
ES,40.7376,0.8241,
ES,40.7485,0.8118,Platja de la Bassa d'Arena
ES,40.7581,0.802,Platja de la Marquesa
ES,40.7907,0.769,Platja del Fangar
ES,40.8055,0.7022,
ES,40.8061,0.7027,
ES,40.8083,0.7051,Platja dels Pinets
ES,40.8095,0.7064,Platja de l'Arquitecte
ES,40.8119,0.713,
ES,40.8124,0.7148,Platja de les Avellanes
ES,40.8134,0.7176,Platja dels Capellans
ES,40.8153,0.7208,Platja del Baconer
ES,40.8164,0.7224,
ES,40.8173,0.725,Cala Maria
ES,40.8213,0.7324,Platja del Cap Roig
ES,40.823,0.734,
ES,40.8241,0.7357,Platja de Perales
ES,40.8248,0.7411,Platja Cala la Buena
ES,40.8254,0.7419,
ES,40.8263,0.7422,Platja del Morro de Gos
ES,40.8287,0.742,Platja de Santa Llúcia
ES,40.8355,0.7437,Platja de l'Adolç del Me
ES,40.839,0.7452,Cala Racó de Garretes
ES,40.8433,0.7489,Platja de Cala Moros
ES,40.8458,0.7516,Platja del Pont de l'Àliga
ES,40.8471,0.7558,Platja de l'Illot
ES,40.8474,0.7561,
ES,40.8477,0.7586,
ES,40.8495,0.7636,
ES,40.8551,0.7669,
ES,40.8579,0.7699,Cala de l'Estany Podrit
ES,40.8589,0.7726,
ES,40.8607,0.7807,Cala de la Llenya
ES,40.8617,0.7818,Cala Santes Creus
ES,40.8657,0.7882,Platja de Port Olivet
ES,40.8685,0.7926,Platja de l'Estany
ES,40.8746,0.7953,Cala de Bon Capó
ES,40.8763,0.796,Platja de Bon Caponet
ES,40.8774,0.7981,Cala de Ribes Altes
ES,40.8784,0.7995,Caleta de la Soledat
ES,40.8789,0.7997,Caleta de Pepo
ES,40.8844,0.8058,Platja de l'Alguer
ES,40.8869,0.8068,Platja de Pixavaques
ES,40.8878,0.8086,Cala d'Arandes
ES,40.8893,0.8102,Cala del Cementiri
ES,40.8896,0.8109,Cala de l'Ambrosia
ES,40.8936,0.8162,Platja de l'Estany Tort
ES,40.8954,0.8182,Platja de Xelin
ES,40.8965,0.8194,
ES,40.8993,0.8224,Platja de Torrent del Pi
ES,40.9025,0.8241,Cala Mosques
ES,40.9067,0.8263,Cala de les Ampolles
ES,40.9084,0.826,Platja de Cala Forn
ES,40.9108,0.8298,Cala Vidre
ES,40.9121,0.8317,Platja de Sant Jordi
ES,40.913,0.8322,
ES,40.9183,0.8365,
ES,40.9189,0.8367,
ES,40.9195,0.8376,Cala lo Ribellet
ES,40.9225,0.841,Cala Calafató
ES,40.9247,0.8462,
ES,40.9267,0.8473,Cala Llobeta
ES,40.9301,0.8518,Platja de Calafat
ES,40.9347,0.8562,lo Codolar de l'Almadrava
ES,40.9395,0.8582,Platja de l'Almadrava
ES,40.9444,0.8602,Platja de Cala Ronyosa
ES,40.9509,0.8715,
ES,40.9511,0.8727,
ES,40.9591,0.8801,Cala Justell
ES,40.9647,0.8876,
ES,40.9648,0.888,
ES,40.9675,0.8906,Platja dels Lliscants
ES,40.97,0.893,La Llosa Plana
ES,40.9712,0.8949,Platja del Torn
ES,40.9742,0.897,Cala Perdiu
ES,40.975,0.8984,El Cap de l'Home
ES,40.976,0.8995,Caleta de l'alguer
ES,40.9768,0.9025,Cala Bea
ES,40.9772,0.9037,Cala d'Oques
ES,40.9773,0.9036,"Cala d'Oques, nudista"
ES,40.9832,0.9139,Platja de l'Arenal
ES,40.9887,0.925,
ES,40.9909,0.9308,Platja de la Punta del Riu
ES,40.9922,0.9323,Platja Canina Punta del Riu
ES,40.9985,0.9356,Platja de Cristall
ES,41.0047,0.9395,Cala del Pescador
ES,41.0057,0.9403,Cala Bot
ES,41.0065,0.9408,Cala Califòrnia
ES,41.0077,0.9423,Cala de Santa Fé
ES,41.0086,0.9432,Cala Misteri
ES,41.0099,0.945,Cala del Solitari
ES,41.012,0.9475,Cala Calazul
ES,41.0126,0.9481,Cala de les Sirenes
ES,41.0141,0.9497,Cala dels Vienesos
ES,41.0165,0.9521,Cala dels Penyals
ES,41.0243,0.9625,Platja de la Casa dels Lladres
ES,41.0335,0.9756,Platja dels Pilans
ES,41.0401,0.9864,Platja de Rifà
ES,41.0428,0.9951,
ES,41.0433,1.002,Platja de la Pixerota
ES,41.0434,1.0001,
ES,41.0444,1.005,
ES,41.0487,1.0135,Platja de La Peixerota
ES,41.0518,1.0215,
ES,41.0522,1.0229,
ES,41.053,1.0241,
ES,41.0544,1.0268,Platja El Mas De L'Arany
ES,41.0564,1.1677,Cala Crancs
ES,41.0579,1.1732,
ES,41.058,1.0362,Platja L'Ardiaca
ES,41.0586,1.0386,Platja del Torrent d'en Gener
ES,41.0587,1.1622,Cala Vinya
ES,41.0593,1.1618,Cala de la Font
ES,41.0602,1.1612,Platgeta de Penya Tallada
ES,41.0607,1.1611,Cala Penya Tallada
ES,41.0618,1.0441,
ES,41.0633,1.0482,Platja La Llosa
ES,41.0639,1.1581,
ES,41.064,1.0549,Platja de L'Horta de Santa María
ES,41.0647,1.086,Platja de l'Esquirol
ES,41.0647,1.1569,
ES,41.0649,1.078,Platja Cavet
ES,41.065,1.1562,
ES,41.0656,1.1534,Platja Llarga
ES,41.0657,1.0695,Platja del Regueral
ES,41.0658,1.1491,Cala Llenguadets
ES,41.0662,1.1802,
ES,41.0664,1.1482,
ES,41.0684,1.1484,Cala dels Capellans
ES,41.0688,1.1,Platja Vilafortuny
ES,41.0725,1.1387,Platja de Llevant
ES,41.0729,1.1141,Platja Cap de Sant Pere
ES,41.0745,1.1242,Platja de Ponent
ES,41.0762,1.1854,Platja de la Pineda
ES,41.089,1.1938,Platja de la Pineda
ES,41.1073,1.2502,
ES,41.1122,1.2589,Platja del Miracle
ES,41.1138,1.2691,Platja dels Cossis
ES,41.1192,1.2766,Platja de l'Arrabassada
ES,41.1231,1.2855,Platja Savinosa
ES,41.1252,1.291,Platja dels Capellans
ES,41.1259,1.3432,Caleta Petita de la Móra
ES,41.1277,1.3465,Platja de la Móra
ES,41.1279,1.308,Platja Llarga
ES,41.1286,1.3354,Platja de Calabecs
ES,41.1289,1.3285,Platja de l'Arboçar
ES,41.1295,1.3607,Cala Jovera
ES,41.1309,1.3648,Platja de Tamarit
ES,41.1325,1.3904,Platja dels Capellans i Canyadell
ES,41.133,1.3767,Platja d'Altafulla
ES,41.1395,1.4052,Platja de la Paella
ES,41.1433,1.4124,Platja de Baix a Mar
ES,41.1501,1.4282,Platja dels Muntanyans
ES,41.1525,1.4338,Platja nudista
ES,41.1566,1.4436,Platja de les Antines
ES,41.1606,1.4532,Platja de Creixell
ES,41.165,1.465,Platja Llarga de Berà
ES,41.1668,1.4739,Platja dels Capellans
ES,41.168,1.477,Cala Torrota
ES,41.1684,1.4794,Platja de la Punta de la Guineu
ES,41.1689,1.4827,Platja de la Pelliceta
ES,41.1717,1.4913,Platja de Cal Guinovart
ES,41.1748,1.5021,Platja del Francàs
ES,41.1785,1.517,Platja de Coma-ruga
ES,41.1811,1.5368,Platja de Sant Salvador
ES,41.1848,1.5579,Platja de les Madrigueres
ES,41.1869,1.574,Platja de Calafell
ES,41.1887,1.5929,Platja de l'Estany-Mas Mel
ES,41.1897,1.6124,Platja de Segur de Calafell
ES,41.1914,1.6238,Platja de Cunit-Ponent
ES,41.1927,1.633,Platja de Cunit-Llevant
ES,41.194,1.6404,Platja de Cunit-Llevant
ES,41.1942,1.6518,
ES,41.1949,1.6471,Platja de les Gavines
ES,41.1952,1.6557,Platja de les Salines
ES,41.1956,1.6492,
ES,41.1963,1.658,
ES,41.1969,1.6646,Platja de la Mota de Sant Pere
ES,41.1982,1.6719,
ES,41.1989,1.6754,
ES,41.2009,1.6803,Platja Llarga de Cubelles
ES,41.2033,1.6855,Platja del Prat de Vilanova
ES,41.2061,1.6932,Platja Llarga
ES,41.2091,1.7094,l'Aiguadolç
ES,41.2092,1.7101,Platja de l'Aiguadolç
ES,41.2098,1.7116,Platja de Sant Gervasi
ES,41.2108,1.7136,Platja de la República
ES,41.2111,1.7164,Platja d'Adarró
ES,41.2117,1.7232,Platja de Ribes Roges
ES,41.2163,1.74,Platja de la Farola
ES,41.2188,1.748,Platja dels Colls
ES,41.2195,1.7521,Platja del Belis
ES,41.2195,1.7578,Platja del Gaspar
ES,41.2195,1.7601,Cala Xica
ES,41.22,1.7637,Cala dels Gegants
ES,41.2208,1.767,Platja de l'Home Mort
ES,41.2214,1.7695,Platja de Rosés
ES,41.2231,1.7748,Platja de les Coves
ES,41.2235,1.7826,
ES,41.2237,1.779,Platja de Santa Margarida
ES,41.2241,1.7851,Platja del Cellerot
ES,41.2245,1.7879,Platja de les Anquines
ES,41.2261,1.7901,Platja de Terramar
ES,41.2283,1.7934,Platja de la Barra
ES,41.2304,1.7967,Platja de la Riera Xica
ES,41.2319,1.8003,Platja de l'Estanyol
ES,41.2331,1.8039,Platja de la Bassa Rodona
ES,41.2341,1.8071,Platja de la Ribera
ES,41.2342,1.8097,Platja de la Fragata
ES,41.2355,1.8414,Cala Forn
ES,41.2358,1.8207,el Balmí Gran
ES,41.2359,1.8144,Platja de Sant Sebastià
ES,41.2359,1.8365,Platja dels Ponts
ES,41.236,1.8164,Platja Fonda
ES,41.236,1.8197,el Balmí Mitjà
ES,41.2361,1.8189,el Balmí Xic
ES,41.2364,1.8279,Platja d'Aiguadolç
ES,41.2365,1.8303,la Caleta
ES,41.2392,1.8614,Platja Riera de Vallcarca
ES,41.2393,1.8618,
ES,41.2395,1.8626,Platja de Vallcarca
ES,41.24,1.8666,
ES,41.2425,1.8689,Cala Morisca
ES,41.2429,1.8689,
ES,41.25,1.8977,
ES,41.2543,1.9048,Platja de Garraf
ES,41.2578,1.919,Cala de la Ginesta
ES,41.2624,1.9655,Platja de Castelldefels
ES,41.2676,2.0241,Platja de Gavà
ES,41.2713,2.0497,Platja de la Murtra
ES,41.2731,2.058,Platja de la Pineda de Viladecans
ES,41.2746,2.0641,Platja de Cal Francès
ES,41.276,2.0703,Platja del Remolar
ES,41.278,2.0783,Platja del Remolar. Platja naturista
ES,41.2812,2.0883,Platja de la Roberta
ES,41.2824,2.0914,Platja de Can Camins
ES,41.2854,2.1007,Platja de Can Camins
ES,41.2878,2.1079,Platja Naturista
ES,41.295,2.1222,Platja de La Ricarda Ca l'Arana
ES,41.2978,2.1277,
ES,41.2981,2.1299,
ES,41.2991,2.1299,
ES,41.2996,2.1305,
ES,41.3715,2.1895,Platja de Sant Sebastià
ES,41.3755,2.1912,Platja de Sant Miquel
ES,41.3794,2.1934,Platja de la Barceloneta
ES,41.3835,2.1964,Platja del Somorrostro
ES,41.3902,2.2026,Platja de la Nova Icària
ES,41.3939,2.2074,Platja del Bogatell
ES,41.398,2.2122,Platja de la Mar Bella
ES,41.4003,2.2134,
ES,41.4017,2.2154,Platja de la Nova Mar Bella
ES,41.4044,2.2182,Platja de Llevant
ES,41.408,2.2257,
ES,41.4167,2.2317,Platja del Fòrum
ES,41.4198,2.2331,
ES,41.4217,2.2338,Platja del Litoral
ES,41.4278,2.2379,Platja de la Mora
ES,41.4318,2.2404,Platja de La Marina
ES,41.4389,2.2449,Platja del Coco
ES,41.4415,2.2467,Platja Pont del Petroli
ES,41.4448,2.2495,Platja de l'Estació
ES,41.448,2.2524,Platja dels Pescadors
ES,41.4516,2.2564,Platja del Pont d'en Botifarreta
ES,41.4547,2.2604,Platja del Cristall
ES,41.4578,2.2647,Platja de la Barca Maria
ES,41.4644,2.2773,Platja de la Morera
ES,41.4663,2.2824,Platja de les Barques
ES,41.4741,2.3025,Platja del Masnou
ES,41.4788,2.3242,Platja d'Ocata
ES,41.4827,2.3374,Platja de Ponent
ES,41.4858,2.349,Platja de Ponent
ES,41.4864,2.3524,Platja de la Descàrrega
ES,41.4881,2.3577,Platja del Pla de l'Os
ES,41.4895,2.3627,Platja del Bellamar
ES,41.4919,2.3727,Platja de Llevant
ES,41.4963,2.3815,Platja de Ponent
ES,41.4994,2.3884,Platja dels Pescadors
ES,41.5003,2.3903,
ES,41.5025,2.3947,Platja de l'Astillero
ES,41.5043,2.3988,
ES,41.5059,2.4016,Platja de l'Almadrava
ES,41.509,2.407,
ES,41.5125,2.4126,
ES,41.5154,2.4167,
ES,41.517,2.4194,
ES,41.529,2.441,Platja de Ponent
ES,41.5351,2.4509,Platja del Varador
ES,41.5391,2.4558,Platja del Callao
ES,41.5424,2.4613,Platja de Sant Simó
ES,41.5453,2.4674,Cala del Castell
ES,41.5466,2.4705,
ES,41.5475,2.4738,
ES,41.5554,2.499,Platja de l'Estació
ES,41.5564,2.5011,Platja de les Barques
ES,41.561,2.5115,Platja del Balí
ES,41.5641,2.5183,Platja de Sant Vicenç
ES,41.5665,2.524,Platja dels Tres Micos
ES,41.5672,2.5264,Platja de les Barques
ES,41.5675,2.5275,Platja del Nàufrags
ES,41.5687,2.5297,Platja del Bassiot
ES,41.5707,2.5336,Platja de la Musclera
ES,41.5722,2.5368,Platja de la Musclera
ES,41.5726,2.5381,
ES,41.5726,2.5386,
ES,41.5734,2.5402,Platja de la Picòrdia
ES,41.5776,2.5506,Platja gossos
ES,41.5778,2.553,Platja de la Picòrdia
ES,41.5805,2.5672,Platja del Cavaió
ES,41.5835,2.5749,Platja del Cavaió
ES,41.5864,2.5828,Platja de Canet
ES,41.5894,2.5916,Platja del Pla
ES,41.5913,2.5975,Platja de les Roques Blanques
ES,41.5933,2.6025,Platja de la Murtra
ES,41.5952,2.6086,Platja de la Murtra
ES,41.5978,2.6161,Platja de Can Villar del Grau
ES,41.5997,2.6215,Platja de Sant Pol
ES,41.6008,2.6243,Platja de les Barques
ES,41.6013,2.6267,
ES,41.6018,2.6277,Platja de les Escaletes
ES,41.6021,2.6283,
ES,41.6025,2.629,la Platjola
ES,41.6036,2.6321,Platja del Morer
ES,41.6052,2.6394,Platja de la Cabra
ES,41.6059,2.6418,Cala de la Vinyeta
ES,41.6064,2.6434,Cala de Les Roques
ES,41.607,2.6447,Platja de les Roques
ES,41.6073,2.6459,
ES,41.6076,2.6467,
ES,41.6094,2.6512,Platja de Garbí
ES,41.6129,2.6635,Platja Gran de Calella
ES,41.6156,2.6735,Platja del Poblenou
ES,41.6189,2.6843,Platja de la Riera
ES,41.6222,2.6952,Platja dels Pescadors
ES,41.624,2.7001,Platja dels Pins
ES,41.6271,2.7089,Platja de Santa Susanna
ES,41.6277,2.7091,Zona dunar protegida (Reseda hookeri)
ES,41.6291,2.7172,Platja de les Caletes
ES,41.6325,2.7236,Platja de Llevant
ES,41.6378,2.7333,"Platja de l'""Astillero"""
ES,41.6415,2.7437,Platja de Malgrat Centre
ES,41.6452,2.7577,Platja de la Conca
ES,41.6487,2.7721,Platja de la Punta de la Tordera
ES,41.6508,2.7779,
ES,41.6611,2.7847,Platja de s'Abanell
ES,41.6712,2.7908,
ES,41.6733,2.7935,Platja de Blanes
ES,41.6742,2.8018,
ES,41.6756,2.7986,
ES,41.6757,2.803,sa Forcanera
ES,41.6761,2.8038,
ES,41.6786,2.8073,Platja de Sant Francesc
ES,41.6826,2.8145,s'Agulla
ES,41.6866,2.8169,Platja de Treumal
ES,41.688,2.8187,Platja de Santa Cristina
ES,41.6897,2.8223,
ES,41.6902,2.8231,Platja de sa Cova
ES,41.6907,2.8241,Platja de sa Boadella
ES,41.6907,2.8252,
ES,41.6908,2.8249,
ES,41.6933,2.8331,Platja de Fenals
ES,41.698,2.8515,Platja de Lloret
ES,41.6995,2.8644,Caleta d'en Trons
ES,41.6998,2.8584,
ES,41.6998,2.859,Platja de sa Caleta
ES,41.7017,2.8735,sa Cala Gran
ES,41.7028,2.8861,Cala des Rajols
ES,41.7037,2.885,Platja de sa Somera
ES,41.7041,2.8827,Platja de Canyelles
ES,41.7053,2.8967,Cala Morisca
ES,41.7074,2.8992,Platja de Portopí
ES,41.7087,2.9001,Platja de Portopí (sector nord)
ES,41.7092,2.9109,Cala d'es Llevador
ES,41.7094,2.9011,
ES,41.7099,2.9081,Cala d'en Carlos
ES,41.71,2.9023,Platja de Garbí de Llorell
ES,41.7102,2.9072,Cala Figuera
ES,41.7106,2.9044,Platja de Llevant de Llorell
ES,41.7159,2.9324,es Codolar
ES,41.7189,2.9338,Platja Gran
ES,41.7209,2.9357,Platja de sa Carbonera
ES,41.7221,2.9383,Platja de la Mar Menuda
ES,41.7241,2.9396,Cala l'Infern
ES,41.7254,2.9412,Sot d'en Boada
ES,41.7302,2.9467,Cala Bona
ES,41.7332,2.9511,Cala Pola
ES,41.7368,2.9561,Racó de Llevant de Giverola
ES,41.7372,2.9543,Platja de Giverola
ES,41.7381,2.9576,Cala Fotedera
ES,41.7441,2.9625,Platja de sa Pedrera
ES,41.7478,2.9662,Cala Salionç
ES,41.7504,2.9685,Platja des Bol Nou
ES,41.7516,2.9699,
ES,41.7533,2.9727,Platja de Vallpresona
ES,41.7548,2.9749,Caleta de Concagats
ES,41.7574,2.9772,Platja del Senyor Ramon
ES,41.7595,2.9809,Platja del Canyet
ES,41.7596,2.9821,Cala Canyet
ES,41.76,2.9828,Cala del Canyerets
ES,41.7607,2.9839,Platja dels Canyerets
ES,41.7627,2.9945,Cala Joana
ES,41.7648,2.9973,Cala Urgell
ES,41.7659,3.0004,Cala d'en Bosc
ES,41.7696,3.0057,Platja de Candell
ES,41.771,3.0077,Canyer d'en Mieres
ES,41.7731,3.0152,
ES,41.7739,3.0256,Cala del Vigatà
ES,41.774,3.0222,sa Platjola
ES,41.778,3.0292,Platja de Can Rius
ES,41.7788,3.04,Cala Jonca
ES,41.7793,3.0318,Platja de Sant Feliu
ES,41.7863,3.0448,Cala Maset
ES,41.7896,3.0498,Platja de Sant Pol
ES,41.7913,3.0577,Cala Pedrosa
ES,41.798,3.0614,Platja de Sa Conca
ES,41.8042,3.0647,Platja de Port d'Aro (Punta Prima)
ES,41.8096,3.0665,Platja Llarga
ES,41.8168,3.0703,la Platja d'Aro
ES,41.8217,3.0741,Cala Rovira
ES,41.8228,3.0754,Cala Sa Cova
ES,41.8236,3.0777,Cala del Pi
ES,41.8239,3.0788,Cala d'Es Canyers
ES,41.8253,3.0809,Cala Belladona
ES,41.826,3.0817,
ES,41.8265,3.0831,Platja de Sant Jordi
ES,41.8272,3.0841,
ES,41.8306,3.0869,Platja de Can Cristus
ES,41.8323,3.0888,Cala del Forn
ES,41.8326,3.0895,Cala dels Esculls
ES,41.8327,3.0903,Cala del Paller
ES,41.8328,3.0915,Cala de les Roques Planes
ES,41.8352,3.0934,Cala de la Roca dels Musclos
ES,41.8363,3.0935,Cala dels Capellans
ES,41.8367,3.0936,Cala del Raco dels Homes
ES,41.8371,3.0934,Racó de les Dones
ES,41.8395,3.0954,Platja de Torre Valentina
ES,41.8418,3.1297,Cala de les Monges
ES,41.8423,3.1286,el Giber
ES,41.8451,3.1054,Platja de Sant Antoni
ES,41.8475,3.1223,Platja Gran de Palamós
ES,41.848,3.1375,Cala del Morro del Vedell
ES,41.8486,3.1153,Platja des Monestri
ES,41.8487,3.1378,Cala dels Pots
ES,41.8494,3.1403,Sota Cala Margarida
ES,41.8546,3.1432,sa Tamardia
ES,41.8569,3.1433,Platja de la Fosca
ES,41.8584,3.1487,
ES,41.8585,3.1451,Sant Esteve de la Fosca
ES,41.8606,3.1503,
ES,41.8609,3.1588,sa Cobertera
ES,41.8612,3.1596,
ES,41.8613,3.1505,
ES,41.8619,3.1527,s'Alguer Petit
ES,41.862,3.1518,s'Alguer
ES,41.8627,3.1563,Platja de Castell
ES,41.8638,3.1681,Cala Canyers
ES,41.8639,3.1702,Cala Corbs
ES,41.8654,3.1728,Cala Estreta
ES,41.8657,3.1738,Cala d'en Remendon
ES,41.8663,3.1751,Cala de Roca Bona
ES,41.8673,3.1765,Cala del Cap de Planes
ES,41.8706,3.1773,Cala del Crit
ES,41.8712,-8.8728,Praia do Puntal
ES,41.8719,3.1775,Platja del Vedell
ES,41.8729,-8.8685,Praia do Muíño
ES,41.879,3.1782,Platja del Golfet
ES,41.8859,3.1819,ses Aigües Mortes
ES,41.8864,3.1819,Platja de Sant Roc
ES,41.8874,3.1827,Platja Port Pelegri
ES,41.8878,3.1833,
ES,41.888,3.1836,Platgeta d'en Cosme
ES,41.8881,3.1863,
ES,41.8883,3.1849,Platja de Port Bo
ES,41.8885,3.1879,Platja del Canadell
ES,41.8935,3.195,Platja de Llafranc
ES,41.8978,-8.8764,Praia do Carreiro
ES,41.8994,-8.8744,Praia da Ribeira
ES,41.9005,3.2055,Cala del Cau
ES,41.9079,3.2066,Cala Pedrosa
ES,41.908,-8.8763,Praia de Fedorento
ES,41.9101,-8.8765,Area Grande
ES,41.9171,3.2072,Platja dels Lliris
ES,41.9176,3.2078,Platja de Tamariu
ES,41.9179,3.2095,Cala d'Aiguadolça
ES,41.9216,3.2155,Platja d'Aigua Xelida
ES,41.9218,3.2162,
ES,41.922,3.2169,Platja d'en Gotes
ES,41.9241,3.2161,Cala Marquesa
ES,41.9341,3.2162,Platja d'Aiguablava
ES,41.9362,3.2142,Cala dels Tries
ES,41.9371,3.2147,Platja de s'Armanac
ES,41.938,3.2153,Platja d'en Malaret
ES,41.938,3.2168,Plataforma de Fornells
ES,41.9383,3.2159,Port des Orats
ES,41.9394,3.2168,Platja de l'Anastàsia
ES,41.9419,3.2175,Platja Fonda
ES,41.9478,3.2272,Cala des Falcó
ES,41.9588,3.2325,Racó de Llevant
ES,41.9595,3.2322,Platja de S’Eixugador
ES,41.9604,3.2297,Platja sa Tuna
ES,41.9624,3.2293,Ses Vaques
ES,41.9645,3.2272,Cala d'Aiguafreda
ES,41.973,3.2111,Platja de sa Riera
ES,41.9734,3.2132,Cala s'Antiga
ES,41.9738,3.2103,Platja de ses Llunes
ES,41.976,3.2106,Platja Caganer d'es Duc
ES,41.977,3.2107,Platja de l'Illa Roja
ES,41.9777,3.2102,Cala Moreta
ES,41.9813,3.2073,Platja del Racó
ES,41.9926,3.2017,Platja de Pals
ES,42.0034,3.1975,Platja del Grau
ES,42.0139,3.1954,Platja de la Fonollera
ES,42.0295,3.1944,Platja de la Platera
ES,42.0361,-8.8831,
ES,42.037,3.1976,Platja de l'Estartit
ES,42.0381,-8.8833,
ES,42.0534,3.2077,La Platgeta
ES,42.062,-8.8913,A Area das Vesadas
ES,42.0736,3.2023,Cala Pedrosa
ES,42.0831,3.1949,Cala Ferriol
ES,42.1024,3.1747,Platja del Racó del Rec Fondo
ES,42.1075,3.169,Platja de Montgó
ES,42.1124,-8.8992,Praia da Carral
ES,42.113,3.1651,
ES,42.1133,3.1669,Platja de l'Illa Mateua
ES,42.1138,-8.8248,
ES,42.1151,-8.8395,Praia de Santa Marta
ES,42.1152,3.1613,
ES,42.1157,3.1398,Platja dels Riells
ES,42.116,-8.829,Praia da Ladeira
ES,42.1169,3.1562,Platja del Salpatx
ES,42.1211,-8.8262,Praíña do Sur
ES,42.1213,-8.8265,Praíña de Entremedias
ES,42.1215,-8.8491,Praia da Ribeira
ES,42.1216,-8.8266,Praíña de Avante
ES,42.1226,-8.8517,Praia da Cuncheira
ES,42.123,-8.8272,Praíña de Avante Toda
ES,42.1235,-8.8482,Praia da Barbeira
ES,42.1247,-8.8467,
ES,42.1256,-8.8519,Praia dos Frades
ES,42.1264,3.1353,Platja Port d'en Perris
ES,42.1265,3.1332,Platja de les Barques
ES,42.1269,3.1318,Platja Cala Mar d'en Manassa
ES,42.1271,3.129,Platja de la Creu
ES,42.1273,3.1305,Platja la Romana
ES,42.1278,3.1248,Platja del Rec del Molí
ES,42.1301,3.124,Platja del Pedrigolet
ES,42.1318,3.1224,Platja del Portitxol
ES,42.1343,3.1225,Platja de les Muscleres
ES,42.1346,-8.8208,Praia América
ES,42.138,3.1202,Platja del Moll Grec
ES,42.1411,3.1186,Platja del Riuet
ES,42.143,-8.8257,A Praíña da Furna
ES,42.1437,-8.824,A Area do Boliche
ES,42.1448,-8.8253,Praia do Castro
ES,42.1449,3.1165,
ES,42.1456,-8.8536,
ES,42.1457,-8.8264,Praia da Madorra
ES,42.1472,3.1159,
ES,42.148,-8.8294,Praia da Area Fofa
ES,42.1481,-8.8319,Praia dos Feitales
ES,42.1483,-8.8404,
ES,42.1483,-8.8394,Praia de Portocelo
ES,42.1483,-8.8375,
ES,42.1484,-8.8373,
ES,42.1484,-8.8359,
ES,42.1484,-8.8347,
ES,42.1486,-8.842,
ES,42.1487,-8.834,Praia de Ribas Brancas
ES,42.1494,-8.8464,Praia do Rego da Porta
ES,42.1532,-8.8305,Praia da Cansadoura
ES,42.1539,-8.8274,Praia do Rego do Forno
ES,42.1554,-8.8274,Praia de Patos
ES,42.1565,3.1141,Platja des les Dunes
ES,42.1586,-8.8209,Praia do Caranquexo
ES,42.1614,-8.819,Praia das Canas
ES,42.1653,-8.8176,Praia dos Seixos
ES,42.1681,-8.8165,Praia do Portiño
ES,42.171,3.1119,Platja del Cortal de la Vila
ES,42.172,-8.8148,Praia da Corveira
ES,42.1724,3.1115,Platja de la Cagarra
ES,42.1748,-8.8142,Praia do Fortiñón
ES,42.1759,-8.8135,Praia de Novia
ES,42.1803,-8.812,Canto de Area
ES,42.1821,-8.8121,Praia do Apio
ES,42.1822,3.1107,Platja de Can Sopa
ES,42.1899,-8.8122,Praia da Buraca
ES,42.1901,3.1106,Platja de Sant Pere Pescador
ES,42.1902,-8.809,Praia da Sobreira
ES,42.1904,-8.8072,Praia de Soutelo
ES,42.1905,-8.8062,Praia do Cagadouro
ES,42.1907,-8.8114,Praíña do Puntal
ES,42.1909,-8.8052,O Tombo Branco
ES,42.1912,-8.8044,Praia da Barxa de Oia
ES,42.1917,-8.804,Praia de Xunqueiro
ES,42.192,-8.8032,A Marosiña
ES,42.1923,-8.8024,Praia de Xunqueiro
ES,42.1926,-8.8019,Praia de Fuchiños
ES,42.1944,-8.7976,Praia de Canido
ES,42.1947,-8.8986,A Area Vella
ES,42.1969,-8.7958,Praia do Serral
ES,42.1981,-8.7931,Praia do Vao
ES,42.1995,-8.7888,Praia do Baluarte
ES,42.1998,-8.7866,Praia da Fontaíña
ES,42.2001,-8.8007,A Area Pequena
ES,42.201,-8.7995,A Area Grande
ES,42.2011,-8.7843,Praia do Fechiño
ES,42.2022,-8.9052,A Area de San Martiño
ES,42.2032,-8.7811,Praia da Foz
ES,42.2032,-8.781,Praia da Calzoa
ES,42.2035,-8.907,A Piollosa
ES,42.2112,-8.7777,Praia de Samil
ES,42.213,-8.9088,A Area Pequena
ES,42.2146,-8.7759,A Area da Punta da Queimada
ES,42.216,-8.903,A Area de Tras
ES,42.2161,-8.9023,A Area de Nosa Señora
ES,42.2172,-8.9001,A Area dos Bólos
ES,42.2175,-8.9,Praia da Area dos Viños
ES,42.2176,-8.7766,Praia da Argazada
ES,42.2181,-8.9003,Praia das Cunchas
ES,42.2183,-8.7773,Praia do Cocho das Dornas
ES,42.2187,3.1171,Platja de Can Comes
ES,42.2194,-8.9026,Area da Rompedura
ES,42.2194,-8.7771,Praia da Espedrigada
ES,42.2204,-8.776,Praia do Pincho do Gato
ES,42.2222,-8.9018,A Area das Rodas
ES,42.2229,-8.773,Praia das Fontes
ES,42.2234,-8.7668,Praia de Santa Baia
ES,42.2235,-8.759,Praia de Fontoura
ES,42.2236,-8.7636,Praia do Carril
ES,42.2244,-8.7708,Praia da Mourisca
ES,42.2244,-8.7689,Praia do Cocho
ES,42.225,-8.7555,Praia das Viúvas
ES,42.2253,-8.7558,Praia do Adro
ES,42.2254,-8.755,Praia da Ribeira de Santa Ana
ES,42.2257,-8.7546,Praia de Bouzas
ES,42.226,-8.7543,Praia do Entrante
ES,42.2262,-8.7542,Praia do Portiño de Bouzas
ES,42.2267,-8.8989,A Area do Almacén
ES,42.2271,-8.8977,A Area Pequena
ES,42.2273,-8.8966,A Area do Muxieiro
ES,42.2311,-8.9004,A Area das Figueiras
ES,42.2324,-8.9012,A Area do Arco do Engado
ES,42.235,-8.9002,Area das Margaridas
ES,42.237,-8.9012,A Area das Margaridas
ES,42.2386,-8.9022,A Area da Cantareira
ES,42.2397,3.2249,Platja de la Murtra
ES,42.2402,3.2072,Platja de Almadrava
ES,42.2409,3.1297,Platja d'Empuriabrava
ES,42.2436,3.1986,Platja de Bonifaci
ES,42.2439,3.2262,Platja de la Rostella
ES,42.2452,3.2467,Platja de la Llumenera
ES,42.2466,3.2527,Platja del Canadell
ES,42.2467,3.1966,Platja de Canyelles Petites
ES,42.2475,3.1344,Platja Petita
ES,42.2475,3.1946,
ES,42.2479,-8.7937,Praíña das Vellas
ES,42.2479,-8.7921,Praia da Ribeira do Medio
ES,42.2492,-8.7909,Praia da Congorza
ES,42.2493,3.2267,Platja del Calis
ES,42.2496,3.244,Platja de la Pelosa
ES,42.2497,-8.7949,Praia de Areamilla
ES,42.25,3.2428,
ES,42.2503,3.1819,Platja dels Palangrers
ES,42.2504,-8.7985,Praia de Entremuíños
ES,42.2507,-8.8714,Praia das Margaridas
ES,42.2507,-8.8704,Praíña da Chabola
ES,42.251,3.2282,Platja de Montjoi
ES,42.251,3.2391,Platja de Calitjàs
ES,42.2514,-8.8668,Praia de Melide
ES,42.2516,-8.8282,Praia dos Castros
ES,42.2517,-8.8011,Praíña do Anguieiro
ES,42.2525,-8.8315,Praíña do Cagallón
ES,42.2525,-8.7881,Praia da Bouciña
ES,42.2528,3.1413,la Rubina
ES,42.2528,3.2539,Platja de Jóncols
ES,42.2529,3.2577,
ES,42.2533,-8.8323,A Area das Patas
ES,42.2534,-8.7052,Praia da Manquiña
ES,42.2539,-8.8224,A Area das Moscas
ES,42.2541,-8.8339,Praíña das Eiras
ES,42.2547,-8.7063,Praia da Fábrica
ES,42.2548,-8.8212,Praia de Temperán
ES,42.255,3.2788,Platja de sa Figuera
ES,42.2553,-8.7884,Praia do Salgueirón
ES,42.2554,-8.7054,Praia da Lagoa
ES,42.2558,-8.819,Praíña do Outeiro da Vela
ES,42.2567,-8.8693,Praíña dos Tres Buracos
ES,42.2567,-8.8094,Praia do Porto
ES,42.2572,-8.6925,Praia do Pilón
ES,42.2572,-8.6909,Praia de Ríos
ES,42.2576,-8.8379,Praia da Folla de Nerga
ES,42.2579,-8.6944,Praia da Area de Ríos
ES,42.2584,-8.8105,Praia de Santa Marta
ES,42.2584,3.1491,la Rubina
ES,42.2587,-8.8678,A Area dos Fenos
ES,42.2589,-8.7033,Cala do Faro
ES,42.259,-8.7636,Praia dos Alemáns
ES,42.2591,-8.8424,A Praia Nova
ES,42.2596,-8.8138,Praia de Liméns
ES,42.2596,3.1781,Platja de la Punta
ES,42.2597,-8.767,As Areas Gordas
ES,42.2597,-8.7005,Praia do Areíño
ES,42.2599,-8.8449,Praia de Area Meán
ES,42.2599,-8.6982,Praia da Punta
ES,42.26,-8.7614,A Praia Pequena da Cova da Lontra
ES,42.2602,-8.761,Praia da Cova da Lontra
ES,42.2606,-8.8479,Praia do Preguntouro
ES,42.2611,-8.8523,Praia de Barra
ES,42.2611,3.1535,Platja de Sant Margarida
ES,42.2614,-8.7711,Praia de Rodeira
ES,42.262,-8.7593,Praia do Canaval
ES,42.2626,-8.7578,Praíña de Debaixo da Costa
ES,42.2628,-8.7837,Praia do Sinal
ES,42.2628,-8.6823,
ES,42.263,-8.7563,A Regueira
ES,42.263,3.1723,Platja Nova
ES,42.2633,-8.7781,Praia do Forte
ES,42.2633,-8.7549,A Ribeira de Ramil
ES,42.2633,-8.681,Praia do Mende
ES,42.2634,-8.7794,Praia da Ribeira do Secadouro
ES,42.2637,3.1597,Platja del Saltar
ES,42.264,-8.6788,Praia da Suacasa
ES,42.2642,-8.7541,Ribeiriña Pequena
ES,42.2646,-8.6763,Praia de Arealonga
ES,42.2647,3.1663,Platja del Rastell
ES,42.2651,-8.7531,Praia do Niño do Corvo
ES,42.2656,-8.7522,Praia do Portiño
ES,42.2664,-8.7529,Praia do Porto
ES,42.267,-8.7523,Praia de Mateu Vázquez
ES,42.2674,-8.7512,Praia da Videira
ES,42.2684,-8.7495,Praíña da Mona
ES,42.2685,-8.863,A Area da Base de Ariños
ES,42.2688,-8.7488,Praia da Pociña
ES,42.2691,-8.6733,Praia de Penedos
ES,42.2693,-8.7463,Praia do Río da Ribeira
ES,42.2698,-8.7448,Praia das Cortes
ES,42.2699,-8.7441,As Arribas
ES,42.2702,3.2828,Platja de sa Sabolla
ES,42.2707,-8.7412,Praia do Con
ES,42.2711,-8.6715,Praíña do Cubillón
ES,42.2716,-8.7402,Praia de Miranda
ES,42.2732,-8.7397,Praia do Cristo
ES,42.275,-8.7363,Praia da Mosqueira
ES,42.2761,-8.8219,Praia de Vilariño
ES,42.2765,-8.8257,Praia do Cagallón
ES,42.2767,-8.826,Praíña do Peirao
ES,42.2767,-8.7109,Praia do Buraquiño
ES,42.2771,-8.7092,Praia do Xugo dos Bois
ES,42.2778,-8.8293,Praia de Arneles
ES,42.2784,-8.8174,Praia da Laxe dos Picos
ES,42.2789,-8.7129,Praia do Cocho
ES,42.2795,-8.7053,Praia Nova do Latón
ES,42.2796,-8.7132,Praia dos Galeóns
ES,42.2797,-8.8177,Praia de San Cibrán
ES,42.2797,-8.6954,Praia do Forte
ES,42.2799,3.2767,Platja de Pius V
ES,42.2803,-8.8186,Praíña dos Croques
ES,42.2804,-8.7137,Praia da Canteira
ES,42.2806,3.28,
ES,42.2809,3.2769,Platja de sa Conca
ES,42.2812,-8.6983,Praia da Borna
ES,42.2813,-8.663,Praia da Area de Cabanas
ES,42.2814,-8.6883,Praia de Fontán
ES,42.2818,-8.6628,Praíña da Polbeira
ES,42.2821,3.2785,Platja des Sortell
ES,42.2825,-8.6854,Praia da Punta Fondón
ES,42.2826,3.2774,
ES,42.2828,3.2907,Platja de s'Arenella
ES,42.2833,-8.7169,Praia da Barra
ES,42.2833,3.2761,es Llaner Petit
ES,42.2834,-8.8219,Praia do Con do Xestadelo
ES,42.2836,-8.6841,Praia do Porto
ES,42.2836,3.2884,Platja d'en Perefet
ES,42.2836,3.2913,Platja Confitera
ES,42.2841,-8.8334,Praia de Pinténs
ES,42.2843,3.2951,Platja d'en Sanés
ES,42.2844,-8.6579,Praia de Rande
ES,42.2844,3.2755,es Llaner Gros
ES,42.2844,3.2876,Platja d'en Ros
ES,42.2845,-8.7309,
ES,42.2846,-8.8344,A Areíña dos Coveliños
ES,42.2847,-8.7337,Praia de Moaña
ES,42.2849,-8.7202,Praia do Pico
ES,42.2853,-8.8342,A Areíña dos Boliches
ES,42.2853,-8.7223,Praia do Arnado
ES,42.2855,-8.8222,Praia da Cova de Balea
ES,42.2856,3.2957,Platja des Caials
ES,42.2857,3.2856,Platja de ses Oliveres
ES,42.2863,-8.8362,Praia de San Xián
ES,42.2865,-8.7278,Praia da Xunqueira
ES,42.2865,-8.6799,Praia de Sobreira
ES,42.2871,-8.7181,Praia de Meira
ES,42.2872,-8.8375,Praia de Pipín
ES,42.2872,3.2762,Platja Port d'Alguer
ES,42.2873,-8.8221,A Praíña Vella
ES,42.2874,3.2762,
ES,42.2877,3.2817,Platja des Pianc
ES,42.2879,-8.8212,Praia de Areacova
ES,42.2882,-8.8383,Praia das Castiñeiras
ES,42.2885,3.2784,Platja Gran
ES,42.2886,3.2808,Platja des Poal
ES,42.2895,3.2916,Platja des Calders
ES,42.2904,-8.8199,Praia de Francón
ES,42.2904,-8.6773,Praia do Almacén
ES,42.2904,3.2944,
ES,42.2906,3.2933,Platja d'en Pep Ton
ES,42.2908,-8.6708,Praia do Mouro
ES,42.2909,-8.6754,Praia de San Pedro
ES,42.2911,-8.8392,Praia dos Cons da Viña
ES,42.2911,-8.6742,Praia da Fonte do Xelo
ES,42.2911,-8.6719,Praia da Queixeira
ES,42.2911,3.2949,Platja de l'Illa
ES,42.2917,-8.8438,Praia de Areabrava
ES,42.2926,-8.6175,A Praia Vella
ES,42.2928,3.2941,Cala de Massabous
ES,42.293,-8.8205,Praia de Sartaxéns
ES,42.2939,-8.8478,Praia do Cagallón
ES,42.2939,3.2869,Platja de Portlligat
ES,42.294,-8.6561,Praia do Forno da Cal
ES,42.2943,3.2895,Platja de Sant Antoni
ES,42.2946,-8.8203,Praia da Cativa
ES,42.2949,-8.8481,Praia do Loureiro
ES,42.2949,-8.6556,Praia do Norte da Atravesada
ES,42.2953,-8.8207,Praia de Menduíña
ES,42.2953,-8.615,Praia do Castañal
ES,42.2961,-8.6154,
ES,42.2962,-8.6543,A Ribeira do Norte
ES,42.2966,-8.8583,Praia das Colchas
ES,42.2966,-8.8227,A Praíña
ES,42.2973,3.2885,Platja d'en Ballesta
ES,42.2974,-8.6524,A Area de Santradán
ES,42.2977,-8.8477,Praia do Estripeiro
ES,42.2982,-8.8229,O Limpiño de Pepiña
ES,42.299,3.2893,Platja de s'Alqueria
ES,42.2992,-8.849,Praia do Foxo
ES,42.2995,-8.8496,Praia de Rabáns
ES,42.3012,-8.8509,Praíña do Atranco
ES,42.3017,-8.8511,Praia do Carballiño
ES,42.3021,3.2897,Platja d'en Talla Dofins
ES,42.3022,-8.8201,Praia de Lagoelas
ES,42.3024,-8.8213,Praia das Margaridas
ES,42.3024,3.2872,
ES,42.3028,-8.8516,Praia do Portal
ES,42.3036,3.2866,Platja des Jonquet
ES,42.305,-8.6198,Praia da Punta
ES,42.3059,-8.8539,Praia da Laxe do Río
ES,42.3062,-8.854,Praia de Couso
ES,42.3064,-8.8178,
ES,42.3064,-8.8175,Praia de Rebentóns
ES,42.3066,-8.8543,Praia do Sur do Almacén
ES,42.3067,-8.8174,A Praia Vella
ES,42.3069,-8.6583,Praia do Carballal
ES,42.3069,3.2893,Platja d'en Noues
ES,42.3071,-8.6293,Praíña da Mina
ES,42.3071,3.2946,Platja Guillola
ES,42.3074,-8.628,Praíña do Fonteadouro
ES,42.3074,3.2908,Platja de Sant Lluís
ES,42.3076,-8.6584,Praia do Estralo
ES,42.3085,-8.6593,O Areíño
ES,42.3099,-8.6238,O Vao do Cabo
ES,42.3102,3.3015,Cala Torta
ES,42.3104,-8.6216,Praia da Banda do Norte
ES,42.3114,-8.6621,O Areo do Medio
ES,42.3115,3.3027,Cala Seca
ES,42.3116,3.3035,Platja de Ribes Altes
ES,42.3119,-8.6191,Praia do Regato
ES,42.3123,-8.6617,O Areo do Redondal
ES,42.3129,3.3059,
ES,42.3133,-8.661,Praia de Pousada
ES,42.3137,-8.6607,Praia do Río do Porco
ES,42.3141,3.3075,Platja de ses Ielles
ES,42.3142,-8.8191,A Area de Bon
ES,42.3142,-8.6607,O Areo de Bouzamar
ES,42.3146,-8.8213,Praia da Cunchosa
ES,42.3147,-8.6195,Praia do Rolo
ES,42.3149,-8.6605,O Areo da Estrada
ES,42.3153,-8.6604,
ES,42.3171,3.3109,Platja Gran de Cala Jugadora
ES,42.3172,-8.6584,O Areo da Bichoa do Norte
ES,42.3176,3.315,Platja Fredosa
ES,42.3177,-8.6578,
ES,42.3177,3.3115,Platja dels Barrilers
ES,42.3177,3.3125,Zona naturista de Cala Jugadora
ES,42.3193,-8.6564,O Areo do Esteiro
ES,42.3196,-8.6511,A Ribeira do Forcado
ES,42.3222,-8.6486,Praia de Deilán
ES,42.3223,-8.6483,Praia de Deilán do Solano
ES,42.3223,-8.6476,Praia de Deilán do Río
ES,42.3226,3.3068,Platja dels Pescadors
ES,42.3233,-8.8247,A Area Pequena
ES,42.3234,3.3075,es Gentils
ES,42.324,-8.8255,Praia dos Barcos
ES,42.3242,-8.6145,
ES,42.3245,-8.8255,Praia de Lago
ES,42.3248,-8.646,A Ribeira da Comboa
ES,42.3249,-8.8256,Praia do Pozo
ES,42.3249,-8.646,A Ribeira da Comboa
ES,42.3253,-8.6423,Praíña do Voitirón
ES,42.3254,-8.8258,Praia das Gradellas
ES,42.3256,-8.6396,A Ribeira da Devesa
ES,42.3256,3.2858,Platja de Neganta
ES,42.3264,3.2882,Racó des Dofí
ES,42.3274,-8.7896,Praia da Banda do Río
ES,42.3277,3.2969,Cala Tudela
ES,42.3281,-8.8273,Os Moscallos
ES,42.3283,-8.7818,Praia de Pescadoira
ES,42.3285,-8.7939,
ES,42.329,-8.7958,
ES,42.3296,-8.7789,Praia de Petís
ES,42.3297,3.2508,
ES,42.3298,3.2498,Platja de Taballera
ES,42.3298,3.2511,
ES,42.3301,-8.7782,Praia das Margaridas
ES,42.3312,-8.7749,Praia de Loureiro
ES,42.3323,-8.7998,Praia de Beluso
ES,42.3333,-8.8265,A Praia Pequena de Ancoradouro
ES,42.3335,-8.8263,
ES,42.3338,-8.8269,Praia de Ancoradouro
ES,42.3341,-8.7703,Praia de Agrelo
ES,42.3344,3.2627,Platja de s'Arena
ES,42.3351,3.1962,Platja de l'Erola
ES,42.3351,3.241,Platja de Talabre
ES,42.3358,3.2005,Platja de la Ribera
ES,42.3359,-8.7994,Praia da Roiba
ES,42.3359,3.1945,Platja d'en Taita
ES,42.3364,-8.7658,Praia de Portomaior
ES,42.3367,3.1941,Platja dels Capellans
ES,42.3369,3.2621,Cala Prona
ES,42.3372,-8.8183,Praia de Cornide
ES,42.3376,-8.7994,Praíña de Don Servando
ES,42.3377,-8.8224,Praia da Mourisca
ES,42.3379,-8.8143,Praia de Tulla
ES,42.3381,-8.8068,Praia de Sartaxéns
ES,42.3384,-8.8018,Praia da Lapeira
ES,42.3386,-8.8079,A Area Pequena
ES,42.3388,-8.8026,
ES,42.339,3.2038,Platja de l'Escar
ES,42.3391,3.1902,Platja del Rec de Canet
ES,42.3395,-8.7573,Praia da Lorcheira
ES,42.3396,-8.7587,
ES,42.3397,-8.8248,Praia da Bucieira
ES,42.3406,-8.8262,Praia de Pedrón
ES,42.3407,3.1895,Platja d'en Pere Esteve
ES,42.341,3.2034,Platja de Port de Reig
ES,42.3415,-8.6144,Praia Muxeira
ES,42.3422,-8.7535,Praia de Lapamán
ES,42.3431,3.1862,Platja de la Vall
ES,42.3437,3.2017,Platja del Pas
ES,42.3437,3.2097,Cala Tamariua
ES,42.3442,-8.9352,A Area do Porto do Sol
ES,42.3445,-8.6123,Praia Matilde
ES,42.3448,3.2023,Platja de les Violetes
ES,42.3452,-8.5996,Praia da Xunqueira
ES,42.3455,3.2031,Platja de les Clisques
ES,42.3456,3.1851,Platja de l'Olla
ES,42.3457,-8.604,Praia da Xunqueira
ES,42.3461,-8.7516,Praia da Coviña
ES,42.3471,3.2231,Cala Fornells
ES,42.3473,3.2224,
ES,42.3476,3.2161,Cala Cativa
ES,42.3483,-8.7517,Praia do Santo
ES,42.3486,-8.9348,A Area das Moscas
ES,42.3487,-8.6215,Praia Areeiro
ES,42.3488,3.2253,Cala Torta (El Port de la Selva)
ES,42.3492,3.1862,Platja de Sota s'Arenella
ES,42.3492,3.2269,Cala Corquell
ES,42.35,-8.7533,A Area do Santo
ES,42.3503,3.1844,Platja d'en Belleu
ES,42.3509,-8.75,Praia da Ribeira
ES,42.3511,3.1823,Platja de Vaquers
ES,42.3521,3.1816,
ES,42.3528,3.1781,Platja d'en Robert
ES,42.358,-8.9414,Praia de Fedorentos
ES,42.3609,3.1628,Platja del Cau del Llop
ES,42.3623,3.1642,Platja del Molló
ES,42.3627,-8.9364,Praia do Castelo
ES,42.3632,3.1632,Platja de les Tonyines
ES,42.3641,3.1631,Platja de la Farella del Mig
ES,42.3649,-8.9356,Praia de Pereiró
ES,42.3649,3.1634,Platja de la Farella
ES,42.3656,3.1645,Platja de les Titarolites
ES,42.3658,-8.9352,
ES,42.3662,3.1651,Platja del Morer
ES,42.3665,-8.9349,
ES,42.3668,-8.9398,Praia de Caniveliños
ES,42.3668,3.1661,Platja d'en Poc
ES,42.3669,-8.9406,A Areíña
ES,42.3677,3.1667,de l'embarril
ES,42.3685,-8.7409,Praia de Loira
ES,42.3687,3.166,
ES,42.3691,3.1656,De les Carboneres
ES,42.3695,-8.9338,Praia do Canexol
ES,42.3707,-8.9383,Praia de Caniveliños do Norte
ES,42.3713,-8.9331,
ES,42.3715,3.1647,Platja de la Gola
ES,42.3717,-8.9403,
ES,42.3718,3.1602,Platja del Port
ES,42.3728,3.1583,
ES,42.3743,-8.9328,Praia da Area dos Cans
ES,42.3743,-8.7369,Praia do Moscoso
ES,42.3744,-8.7316,Praia da Goleta
ES,42.3755,-8.7321,Praia de Aguete
ES,42.3764,3.1572,Platja de l'Argilera
ES,42.3773,-8.9314,Praia das Dornas
ES,42.3778,3.1565,Platja d'en Jordi
ES,42.3779,-8.7285,Praia dos Namorados
ES,42.3785,-8.7281,Praia de Mingotes
ES,42.3788,3.1551,Platja de l'Alguer
ES,42.3792,-8.9439,Praia de Liñeiros
ES,42.38,3.1552,Platja sota del Parador
ES,42.3811,3.1558,Platja de Grifeu
ES,42.382,-8.7261,Praia do Loureiro
ES,42.3828,-8.9418,Praia das Fontiñas
ES,42.3837,3.1585,Platja Sota d'en Canals
ES,42.3842,3.1589,Platja del Cros
ES,42.3852,3.1605,Platja de Canyelles
ES,42.3855,-8.7207,Praia de Mogor
ES,42.3856,-8.9381,
ES,42.386,3.1625,Cala Bramant
ES,42.3881,3.1643,Platja Gran del Futaner
ES,42.3886,3.165,
ES,42.3889,3.1603,el Borró Gran
ES,42.3889,3.1661,
ES,42.3893,-8.8318,Praia de Canelas
ES,42.3896,3.158,Platja de Sota d'en Navata
ES,42.3899,-8.9255,Praia de Mellide
ES,42.3903,-8.7149,Praia de Portocelo
ES,42.3905,-8.7774,Praia dos Mortos
ES,42.3907,3.1627,el Borró d'Enfora
ES,42.3911,-8.8437,Praia de Paxariñas
ES,42.3912,-8.8256,Praia de Caneliñas
ES,42.393,3.1529,Platja de Garbet
ES,42.3936,-8.7802,Praia de Areas
ES,42.3942,-8.9258,Praia da Cova da Vella
ES,42.3944,-8.9266,Praia da Puciña
ES,42.3944,-8.7695,Area de Agra
ES,42.3945,-8.927,
ES,42.3963,3.1568,"Platja del Port d'en Joan, sector oest"
ES,42.3964,-8.8505,Praia de Montalbo
ES,42.3965,3.1575,"Platja del Port d'en Joan, sector est"
ES,42.3973,-8.8222,Praia de Baltar
ES,42.3973,-8.7873,Praia de Nanîn
ES,42.3973,-8.7593,Praia de Pampaido
ES,42.3976,-8.8494,Montalvo
ES,42.3977,-8.7933,Praia de Barreiros
ES,42.3984,-8.7947,
ES,42.3993,-8.7583,Santa Mariña
ES,42.3996,-8.8055,Praia dos Barcos
ES,42.4003,-8.8039,Praía da Panadeira
ES,42.4003,-8.7994,Praia Carabuxeira
ES,42.4004,-8.8007,
ES,42.4005,-8.8119,Praia de Silgar
ES,42.4007,-8.8017,Praia Lavapáns
ES,42.4007,-8.7587,Praia da Granxa
ES,42.4007,3.1644,Platja d'en Carbassó
ES,42.4018,-8.7579,Praia Pedra Alta
ES,42.4025,-8.7562,Praia de Xiorto
ES,42.403,-8.7536,Praia de Raxó
ES,42.4031,-8.8592,Praia de Bascuas
ES,42.4031,-8.7503,Praia de Sinás
ES,42.4045,3.1568,Platja de les Portes
ES,42.4055,-8.6845,A Praíña dos Praceres
ES,42.4058,3.1555,Platja dels Morts
ES,42.4059,-8.6847,Praia da Posta
ES,42.4068,-8.746,
ES,42.4068,-8.7459,
ES,42.407,-8.6832,Praia do Cuncheiro
ES,42.4071,3.1561,Platja d'en Goixa
ES,42.4076,3.1569,Cala Capellans
ES,42.4084,-8.7082,Praíña de Toralto de Fóra
ES,42.4085,-8.7076,A Area da Cova
ES,42.4088,-8.7448,
ES,42.4107,-8.866,Praia de Pragueira
ES,42.4109,-8.7058,A Area da Hedreira
ES,42.4115,3.1622,Platja Cala Rovellada
ES,42.4131,-8.7071,Praia das Margaridas
ES,42.4137,-8.7383,Praia do Laño
ES,42.4137,-8.7075,A Area da Illa
ES,42.4138,-8.7368,Praia de Ladróns
ES,42.4144,-8.708,A Area da Comboa
ES,42.4153,-8.7332,Praia do Caeiro
ES,42.417,-8.7307,Praia do Covelo
ES,42.4176,-8.7278,A Area da Barca
ES,42.42,3.1687,
ES,42.4208,-8.677,Praia do Polvorín
ES,42.4211,-8.7227,Praia de Ouriceira
ES,42.4216,3.1686,Platja del Claper
ES,42.4219,-8.7155,Praia de Chancelas Pequena
ES,42.422,3.1688,
ES,42.4221,-8.6822,Praia Cabeceira
ES,42.4224,3.1688,
ES,42.4226,-8.7185,Praia de Chancelas
ES,42.423,-8.8759,
ES,42.4271,-8.8751,Foxos
ES,42.4272,3.1613,Platja de Portbou
ES,42.4273,-8.7078,Praia da Canteira
ES,42.4278,-8.6852,
ES,42.4283,3.1605,Platja Petita
ES,42.4287,-8.686,
ES,42.4292,-8.8765,
ES,42.4294,3.1619,les Tres Platgetes
ES,42.4304,3.1641,Platja del Pi
ES,42.4314,-8.8732,Praia de Area Gorda
ES,42.433,3.1709,Platja de les Fresses
ES,42.4333,-8.7048,Praia de Rualeira
ES,42.4343,-8.8721,Praia Lapa
ES,42.4343,-8.7044,Praia do Padrón
ES,42.4349,-8.7025,
ES,42.4378,-8.6948,Praia canina A Seca
ES,42.4444,-8.6331,Praia Fluvial do Lérez
ES,42.4473,-8.8798,Praia da Lanzada
ES,42.452,-8.9277,A Fervide
ES,42.4529,-8.9244,Praia da Barrosa
ES,42.4543,-8.931,Praia de Canelas
ES,42.4544,-8.9237,Praia de Farruco
ES,42.4556,-8.9223,Buraco da Londra
ES,42.4563,-8.9208,
ES,42.4569,-8.8851,Praia do Sanatorio
ES,42.4578,-8.891,Praia da Pontella
ES,42.458,-8.937,Praia da Brañiña
ES,42.459,-8.9195,Praia do Portiño
ES,42.4597,-8.9179,Praia do Espiño
ES,42.4606,-8.8995,Praia de Raeiros
ES,42.4607,-8.9034,Praia dos Bacalláns
ES,42.4609,-8.9042,Praia do Pozo de Paxareiro
ES,42.461,-8.8224,Praia do Fonteiro
ES,42.4613,-8.9159,Praia de Seixeliño
ES,42.4618,-8.911,Praia de Area da Cruz
ES,42.4627,-8.9401,Porto de Xuncos
ES,42.4633,-8.9404,Robeiriña do Barro
ES,42.4635,-8.9411,Praia de Con da Corva
ES,42.4637,-8.8224,Praia do Couto
ES,42.4643,-8.9411,Praia de Con Negro
ES,42.4658,-8.9395,Praia da Poza
ES,42.4669,-8.9388,Praia das Pedras dos Caramuxos
ES,42.4676,-8.9384,Praia do Fuchiño
ES,42.468,-9.0047,Praia do Medio
ES,42.4683,-8.8217,Praia do Pereiro
ES,42.4692,-8.9367,Praia de Barreiro
ES,42.4704,-9.0023,Praia do Castelo
ES,42.4706,-9.0038,Praia da Galera ou do Almacén
ES,42.4708,-8.8586,
ES,42.4717,-9.0163,A Praia Pequena da Cova
ES,42.4721,-8.9356,Praia de Castiñeira
ES,42.4722,-9.0172,A Praia Grande da Cova
ES,42.4734,-9.0059,
ES,42.4735,-9.0062,Praia de Isemuíño
ES,42.4735,-8.827,Praia da Fontiña
ES,42.4746,-8.938,Praia de Pedregal
ES,42.4753,-8.9083,Praia da Lagoa
ES,42.4757,-8.9147,Praia do Con do Pardal
ES,42.4763,-9.0183,Praia dos Espiños
ES,42.4765,-8.9167,Praia de Piñeirón
ES,42.4766,-8.9376,Praia de Pateiros
ES,42.4767,-8.9082,Praia da Mexiloeira
ES,42.4774,-8.9207,Praia de Area Grande
ES,42.4778,-8.927,Praia de Barreiriño
ES,42.4782,-8.9369,Praia do Castriño
ES,42.4782,-8.932,Praia do Carreiro
ES,42.4782,-8.925,Praia da Barcela
ES,42.4784,-9.0083,Praia da Perna do Prado
ES,42.4785,-8.8264,Praia das Saíñas
ES,42.4793,-8.9004,As Roibas
ES,42.4796,-8.8981,O Portiño
ES,42.4799,-8.8965,Praia de Reboredo
ES,42.4804,-9.0104,Praia da Area dos Bois
ES,42.481,-8.8301,Praia da Praeira
ES,42.4813,-8.8944,Area das Pipas
ES,42.4819,-9.0177,Prada das Pírulas
ES,42.482,-9.0121,Praia da Zafra
ES,42.4826,-8.8934,
ES,42.4831,-8.86,Praia da Graña
ES,42.4831,-8.8511,Praia dos Fornos
ES,42.4833,-9.0159,Praia de Lagos
ES,42.4833,-8.8898,
ES,42.4834,-8.8879,Praia de Moreiras
ES,42.4834,-8.8306,Praia do Con de Xido
ES,42.4843,-9.0151,Praia do Norte
ES,42.485,-8.8598,Praia da Vía
ES,42.4854,-8.8895,
ES,42.4856,-8.8527,
ES,42.4874,-8.8574,Praia da Toxa
ES,42.4875,-8.8531,Praia de Covadelo
ES,42.4879,-8.883,Praia de Abaixo do Monte
ES,42.4885,-8.8833,Praia da Lavagueira
ES,42.4894,-8.9981,Praia de Noro
ES,42.4902,-8.8519,
ES,42.4907,-8.8843,Praia de Chan
ES,42.4908,-8.8435,Praia Fonte do Louxo
ES,42.4909,-8.8275,Praia de Correlo
ES,42.4915,-8.858,Praia de Confín
ES,42.492,-8.886,Praia do Porto de Meloxo
ES,42.4922,-8.8901,Praia das Lousiñas
ES,42.4928,-8.8488,
ES,42.4939,-8.8909,
ES,42.4945,-8.8116,Praia das Cuncheiras
ES,42.4948,-8.8596,Praia de Peralto
ES,42.4959,-8.8734,
ES,42.4967,-9.0054,Praia de Baixo
ES,42.497,-9.0032,Praia das Fieiras
ES,42.4972,-8.8433,Praia de San Sebastián
ES,42.4975,-9.004,Praia de Vionta
ES,42.4976,-9.0055,Praia do Medio
ES,42.4976,-8.8841,Praia do Porto dos Padroneses
ES,42.4976,-8.8792,Praia de Con Roibo
ES,42.4977,-9.0058,
ES,42.4979,-8.8447,Praia da Mourisca
ES,42.4981,-9.0056,Praia dos Contrabandistas
ES,42.4984,-8.8721,Praia da Mina
ES,42.4987,-9.0061,Praia de Riba
ES,42.499,-9.0043,Praia do Porto
ES,42.499,-8.8749,Praia de Rons
ES,42.4996,-9.0049,Praia do Galo de Vionta
ES,42.5,-8.845,Praia das Ánimas
ES,42.5068,-8.8215,Praia da Torre
ES,42.5071,-8.821,Praia dos Nacentes da Torre
ES,42.5096,-8.8179,Praia da Alameda
ES,42.5157,-9.0084,
ES,42.519,-9.0408,Praia de Couso
ES,42.5196,-9.0393,Praia de Couso
ES,42.5197,-9.0257,Praia da Covasa
ES,42.5203,-9.0278,Praia da Covasa
ES,42.5206,-9.0307,Praia de Celeiráns
ES,42.5215,-9.0343,Praia da Penisqueira
ES,42.5215,-9.0189,
ES,42.5228,-9.0148,Praia do Robalo
ES,42.523,-9.0417,Praia da Area Basta
ES,42.5259,-8.8645,Praia da Arnela
ES,42.5261,-8.8737,Praia das Agullas
ES,42.5261,-8.8729,Praia da Lontreira
ES,42.5262,-8.8699,Praia Dente de Can
ES,42.5262,-8.8641,Praia de Xestelas
ES,42.5263,-8.8656,
ES,42.5264,-8.8263,Praia das Suasrozas
ES,42.5265,-8.8728,Praia do Areeiro
ES,42.5266,-9.0055,Praia do Castro
ES,42.5269,-9.0095,Praia da Ribeira
ES,42.5271,-8.8661,A Praíña
ES,42.5272,-8.8727,Praia da Cova do Fiel
ES,42.5272,-8.868,Praia da Lameira
ES,42.5274,-8.8667,Praia do Porto Grande
ES,42.5278,-8.8729,Praia do Porto Pequeno
ES,42.5287,-8.874,
ES,42.5287,-8.8265,Praia do Mourillón
ES,42.5294,-9.0399,Praia de Fieitoso
ES,42.5296,-8.8667,Praia de Xastelas
ES,42.5297,-8.8795,Praia da Cruz do Carreirón
ES,42.5297,-8.8784,Praia da Lontreira de Fóra
ES,42.5301,-8.8762,Praia das Margaridas
ES,42.5309,-8.9975,Praia do Cornecho
ES,42.5311,-8.8265,Praia do Marco
ES,42.5313,-8.8808,
ES,42.5315,-8.8257,Praia Porqueira
ES,42.5318,-8.9963,Praia de Castiñeiras
ES,42.532,-8.8775,Praia dos Espiños
ES,42.5323,-8.8722,Praia de Espiñeiro
ES,42.5324,-8.8752,Praia dos Espiños das Aceñas
ES,42.5324,-8.8681,A Praíña do Pedral
ES,42.5328,-8.8808,Praia do Revello de Fóra
ES,42.533,-8.8763,Praia Pequena dos Espiños
ES,42.5331,-8.9941,Praia da Bateola
ES,42.5331,-8.8798,Praia Grande do Revello
ES,42.5331,-8.8677,Praia das Salinas
ES,42.5334,-8.8263,
ES,42.5335,-8.8793,Praia dos Petóns
ES,42.5343,-8.8782,Praia do Revelliño
ES,42.5345,-8.8265,Praia da Porqueira
ES,42.5351,-8.991,Praia de Mosqueiros
ES,42.5353,-8.8707,Praia de Rosa da Mosca
ES,42.5371,-8.8715,Praia das Aceñas
ES,42.5371,-8.827,Praia dos Namorados
ES,42.5378,-8.8271,Praia Rego do Alcalde
ES,42.538,-8.8679,Praia de Con Cerrado
ES,42.5381,-8.988,Praia da Ameixida
ES,42.5394,-8.8773,Cala San Martiño
ES,42.5399,-9.0347,Praia do Porto de Abaixo
ES,42.5403,-8.8677,Praia da Alavanqueira
ES,42.541,-8.8673,Praia do Campo
ES,42.5417,-8.8674,Praia de Camaxiñas
ES,42.5418,-9.0324,Praia do Anguieiro
ES,42.5421,-8.8275,Praia das Patiñas
ES,42.5435,-8.9841,Praia de Area Secada
ES,42.5438,-8.8291,Praia das Patiñas
ES,42.5439,-8.8778,
ES,42.5441,-8.867,Praia de Camaxe
ES,42.5442,-8.8727,Praia do Río do Sur
ES,42.5443,-8.8748,Praia da Poza
ES,42.5445,-8.8762,Praia da Ruda
ES,42.5445,-8.8721,Praia de Espiñeiro
ES,42.5448,-8.8715,A Praíña da Gradicela
ES,42.5452,-8.9836,Praia da Furna
ES,42.5452,-8.9131,As Areas do Callau
ES,42.5454,-9.03,Praia do Anguieiro
ES,42.5456,-8.8635,Praia de Camaxe Pequeno
ES,42.5462,-8.8511,
ES,42.5469,-8.8321,Praia do Castelete
ES,42.5475,-8.8719,Praia da Roza do Camallón
ES,42.5475,-8.8579,Praia da Canteira
ES,42.5476,-8.8597,Praia do Vao
ES,42.5481,-8.9847,Praia do Touro
ES,42.5482,-8.8594,Praia da Canteira
ES,42.5483,-8.8331,Praia Cabalgada
ES,42.5492,-8.8614,Praia da Xunqueira
ES,42.5493,-8.8725,Praia do Mallón
ES,42.5495,-8.9851,Praia de Fontán
ES,42.5502,-9.0295,Praia de Tomanauga
ES,42.5502,-8.9853,Praia Cativa
ES,42.5513,-8.8346,Praia do Bote
ES,42.5516,-8.8625,Praia dos Tarais
ES,42.5525,-8.8731,
ES,42.5526,-9.0309,Praia do Vilar
ES,42.5536,-8.8362,A Largada da Pasaxe
ES,42.5538,-8.8715,Praia de Gradín
ES,42.5545,-8.8619,Praia de Riasón
ES,42.5546,-8.8363,A Largada de Fóra
ES,42.5556,-8.8708,Praia da Comboa
ES,42.5565,-8.8684,Praia da Abilleira
ES,42.5567,-8.8594,Praia do Aguillón
ES,42.557,-8.835,Praia do Terrón
ES,42.5583,-8.8789,Praia de Testos
ES,42.5585,-8.858,Praia da Sapeira
ES,42.5587,-8.8813,Praia do Con de Testos
ES,42.5588,-8.8777,Praia de Milhomes
ES,42.5595,-8.8347,Praia do Terrón
ES,42.56,-8.8765,Praia do Con Retallado
ES,42.5604,-8.8326,Praia do Ariño
ES,42.5611,-8.8849,A Praíña das Abellas
ES,42.5612,-8.8592,Praia da Sapeira
ES,42.5617,-8.8862,A Praíña do Niño do Corvo
ES,42.5625,-8.8757,Praia de Semuíño
ES,42.5626,-8.8714,
ES,42.5629,-8.875,A Praíña da Fábrica
ES,42.5631,-9.038,Praia da Lagoa
ES,42.5631,-8.8747,Praia do Peirao de Pau
ES,42.5632,-8.8873,Praia de Trefeso
ES,42.5632,-8.8723,Praia da Ribeira do Chazo
ES,42.5633,-8.8596,Praia da Area da Sapeira
ES,42.5634,-8.8732,Praia da Rampla
ES,42.5635,-8.8682,
ES,42.5639,-8.8876,A Praíña do Trefeso do Norte
ES,42.5642,-8.8576,Praia do Cabodeiro
ES,42.5649,-8.9897,Praia das Carolinas
ES,42.5652,-8.8726,A Praia Vella do Nabal
ES,42.5655,-8.8558,Praia do Furado
ES,42.5656,-8.889,Praia dos Tres Illotes
ES,42.5656,-8.864,Praia dos Carcamáns
ES,42.5658,-8.8631,Praia do Lagartiño
ES,42.5659,-8.8559,Praia da Area do Medio
ES,42.566,-8.8895,Praia de Barbafeita
ES,42.5662,-8.874,Praia do Nabal
ES,42.5663,-8.9814,Praia de Coroso
ES,42.5664,-8.8313,
ES,42.5668,-8.8571,Praia da Area da Areíña
ES,42.5669,-8.8305,Praia da Carteleira
ES,42.5674,-8.8886,Praia da Pombiña
ES,42.5674,-8.8602,Praia do Aguiúncho
ES,42.568,-8.8872,Praia da Area da Secada
ES,42.5681,-8.8907,A Praíña do Con Meán
ES,42.5687,-8.8747,Praia das Rubas
ES,42.5689,-8.9661,
ES,42.5692,-8.8848,Praia da Pombiña
ES,42.5697,-8.9685,Praia de Río Azor
ES,42.5705,-8.8833,Praia de Sualaxe
ES,42.5708,-8.9629,
ES,42.5711,-8.83,Praia da Braña
ES,42.5716,-9.0753,Praia do Prado
ES,42.5717,-8.9632,
ES,42.5721,-8.884,Praia Escorregadoira
ES,42.5722,-8.8824,Praia da Sobrada
ES,42.5723,-8.8836,Praia da Escorregadoira
ES,42.5724,-8.875,A Praíña do Buraco
ES,42.5726,-8.8801,Praia dos Bufos
ES,42.5732,-8.8791,Praia do Naso
ES,42.5735,-9.0721,Praia da Rubeira
ES,42.5737,-8.962,Praia de Insuela
ES,42.5743,-8.8774,Praia da Cova
ES,42.5747,-8.9613,Praia de Supinal
ES,42.5748,-9.07,Praia da Rubeiriña
ES,42.5749,-8.8301,Praia do Fuciño do Porco
ES,42.5749,-8.8283,A Praia Vella das Sinas
ES,42.5755,-9.0552,Praia da Ladeira
ES,42.5759,-8.8092,Praia do Peirao
ES,42.5761,-8.8111,Praia da Aduana de Corón
ES,42.5761,-8.8105,Praia da Ribeira da Raposeira
ES,42.5762,-9.0677,Praia das Furnas
ES,42.5763,-8.8079,Praia de Corón
ES,42.5765,-8.8078,O Areeiro da Sanguñeira
ES,42.5765,-8.8066,Praia do Con
ES,42.5766,-8.8265,Praia da Area do Fornelo
ES,42.5766,-8.8156,Praia do Río
ES,42.5767,-8.8169,Praia da Ribeira do Boqueiro
ES,42.5767,-8.8124,O Areeiro da Braña
ES,42.5769,-9.0647,Praia da Ladeira
ES,42.5769,-8.9596,Praia da Cambra
ES,42.5769,-8.8179,Praia de Catro Cordas
ES,42.5772,-8.8179,Praia das Sinas
ES,42.5775,-8.8206,Praia da Ribeira das Rozas
ES,42.5779,-9.0816,Praia de Baleeiros
ES,42.5779,-8.8221,Praia da Queimada
ES,42.5779,-8.8062,O Areeiro de Borreiro
ES,42.578,-8.8251,Praia do Pozo do Mar
ES,42.5781,-8.8229,Praia das Sinas de Fóra
ES,42.5784,-8.8055,Praia da Ribeira das Brañas
ES,42.5785,-8.958,Praia do Baluarte
ES,42.58,-8.804,Praia da Laxe
ES,42.5801,-8.8028,Praia da Fontiña
ES,42.5803,-8.9582,Praia de Cruces
ES,42.5817,-8.8016,Praia das Laxes da Pedra Longa
ES,42.5818,-8.9575,Praia de Cures
ES,42.5822,-9.0779,Praia das Barreiras
ES,42.5826,-8.7971,Praia das Saíñas
ES,42.5829,-8.9567,Praia de Banda ó Río
ES,42.5839,-8.9538,Praia de Testal
ES,42.5842,-8.946,Praia da Corna
ES,42.5842,-8.9361,Praia da Illa
ES,42.5846,-8.7958,Praia das Saíñas
ES,42.5849,-8.9517,Praia de Vaqueiro
ES,42.5852,-8.9326,Praia da Furniña
ES,42.5862,-8.9301,Praia da Lombiña
ES,42.5867,-8.7927,Praia de Preguntoiro
ES,42.5869,-8.9257,Praia da Barca
ES,42.5878,-8.9208,Praia da Insuíña
ES,42.5886,-8.9213,Praia da Alta
ES,42.5901,-8.921,Praia de Fonte da Pedra
ES,42.5901,-8.7881,
ES,42.5904,-9.0762,Praia do Corgo
ES,42.5907,-8.7872,
ES,42.5916,-8.9205,Praia do Agro Novo
ES,42.593,-8.9206,Praia da Ladiña
ES,42.593,-8.7848,Praia de Canelas
ES,42.5946,-8.9218,Praia da Furna
ES,42.5966,-8.9274,Praia de Santo Antonio
ES,42.5976,-9.0682,
ES,42.6001,-8.9332,Praia do Areal
ES,42.6022,-8.7676,Praia da Concha
ES,42.6027,-9.0637,Praia de Espiñeirido
ES,42.6061,-8.7689,Praia de Compostela
ES,42.6066,-8.8605,Cala do Chazo
ES,42.6069,-8.8588,Praia da Piquita
ES,42.6078,-8.8655,Praia da Retorta
ES,42.6084,-8.8571,
ES,42.6097,-9.0598,Praia dos Regos
ES,42.611,-8.9333,
ES,42.611,-8.791,
ES,42.6112,-9.0591,Praia dos Regos
ES,42.6113,-8.7911,
ES,42.6116,-8.9321,Praia de San Lázaro
ES,42.6116,-8.8729,Praia de Carregueiros
ES,42.6117,-8.773,Praia do Portugalete
ES,42.612,-8.7922,
ES,42.6123,-8.7927,
ES,42.6129,-8.7749,Praia do Portugalete
ES,42.6132,-8.879,Praia de Piñeirón
ES,42.6133,-8.7769,Praia do Portugalete
ES,42.6137,-8.8603,Praia da Ladeira do Chazo
ES,42.6138,-9.0588,Praia do Eiteiro Branco
ES,42.6138,-8.9309,Praia do Pozo
ES,42.6141,-8.9275,Praia dos Raposiños
ES,42.6141,-8.786,A Praíña
ES,42.6142,-8.7856,Praia do Con
ES,42.6143,-8.788,Balouredo
ES,42.6147,-8.8841,Praia da Ribeira Grande
ES,42.6147,-8.7856,Praia de Nosa Señora
ES,42.6147,-8.7851,
ES,42.615,-8.7854,Praia da Fonte
ES,42.6151,-8.7848,Praia da Ribeira Grande
ES,42.6152,-8.784,Praia do Outeiro
ES,42.6155,-8.7834,Praia do Espiñeiro
ES,42.6172,-8.7807,Praíña do Palleiro
ES,42.6173,-8.7816,Praia de Sartaxéns
ES,42.6174,-8.8611,Praia de Angados
ES,42.6174,-8.7801,Praia da Roza do Sur
ES,42.6178,-8.7797,Praia da Roza do Norte
ES,42.6182,-8.7787,Praia do Vao do Sur
ES,42.6189,-9.0576,Praia da Catía
ES,42.6189,-8.7782,Praia do Vao
ES,42.619,-8.922,Praia do Almacén
ES,42.619,-8.7886,Praia da Fontiña
ES,42.6191,-8.7752,Praia da Rosa
ES,42.6195,-8.7888,Praia dos Couláns
ES,42.6195,-8.7785,Praia de Entre os Vaos
ES,42.6201,-8.7856,Praia do Fradiño
ES,42.6204,-8.9222,Praia da Mercé
ES,42.6204,-8.7782,Praia do Vao do Norte
ES,42.6205,-8.7873,Praia de Area Grosa
ES,42.6206,-8.8871,
ES,42.6214,-8.7826,Praia da Lanzadiña
ES,42.6215,-8.7733,Praia Longa
ES,42.6217,-8.7794,Praia da Gurita
ES,42.622,-8.7812,Praia da Lanzada
ES,42.6223,-8.9207,
ES,42.6224,-9.0531,Praia de Canido
ES,42.6237,-9.0517,Praia da Sarrosa
ES,42.6239,-8.8835,Praia Grande do Esteiro
ES,42.6241,-8.9189,
ES,42.6248,-9.0494,Praia do Seixo
ES,42.6248,-8.8834,Praia da Granxa
ES,42.6249,-8.7695,Praia do Salgueiral
ES,42.625,-8.917,
ES,42.6251,-8.8833,Praia de Tras das Eiras
ES,42.6253,-8.8818,
ES,42.6255,-8.9153,
ES,42.6261,-8.9142,
ES,42.6271,-8.8574,Praia da Ladeira Pequena
ES,42.6276,-8.9126,
ES,42.6276,-8.8563,Praia de Piñeiro
ES,42.6289,-8.842,Praia Redonda
ES,42.6296,-8.8739,Praia do Careixo
ES,42.6302,-8.8506,Praia de Mañóns
ES,42.6306,-8.908,
ES,42.632,-8.9059,Praia do Conchido
ES,42.632,-8.8391,Praia da Fontenla
ES,42.6326,-8.9037,Praia do Costadal
ES,42.6331,-9.0447,Praia de Areas Longas
ES,42.6331,-8.7618,Praia de Bamio
ES,42.6332,-8.8744,Praia de Rebordelo
ES,42.6351,-8.9021,Praia da Agramuíña
ES,42.6359,-8.8407,Praia de Area Longa
ES,42.6362,-8.7586,
ES,42.6362,-8.757,
ES,42.6365,-8.8782,Praia do Saltiño
ES,42.6372,-8.7972,Praia de Lodeiro
ES,42.6372,-8.7562,
ES,42.6375,-8.9014,Praia de Escarabote
ES,42.638,-8.7944,Praia da Sebeira
ES,42.6382,-8.8012,Praia do Porrón
ES,42.6384,-9.0395,Praia de Basoñas
ES,42.6388,-8.8038,
ES,42.6392,-8.7553,
ES,42.6395,-8.8538,Praia de Supicho
ES,42.6396,-8.8908,Praia de Barraña
ES,42.6396,-8.8499,Praia de Suquintáns
ES,42.6401,-8.8057,Praia de Redemuíños
ES,42.6406,-8.7863,Praia de Sartaxes
ES,42.6407,-8.8983,Praia Xardín
ES,42.6421,-8.8087,Praia de Tronco
ES,42.6421,-8.78,Praia da Laxe
ES,42.6436,-9.0383,Praia das Furnas
ES,42.6442,-8.8135,Praia de Tanxil
ES,42.6452,-8.8171,Praia de Quenxo
ES,42.6452,-8.8152,Praia de Baltar
ES,42.6471,-8.7736,Praia de Leiro
ES,42.648,-8.8601,Praia do Bodión
ES,42.6484,-9.037,Praia do Río Sieira
ES,42.6497,-8.771,Praia da Cunchó
ES,42.6514,-8.7486,Praia das Trece Cruces
ES,42.6546,-9.0408,A Praia Bacán
ES,42.6547,-8.8545,Suaribeira
ES,42.6558,-8.8538,Praia da Arnela
ES,42.6589,-8.8521,Area Basta
ES,42.661,-8.8144,Praia do Pazo
ES,42.6621,-8.8421,Praia de Neixón
ES,42.6621,-8.8412,
ES,42.6628,-8.7441,Praia das Sobreiras
ES,42.6649,-8.8167,Praia da Torre
ES,42.6655,-8.851,Praia de Riba de Mar
ES,42.6657,-8.8466,Praia de Area Basta
ES,42.6663,-8.828,
ES,42.6663,-8.8227,Praia de Susolmos
ES,42.6669,-8.8245,Praia da Salgueiriña
ES,42.6697,-9.0384,Praia de Nadelas
ES,42.6705,-8.8313,
ES,42.6717,-8.7289,Praia Fluvial de Catoira
ES,42.672,-9.0344,Praia das Seiras
ES,42.6732,-8.8328,Praia das Caldas
ES,42.676,-9.0326,Praia de Queiruga
ES,42.6855,-9.0286,Praia do Dique
ES,42.6908,-9.0282,Praia de Area Longa
ES,42.6933,-9.029,
ES,42.6944,-9.0303,Praia do Castro
ES,42.6975,-9.0292,Praia de Coído
ES,42.71,-9.0123,Praia da Arnela
ES,42.7147,-9.0093,Praia de Fonforrón
ES,42.7177,-9.0084,Praia da Macarena
ES,42.7263,-9.0072,
ES,42.7268,-9.0068,Praia da Sagrada
ES,42.7268,-9.0002,Praia do Cruceiro
ES,42.7287,-8.9955,Praia de Suigrexas
ES,42.7328,-8.9934,Praia da Becha
ES,42.7357,-8.9924,Praia de Cabeiro
ES,42.7421,-8.9692,Praia da Aguieira
ES,42.7423,-8.9799,Praia da Poza
ES,42.7424,-8.9849,Praia do Prado das Vellas
ES,42.7448,-9.0903,
ES,42.7456,-9.0908,
ES,42.7467,-8.9568,Praia do Pozo
ES,42.7486,-8.9547,Praia de Laraño
ES,42.7514,-8.9521,Praíña do Demo
ES,42.7515,-9.0973,Praia de Area Maior
ES,42.7533,-9.0797,Praia do Fogareiro
ES,42.7539,-9.0791,Praia de Vieta
ES,42.7549,-9.0782,Praia de Godai
ES,42.7554,-8.9513,Praia de Coira
ES,42.7562,-9.1119,Praia do Ancoradoiro
ES,42.7582,-9.0724,Praia de San Francisco
ES,42.759,-8.9506,Praia de Entrepuntas
ES,42.7594,-8.9463,Praia de Portosín
ES,42.7601,-9.0665,Praia do Espadanal
ES,42.7601,-9.0638,Praia da Vouga
ES,42.7623,-8.9444,Praia da Romera
ES,42.7646,-9.1184,Praia de Lariño
ES,42.7647,-8.9426,Praia da Gafa
ES,42.7665,-8.9403,A Praia Rebolar
ES,42.7677,-8.94,Praia da Ornanda
ES,42.7727,-8.94,Praia da Batuda
ES,42.7736,-8.9632,
ES,42.7738,-8.9402,
ES,42.7743,-8.9652,
ES,42.7746,-9.1244,Praia de Abesán
ES,42.7746,-9.0548,Praia do Castelo
ES,42.7753,-8.9375,Praia de Pedras Miúdas
ES,42.7755,-8.9375,Praia da Telleira
ES,42.7763,-8.9369,Praia da Telleira Pequena
ES,42.7773,-8.9346,Praia do Cabalo
ES,42.7779,-9.1261,Praia da Arca
ES,42.7787,-8.9325,Praia de Boa Grande
ES,42.7791,-8.9629,Praia de Porto de Bois
ES,42.7801,-8.9857,Praia de Fontenla
ES,42.7809,-8.958,Praia da Arnela
ES,42.7812,-9.0017,Praia de Cabanas
ES,42.7815,-9.1274,Praia das Botes
ES,42.7817,-8.9959,Praia de Reimundes
ES,42.7819,-8.9298,Praia de Boa Pequena
ES,42.782,-9.0023,Praia de Areíña do Medio
ES,42.7822,-9.0642,Praia da Virxe do Camiño
ES,42.7823,-8.9997,O Areal
ES,42.7833,-8.9815,Praia de Somorto
ES,42.7834,-9.0033,Praia do Seixal
ES,42.7834,-8.9529,Praia do Cotarín
ES,42.784,-8.9273,Praia de Concharrao
ES,42.7844,-9.009,Praia de Coído
ES,42.7848,-8.926,Praia de Concharrao
ES,42.7853,-9.065,
ES,42.7858,-8.9807,Praia de Agro Covo
ES,42.7862,-8.9238,
ES,42.7865,-9.0584,Praia da Rocha
ES,42.7866,-9.064,
ES,42.7866,-9.061,
ES,42.787,-9.0638,
ES,42.7877,-8.9789,Praia da Pedra Redonda
ES,42.788,-9.0508,Praia de Laxeiras
ES,42.788,-8.9785,Praia da Pedra Redonda
ES,42.7882,-9.1322,Praia dos Susiños
ES,42.789,-8.9692,Praia de Medrón
ES,42.7892,-8.908,Praia Rebordiño
ES,42.7897,-8.9716,Praia do Portiño
ES,42.7904,-8.9131,Praia de Testal
ES,42.7907,-8.9794,Praia do Artón
ES,42.7907,-8.9772,Praia de Prameán
ES,42.791,-9.014,Praia de Salgueiro
ES,42.7914,-9.1347,Praia de Ardeleiro
ES,42.7916,-8.9474,Praia da Corveira
ES,42.7922,-9.0351,Praia do Salto
ES,42.7922,-8.8997,
ES,42.7927,-9.0124,Praia de Arruxo
ES,42.7927,-8.899,
ES,42.7929,-8.8985,
ES,42.7961,-9.1402,Praia de Ximprón
ES,42.7976,-9.0298,Praia da Area Triga
ES,42.7978,-8.9239,
ES,42.7978,-8.9201,
ES,42.7988,-9.0137,Praia de Mondelo
ES,42.7989,-9.0265,Praia de Ventín
ES,42.799,-8.9252,Praia Bitureira
ES,42.7997,-9.0218,Praia de Liñares
ES,42.8003,-9.0176,Praia de Bornalle
ES,42.8011,-8.9427,Praia dos Vimbios
ES,42.8013,-8.9289,Praia de Broña
ES,42.8018,-9.1458,Praia do Porto da Barca
ES,42.8018,-8.9408,Praia de Portosiavo
ES,42.802,-9.1438,Praia do Porto dos Robalos
ES,42.8025,-9.1423,Praia do Porto das Caramuxas
ES,42.803,-8.8994,Praia de A Barquiña
ES,42.8032,-9.1401,Praia de Porto Ancho
ES,42.8036,-9.137,Praia de Portocubelo
ES,42.8047,-9.1281,Praia de Mar de Lira
ES,42.805,-9.1333,Praia de Rebordelo
ES,42.8056,-9.1252,Praia do Cancelo
ES,42.8075,-9.1209,Praia de Cons
ES,42.8092,-9.1175,Praia dos Carreiros
ES,42.8245,-9.1084,Praia de Carnota
ES,42.8406,-9.1053,A Boca do Río
ES,42.8448,-9.1143,Praia de San Mamede
ES,42.8475,-9.132,Praia de Sarradela
ES,42.848,-9.1242,Praia de Cabalicas
ES,42.8484,-9.1344,Praia da Insuela
ES,42.851,-9.1371,Praia do Gramelo
ES,42.8611,-9.1434,Praia de Carreiroa
ES,42.8651,-9.1692,O Porto de Riba
ES,42.8677,-9.1461,Praia de Porto Negros
ES,42.8695,-9.1473,Praia da Area Branca
ES,42.8733,-9.1479,Praia de Salomba
ES,42.8773,-9.1446,Praia de Corna Becerra
ES,42.8795,-9.1459,Praia do Pedrullo
ES,42.8806,-9.185,O Peirao
ES,42.8819,-9.1415,Praia de Quilmas
ES,42.8822,-9.1435,Praia do Porto de Abaixo
ES,42.8914,-9.1368,Praia de San Pedro
ES,42.8918,-9.1391,O Porto das Cortizas
ES,42.8928,-9.1412,Praia do Portiño
ES,42.8952,-9.1419,Praia do Fornelo
ES,42.8953,-9.1408,
ES,42.896,-9.1392,Praia da Espiñeira
ES,42.8969,-9.1336,Praia do Sinal
ES,42.8971,-9.1344,Praia do Sinal
ES,42.8997,-9.131,Praia do Rego da Auga
ES,42.9017,-9.2621,Praia do Corveiro
ES,42.9045,-9.1273,
ES,42.9049,-9.2619,Praia da Ribeira
ES,42.9069,-9.1269,Praia do Ézaro
ES,42.907,-9.2623,
ES,42.9085,-9.2753,Praia do Mar de Fóra
ES,42.9092,-9.1306,Area Grande
ES,42.9108,-9.1329,Area Pequena
ES,42.9115,-9.2628,
ES,42.9117,-9.1477,Praia de Gures
ES,42.9121,-9.2633,
ES,42.9126,-9.2636,
ES,42.9141,-9.1555,Praia de Caneliñas
ES,42.9142,-9.2648,Praia do Raposo
ES,42.9182,-9.1959,
ES,42.9206,-9.2574,Praia da Lagosteira
ES,42.9206,-9.1628,Praia do Rego
ES,42.926,-9.1867,A Coviña
ES,42.9265,-9.1659,Praia da Comboa
ES,42.9269,-9.1673,Praia do Casteliño
ES,42.9282,-9.169,Praia do Castelo
ES,42.9285,-9.2417,Praia de Talón
ES,42.929,-9.1689,
ES,42.9291,-9.1853,O Castelo
ES,42.9292,-9.2086,Praia dos Muíños
ES,42.9309,-9.1706,Praia do Illote
ES,42.9311,-9.2147,Praia da Cova
ES,42.9342,-9.171,Praia das Leiriñas
ES,42.9345,-9.1713,Praia do Caudeliño
ES,42.9382,-9.1904,Praia de Quenxe
ES,42.9411,-9.2266,Praia de Restrelo
ES,42.9412,-9.2315,Praia de Sardiñeiro
ES,42.9425,-9.2837,Praia da Arnela
ES,42.9425,-9.22,Praia de Estorde
ES,42.944,-9.1758,Praia de Brens
ES,42.9453,-9.1931,
ES,42.9479,-9.1926,
ES,42.9526,-9.1896,Praia da Concha
ES,42.9616,-9.2745,
ES,42.9673,-9.2659,Praia de Rostro
ES,42.975,-9.2595,Praia do Mexadoira
ES,42.9914,-9.2596,
ES,42.9959,-9.2581,
ES,42.997,-9.2579,
ES,43.0013,-9.2586,Praia de Lires
ES,43.0028,-9.2549,
ES,43.0073,-9.2607,Praia de Nemiña
ES,43.0484,-9.2626,Praia de Moreira
ES,43.0841,-9.2435,Praia da Arnela
ES,43.0876,-9.2228,Praia de Lourido
ES,43.0899,-9.1913,Praia dos Muños
ES,43.091,-9.1854,Praia das Raias
ES,43.0915,-9.2208,
ES,43.0924,-9.1822,Area do Coto
ES,43.093,-9.1947,Praia de Loureiros
ES,43.0966,-9.1962,Praia de Borreiros
ES,43.0987,-9.1827,
ES,43.0996,-9.1827,Praia da Ribeira
ES,43.1001,-9.2086,Praia de Espiñeirido
ES,43.1002,-9.2125,Praia da Cruz
ES,43.1014,-9.2043,Praia de Fornelos
ES,43.102,-9.2135,
ES,43.1024,-9.1759,
ES,43.1026,-9.2188,Praia do Coído
ES,43.1041,-9.1672,Praia do Lago
ES,43.1053,-9.2166,Praia das Lanchas
ES,43.107,-9.1661,Praia do Lago
ES,43.1145,-9.1634,Praia da Barreira
ES,43.1194,-9.1625,
ES,43.1202,-9.1622,
ES,43.1249,-9.1913,
ES,43.1251,-9.1901,
ES,43.1258,-9.153,Praia Area Grande
ES,43.1289,-9.1622,Praia Rego dos Coiros
ES,43.1291,-9.1589,
ES,43.1293,-9.1583,
ES,43.1296,-9.1474,
ES,43.131,-9.1658,Ariña Branca
ES,43.1315,-9.1984,Praia de Lago
ES,43.1316,-9.1492,
ES,43.1317,-9.154,Praia do Ariño
ES,43.1337,-9.1797,Praia de Cedeira
ES,43.1374,-9.1729,Praia de Lingunde
ES,43.1378,-9.1772,Praia de Area da Vila
ES,43.1431,-9.1647,
ES,43.1432,-9.1693,
ES,43.1441,-9.1701,
ES,43.1454,-9.2082,
ES,43.1461,-9.1697,
ES,43.1468,-9.1697,
ES,43.1468,-9.1637,
ES,43.1471,-9.2093,
ES,43.1473,-9.1696,
ES,43.1474,-9.1692,
ES,43.148,-9.2107,
ES,43.148,-9.1687,
ES,43.1485,-9.1681,
ES,43.1496,-9.1639,
ES,43.1498,-9.2123,
ES,43.1596,-9.1905,Playa de A Pedrosa
ES,43.1603,-9.1871,Playa de Balea
ES,43.1606,-9.1887,
ES,43.1639,-9.1843,Playa de Area Longa de Reira
ES,43.1668,-9.1806,Praia de Reira
ES,43.1716,-9.1789,
ES,43.1746,-9.1781,
ES,43.1803,-9.0906,Praia de Camelle
ES,43.1815,-9.0895,Praia do Lastre
ES,43.1829,-9.0891,Praia do Portiño
ES,43.1831,-9.158,Playa de Trece
ES,43.1839,-9.1544,Playa de Trece
ES,43.1841,-9.0609,Praia do Caramiñal
ES,43.1843,-9.1743,
ES,43.1847,-9.1525,
ES,43.1847,-9.0651,
ES,43.1852,-9.1089,
ES,43.1853,-9.106,Praia de Arou
ES,43.1856,-9.1505,
ES,43.186,-9.1116,Praia de Braña de Lazo
ES,43.1872,-9.1495,
ES,43.1873,-9.1043,Praia do Curro
ES,43.1873,-9.1,Praia da Lagoa
ES,43.1903,-9.0977,
ES,43.1905,-9.0973,
ES,43.1908,-9.15,
ES,43.1908,-9.1352,
ES,43.191,-9.0491,Praia de Traba
ES,43.1918,-9.15,
ES,43.1927,-9.1343,
ES,43.193,-9.1324,
ES,43.1937,-9.1338,Praia da Enseada de Cabanas
ES,43.1942,-9.0406,Praia do Paio
ES,43.1943,-9.1169,Praia Area das Lobeiras
ES,43.2084,-9.0334,Praia de Arnado
ES,43.212,-9.0336,Praia do Castrillón
ES,43.215,-9.0223,Praia de Soesto
ES,43.2158,-8.9472,
ES,43.2183,-8.9456,
ES,43.2189,-8.9986,Praia de Laxe
ES,43.2192,-8.9336,Praia do Pendón
ES,43.2208,-8.9481,
ES,43.2218,-8.9298,
ES,43.224,-8.9714,Praia de San Pedro
ES,43.2249,-8.9668,Praia de Rebordelo
ES,43.2267,-9.0106,Praia dos Cristais
ES,43.2273,-8.9236,Praia da Urixeira
ES,43.2278,-8.9468,Praia das Maceiras
ES,43.2281,-8.9505,Area das Vacas
ES,43.2309,-8.9325,Praia do Medio
ES,43.2311,-8.9196,
ES,43.232,-8.9381,Praia da Barra
ES,43.2325,-8.9197,Praia do Curro
ES,43.2417,-8.9425,Praia de Balarés
ES,43.2541,-8.9499,Praia de Riocovo
ES,43.2628,-8.9517,Praia da Ermida
ES,43.2634,-8.9743,Praia das Cunchas
ES,43.2649,-8.956,Praia da Furna
ES,43.2655,-8.9561,Praia do Osmo
ES,43.2656,-8.9597,Praia da Arnela
ES,43.2688,-8.9827,Praia da Insua
ES,43.2819,-8.9277,Praia de Area Pequena da Barda
ES,43.2827,-8.9264,Praia da Barda
ES,43.2845,-2.1313,Oribarzar
ES,43.2886,-2.1278,Orioko hondartza
ES,43.2891,-2.1656,Zarauzko hondartza
ES,43.2892,-2.154,Inurritzako hondartza eta biotopoa
ES,43.2894,-2.1788,
ES,43.2897,-2.1288,
ES,43.2899,-2.166,Zarauzko hondartza
ES,43.2901,-2.1567,Iñurritza
ES,43.2903,-8.7109,Praia de Razo
ES,43.2907,-8.7201,
ES,43.2914,-8.7228,
ES,43.2922,-2.1895,Karramarro
ES,43.2925,-8.9119,Praia do Niño do Corvo
ES,43.2928,-8.9167,Praia de Santa Mariña
ES,43.2928,-8.9156,
ES,43.2931,-8.9084,
ES,43.2931,-8.9073,Praia do Morro
ES,43.2934,-8.7458,Praia do Riás
ES,43.2934,-8.7393,Praia das Torradas
ES,43.2939,-8.7339,Praia de Pradeira
ES,43.2942,-8.7348,
ES,43.2944,-8.749,
ES,43.2946,-8.9048,Praia de Niñóns
ES,43.2961,-8.6826,Praia de Baldaio - As Saíñas
ES,43.2964,-2.2789,Aitzuri hondartza
ES,43.2966,-2.3177,Mendatako kala
ES,43.297,-2.312,Sakoneta
ES,43.2974,-2.3251,Itxaspe
ES,43.2981,-2.3528,Debako Santiago hondartza
ES,43.2994,-8.7718,Praia da Rega Grande
ES,43.2994,-2.3504,
ES,43.2995,-2.3482,Lapari
ES,43.2996,-8.7704,
ES,43.2998,-8.7742,Praia da Rega Pequena
ES,43.2998,-8.7673,Praia de San Miro
ES,43.3002,-2.2609,Itzurun hondartza
ES,43.3003,-2.3565,Ondarbeltz hondartza
ES,43.3004,-2.2621,
ES,43.301,-2.3565,
ES,43.3019,-2.2468,Santiago hondartza
ES,43.3021,-2.2015,
ES,43.3023,-2.9809,Solarium-Zona de Pesca Los Cargaderos
ES,43.3024,-8.6591,Praia da Pedra do Sal
ES,43.3027,-2.2024,Malkorbe hondartza
ES,43.3032,-2.2461,
ES,43.3033,-8.9098,
ES,43.3039,-8.6552,Praia da Lapeira
ES,43.3039,-2.2061,Gaztetape hondartza
ES,43.3046,-2.2067,
ES,43.3068,-8.642,Praia das Bombillas
ES,43.3069,-8.6434,Praia da Arnela
ES,43.3077,-2.3709,Alkolea
ES,43.3085,-8.6353,Praia de Leira
ES,43.3086,-2.0722,Agitiko Hondartza
ES,43.3098,-8.6325,
ES,43.3109,-8.5515,Praia de Barrañán
ES,43.3114,-2.3801,Burumendi hondartza
ES,43.3115,-8.5595,Praia do Reiro Grande
ES,43.3116,-8.558,
ES,43.3119,-8.5607,Praia do Reiro Pequeno
ES,43.3127,-8.5434,Praia das Combouzas
ES,43.3127,-2.382,Hirugarren hondartza
ES,43.3129,-8.8742,Praia de Barizo
ES,43.3148,-8.8598,Praia de Esteiro
ES,43.3154,-8.359,Praia de entrepontes
ES,43.3156,-8.5333,Praia da Area Grande
ES,43.3162,-8.608,Praia do Caracoleiro
ES,43.3164,-8.6095,Praia de Salseiras
ES,43.3168,-8.6078,Praia do Carreiro
ES,43.3169,-2.0015,Ondarreta
ES,43.3173,-2.0391,Biosalbi
ES,43.3175,-2.0014,
ES,43.3177,-8.8639,Praia de Area Pequena
ES,43.3177,-8.8632,
ES,43.3177,-8.6045,
ES,43.3177,-8.5302,Praia de Area Pequena
ES,43.3177,-1.9915,Kontxa hondartza
ES,43.3179,-8.607,Praia do Cárcere Vello
ES,43.3181,-8.6051,Praia da Ribeira
ES,43.3185,-1.9918,La Concha
ES,43.3188,-8.8478,Praia da Froxilla
ES,43.3196,-8.6071,Praia da Arnela Grande
ES,43.3198,-8.8458,Praia de Beo
ES,43.3199,-8.6071,Praia da Arnela
ES,43.32,-8.6072,Praia da Arnela Pequena
ES,43.3202,-8.6073,Praia de Arnela Pequena
ES,43.3206,-8.5253,Praia da Arbosa
ES,43.3207,-1.9996,Cala de Santa Clara
ES,43.3215,-8.5242,Praia dos Ripibelos
ES,43.3218,-2.4108,Saturraran
ES,43.3222,-8.5229,A Santa Baia
ES,43.3224,-2.4086,Saturraran naturista
ES,43.3233,-8.5215,Praia da Salsa
ES,43.3234,-2.4182,Arrigorri hondartza
ES,43.3235,-8.8137,Praia de Area Maior
ES,43.3239,-8.8168,A Area de Canido
ES,43.3257,-8.5187,O Carreiro
ES,43.3263,-8.2101,
ES,43.3267,-8.5105,O Areal de Alba
ES,43.3267,-1.9761,Zurriola
ES,43.327,-8.5176,Praia dos Cacheiros
ES,43.327,-3.0174,Areetako Hondartza
ES,43.3275,-1.9763,
ES,43.3282,-8.8276,Praia de Seaia
ES,43.3285,-8.212,Praia do Pedrido
ES,43.3297,-8.5089,Praia de Alba
ES,43.3297,-8.5064,O Areal de Sabón
ES,43.3312,-8.2167,Praia da Cabana
ES,43.3317,-8.2176,
ES,43.3324,-8.2208,Praia do Regueiro
ES,43.3333,-1.9227,Alabortza hondartza
ES,43.3334,-8.2141,Seca do Pedrido
ES,43.3341,-8.2215,Seca do Regueiro
ES,43.3366,-8.2045,Praia da Abeleira
ES,43.3373,-8.38,Praia de Santa Cristina
ES,43.3374,-3.0105,Playa de la Bola
ES,43.3381,-8.2263,Praia de Moruxo
ES,43.3388,-8.2135,Praia da Insua
ES,43.3389,-8.2042,Praia da Alameda
ES,43.3398,-8.3829,
ES,43.3405,-8.3792,Praia de Santa Cristina
ES,43.341,-8.3627,Praia de Bastiagueiro
ES,43.3413,-8.3668,
ES,43.3426,-8.3862,Praia das Xuvias
ES,43.3428,-8.2378,Praia de Gandarío
ES,43.3428,-8.2313,Area Chica
ES,43.3436,-8.3563,Praia de Bastiagueiriño
ES,43.3442,-3.0134,Ereaga
ES,43.3455,-8.2092,Praia de Sumiño
ES,43.3457,-2.4686,Ametzela
ES,43.3463,-3.1221,Cala del Socorro
ES,43.3466,-3.1216,Cala del Resguardo
ES,43.3468,-8.3829,Praia de Oza
ES,43.3472,-8.3484,Praia de Santa Cruz
ES,43.3485,-3.1173,Playa de la Arena
ES,43.3487,-8.2106,Praia da Ribeira
ES,43.3489,-8.2497,Praia das Delicias
ES,43.349,-3.0152,Portuzarra hondartza
ES,43.3505,-1.7913,
ES,43.3511,-8.3488,Praia da Cova da Hedra
ES,43.3516,-8.2171,Praia de Soseto
ES,43.3522,-8.2519,Praia Nova
ES,43.3527,-8.478,Praia de Auga Doce
ES,43.3528,-8.488,A Area Grande
ES,43.3528,-8.4827,Croieira de Auga Doce
ES,43.3531,-3.1311,
ES,43.3532,-8.3474,Praia do Nabal
ES,43.3536,-3.1131,Cala del Vivero
ES,43.3541,-3.0788,Playa de Zierbena
ES,43.3543,-8.489,A Area do Porto
ES,43.3552,-3.1123,Playa del Lastrón
ES,43.3558,-3.0198,Arrigunaga
ES,43.3583,-8.837,Praia de Area das Cunchas
ES,43.3583,-8.8365,
ES,43.3596,-8.2119,A Praia Grande
ES,43.3599,-8.4565,Praia de Bens
ES,43.3611,-8.4568,
ES,43.3618,-2.4977,Karraspio txikia
ES,43.3625,-2.5001,Isuntza hondartza
ES,43.3628,-2.4944,Karraspio hondartza
ES,43.3631,-8.3463,Praia das Margaridas
ES,43.3633,-8.3468,Cala Camposa
ES,43.3637,-3.194,Playa de Dicido
ES,43.3638,-3.1892,Playa de La Turbia
ES,43.3648,-8.2505,Praia de Morazón
ES,43.3658,-8.2113,Praia de Lago
ES,43.3675,-3.1954,Cala de Dícido
ES,43.3683,-8.2568,Praia de Arnela Vella
ES,43.3684,-8.4572,
ES,43.3684,-1.7922,
ES,43.3688,-8.3389,Praia de Canide
ES,43.3688,-1.7922,
ES,43.3691,-8.4114,Praia de Riazor
ES,43.3693,-8.3404,Cala do Cabalo
ES,43.3693,-8.259,Praia da Arnela
ES,43.3699,-8.4576,
ES,43.3712,-8.4182,Praia de San Roque
ES,43.3715,-8.2608,Praia das Fontiñas
ES,43.3716,-8.3389,Praia do Portelo
ES,43.3719,-8.4055,Praia do Orzán
ES,43.3723,-8.4187,Praia de San Roque-Lino
ES,43.3725,-8.4465,Praia do Portiño
ES,43.3725,-8.2614,Praia dos Lobos
ES,43.3729,-8.4463,
ES,43.373,-2.545,Ogella hondartza
ES,43.3731,-3.2045,Playa de Arciseri
ES,43.3734,-8.2163,Praia de Marín
ES,43.3734,-3.204,
ES,43.3734,-3.2032,Cala de Los Frailes
ES,43.3737,-3.2089,Cala de Cotolino
ES,43.374,-8.4196,Praia de San Roque-Cetaria
ES,43.3743,-3.2115,Playa Brazomar
ES,43.375,-8.2616,Praia de Armenteiro
ES,43.3755,-8.4039,Praia do Matadoiro
ES,43.3759,-8.3388,
ES,43.3765,-8.2152,Praia de Perbes
ES,43.3769,-8.4468,
ES,43.3769,-8.3382,Praia de Santa Ana
ES,43.3773,-8.4251,
ES,43.3779,-8.445,
ES,43.378,-3.2125,Solarium
ES,43.3783,-8.2647,Praia de Penarroxa
ES,43.3786,-8.2152,Praia de Andaio
ES,43.3788,-8.265,Praia de Pedralba
ES,43.3791,-8.4085,Praia das Morosas
ES,43.3794,-2.5538,Bedaroako Ogella
ES,43.3796,-8.3388,Praia de Mera
ES,43.38,-1.7945,Hondarribiko hondartza
ES,43.3801,-8.2166,Praia da Barrosa
ES,43.3802,-8.2653,
ES,43.3803,-8.2649,Praia de Lourido
ES,43.3805,-3.0173,Gorrondatxe - Azkorri
ES,43.3806,-8.3505,Cala do Xunqueiro
ES,43.3808,-8.3387,A Solapa
ES,43.3813,-8.2178,Praia dos Gatos
ES,43.3815,-3.2172,Arenal
ES,43.3816,-8.3396,O Patelo
ES,43.3817,-8.3967,Praia de Santo Amaro
ES,43.382,-8.3408,
ES,43.3823,-2.584,Areatza
ES,43.3824,-8.266,Praia de Lavadeira
ES,43.3826,-8.3427,Praia de Espiñeiro
ES,43.383,-8.3447,Area Nova
ES,43.3831,-8.2883,Praia de San Pedro
ES,43.3838,-8.4061,Praia das Lapas
ES,43.3838,-3.0071,Barinatxe
ES,43.384,-8.3937,Praia de Durmideiras
ES,43.3841,-2.5833,Ea hondartza
ES,43.3844,-8.3927,Praia do Mouro
ES,43.3846,-8.2952,Praia de Cirro
ES,43.3849,-8.2734,Croieira de Amandi
ES,43.3852,-8.2723,Croieira da Revolta
ES,43.3855,-3.2182,Cala El Pedregal
ES,43.3856,-8.2203,Praia Nudista da Insua
ES,43.386,-8.2727,Croieira de San Mamede
ES,43.3862,-8.3958,Praia do Coído
ES,43.3867,-8.3995,
ES,43.3868,-4.3214,Playa de La Rabia
ES,43.3869,-3.2245,Playa de Ostende o Urdiales
ES,43.3871,-8.3991,
ES,43.3874,-8.2198,Praia do Gurugú
ES,43.3882,-2.997,Arrietara
ES,43.389,-8.2976,Praia de Portelo
ES,43.3892,-4.2848,Playa de Comillas
ES,43.3896,-8.2184,Praia de Coído
ES,43.3897,-4.3178,
ES,43.3897,-4.2734,
ES,43.39,-4.5123,Playa del Pedreru
ES,43.3902,-8.2988,
ES,43.3903,-2.5974,Natxituko Lapatza
ES,43.3904,-2.9933,Atxabiribil
ES,43.3908,-4.473,
ES,43.3909,-1.7908,Cala de los frailes
ES,43.391,-8.2988,
ES,43.3911,-4.5143,
ES,43.3912,-8.2176,Praia de Paredes
ES,43.3912,-4.3836,Playa de El Rosal
ES,43.3915,-8.3434,Praia de Canaval
ES,43.3915,-2.9905,El Sitio
ES,43.3916,-4.2651,Playa de Fonfría
ES,43.392,-4.3896,Ensenada de la Barra
ES,43.3921,-8.3444,Croieira de Canaval
ES,43.3924,-4.5651,Playa El Vivero
ES,43.3925,-4.474,
ES,43.3927,-4.5771,Playa de la Franca
ES,43.3928,-4.453,Playa de La Mina
ES,43.3929,-4.4315,Playa de Fuentes
ES,43.3932,-4.5589,Playa de Mendía
ES,43.3934,-4.4741,
ES,43.3935,-4.5089,Playa de la Arenas
ES,43.3935,-1.7928,Playa del Faro
ES,43.3936,-4.4414,Playa de Berellín
ES,43.3936,-4.4393,Playa de Berellín
ES,43.3938,-4.5717,Playa del Oso
ES,43.3938,-4.492,
ES,43.394,-8.2147,Praia das Bólas
ES,43.394,-4.4303,
ES,43.394,-4.3295,Playa de Oyambre
ES,43.3941,-4.4902,Playa de Aramal
ES,43.3941,-4.3974,Cala de Liñera
ES,43.3941,-4.2211,Playa de Luaña
ES,43.3943,-4.4834,Playa de Amió
ES,43.3944,-4.5745,Playa de la Franca
ES,43.3945,-4.5565,Playa de Cuevas Coloradas
ES,43.3947,-2.6921,
ES,43.3949,-4.3682,Playa de Merón
ES,43.3952,-2.9861,Meñakoz
ES,43.3957,-4.4909,
ES,43.3959,-4.5774,Paya de la Acacia o Jorconera
ES,43.3961,-4.6101,Cobiḥeru
ES,43.3963,-4.6177,Playa de Buelna
ES,43.3974,-4.5458,Playa de El Regolgueru
ES,43.3977,-8.34,Croieira do Semilleiro
ES,43.3979,-8.3421,Croieira do Ollo Pequeno
ES,43.3979,-8.3365,Croieira de Ornela
ES,43.3979,-8.2121,Praia de Ver
ES,43.3983,-8.3365,Croieira de Arrequento
ES,43.3985,-4.6298,playa de Pendueles o Castiellu
ES,43.3986,-8.3016,Praia da Garroteira
ES,43.3991,-8.3296,
ES,43.3991,-8.3034,Croieira da Garroteira
ES,43.3993,-8.3299,Praia de Dexo
ES,43.3994,-8.3369,Croieira da Rasa
ES,43.4,-8.3322,Croieira de Dexo
ES,43.4003,-2.685,Laida
ES,43.4007,-4.6527,Playa de Vidiago
ES,43.4008,-8.3332,Croieira da Punta Rasa
ES,43.4009,-3.3217,Playa de Oriñón
ES,43.401,-4.3559,Playa de Gerra
ES,43.4012,-4.1753,
ES,43.4014,-4.6505,Playa de Bretones
ES,43.4026,-2.9761,
ES,43.4032,-4.3392,
ES,43.4039,-3.3123,Playa de Arenillas
ES,43.4039,-2.9742,Barrikako hondartza
ES,43.4047,-2.6998,Laidatxu
ES,43.4051,-3.3127,Playa Puerto Refugio de Islares
ES,43.4058,-3.2943,Playa de Cotonera
ES,43.4086,-2.6803,Antzora
ES,43.4088,-8.2036,Praia de Celeiro
ES,43.4091,-2.6613,
ES,43.4093,-2.6574,Laga
ES,43.4094,-8.2015,Praia Sartaxés
ES,43.4104,-8.1965,Praia do Cerrulo
ES,43.4106,-8.1954,
ES,43.4106,-2.6997,Basamortu kala
ES,43.4107,-8.196,
ES,43.4107,-8.194,Praia de Centroña
ES,43.411,-4.7079,Playa de Andrin
ES,43.411,-2.9466,Plentzia
ES,43.4117,-8.1749,Praia de Sopazos de Terra
ES,43.4119,-8.1769,Praia de Sopazos de Mar
ES,43.4119,-2.6758,Azalene
ES,43.412,-8.1785,Praia de Suasbarras
ES,43.4123,-3.3351,Playa de Sonabia
ES,43.4125,-8.1805,Praia do Cura
ES,43.4126,-4.7135,Playa de La Ballota
ES,43.4128,-3.3705,Playa de San Julián
ES,43.4132,-2.9599,Muriola
ES,43.4139,-2.7016,Hondartzape
ES,43.4144,-3.3271,Cala Sonabia
ES,43.4149,-2.9438,Gorliz
ES,43.415,-2.9468,
ES,43.4151,-3.3814,
ES,43.4156,-4.7403,Playa del Cura
ES,43.4158,-3.4009,Playa de Aira
ES,43.4167,-4.7306,Playa de Antilles
ES,43.4169,-4.7435,Playa de Toró
ES,43.417,-8.1744,Praia da Madanela
ES,43.4185,-2.9463,Astondo
ES,43.4187,-8.2457,
ES,43.4187,-8.2453,
ES,43.4187,-8.2428,
ES,43.4189,-4.7475,Puertu Chicu
ES,43.4191,-8.2419,Praia da Cruz
ES,43.4195,-8.2145,Praia de Arqueada
ES,43.4195,-8.1783,
ES,43.4199,-8.2401,
ES,43.42,-8.257,
ES,43.42,-8.248,
ES,43.42,-8.2473,Praia de Centeás
ES,43.4201,-8.2563,
ES,43.4203,-8.2486,
ES,43.4204,-8.2497,Praia de Estacas
ES,43.4204,-8.2124,Praia de Ortecelo
ES,43.4204,-8.1803,Praia de Chamoso
ES,43.4205,-3.455,Playa del Regatón
ES,43.4206,-8.2515,Praia da Ribada
ES,43.4206,-8.2396,
ES,43.4209,-8.2574,
ES,43.4209,-8.2521,
ES,43.4211,-8.2541,Praia do Colado Grande
ES,43.4211,-8.253,
ES,43.4212,-8.2092,Praia de Sabadelle
ES,43.4212,-8.2086,Praia da Cercada
ES,43.4215,-3.8103,Playa artificial de Punta Parayas
ES,43.4216,-8.2572,
ES,43.4216,-8.2431,Praia de Dones
ES,43.4217,-8.2575,
ES,43.4226,-8.2578,Praia da Barrosa
ES,43.4227,-4.7526,Playa del Sablón
ES,43.4229,-8.2587,
ES,43.4231,-3.4345,Playa de la Salvé
ES,43.4233,-8.2604,
ES,43.4233,-8.1858,Río Castro
ES,43.4241,-8.2602,
ES,43.4241,-8.219,Praia do Raso
ES,43.4243,-8.1874,Praia de Almieiras
ES,43.4245,-8.2603,
ES,43.4246,-8.2017,Praia de Area Morta
ES,43.4247,-4.0985,Playa de Santa Justa
ES,43.4251,-8.2617,
ES,43.4256,-8.2627,
ES,43.4256,-8.2622,
ES,43.4256,-8.1928,Praia de Coído
ES,43.4259,-8.1994,Praia do Portiño
ES,43.426,-4.7649,Playa La Nao
ES,43.4261,-2.7293,Aritzatxu hondartza
ES,43.4262,-8.2639,
ES,43.4262,-8.2409,Praia de Ares
ES,43.4265,-8.1969,Praia de Río Sandeu
ES,43.4275,-8.2419,Praia Grande de Ares
ES,43.4278,-4.0941,Playa El Sable
ES,43.4282,-8.2651,
ES,43.4282,-4.785,Playa de Poo
ES,43.4283,-8.2277,Praia de Seselle
ES,43.4291,-8.2674,
ES,43.4291,-8.2365,
ES,43.4292,-8.2667,
ES,43.4293,-8.2357,Praia de Entrepedras
ES,43.4294,-8.235,Praia de Entrepedras
ES,43.4296,-8.2684,
ES,43.43,-8.2393,Praia do Xuncal
ES,43.4304,-8.2694,
ES,43.4306,-8.2377,Praia da Ciscada
ES,43.431,-4.7922,Playa de San Martín
ES,43.4312,-2.8057,Bakioko Aritza
ES,43.4314,-8.2719,
ES,43.4315,-8.2725,
ES,43.4315,-4.0354,Playa de la Ribera
ES,43.4316,-8.2735,
ES,43.4316,-2.8944,
ES,43.4316,-2.8058,
ES,43.4319,-4.8067,Playa de los Curas
ES,43.432,-4.8084,Playa de las Cámaras
ES,43.4323,-4.7939,San Martín
ES,43.4324,-8.2752,
ES,43.4324,-4.8021,La Nixón
ES,43.4327,-2.8934,Armintzako hondartza
ES,43.433,-4.8094,Playa de Palombina
ES,43.4334,-8.2752,Praia da Balea
ES,43.4335,-4.0333,La Playuca
ES,43.4338,-4.7896,Amenada
ES,43.4339,-4.0817,Playa de Punta Ballota
ES,43.4344,-8.2762,Praia do Cano
ES,43.4345,-4.0558,Playa de la Tablía
ES,43.4355,-8.2782,Praia da Ribeira de Santa Mariña
ES,43.4357,-4.0405,Playa de la Concha
ES,43.4358,-4.0321,Playa de Cuchía
ES,43.4359,-4.837,
ES,43.436,-4.8131,Playa de Borizu
ES,43.4361,-8.2944,
ES,43.4365,-4.8231,Playa Sorraos
ES,43.4366,-8.2795,Areal
ES,43.4368,-8.2801,
ES,43.4369,-4.8256,Playa de Barro
ES,43.4369,-4.8181,Playa de Troenzo
ES,43.437,-8.2887,As Chaves
ES,43.4371,-8.291,Areal da Louca
ES,43.4373,-8.2986,
ES,43.4373,-8.2812,
ES,43.4375,-8.2893,Areal Grande de Figueirido
ES,43.4376,-8.2839,Os Remuiños
ES,43.4378,-8.2981,
ES,43.4381,-4.8164,La Tayada
ES,43.4382,-8.2982,
ES,43.4385,-8.2981,
ES,43.4386,-4.0476,Playa de los Locos
ES,43.4386,-3.4454,Playa de San Martín
ES,43.439,-4.0328,Playa del Huevo frito
ES,43.4394,-4.0008,Playa de Usgo
ES,43.4394,-3.4537,Playa del Pasaje
ES,43.4402,-8.2988,
ES,43.4404,-8.2997,
ES,43.441,-8.3021,
ES,43.4411,-4.8394,Toranda
ES,43.4422,-4.0232,Playa de los Caballos
ES,43.4427,-4.8695,Playa de San Antolín de Bedón
ES,43.4427,-4.8519,Torimbia
ES,43.4434,-3.9831,Playa de Robayera
ES,43.4435,-4.8405,
ES,43.4437,-4.8551,Portacos
ES,43.4442,-2.7794,
ES,43.4444,-4.8555,Portaquinos
ES,43.4445,-4.8604,Playa de Pestaña
ES,43.4447,-2.7826,
ES,43.4448,-3.9711,Playa de Valdearenas
ES,43.4453,-2.7754,
ES,43.4457,-8.303,Praia de Chanteiro
ES,43.4467,-8.3024,
ES,43.4468,-8.3023,
ES,43.4474,-3.7719,Playa de El Rostro
ES,43.4476,-4.886,Playa de Gulpiyuri
ES,43.4487,-8.3046,A Praia Pequena
ES,43.4496,-4.8984,Playa de La Güelga
ES,43.4529,-3.9615,Playa de Canallave
ES,43.4537,-8.3083,
ES,43.4546,-8.232,A Barca
ES,43.4551,-3.7613,Playa de El Puntal
ES,43.4559,-8.2916,Praia do Cabalo
ES,43.4559,-4.9823,Playa de Guadamía
ES,43.4561,-8.226,Praia de Noville
ES,43.4571,-4.9366,Playa de las Cuevas del Mar
ES,43.4584,-4.9257,
ES,43.4588,-8.2711,
ES,43.4588,-4.945,Playa de Villaneuva
ES,43.4594,-8.2847,
ES,43.4594,-8.2839,
ES,43.4595,-8.2711,
ES,43.4595,-4.9281,Playa de San Antonio del Mar
ES,43.4595,-3.7357,Playa de Somo
ES,43.4599,-8.2766,
ES,43.4599,-8.2638,Praia da Bestarruza
ES,43.4603,-8.2706,
ES,43.4603,-8.2092,
ES,43.4606,-4.9283,
ES,43.4608,-8.2032,Praia de Maniños
ES,43.461,-8.2758,
ES,43.4614,-5.0392,Playa de Arra
ES,43.4615,-8.2702,
ES,43.4618,-8.2752,
ES,43.4619,-8.2752,A Palma
ES,43.4621,-8.2578,
ES,43.4625,-8.2698,
ES,43.4628,-3.7852,Playa de La Fenómeno
ES,43.463,-8.27,
ES,43.4632,-8.2732,
ES,43.4632,-8.2715,
ES,43.4637,-3.9499,Playa del Madero
ES,43.4642,-3.7262,Playa de Loredo
ES,43.4645,-5.0548,Playa de la Atalaya
ES,43.4647,-8.2861,Praia da Canteira de Marracoi
ES,43.4648,-8.2834,Praia de Detrás do Castelo
ES,43.465,-3.4645,Playa de Berria
ES,43.4655,-3.7775,Playa de los Peligros
ES,43.466,-8.1912,Praia da Ribeira de Barallobre
ES,43.4667,-5.069,Playa de Santa Marina
ES,43.4672,-3.7681,Playa de los Bikinis
ES,43.4675,-3.7722,Playa de la Magdalena
ES,43.4682,-8.2792,
ES,43.4685,-8.2786,
ES,43.4686,-3.7258,Playa de los Tranquilos
ES,43.4687,-8.2779,
ES,43.469,-3.9364,Playa de Cerrías
ES,43.4693,-3.9449,Playa de Somocuevas
ES,43.4696,-3.9438,Somocuevas Oeste
ES,43.4697,-3.7755,Playa del Camello
ES,43.47,-3.9303,Playa de Portío
ES,43.4703,-3.7293,
ES,43.4707,-8.3167,Praia de Cariño
ES,43.4713,-3.4951,Playa de El Brusco
ES,43.4718,-3.7789,Playa de La Concha
ES,43.4721,-3.7289,
ES,43.4724,-3.729,
ES,43.4725,-3.9112,Playa de Covachos
ES,43.4728,-3.8922,Playa del Fortín
ES,43.4731,-3.7819,Primera Playa de El Sardinero
ES,43.4738,-3.8933,Playa de San Juan de la Canal
ES,43.4742,-3.9156,Playa de La Arnía
ES,43.4742,-3.9079,Tómbolo de Covachos
ES,43.4747,-5.2068,Playa de Moracey
ES,43.4749,-5.2145,Playa Espasa
ES,43.4754,-5.1971,Playa de La Beciella
ES,43.4754,-5.1749,Playa Arenal de Morís
ES,43.4757,-3.6896,Playa de Langre
ES,43.4759,-3.8664,
ES,43.4769,-5.2207,Playa del Barrigón
ES,43.4772,-3.8769,Playa de la Virgen del Mar
ES,43.4772,-3.7859,Segunda Playa de El Sardinero
ES,43.4773,-3.695,Playa de Langre Pequeña
ES,43.4775,-5.1617,Cala La Huelga o El Portiello
ES,43.4778,-3.5113,Playa de Tregandín
ES,43.4779,-3.6812,Playa de Arnillas
ES,43.4786,-8.2025,Praia de Caranza
ES,43.4791,-3.8389,Playa de El Pescador
ES,43.4795,-3.8369,Playa de La Maruca
ES,43.4796,-3.8765,
ES,43.4798,-5.2241,Playa de la Isla
ES,43.4801,-3.6736,Playa de Galizano
ES,43.4802,-5.1423,Playa de Vega
ES,43.4807,-8.2598,Praia da Graña
ES,43.4809,-8.1939,
ES,43.4811,-8.1928,
ES,43.4811,-8.1697,Praia do Regueiro
ES,43.4816,-8.1968,
ES,43.4817,-3.8351,Playa de Bañaperros
ES,43.482,-3.8357,Playa de los Carabineros
ES,43.4837,-8.3249,Praia de Lumebó
ES,43.4837,-3.7848,Playa de los Molinucos
ES,43.4839,-3.8322,Playa Rosamunda
ES,43.4845,-3.5146,
ES,43.4859,-3.5149,
ES,43.486,-3.7879,Playa de Mataleñas
ES,43.4866,-3.5151,
ES,43.4876,-3.5154,Playa de Peña Pombera
ES,43.4881,-3.8257,Playa de El Bocal
ES,43.4883,-3.5155,
ES,43.4886,-8.1668,
ES,43.4886,-3.5154,
ES,43.489,-3.5153,
ES,43.4899,-8.2517,Praia dos Curas
ES,43.4902,-8.2534,Praia do Olmo
ES,43.4911,-8.3206,Praia de Penencia
ES,43.4925,-3.5298,Playa de Ris
ES,43.4928,-3.5398,Playa Cuarezo
ES,43.4937,-3.5236,Playa de Ris
ES,43.4943,-3.5439,Cala Los Cuarezos
ES,43.4953,-8.3201,Praia de Doniños
ES,43.4959,-3.5431,Playa de los Barcos
ES,43.4962,-3.5424,Playa de los Barcos
ES,43.4969,-3.6201,Playa de Antuerta
ES,43.497,-3.6136,Playa de Cuberris
ES,43.4984,-3.5424,Playa del Sable
ES,43.4986,-3.5412,
ES,43.4989,-8.3184,Praia do Outeiro
ES,43.5004,-3.5412,Playa de Arnadal
ES,43.5017,-5.2604,Playa de La Griega
ES,43.502,-8.3188,Praia da Area Pequena
ES,43.5036,-3.5813,Playa de la Arena
ES,43.5055,-3.5817,
ES,43.5076,-5.2697,Playa de Llastres
ES,43.5091,-8.3279,
ES,43.5099,-3.5832,Playa Canal
ES,43.5149,-5.2677,Playa l'escanu
ES,43.518,-7.0367,
ES,43.5279,-8.303,Praia de San Xurxo
ES,43.5292,-7.0443,Praia dos Bloques
ES,43.5324,-5.3328,Playa Bajo de les Mueles
ES,43.5326,-5.3088,Playa del Sable
ES,43.5331,-5.3651,Playa Conejera
ES,43.5339,-5.3802,Playa de Rodiles
ES,43.5349,-8.2959,Praia de Esmelle
ES,43.5366,-8.2959,Praia de Esmelle
ES,43.5371,-5.3935,
ES,43.5384,-8.2968,Praia da Fragata
ES,43.5404,-8.2987,Praia do Pereisal
ES,43.5404,-8.2976,Praia do Porto Vello
ES,43.5418,-8.301,Praia do Vilar
ES,43.5423,-7.0304,Playa de Figueras
ES,43.5428,-5.6529,Playa de San Lorenzo
ES,43.5435,-5.6733,Playa de Poniente
ES,43.5439,-7.0299,
ES,43.544,-5.4941,Playa de Merón
ES,43.5444,-7.0368,Praia das Cabanas
ES,43.5447,-5.3995,Playa de Tazones
ES,43.5448,-5.6929,Playa L'Arbeyal
ES,43.5448,-5.6435,Ría de los Vagones
ES,43.5449,-7.0365,
ES,43.5456,-7.0366,Praia do Cargadoiro
ES,43.5457,-8.3052,
ES,43.5457,-5.5286,Playa España
ES,43.5462,-6.5366,1ª Playa de Luarca
ES,43.5471,-5.5902,Playa de La Ñora
ES,43.5472,-6.5389,2ª Playa de Luarca
ES,43.5479,-6.5307,
ES,43.5479,-5.5977,Playa de Estaño
ES,43.548,-5.6419,
ES,43.5483,-6.518,Playa Portizuelu
ES,43.5485,-5.6392,Playa del Cervigón
ES,43.5488,-6.489,Playa de Los Molinos
ES,43.5491,-5.6062,Playa La Cagonera
ES,43.5496,-7.022,Playa de Arnao
ES,43.5496,-6.4947,Playa de la Polea
ES,43.5497,-6.5414,Playa de Salinas
ES,43.5502,-5.403,
ES,43.5503,-6.5577,Playa de Taurán
ES,43.5505,-5.6104,Playa de Serín
ES,43.5509,-6.4693,Playa de Cueva
ES,43.5509,-5.4278,
ES,43.551,-6.4737,Playa de Cueva
ES,43.551,-6.4726,Playa de Cueva
ES,43.5511,-6.357,Playa de Tablizo
ES,43.5514,-6.3666,Playa de Ribón
ES,43.5518,-6.3614,
ES,43.5519,-5.6241,Playa de Peñarrubia
ES,43.5524,-6.3712,Playa de Cadavéu
ES,43.5526,-6.3472,Playa de Ballota
ES,43.5532,-6.727,El Doque
ES,43.5533,-6.9968,Playa de Peñarronda
ES,43.5533,-6.5968,Playa d'Outur
ES,43.5537,-7.044,Praia de Rochas Brancas
ES,43.5537,-5.416,
ES,43.5539,-7.1247,Praia de Porto
ES,43.5541,-7.1612,O Ollo do Peseto
ES,43.5541,-6.4212,Playa de la Estaca o Perceberos
ES,43.5543,-7.1563,Praia das Catedrais
ES,43.5545,-5.6138,Playa de Serin
ES,43.5546,-7.1671,Praia de Moledo
ES,43.5547,-7.1641,Praia da Malata
ES,43.5547,-6.8106,Playa de Castello
ES,43.5548,-7.1192,Praia de Río Cabalar
ES,43.5548,-6.3433,Playa Río Cabo
ES,43.5549,-7.1473,Praia de Esteiro
ES,43.5551,-6.113,Playa de Xilo - Veneiro
ES,43.5552,-7.1411,O Coidal de Seborollo
ES,43.5553,-6.1192,Playa de Aguilar
ES,43.5554,-7.1433,Praia das Covas
ES,43.5554,-6.7222,Playa de Navia
ES,43.5555,-7.1302,Praia de Xuncos
ES,43.5556,-7.1345,Praia dos Castros
ES,43.5556,-6.7993,Playa de Armaza
ES,43.5557,-6.9876,Playa de Santa Gadea
ES,43.5557,-6.3748,Playa del Churín
ES,43.5559,-6.7854,Playa del Pichel
ES,43.556,-8.2762,Praia de Sartaña
ES,43.556,-6.9756,Playa de Serantes
ES,43.556,-6.7882,Playa del Barco
ES,43.556,-6.6031,Playa de Sabugo
ES,43.5562,-8.2966,Praia dos Crebadoiros
ES,43.5562,-8.2904,Praia de Santa Comba
ES,43.5562,-7.1387,Praia das Illas
ES,43.5562,-6.8173,Playa de Cambaredo
ES,43.5562,-6.3821,Playa de los Castros
ES,43.5563,-7.2527,Praia dos Fondás
ES,43.5563,-7.1717,Praia de Arealonga
ES,43.5565,-7.0644,Praia da Areosa
ES,43.5565,-6.7267,Playa de Foxos
ES,43.5566,-8.2661,Praia de Ponzos
ES,43.5566,-6.977,Playa de Mexota
ES,43.5567,-6.4043,Playa de Pluminero o Quintana
ES,43.5567,-6.3863,Playa Fontaniecho
ES,43.5568,-7.0586,Praia da Arnela
ES,43.557,-6.9792,
ES,43.5571,-8.2995,
ES,43.5571,-6.7938,Playa del Burro
ES,43.5574,-6.9807,Playa del Sarello
ES,43.558,-8.2815,
ES,43.558,-6.106,Playas de Xan-Xún y Las Llanas
ES,43.5581,-6.0971,Playa de Cazonera
ES,43.5584,-6.7821,Playa de Torbas
ES,43.5585,-6.7285,Playa de Foxos
ES,43.5585,-6.1327,Playa de la Conchiquina
ES,43.5586,-6.7169,Playa del Moro
ES,43.5587,-6.3927,Playa de Campiecho
ES,43.5587,-6.3356,
ES,43.5589,-7.1179,Praia de Cegoñas
ES,43.5593,-6.4428,
ES,43.5597,-6.6913,Playa Fajal
ES,43.5597,-6.1022,Playa Mexa La Yegua / Playa de Los Chalanos
ES,43.5598,-6.6774,Playa de Frexulfe
ES,43.5598,-6.1027,
ES,43.5599,-8.3036,Praia do Porto
ES,43.5601,-7.244,
ES,43.5602,-6.7318,Playa de Arnelles
ES,43.5602,-6.6985,Playa del Coedo
ES,43.5604,-8.2553,Praia do Casal
ES,43.5607,-6.3291,Playa de Sienra
ES,43.561,-6.6148,Playa de Barayu
ES,43.5611,-6.9628,
ES,43.5613,-7.1813,Praia da Arbosa
ES,43.5615,-7.1826,Praia da Pasada
ES,43.5616,-7.189,Praia de Lóngara
ES,43.5616,-6.8764,Playa de Porcía
ES,43.5616,-6.712,Playa de las Barrosas
ES,43.5618,-6.3205,
ES,43.5619,-6.0868,Playa de los Espinos
ES,43.5622,-7.2005,Praia da Balea
ES,43.5626,-6.8518,Playa de Monellos
ES,43.5626,-6.7019,Playa Las Rubías
ES,43.5628,-6.3064,Playa Calabón
ES,43.5632,-6.9571,Playa de la Paloma
ES,43.5633,-6.3161,Playa de Pumarín
ES,43.5633,-6.3037,Playa la Conchona
ES,43.5634,-6.3114,
ES,43.5634,-6.3097,Playa Gueirúa / Gairúa
ES,43.5637,-7.245,Praia da Anguieira
ES,43.5638,-7.2122,Praia de Coto
ES,43.564,-6.8264,Playa de Permenande
ES,43.5644,-6.4728,
ES,43.5647,-6.4595,Playa Barchinas
ES,43.5648,-6.0795,Playa el Garruncho
ES,43.5649,-6.7785,Playa del Aguión
ES,43.5649,-6.3003,Playa de La Ribera del Molín
ES,43.5649,-6.1488,
ES,43.5652,-8.3083,Praia do Coído
ES,43.5652,-6.0694,Playa de los Quebrantos
ES,43.5655,-6.949,Playa de Los Campos
ES,43.5658,-7.2239,Praia de Remior
ES,43.5662,-6.9102,Playa del Figo
ES,43.5662,-6.1874,Concha de Artedo
ES,43.5663,-6.9543,Playa De La Paloma
ES,43.5663,-6.1874,Concha de Artedo
ES,43.5663,-6.1742,
ES,43.5667,-6.2961,Playa Gavieiro
ES,43.567,-7.2428,Praia do Altar
ES,43.5676,-7.2324,Praia de San Bartolo
ES,43.5677,-6.1652,Playa de las Rubias
ES,43.5681,-6.9477,Playa del Murallón
ES,43.5685,-6.4636,Playa Serrón
ES,43.5687,-5.7132,Aboño
ES,43.5692,-6.948,Playa de Las Furadas
ES,43.5693,-5.716,Peña Maria
ES,43.5694,-6.2946,Playa La Caladoria
ES,43.5699,-6.9483,Playa a Ribeiría
ES,43.5699,-6.9376,Playa de Represas
ES,43.5699,-6.292,Playa La Barquera
ES,43.5701,-6.2881,
ES,43.5702,-7.2503,Praia de Tupide
ES,43.5702,-5.7203,Xibares
ES,43.5705,-6.2893,
ES,43.5708,-6.284,Playa L´Airín
ES,43.5719,-7.2478,Praia da Rapadoira
ES,43.5719,-5.7254,
ES,43.5727,-6.2785,Playa Salencia
ES,43.5727,-5.9957,Playa de El Puerto
ES,43.5728,-6.0488,Playa de Bayas - Zona para perros
ES,43.5729,-6.0496,Playón de Bayas / El Sablón
ES,43.5735,-5.735,Playa del Tranqueru
ES,43.5738,-5.9978,Playa de Santa María del Mar
ES,43.5739,-6.275,Playa Los Negros
ES,43.5739,-6.2017,Playa de Oleiros
ES,43.5758,-5.739,Morís
ES,43.5764,-6.2701,Playa de Albuerne
ES,43.5766,-6.26,Vallina
ES,43.5772,-8.224,Praia de Lopesa
ES,43.5772,-6.2681,Playa Gancedo
ES,43.5773,-5.9816,Playa de Arnao
ES,43.5776,-6.2598,Playa de Vallina o del Gallo
ES,43.5776,-6.0054,Playa Bahínas
ES,43.5781,-5.7434,Playa de Carranques
ES,43.5786,-6.1907,Playa del Castro
ES,43.579,-6.2198,Playa de San Pedru la Ribera
ES,43.5797,-6.0124,Playa de Munielles
ES,43.5797,-5.7439,Sablera'l Cura
ES,43.5798,-5.9689,Playa del Cuerno
ES,43.58,-7.2604,Praia de Llas
ES,43.58,-6.0355,Playa de Requexinos
ES,43.58,-5.9731,Playa de El Dólar
ES,43.5804,-6.2517,Playa de Vivigo
ES,43.5812,-5.7445,Sablera d'Entrellusa
ES,43.5815,-6.2086,
ES,43.5821,-8.2174,Praia de Campelo
ES,43.5825,-5.752,Sablera de Güelgues
ES,43.5829,-6.0163,Playa del Cordial
ES,43.583,-6.2247,Playa El Castrillón
ES,43.5838,-6.0321,Playa de la Barca
ES,43.5842,-6.2463,Playa de Cueva
ES,43.5843,-5.9536,Playa de El Espartal
ES,43.5849,-6.2248,Playa El Castrillón
ES,43.5851,-6.0264,
ES,43.5858,-6.2255,Playa de Puertochico
ES,43.5861,-6.0177,
ES,43.5868,-6.2263,Puerto Chico
ES,43.5879,-5.7615,Sablera Palmera
ES,43.588,-7.278,Praia de Peizás
ES,43.5881,-6.2311,Playa del Sable o de Deiros
ES,43.589,-7.2805,Porto de Trigo
ES,43.589,-6.2432,Playa de Peñadoria
ES,43.5909,-6.2357,Playa de San Cidiello
ES,43.5912,-6.243,Playa Peñadoiro
ES,43.5916,-7.2886,Praia do Sarrido
ES,43.5923,-6.2407,Playa de Gradas
ES,43.5933,-5.7613,
ES,43.5935,-7.2943,Praia da Pampillosa
ES,43.5939,-5.7651,Sablera Rebolleres
ES,43.595,-5.7672,Playa Solfín
ES,43.5951,-5.9394,Playa del Arañón
ES,43.5992,-5.7699,
ES,43.6006,-8.1926,Praia do Río
ES,43.6019,-5.7716,Sablera de San Pedro d'Antromero
ES,43.6039,-5.9209,Playa de Xagó
ES,43.6039,-5.7696,
ES,43.6047,-8.1914,Praia de Meirás
ES,43.6047,-5.769,
ES,43.6055,-8.1912,Praia de Meirás
ES,43.6057,-5.7702,
ES,43.6059,-7.3038,Praia da Area Longa
ES,43.6061,-5.776,Playa Cristal
ES,43.6065,-5.7726,Playa de Los Cristales
ES,43.6079,-8.1908,Praia do Cano Grande
ES,43.6087,-5.7781,Playa de Gargantera
ES,43.6088,-8.1925,
ES,43.6091,-5.7836,Playa Aramar
ES,43.6097,-8.1936,Praia da Mourillá
ES,43.6099,-5.7857,Playa de El Dique
ES,43.6099,-5.781,
ES,43.6115,-5.7858,Placa los Boletos
ES,43.6123,-5.7892,Playa de Samarincha
ES,43.6125,-8.167,Praia da Frouxeira
ES,43.613,-5.7902,Playa Samarincha
ES,43.6137,-5.7917,Playa de La Ribera
ES,43.6142,-7.3099,
ES,43.6143,-5.7914,Playa de la Ribera
ES,43.6183,-5.7877,Playa de Luanco
ES,43.6196,-7.317,Praia das Policas
ES,43.6209,-7.3189,Praia das Polas
ES,43.6221,-8.1466,Praia dos Curas
ES,43.6227,-7.3206,Praia dos Xuncos
ES,43.6232,-5.9059,Playa Riba Pachón
ES,43.6233,-5.8868,Playa La Aguilera
ES,43.624,-5.8816,Playa Carniciega
ES,43.6243,-5.8987,Cala Puerto Llampreu
ES,43.6253,-7.3244,Praia do Lousido
ES,43.6263,-5.8769,Playa de Verdicio
ES,43.6266,-7.3275,Praia do Peloural de Riosmar
ES,43.6276,-7.3331,Praia de San Pedro
ES,43.6296,-5.7943,Playa de Moniello
ES,43.6307,-5.8095,Playa de Bañugues
ES,43.6323,-5.8664,Playa de la Cabaña
ES,43.6337,-8.1328,Praia de Prados
ES,43.6344,-8.1278,Praia da Rosela
ES,43.6361,-5.8594,Playa Carnera
ES,43.6386,-7.34,Area Brava
ES,43.6388,-7.3406,Praia dos Alemás
ES,43.6391,-8.1139,Praia de Pantín
ES,43.6396,-8.1186,Praia do Rodo
ES,43.6399,-5.8273,Playa de Llumeres
ES,43.6406,-7.3437,Praia da Areoura
ES,43.6415,-5.831,
ES,43.6417,-8.0762,Praia de Vilarrube
ES,43.6426,-7.344,Praia do Cantiño
ES,43.6429,-8.1089,Praia de Porto Carrizo
ES,43.6429,-5.8209,Playa La Isla
ES,43.6437,-5.8351,Playa de Arnelles
ES,43.6444,-8.0763,
ES,43.6451,-5.8358,Playa Cueva
ES,43.6453,-7.3455,
ES,43.6458,-8.1025,Praia de Figaredo
ES,43.6463,-7.3467,
ES,43.6469,-8.0689,Praia de Xiao
ES,43.6473,-8.1002,
ES,43.6486,-8.0544,Praia de Santo Isidro
ES,43.6491,-7.3506,Praia do Perdouro
ES,43.6498,-8.0674,Praia de Mi Señora
ES,43.6505,-5.8599,
ES,43.6516,-7.3515,
ES,43.6528,-7.3524,Praia da Limosa
ES,43.6541,-8.0535,Praia da Madalena
ES,43.6545,-8.0943,Praia de Graxal
ES,43.6551,-5.8576,
ES,43.6563,-5.8561,
ES,43.6569,-5.8539,Playa El Sabín
ES,43.6591,-8.0727,Praia das Sonreiras
ES,43.6595,-8.0673,Praia da Area Longa
ES,43.6622,-7.3555,Praia do Penoural
ES,43.6643,-7.3565,Praia do Portelo
ES,43.6664,-7.3569,Praia do Cabaliño
ES,43.6715,-7.3649,Praia de Ril
ES,43.6727,-7.6052,Praia de Covas
ES,43.674,-7.6118,
ES,43.6746,-7.3742,Praia da Marosa
ES,43.6747,-7.6123,Praia de Seiramar
ES,43.6787,-7.6132,Praia de Sacido
ES,43.6795,-7.5941,Praia de Celeiro
ES,43.6801,-7.6142,Praia do Rol
ES,43.6819,-7.4052,Praia da Rueta
ES,43.6858,-7.6147,
ES,43.6883,-7.4078,O Fornelo
ES,43.6889,-7.6142,Praia da Concha
ES,43.6917,-7.5798,Praia de Area
ES,43.6918,-7.4339,Praia do Portelo
ES,43.694,-7.4378,Praia do Rego
ES,43.6943,-7.439,Praia do Pericón
ES,43.695,-7.4402,Praia da Caosa
ES,43.6957,-7.4444,
ES,43.6957,-7.4421,Praia do Torno
ES,43.6961,-7.578,
ES,43.6969,-7.5791,Praia da Arnela
ES,43.6977,-7.6059,Praia dos Cristais
ES,43.6977,-7.4382,Praia de Cubelas
ES,43.698,-7.4397,Praia do Porto
ES,43.6982,-7.4484,Praia da Area Pequena
ES,43.6986,-7.6058,Praia do Queimado
ES,43.6986,-7.4553,Praia da Limosa
ES,43.6986,-7.4369,Praia da Area Grosa
ES,43.7,-7.6124,Praia da Abrela
ES,43.701,-7.5806,Praia do Corveiro
ES,43.7033,-7.8443,Praia de Morouzos
ES,43.7038,-7.4709,Praia de Paraños
ES,43.7045,-8.0064,Praia de Cortes
ES,43.7055,-7.6145,
ES,43.7058,-7.4729,Praia de Castro Alto
ES,43.7062,-7.4743,Praia dos Carabullos
ES,43.7063,-7.8582,Praia de Cabalar
ES,43.7065,-7.8732,Praia de Sismundi
ES,43.707,-7.8706,
ES,43.7077,-7.8703,
ES,43.7088,-8.0254,O Peirao de Tarroiba
ES,43.7095,-7.8568,Praia dos Cabalos
ES,43.7095,-7.4787,Praia de Lago
ES,43.7102,-7.5738,Praia de Portonovo
ES,43.711,-7.6122,Praia de Alegrín
ES,43.7112,-7.8609,Praia de Figueiras
ES,43.7112,-7.5595,Praia de Esteiro
ES,43.7125,-7.4796,Praia da Areouriña
ES,43.7128,-7.822,Praia de Bidueiro
ES,43.7134,-7.8528,Praia de Fornos
ES,43.7137,-7.4782,
ES,43.7148,-7.4779,Praia da Cova
ES,43.7158,-7.6141,Praia da Pereira
ES,43.7169,-7.5515,Praia de Muiñelo
ES,43.717,-7.4727,Praia das Airas
ES,43.7173,-7.6204,Praia de San Román
ES,43.7189,-7.6253,Praia de San Román
ES,43.7192,-7.8095,Praia da Concha
ES,43.7192,-7.4734,Praia do Portiño
ES,43.7202,-7.5154,Praia de Portocelo
ES,43.7209,-7.6289,Praia dos Castelos
ES,43.7216,-7.6297,
ES,43.7218,-7.9629,Praia de Area Negra de Teixidelo
ES,43.722,-7.803,Praia de Santo Antón
ES,43.7222,-7.8115,
ES,43.7223,-7.4705,Praia da Baleeira
ES,43.7227,-7.5034,Praia de Sucastro
ES,43.7229,-7.8128,Praia de Santa Cristina
ES,43.7237,-7.7969,Praia do Eirón
ES,43.7254,-7.8614,Praia da Vaca
ES,43.7262,-7.7947,Praia do Vimbieiro
ES,43.7273,-7.7953,Praia da Arxúa
ES,43.7287,-7.5338,O Peloural Grande de Coído
ES,43.7295,-7.6831,Praia dos Castelos
ES,43.7314,-7.6797,Praia de Moledos
ES,43.7323,-7.8719,Area da Basteira
ES,43.7323,-7.6907,Praia da Area Longa
ES,43.7332,-7.7841,Praia dos Ourizos
ES,43.7333,-7.7864,
ES,43.7334,-7.7885,
ES,43.7335,-7.6774,Praia de Pustura Nova
ES,43.7339,-7.698,Praia da Ponte
ES,43.7343,-7.7771,Praia do Sarridal
ES,43.7354,-7.6739,Praia do Vicedo Vello
ES,43.7358,-7.7019,Praia da Arnela
ES,43.7371,-7.8701,Area da Concha
ES,43.7382,-7.769,Praia da Basta
ES,43.7384,-7.6992,Praia da Canteira
ES,43.7387,-7.7652,Praia da Basta
ES,43.7396,-7.6349,Praia de Toxoso
ES,43.7398,-7.7599,Praia da Fabega
ES,43.7398,-7.6749,Praia do Vidreiro
ES,43.7413,-7.6927,Praia do Fabriquín
ES,43.7414,-7.7545,Praia do Coitelo
ES,43.7419,-7.6737,Praia do Vicedo Vello
ES,43.7437,-7.6524,Praia de Xilloi
ES,43.7446,-7.8669,Praia do Peiral
ES,43.7448,-7.7442,Praia do Picón
ES,43.7461,-7.6903,Praia das Barrosas
ES,43.7462,-7.7368,Praia de Lousido
ES,43.747,-7.7351,
ES,43.7477,-7.7336,
ES,43.7484,-7.7247,Praia do Esteiro
ES,43.7492,-7.692,
ES,43.7497,-7.6921,
ES,43.7508,-7.6915,Praia da Furada
ES,43.752,-7.6903,Praia do Castro
ES,43.7537,-7.6895,Praia de Vilela
ES,43.7579,-7.8629,Peiral de San Xiao
ES,43.7593,-7.6843,Praia de Campelo
ES,43.7611,-7.861,
ES,43.7698,-7.6729,Praia de Bares
ES,43.772,-7.6668,Praia de Porto Chico
FR,41.3668,9.1823,Plage Saint Antoine (Pertusato)
FR,41.3674,9.1803,
FR,41.3781,9.1739,Plage de la Lune
FR,41.3867,9.1609,Sutta Rocca
FR,41.3914,9.1516,
FR,41.3921,9.1568,
FR,41.3935,9.1373,Fazzio
FR,41.3938,9.1014,
FR,41.3956,9.106,
FR,41.3981,9.1236,
FR,41.3993,9.1334,Plage de Paragan
FR,41.3995,9.1274,
FR,41.3998,9.0952,
FR,41.4213,9.1088,Stagnolo
FR,41.4262,9.105,Plage de la Tonnara
FR,41.4349,9.1188,
FR,41.442,9.1216,
FR,41.4421,9.0811,Ventilegne
FR,41.4429,9.0777,
FR,41.4429,9.0998,
FR,41.443,9.1033,
FR,41.4434,9.0837,
FR,41.4439,9.0849,
FR,41.4447,9.0861,Crique Ventilegne
FR,41.445,9.0717,
FR,41.4454,9.1061,
FR,41.4454,9.1079,Saparelli
FR,41.4457,9.0892,Giardinelli
FR,41.4457,9.0976,Campo Mezzano
FR,41.447,9.0907,
FR,41.4494,9.0691,
FR,41.4498,9.0687,
FR,41.4498,9.0946,Pisciu Cane
FR,41.4531,9.0679,
FR,41.4573,9.0665,Plage la Testa
FR,41.4579,9.0679,
FR,41.4593,9.0689,
FR,41.4603,9.0503,St Jean (Plage de San Giovanni)
FR,41.4614,9.0686,Kite Beach
FR,41.4631,9.0561,Plage de la Tour
FR,41.4644,9.0274,La Vénus
FR,41.4651,9.0589,
FR,41.4657,9.0688,
FR,41.4658,9.0254,Plage Thia
FR,41.4667,9.0598,
FR,41.4674,9.0707,
FR,41.4686,9.032,
FR,41.4694,9.0373,Chevanu
FR,41.4695,9.0188,Plage Emma
FR,41.4695,9.0623,
FR,41.4697,9.0713,
FR,41.4701,9.0718,
FR,41.4702,9.0737,
FR,41.4709,9.075,
FR,41.4713,9.0639,
FR,41.4725,9.067,
FR,41.4736,9.0167,Plage Hugo
FR,41.4754,9.0077,
FR,41.4756,9.069,
FR,41.4764,9.0122,
FR,41.4782,8.9864,
FR,41.4783,8.9817,
FR,41.4783,9.014,
FR,41.4785,9.017,Arbitru
FR,41.4793,8.9976,
FR,41.4816,8.9899,
FR,41.4826,8.9908,
FR,41.4828,8.9915,
FR,41.4828,8.9919,
FR,41.4829,8.9973,
FR,41.4837,8.9749,Separella
FR,41.4843,8.9966,Crique
FR,41.4858,8.9945,Plage de Furnellu
FR,41.4888,8.9665,Mucchiu Biancu
FR,41.4902,8.9389,
FR,41.4923,8.9611,
FR,41.4958,8.9343,Plage de Roccapina
FR,41.5008,8.9181,Plage d'Erbaju
FR,41.5069,8.8859,
FR,41.5082,8.9023,Plage de Murtoli
FR,41.509,8.8999,
FR,41.5167,8.8904,Plage d'Argent
FR,41.5216,8.8602,Crique
FR,41.5217,8.8793,Plage de Tradicettu
FR,41.5355,8.856,
FR,41.5405,8.8463,
FR,41.5409,8.8466,
FR,41.5434,8.852,
FR,41.5447,8.845,
FR,41.5461,8.821,
FR,41.5462,8.8255,Cala di Murta Spana
FR,41.5466,8.8453,Cala di Tromba
FR,41.5468,8.8532,
FR,41.5474,8.8298,
FR,41.5484,8.8332,Barcaju
FR,41.549,8.8171,
FR,41.5555,8.8169,Cala Longa
FR,41.5565,8.8102,Tivella
FR,41.5575,8.7917,
FR,41.5752,8.8042,Cala di Conca
FR,41.5842,8.7926,
FR,41.5853,8.7921,
FR,41.5859,8.7853,
FR,41.586,8.7844,
FR,41.5866,8.7922,
FR,41.5871,8.7915,
FR,41.5874,8.7887,
FR,41.5964,8.7895,Cala d'Agulia
FR,41.6233,8.795,Plage de Canusellu
FR,41.6305,8.8158,Plage de Campomoro
FR,41.6534,8.875,Plage de Portigliolo
FR,41.6613,8.8807,
FR,41.666,8.8807,Plage de Capu Laurosu
FR,41.6737,8.8918,
FR,41.6766,8.8961,
FR,41.6779,8.9093,
FR,41.68,8.9139,Plage Sampiero
FR,41.6807,8.9149,
FR,41.6864,8.9153,Plage de Baracci
FR,41.6896,8.8892,
FR,41.6898,8.8969,
FR,41.6898,8.8983,
FR,41.69,8.8921,
FR,41.6904,8.9025,
FR,41.6905,8.9014,
FR,41.6911,8.9065,
FR,41.6912,8.9097,
FR,41.6923,8.884,Plage d'Olmeto
FR,41.6956,8.879,
FR,41.6958,8.871,Plage du Ruesco
FR,41.6967,8.8497,Plage Scodi Neri
FR,41.6969,8.8587,Plage Piscona
FR,41.6975,8.8433,
FR,41.6984,8.8405,Plage Abbartello
FR,41.6987,9.4003,
FR,41.7044,9.4011,Plage de Lavu Santu
FR,41.7061,8.8286,Plage de Tenutella
FR,41.7095,8.796,
FR,41.7105,8.8032,
FR,41.7108,8.7993,
FR,41.7125,9.4034,Plage de Fautea Sud
FR,41.7126,8.7741,
FR,41.7133,8.8139,
FR,41.7171,9.4014,Plage de Fautea
FR,41.7215,8.7783,
FR,41.7253,8.7811,
FR,41.7306,9.4021,
FR,41.7334,9.4033,
FR,41.7337,8.7466,
FR,41.7363,8.7077,
FR,41.7366,8.7822,Plage de Cupabia
FR,41.7387,8.7057,Cala d'Orzu / a piaghja d'Orzu
FR,41.7403,8.7782,
FR,41.7412,9.4062,
FR,41.7421,8.6863,Olivu / a piaghja di l'Alivu
FR,41.7466,9.4059,
FR,41.7489,9.4036,Tarco
FR,41.76,9.4053,
FR,41.7672,8.7191,
FR,41.774,9.3985,Anse de Favone
FR,41.777,8.7305,
FR,41.7969,8.7363,
FR,41.7979,8.7395,Plage de Portigliolo
FR,41.7993,9.3956,Plage de Canella
FR,41.8098,8.7653,Plage de Verghia
FR,41.8105,8.7698,Plage de Mare e Sole / a Piaghja di Chjavari
FR,41.8133,8.7727,Plage de Fica / a Piaghja di l'Acquisecchi
FR,41.8197,8.7741,
FR,41.8215,8.7735,
FR,41.8225,8.7738,
FR,41.8243,9.4046,Cala d'Oru
FR,41.8253,8.7759,
FR,41.8271,8.7803,
FR,41.8276,8.7816,
FR,41.8281,8.7823,
FR,41.8295,8.784,
FR,41.832,8.7834,Plage du Ruppione
FR,41.834,8.7805,
FR,41.8346,8.7776,
FR,41.8374,8.7715,
FR,41.8409,9.4028,Marine de Manichinu
FR,41.8428,8.7608,
FR,41.8434,8.7645,
FR,41.8469,8.768,Plage de Stagnole
FR,41.8474,8.7595,
FR,41.8474,8.7807,
FR,41.8488,8.7853,
FR,41.8498,8.7872,
FR,41.853,8.7895,
FR,41.8558,9.4016,
FR,41.8601,9.4009,
FR,41.8621,8.7897,Plage d'Agosta
FR,41.8646,9.3989,
FR,41.8775,8.7855,
FR,41.8781,9.3979,
FR,41.8793,8.7845,
FR,41.8839,8.7805,
FR,41.8845,9.4002,
FR,41.8959,8.8019,
FR,41.8982,9.4041,Plage de Marine de Solaro
FR,41.9036,8.7992,Plage de Capitello
FR,41.9067,8.667,
FR,41.9067,9.4084,Plage de Travo
FR,41.9068,8.68,Santa Lina
FR,41.907,8.6314,Plage dolce Vita
FR,41.9074,8.6329,I Frati
FR,41.9077,8.6591,
FR,41.9092,8.6899,Barbicagja
FR,41.9097,8.6472,Plage Week-end
FR,41.91,8.6441,Plage de la Terre Sacrée
FR,41.9103,8.7947,Campo Dell'Oro
FR,41.9124,8.7258,Plage Trottel
FR,41.9159,8.7395,
FR,41.9166,8.7369,Saint-François
FR,41.9217,8.7808,Plage du Ricanto
FR,41.9271,8.6224,Plage de Sevani ou Petit Capo
FR,41.9278,8.7712,Tahiti Beach
FR,41.9289,8.7571,Plage du Lazaret
FR,41.9291,8.621,
FR,41.9332,8.6234,Plage du Grand Capo
FR,41.9333,8.7531,
FR,41.9374,8.6223,Plage du Grand Capo
FR,41.947,8.6072,
FR,41.9517,8.607,
FR,41.9648,9.4204,Plage aux Vaches
FR,41.9739,8.6582,
FR,41.9783,8.6656,
FR,41.9804,9.4326,
FR,41.9871,9.4389,Plage de Calzarellu
FR,41.9884,8.6699,
FR,41.9888,9.4406,
FR,41.9923,8.6678,
FR,42.0,9.4524,Plage de Vignale
FR,42.0237,9.4755,Plage de Pinia
FR,42.0352,8.7267,
FR,42.0457,8.7448,Plage de Stagnone
FR,42.0611,8.7426,
FR,42.0621,8.7395,
FR,42.0636,8.7274,Piatannaccia
FR,42.0639,8.7272,
FR,42.0642,8.7391,
FR,42.0656,8.7366,
FR,42.0724,8.7194,Plage du Liamone
FR,42.0829,8.713,Plage de San Giuseppe
FR,42.0901,9.5351,
FR,42.0943,8.7101,
FR,42.0962,8.7105,
FR,42.1005,8.7075,
FR,42.1072,8.6731,
FR,42.1074,8.6722,
FR,42.1078,9.5498,Plage de Padulone
FR,42.1085,8.7016,
FR,42.1093,8.7015,
FR,42.1099,8.7014,
FR,42.1107,8.6564,
FR,42.1135,8.6955,Plage de Sagone
FR,42.1137,8.6883,
FR,42.115,8.6893,
FR,42.1193,8.648,Plage de Stagnoli
FR,42.1228,8.6359,Plage de Capizzolu
FR,42.1231,8.6307,
FR,42.1248,8.6244,
FR,42.1272,9.554,Plage de Tallone
FR,42.1332,8.6153,Menasina
FR,42.1345,8.6122,
FR,42.1461,8.5919,Plage du Peru
FR,42.1485,9.5548,Plage de Tallone
FR,42.1533,8.5779,
FR,42.1586,9.5542,Plage naturiste de Riva Bella
FR,42.1666,9.5546,
FR,42.1702,8.5898,Plage de Chiuni
FR,42.1711,8.5811,
FR,42.1765,9.5554,
FR,42.1814,8.5871,
FR,42.182,8.5869,
FR,42.2064,9.5562,Plage de Bravone
FR,42.2072,8.5793,Plage d'Arone
FR,42.2157,9.5546,Plage de Bagheera
FR,42.2225,9.5528,
FR,42.2274,9.5523,Plage de Tropica
FR,42.2352,9.5527,
FR,42.2454,9.5537,Plage naturisme
FR,42.2507,9.5549,
FR,42.2514,8.6268,Ficaghjola
FR,42.2604,9.5564,Plage d'Alistro
FR,42.2651,8.6915,Plage de Porto
FR,42.277,8.6916,
FR,42.2775,9.5588,Plage de Fiorentina
FR,42.2783,8.6904,
FR,42.2807,8.6876,Plage de Bussaglia
FR,42.2893,9.5566,Plage de Pisonaccio
FR,42.2927,9.5551,Plage de Pisonaccio
FR,42.2955,9.5543,Plage de Pisonaccio
FR,42.2963,8.6705,
FR,42.2964,8.6698,
FR,42.2979,8.6646,
FR,42.3002,9.5532,Plage de Pianicciolli
FR,42.3022,8.6607,
FR,42.303,8.6476,Plage de Gradelle
FR,42.3107,9.5507,
FR,42.3176,9.5488,
FR,42.3247,9.5447,Plage de Prunete
FR,42.3332,9.5417,
FR,42.34,8.6285,Cala di Tuara
FR,42.3407,8.6262,
FR,42.3455,8.5593,
FR,42.3491,8.6168,
FR,42.3492,8.6165,
FR,42.3494,8.6138,
FR,42.3504,8.6078,
FR,42.3527,9.5365,
FR,42.353,8.6009,
FR,42.3531,8.5928,
FR,42.3534,8.594,
FR,42.3535,8.5972,
FR,42.3563,9.5353,
FR,42.3627,9.5339,
FR,42.3672,9.5329,
FR,42.3696,9.5322,
FR,42.3704,8.5724,
FR,42.3733,9.5323,
FR,42.3771,9.5324,
FR,42.3823,8.5844,
FR,42.3835,8.586,
FR,42.3868,8.6088,
FR,42.3919,9.5344,
FR,42.409,9.5375,
FR,42.4138,8.6472,plage de Galéria
FR,42.4143,8.6514,
FR,42.4154,8.655,
FR,42.4156,8.6443,
FR,42.417,8.6569,
FR,42.4176,8.6569,
FR,42.4192,8.659,
FR,42.4232,8.6609,Plage de Delta du Fango
FR,42.4295,9.5429,
FR,42.4355,9.5415,
FR,42.4377,3.1733,Plage du Minerai
FR,42.4378,8.6585,
FR,42.4403,3.1691,El Sorell
FR,42.4404,3.1665,
FR,42.4404,3.1711,El Cano
FR,42.4416,3.166,
FR,42.4451,8.6689,
FR,42.4526,3.1598,Terrimbo
FR,42.4585,3.1622,
FR,42.4588,3.1606,
FR,42.4588,9.539,
FR,42.4602,3.1571,Crique de Peyrefite
FR,42.4716,8.678,Argentella
FR,42.4738,3.1539,Plage de Taillelauque
FR,42.4771,9.5337,
FR,42.4791,3.1433,Plage du Troc
FR,42.4813,3.1322,
FR,42.4821,3.1303,La plage du Fontaulé
FR,42.4847,3.1318,
FR,42.4876,3.1275,Plage des Elmes
FR,42.4894,3.129,Plage Les Grandes Elmes
FR,42.4897,9.5304,
FR,42.4961,3.1322,Plage naturiste des galets
FR,42.4995,3.1304,el Forat
FR,42.5001,3.1288,Platja del Forat
FR,42.5023,3.1251,Plage de Paulilles
FR,42.5052,3.123,Plage Bernardi
FR,42.5061,9.5312,
FR,42.5094,3.1291,
FR,42.5094,3.13,Plage Balanti
FR,42.5144,3.1352,Anse Sainte-Catherine
FR,42.5194,9.5338,
FR,42.5206,3.1188,
FR,42.5212,3.1194,La jetée
FR,42.523,9.5334,
FR,42.5236,3.0993,Oli
FR,42.5241,3.0872,El Botiguer
FR,42.5242,3.086,Port d'Avall
FR,42.5242,3.0963,
FR,42.5242,3.1023,En Baus
FR,42.5246,3.0892,La Balette
FR,42.5253,8.7195,
FR,42.5271,3.0856,Boramar
FR,42.5278,3.0872,Saint-Vincent
FR,42.5279,3.0881,
FR,42.5281,3.0874,
FR,42.5306,9.5336,
FR,42.5335,3.0754,Plage de l'Ouille
FR,42.5381,3.0563,Plage du Racou
FR,42.5386,9.5335,
FR,42.5399,3.0539,
FR,42.5458,3.0508,Plage sud
FR,42.5484,9.5314,
FR,42.5508,3.0491,Plage centre
FR,42.5565,8.776,La Pinède
FR,42.5574,3.0476,Plage des Pins
FR,42.5592,8.7589,
FR,42.5596,8.7602,
FR,42.5614,8.7275,Plage de l'Alga
FR,42.5639,3.0465,Plage du Tamariguer
FR,42.5664,3.0469,Plage d'Argelès-sur-Mer
FR,42.5678,8.7264,
FR,42.5691,8.7542,Plage du Roncu
FR,42.5695,8.804,Sainte-Restitude
FR,42.5727,9.5203,Plage de la Marana
FR,42.5734,8.7243,Plage de La Revellata
FR,42.575,3.0456,
FR,42.5765,8.8052,Plage de l'Arinella
FR,42.5781,3.0454,Plage de la Marenda
FR,42.5785,8.804,
FR,42.593,3.0443,Plage naturiste du Bocal du Tech
FR,42.5984,8.8098,
FR,42.5987,8.809,
FR,42.5989,8.8091,
FR,42.5997,8.8073,
FR,42.6,3.0431,Plage Sud
FR,42.6003,8.806,Plage Le Rocher
FR,42.6019,8.8299,Sant'Ambroggio
FR,42.6039,3.0422,
FR,42.6047,8.8275,
FR,42.6052,8.8281,
FR,42.6079,8.8645,
FR,42.6092,8.8538,
FR,42.6099,3.0409,Plage de la Lagune
FR,42.6106,8.8709,Aregno Plage - Algajola
FR,42.614,3.0404,Plage du Pont Tournant
FR,42.6142,8.8759,Aregno Plage
FR,42.6215,8.8811,Plage de Davia
FR,42.6257,8.8839,
FR,42.6274,9.4726,
FR,42.6275,8.8909,
FR,42.6275,8.9052,Ghjunchitu
FR,42.629,3.0362,Plage Maillol
FR,42.63,8.9132,Plage de Bodri
FR,42.6312,8.9144,Plage de Bodri
FR,42.6319,3.0359,Plage de l'Art
FR,42.6321,3.0356,
FR,42.6337,8.9472,Plage Caruchettu
FR,42.6345,8.9415,Plage Napoléon
FR,42.6378,8.9245,
FR,42.6379,3.0351,Plage Nord
FR,42.6389,8.9347,
FR,42.6433,9.0154,Plage de Lozari
FR,42.6443,8.9336,
FR,42.6474,9.4583,
FR,42.6487,3.0347,
FR,42.6624,9.0604,Plage de l'Ostriconi
FR,42.6639,9.4488,
FR,42.6652,3.0346,Plage du Lido
FR,42.6714,9.4468,
FR,42.6718,9.0606,Plage de Vana
FR,42.6728,3.0322,Accès Plage
FR,42.6752,3.0347,Plage Mar Estang
FR,42.6756,9.2865,Plage de la Roya
FR,42.6763,9.2953,Plage de la Roya
FR,42.6787,3.035,Plage Sud
FR,42.6841,3.0354,Plage de la Marenda
FR,42.6887,9.3112,Plage de Tettola
FR,42.6891,9.2754,
FR,42.6899,9.4479,Plage de Ficaghjola
FR,42.69,3.036,Plage du grand large
FR,42.6918,9.0688,
FR,42.6923,9.0704,
FR,42.6938,3.0364,Plage centrale
FR,42.6966,9.2686,
FR,42.6966,9.3224,Plage d'Olzo
FR,42.6975,3.0369,Plage du Roussillon
FR,42.6999,9.2626,
FR,42.7003,9.2599,
FR,42.7006,3.0388,Plage de la jetée
FR,42.7037,3.0385,
FR,42.7048,9.254,
FR,42.7112,3.0389,Plage du Sardinal
FR,42.712,9.455,
FR,42.7129,3.0393,Canet
FR,42.7151,9.3232,Calanca di a Torre
FR,42.718,9.2445,
FR,42.7186,9.4558,
FR,42.7195,3.0394,
FR,42.7199,9.2339,Plage du Lotu
FR,42.72,9.3308,plage des Catarelli
FR,42.7207,9.4562,
FR,42.7231,9.3351,BO'S Plage
FR,42.7242,9.1192,
FR,42.7268,9.2048,Plage de Saleccia
FR,42.7279,3.0386,
FR,42.7289,9.132,
FR,42.7292,9.1374,Plage de Ghignu
FR,42.7296,9.1772,
FR,42.7306,9.3413,
FR,42.7316,9.1503,
FR,42.7337,9.4613,Plage de Grisgione - Arinella di Grisgione
FR,42.7347,9.3443,Plage de Farinole
FR,42.7378,3.038,
FR,42.7408,9.4617,Guarded beach
FR,42.7478,3.0388,
FR,42.7545,3.0378,Plage Sud Torreilles
FR,42.7575,9.4656,
FR,42.7602,9.34,
FR,42.7643,9.4682,
FR,42.7681,3.0384,Plage Torreilles
FR,42.7691,3.0351,Accès plage
FR,42.7708,3.0354,Accès plage
FR,42.772,3.0355,Accès plage
FR,42.7778,3.0389,
FR,42.7797,3.0382,Plage de l'embouchure
FR,42.7889,3.0397,
FR,42.7921,9.3444,Plage de Nonza
FR,42.8001,9.3409,Baracataggio
FR,42.8044,9.3381,
FR,42.8092,9.49,
FR,42.8098,9.3335,
FR,42.8193,3.0412,
FR,42.8388,9.4802,Marine de Pietracorbara
FR,42.8544,3.0464,
FR,42.8583,3.046,Plage de Port-Leucate
FR,42.8664,9.3406,
FR,42.8732,3.0487,
FR,42.8765,9.4732,
FR,42.8789,3.0502,Plage naturiste de Leucate
FR,42.8867,9.4738,
FR,42.89,9.4742,
FR,42.8982,3.0546,Plage de Leucate-Plage
FR,42.9123,9.3475,Plage de Scalo
FR,42.9128,3.059,
FR,42.9159,3.0597,La plagette
FR,42.9229,9.3597,
FR,42.9245,9.3619,Alisu
FR,42.9266,9.3598,
FR,42.9321,3.0387,
FR,42.934,9.4653,Plage de Meria
FR,42.9474,3.0376,Plage des Coussoules
FR,42.9521,3.0394,Le Clapotis
FR,42.961,9.35,
FR,42.9625,9.3491,
FR,42.9637,9.4525,Plage de Macinaggio
FR,42.965,9.3483,
FR,42.9685,3.043,Plage du Rouet
FR,42.9753,9.4552,Plage de Tamarone
FR,42.9844,9.4622,Plage des îles
FR,42.9915,3.0507,Plage des Montilles
FR,42.9917,9.4483,Plage de Cala Genovese
FR,42.9922,6.2195,Calanque de l'Oustaou de Diéu
FR,42.9932,3.0541,Plage des Montilles
FR,42.9944,9.4433,Plage de Cala Francese
FR,42.995,6.1818,Calanque de Brégançonnet
FR,42.9992,6.1666,
FR,43.0001,6.1679,Plage Noire du Langoustier
FR,43.0006,6.1661,Plage Blanche du Langoustier
FR,43.0008,6.1664,Plage Blanche du Langoustier
FR,43.0014,6.1686,
FR,43.0018,6.1692,Plage du Grand Langoustier
FR,43.0019,6.1691,
FR,43.0019,6.3728,Plage du sud
FR,43.0027,6.2053,Plage des Porquerollais
FR,43.0031,6.169,Calanque du Mas du Langoustier
FR,43.0037,6.2492,Plage de la Galère
FR,43.0039,6.2111,Première Courtade
FR,43.004,6.1691,Calanque Saint-Étienne
FR,43.0045,9.3733,
FR,43.0047,6.1874,Plage d'Argent
FR,43.0048,6.1875,Plage d'Argent
FR,43.0048,6.1931,
FR,43.0052,6.3765,
FR,43.0057,9.4091,
FR,43.0066,6.1849,Plage de Bon-Renaud
FR,43.0067,6.1766,Plage de l'Aiguade
FR,43.0067,6.1768,Plage de l'Aiguade
FR,43.0068,6.1852,Anse de Bon-Renaud
FR,43.0068,9.3896,
FR,43.007,6.2159,Deuxième Courtade
FR,43.007,9.4134,Plage de Cala
FR,43.0073,6.1723,Plage des Maures
FR,43.0073,6.1753,
FR,43.0074,6.1738,
FR,43.0074,6.1776,
FR,43.0075,6.1777,Plage de la Chère Patrie
FR,43.0078,6.1745,Criques Saint-Jean-Baptiste
FR,43.0079,6.1812,Plage de l'Aigadon
FR,43.0079,9.3874,
FR,43.009,6.2174,plage du Lequin
FR,43.0093,6.4123,Plage de Port-Man
FR,43.0095,3.0619,Plage du Front de Mer
FR,43.0107,6.2319,Plage de Notre-Dame
FR,43.0111,6.4332,Plage des Grottes
FR,43.0113,6.2227,Plage de l'Alycastre
FR,43.0113,6.2231,Plage de l'Alycastre
FR,43.0119,6.217,
FR,43.0119,6.2317,Plage de Notre-Dame
FR,43.0124,6.2181,plage du Lequin
FR,43.0127,6.3926,Plage de la Palud
FR,43.0148,6.2363,Anse des Savoyards
FR,43.016,6.237,Anse Pierrot-le-Fou
FR,43.0161,6.237,Anse Pierrot-le-Fou
FR,43.0179,6.2368,Calanque de la Treille
FR,43.0181,6.452,Plage de Rioufred
FR,43.0182,6.4339,
FR,43.0195,6.2377,Plage de la Chaussée
FR,43.0199,6.2378,Plage de la Chaussée
FR,43.02,6.4338,Les Pierres-Plates
FR,43.0208,6.2385,Crique de l'Ermite
FR,43.0223,6.4371,Calanque des Moines
FR,43.0251,6.2401,
FR,43.0265,6.1498,
FR,43.0277,6.15,
FR,43.028,6.1508,Plage du Pradeau
FR,43.028,6.1519,
FR,43.0281,6.1462,Crique du Port-Auguier
FR,43.0284,6.1449,
FR,43.0289,6.1439,Plage La Polynésie
FR,43.0292,6.159,
FR,43.031,6.1033,Plage du Pontillon
FR,43.031,6.1071,Plage de l'Arboussière
FR,43.032,6.1077,
FR,43.0326,6.1668,Plage du Bouvet
FR,43.0342,6.1608,Plage de la Baume
FR,43.0345,6.1644,
FR,43.0346,6.1573,Plage de l'Estanci
FR,43.0346,6.1654,
FR,43.0347,6.1661,
FR,43.035,6.1126,Plage des Darboussières
FR,43.0355,6.1364,Plage de la Vignette
FR,43.0361,6.1272,Plage du Port du Niel
FR,43.0361,6.1529,Plage de la Badine
FR,43.0404,6.0947,
FR,43.0407,6.0984,Plage de la Madrague
FR,43.0408,6.1014,Calanque du Four à Chaux
FR,43.0414,6.1034,
FR,43.0426,3.0751,Plage de la Vieille Nouvelle
FR,43.046,6.1507,Plage de la Bergerie
FR,43.0577,5.8631,Plage naturiste de Malpasset
FR,43.0581,5.8631,La Seyne-sur-Mer
FR,43.059,5.8645,Plage naturiste de Saint-Selon
FR,43.0594,5.8202,Plage de la Fosse
FR,43.06,6.15,Plage de la Capte
FR,43.061,5.8661,Plage naturiste du Jonquet
FR,43.0611,5.8665,Plage naturiste du Jonquet
FR,43.0617,6.128,Plage de l'Almanarre
FR,43.0631,5.8167,Plage du Trou de l'Or
FR,43.0644,5.8694,Plage du Bœuf
FR,43.0658,5.8093,
FR,43.0671,5.8071,Plage de la Gardiole
FR,43.0683,6.1518,Plage des Pesquiers
FR,43.0691,5.8721,Plage de Fabrégas
FR,43.0693,5.7937,
FR,43.0696,5.794,
FR,43.0715,5.7909,Plage du Grand Gaou
FR,43.0716,5.9288,Plage de la Coudoulière
FR,43.0717,5.9366,Plage de Cavalas
FR,43.0718,5.7834,Plage Coucoussa
FR,43.0721,6.153,
FR,43.0722,5.7877,
FR,43.0722,5.9065,Plage de Sainte-Asile
FR,43.0724,5.8799,Plage de la Verne
FR,43.0738,5.78,Plage du Rix
FR,43.0741,5.8839,Plage de la Vernette
FR,43.0742,5.8991,Toutou Beach
FR,43.0748,6.1537,Plage Bona
FR,43.076,5.7785,Plage de la Croisette
FR,43.0772,3.0968,Plage de la Vieille Nouvelle
FR,43.0776,5.8884,Plage de Mar Vivo
FR,43.0779,5.7783,Plage des Allemands
FR,43.0781,5.8946,Plage des Sablettes
FR,43.0781,6.1547,
FR,43.079,5.8041,Plage des Charmettes
FR,43.0794,3.0987,Plage de la Mateille
FR,43.0805,5.7796,Plage de la Gabrielle
FR,43.0806,5.9228,Plage du Touring
FR,43.0808,5.9263,Plage du Canon
FR,43.081,5.8059,Plage du Cros
FR,43.082,5.7818,Plage du Petit Rouveau
FR,43.0821,6.1174,
FR,43.0822,5.7804,Plage Saint-Pierre
FR,43.0825,6.0573,
FR,43.0831,5.9214,Plage de la Vieille
FR,43.0836,5.8054,
FR,43.0851,6.0704,Plage du Pradon
FR,43.0853,6.0749,Plage Peno
FR,43.0854,6.0203,Plage des Oursinières
FR,43.0857,5.8055,
FR,43.0859,5.8059,
FR,43.086,5.8063,
FR,43.0863,6.0215,Plage des Oursinières
FR,43.0864,5.8076,
FR,43.0868,6.0839,Plage Beaurivage
FR,43.0868,6.0852,
FR,43.087,6.0854,
FR,43.0878,5.8082,Plage du Rayolet
FR,43.0893,6.3587,Plage du Cap Blanc
FR,43.0906,6.0242,Plage de la Garonne
FR,43.0909,6.3438,Calanque de la Tripe
FR,43.0912,6.3347,Plage de la Reine Jeanne
FR,43.0913,6.1624,Plage du Ceinturon
FR,43.0913,6.3322,Plage de la galère
FR,43.093,6.3298,Plage du Luxembourg
FR,43.0931,6.3218,
FR,43.0937,5.8112,Plage de la Coudoulière
FR,43.0937,6.0241,Plage de la Garonne
FR,43.0954,6.3252,Plage de Brégançon
FR,43.0971,6.1679,Plage de la Marquise
FR,43.0972,5.9074,Plage de Balaguier
FR,43.0974,6.0197,Plage des Bonnettes
FR,43.0981,5.8109,Plage des Roches Brunes
FR,43.0983,6.1689,
FR,43.0986,6.0184,Plage des Bonnettes
FR,43.0994,6.3243,Plage de Cabasson
FR,43.0995,6.1701,
FR,43.1001,6.0137,Plage du Monaco
FR,43.1006,6.1717,Plage de la Marquise
FR,43.1008,5.9092,Plage de l'Eguillette
FR,43.1016,5.81,Criques du Cap Nègre
FR,43.1017,6.0117,Plage du Monaco
FR,43.1024,5.8104,
FR,43.1025,3.1179,Plage des Chalets
FR,43.1025,6.0097,Plage naturiste du Monaco
FR,43.103,5.9307,Plage de la Mitre
FR,43.1036,6.3198,Plage de la Vignasse
FR,43.1037,5.8117,
FR,43.1038,5.9324,
FR,43.1038,6.1764,Plage de l'Ayguade
FR,43.104,6.0063,Plage du Pin de Galle
FR,43.1042,5.9333,
FR,43.1044,6.3612,Plage du Baie du Gaou
FR,43.1049,5.9341,
FR,43.1065,5.9715,Plage de Méjean
FR,43.1068,6.3159,Plage de la Mère Dieu
FR,43.1071,5.945,Plages du Mourillon
FR,43.1072,5.9392,plage du lido
FR,43.1072,5.9596,
FR,43.1072,5.96,
FR,43.1073,5.9801,Plage de Magaud
FR,43.1074,5.975,Plage de Méjean
FR,43.1074,6.1812,Plage du Mérou
FR,43.1076,6.2991,
FR,43.1081,6.3048,
FR,43.1081,6.3094,Plage du  Grand Jardin
FR,43.1089,6.3589,Plage du Gaou
FR,43.1092,6.2915,Plage du cap Léoube
FR,43.1092,6.2978,Plage de l'Estagnol
FR,43.1111,5.811,Plage de Bonnegrâce
FR,43.1125,6.1946,
FR,43.1129,3.1277,
FR,43.1134,6.2359,
FR,43.1142,6.1971,
FR,43.1146,6.2868,Plage de Léoube
FR,43.1149,5.808,Plage de la Frégate
FR,43.1149,6.2428,plage Miramar
FR,43.1151,6.2207,Plage des Salins
FR,43.1154,5.79,Plage de Portissol
FR,43.1159,6.2078,Plage du Pentagone
FR,43.1164,6.21,Plage naturiste des Vieux Salins
FR,43.1169,6.2823,Plage de la Chapelle Saint-Georges
FR,43.118,6.2786,Plage de la Pointe du Pellegrin
FR,43.1191,6.3607,Plage de la Favière
FR,43.1193,6.2557,
FR,43.1204,6.2731,Plages du Pellegrin
FR,43.1204,6.2748,Plage du Pellegrin - Bormes-les-Mimosas
FR,43.1207,6.2621,Plage de l'Argentière
FR,43.1212,6.2702,Plage du Pellegrin - La Londe-les-Maures
FR,43.1223,3.135,Plage des Ayguades
FR,43.1224,5.7771,Plage de la baie de Cousse
FR,43.1242,6.3647,
FR,43.1249,6.3641,Plage de Gouron
FR,43.1266,3.1379,Plage de Mateille
FR,43.1268,3.1384,Plage des Mouettes
FR,43.1281,3.1393,Plage des Ayguades - Poste de secours n°5
FR,43.1282,6.3642,Plage de l'Anglade
FR,43.1283,5.7504,
FR,43.13,5.7808,Plage de la Gorguette
FR,43.1301,5.7514,
FR,43.1326,5.7802,Plage dorée
FR,43.1342,5.7499,Plage de Renecros
FR,43.1344,6.3671,Grande Plage du Lavandou
FR,43.1349,5.7423,Plage du Barry
FR,43.1351,5.7444,Plage d'Eden Roc
FR,43.1356,5.7382,Plage du Capélan
FR,43.1361,5.7593,Plage Centrale
FR,43.1362,5.7763,Plage du Lido
FR,43.1369,5.7261,La plage des Engraviers
FR,43.1373,5.7629,Plage du Casino
FR,43.139,5.7682,Plage du Grand Vallat
FR,43.1417,6.3825,Plage de Saint-Clair
FR,43.1453,6.3949,Plage de la Fossette
FR,43.1454,3.1552,Plage du Créneau Naturel - Poste de secours n° 4
FR,43.1467,5.7076,Calanque de Jeffrey
FR,43.1469,5.695,Calanque du Défens
FR,43.1474,5.7097,Plage du Port d'Alon
FR,43.1474,5.7196,Plage de la Moutte
FR,43.1475,6.4395,Plage du Cap Nègre
FR,43.1476,6.4186,Plage du Rossignol
FR,43.1476,6.419,Crique du Layet
FR,43.148,6.4388,Plage du Cap Nègre
FR,43.1483,6.4204,Plage du Layet
FR,43.1491,6.4163,Plage de l'Eléphant
FR,43.1492,6.4032,Plage d'Aiguebelle
FR,43.1495,6.4124,Plage de Jean Blanc
FR,43.1504,6.4302,Plage de Cavalière
FR,43.1513,5.6934,Plage des Nations
FR,43.1521,6.4477,Plage de Pramousquier
FR,43.1533,6.4488,Plage de Pramousquier
FR,43.154,3.1645,Plages des Terrasses de la Mer
FR,43.1541,3.1639,Plages des Terrasses du Soleil - Poste de secours n°3
FR,43.1543,6.4818,Plage du Figuier
FR,43.1561,6.4758,Plage du Rayol
FR,43.1561,6.4779,Plage du Rayol
FR,43.1574,6.4664,
FR,43.1575,6.4637,Plage du Canadel
FR,43.1592,5.6193,Seynerolle
FR,43.1615,5.6176,La plage de Saint-Pierre
FR,43.165,5.6061,Plage Calanque du Petit Mugel
FR,43.1651,6.5208,Plage de Bonporteau
FR,43.1663,5.6061,Plage Calanque du Grand Mugel
FR,43.1663,6.535,
FR,43.167,5.5973,Calanque de Figuerolles
FR,43.1679,5.6949,Plage de la Madrague
FR,43.1718,6.6407,
FR,43.1725,6.6347,Plage de Briande
FR,43.1726,6.608,Plage du Brouis
FR,43.1729,6.6394,Plage Ranc
FR,43.1749,6.6406,Plage des Douanes
FR,43.1755,6.6047,Plage du Treuil
FR,43.1757,6.5348,Plage du Centre-ville
FR,43.1761,5.6897,Plage des Lecques
FR,43.1765,6.6044,Plage de Jovat
FR,43.1782,5.3751,
FR,43.1787,5.3838,Plage de l'Aiglon
FR,43.1802,6.6399,
FR,43.1804,6.5386,Plage du Parc
FR,43.1816,5.6144,Plage des Capucins
FR,43.182,5.6672,Le Liouquet
FR,43.1823,5.6156,Plage Canine
FR,43.1837,6.5436,Plage du Dauphin
FR,43.184,6.5967,Plage de Gigaro
FR,43.1842,5.6185,Plage Cyrnos
FR,43.1857,5.6212,Plage Lumière
FR,43.1861,6.5889,Plage d'Heraclée
FR,43.1864,6.5495,Plage de Pardigon
FR,43.1864,6.6423,Plage de l'Escalet
FR,43.1867,6.5823,Plage de Sylvabelle
FR,43.1868,5.6232,Grande plage
FR,43.1871,5.627,Plage Port Saint-Jean
FR,43.1877,5.6325,Plage de Saint-Jean
FR,43.1877,6.5748,Plage du Vergeron
FR,43.1879,6.5666,Plage de la Bouillabaisse
FR,43.1883,6.5574,Plage du Débarquement
FR,43.1885,5.6495,Plage d'Arène Cros
FR,43.1887,5.6384,Plage de Fontsainte
FR,43.191,3.2108,
FR,43.1914,3.2079,Plage naturiste de Fleury
FR,43.1971,3.2148,La Grande Cosse
FR,43.2023,5.4981,Plage d'En Vau
FR,43.204,5.5107,Plage de Port Pin
FR,43.2052,5.5186,Plage Bleue
FR,43.2082,5.5487,Plage de l’Arène
FR,43.2084,6.6679,Plage de Bonne Terrasse
FR,43.2087,5.3727,
FR,43.2095,5.3724,
FR,43.2098,5.3617,
FR,43.2101,5.4202,
FR,43.2101,5.4622,Queyrons
FR,43.2106,5.3802,
FR,43.2107,5.4208,
FR,43.2107,5.5448,Plage du Corton
FR,43.2112,5.3843,
FR,43.2112,5.4238,
FR,43.2115,5.4571,Plage naturiste des Pierres Tombées
FR,43.2116,5.4473,
FR,43.2117,5.4556,
FR,43.212,5.4541,
FR,43.2127,5.4448,
FR,43.2128,5.5375,Plage La Grande Mer
FR,43.2129,5.5313,Plage du Bestouan
FR,43.2139,5.3374,
FR,43.2148,5.3429,
FR,43.2167,6.6626,Bistagne
FR,43.2168,5.3461,
FR,43.2283,6.6659,Plage de Pampelonne
FR,43.2289,5.3494,
FR,43.2299,3.2689,
FR,43.2348,6.6629,
FR,43.2353,6.6631,Plage Neptune
FR,43.236,5.3599,Plage de la Bonne Brise
FR,43.237,5.3603,Plage des Sablettes
FR,43.2381,5.3616,Plage des Phocéens
FR,43.2399,5.3625,Plage du Bain des Dames
FR,43.2408,3.2827,Archipel Plage
FR,43.241,5.3625,Plage de la Batterie
FR,43.2447,5.371,Plage de la Pointe Rouge
FR,43.2451,5.368,
FR,43.2483,6.6803,Plage de la Garrigue
FR,43.2522,5.3725,Plage de la Vieille Chapelle
FR,43.2523,6.6904,Batterie du Capon
FR,43.2529,3.31,Plage Sérignan
FR,43.2536,5.3735,Plage de Bonneveine
FR,43.2541,6.6905,Plage de Capon
FR,43.2563,5.3748,Plage Borély
FR,43.2586,3.3203,Plage des Orpellières
FR,43.2588,5.3752,Plage de l'Huveaune
FR,43.259,6.6925,Plage des Salins
FR,43.2603,3.3241,Plage Sérignan
FR,43.2617,5.3717,Plage du David
FR,43.2619,5.3705,
FR,43.2627,5.3705,Plages du Prado
FR,43.2633,6.5918,Les Marines de Cogolin
FR,43.2633,6.6063,Plage de la Moune
FR,43.2636,5.3708,Plage du Grand Roucas Blanc
FR,43.2636,6.6093,Plage de la Moune
FR,43.2641,6.6136,
FR,43.2642,5.3687,Plage du Petit Roucas Blanc
FR,43.265,3.3344,Plage de la Séoune
FR,43.2653,6.6645,Plage des Canoubiers
FR,43.2659,6.6963,Plage de la Moutte
FR,43.266,6.6244,Plage de la Bouillabaisse
FR,43.2671,6.628,
FR,43.2673,6.6685,Plage des Canoubiers
FR,43.2674,5.292,
FR,43.2675,5.2927,
FR,43.2677,5.2929,
FR,43.268,3.341,Plage de la Grande Maïre
FR,43.2689,5.2954,
FR,43.2705,6.5859,Plage Sud
FR,43.2707,6.6483,Plage des Graniers
FR,43.2709,3.3474,Plage Sérignan
FR,43.2712,5.3007,
FR,43.2716,5.3012,
FR,43.2717,3.3496,Hundestrand
FR,43.2718,3.3499,
FR,43.2721,5.3014,
FR,43.2732,5.3621,Plage du Prophète
FR,43.2735,6.6412,Plage de la Ponche
FR,43.2736,6.6399,Plage de la Glaye
FR,43.2738,6.6421,Plage de la Fontanette
FR,43.2741,3.4971,Plage Richelieu
FR,43.2746,3.5122,La Plagette
FR,43.2748,6.6821,
FR,43.2754,6.5841,Plage du Centre Ville
FR,43.2761,3.5155,Plage de la Grande Conque
FR,43.2763,3.3618,
FR,43.2766,5.3093,
FR,43.2781,3.467,Plage du Grau d'Agde
FR,43.2786,6.5848,
FR,43.2792,3.3698,Plage de la Redoute
FR,43.2795,3.5184,
FR,43.28,5.3033,
FR,43.2803,5.3021,
FR,43.2803,5.3499,
FR,43.2804,5.3502,Plage de Maldormé
FR,43.2805,3.5196,
FR,43.2805,5.3491,
FR,43.2805,5.3528,
FR,43.2806,6.587,
FR,43.2807,3.5199,Plage de la Dalle
FR,43.2808,5.2953,
FR,43.2809,5.3138,
FR,43.2809,5.347,
FR,43.2811,5.3015,
FR,43.2817,3.3771,La Dune
FR,43.2818,5.3053,
FR,43.2821,5.3058,
FR,43.2826,5.3052,
FR,43.2828,6.5913,
FR,43.2833,5.3158,
FR,43.2834,3.5219,Plage du Môle
FR,43.2838,5.3494,
FR,43.284,5.3208,
FR,43.2841,6.5948,Plage de Europe
FR,43.2841,6.5966,Plage du Gros Pins
FR,43.2842,5.3161,Plage de Saint-Estève
FR,43.2845,5.3073,
FR,43.2845,5.313,
FR,43.2846,5.3134,
FR,43.2846,5.3204,
FR,43.2847,5.3189,
FR,43.285,3.3889,Le Petit Mousse
FR,43.285,5.3192,
FR,43.2853,5.3168,
FR,43.2855,5.3166,
FR,43.2864,6.6019,Anse du Vieux Moulin
FR,43.2869,3.4362,Plage de la Tamarissière
FR,43.2871,3.397,
FR,43.2872,6.6036,Plage du Vieux Moulin
FR,43.2874,3.3984,
FR,43.2878,3.3999,
FR,43.2879,3.4009,
FR,43.2881,3.4029,
FR,43.2883,3.5263,Plage de la Roquille
FR,43.2887,3.4069,
FR,43.2889,3.412,Plage de Farinette
FR,43.2898,3.4223,
FR,43.2899,6.6084,Beauvallon beach
FR,43.2907,5.3554,Plage des Catalans
FR,43.2909,6.6097,Plage de Guerrevielle
FR,43.2923,5.3536,
FR,43.2949,6.6171,Plage des Cigales
FR,43.2973,3.534,Plage naturiste Cap d'Agde
FR,43.301,6.6264,Plage de la Croisette
FR,43.3046,6.6293,
FR,43.3059,3.543,
FR,43.3076,6.6359,Plage du centre ville
FR,43.3133,3.5516,
FR,43.3133,6.6719,
FR,43.3206,3.5598,Plage Robinson - Est
FR,43.3216,6.6654,Plage de la Nartelle
FR,43.3261,5.0543,
FR,43.328,5.059,Plage des Agoutaou
FR,43.3281,5.1512,Plage Fernandel
FR,43.3283,5.055,
FR,43.3289,5.0387,
FR,43.3289,5.1605,Plage du Cap Rousset
FR,43.329,5.0782,
FR,43.329,5.1151,
FR,43.3291,5.1137,
FR,43.3292,5.1121,
FR,43.3293,6.668,
FR,43.3296,5.0961,Plagette du Grand Nid
FR,43.3296,5.1342,
FR,43.3298,5.2126,
FR,43.33,5.0998,Plage Rives d'Or
FR,43.33,5.2097,
FR,43.3304,5.1707,
FR,43.3312,5.203,
FR,43.3313,5.2034,
FR,43.3315,5.0708,Plage de Sainte-Croix
FR,43.3316,5.171,
FR,43.3317,5.0433,Plage de Carro petite plage
FR,43.3317,5.237,
FR,43.3321,5.0502,Plage du Verdon
FR,43.3322,6.6689,
FR,43.3324,5.1842,Plage de la calanque des Eaux Salées
FR,43.3325,5.0701,Plage de la Saulce
FR,43.3325,5.0924,Plagette du Four à Chaux
FR,43.3327,5.1719,
FR,43.3331,5.0882,Plage de la Roselière
FR,43.3334,5.1988,
FR,43.3335,5.1972,La Dugue
FR,43.3336,5.0311,
FR,43.3339,5.1977,
FR,43.3342,5.1734,Plage du Rouet
FR,43.3345,5.1747,Plage du Rouet
FR,43.336,5.0306,
FR,43.3372,5.2528,
FR,43.3379,3.5798,
FR,43.3397,5.2582,
FR,43.3397,5.2584,
FR,43.3398,4.7931,Plage de Piémanson
FR,43.3402,6.6942,
FR,43.3403,6.6804,Plage de la Garonnette
FR,43.3405,6.6952,Plage de l'Arpillon
FR,43.3408,6.6842,
FR,43.341,6.6811,Plage 44
FR,43.3412,6.6827,Plage de la Garonnette
FR,43.3412,6.6932,Plage San Peïre
FR,43.3415,6.6967,
FR,43.3421,5.261,
FR,43.3422,6.6886,Plage des Peiras
FR,43.3431,5.2657,Plage de Figuerolles
FR,43.3432,5.0197,Pointe de Bonnieu
FR,43.3437,6.7011,
FR,43.3441,5.0196,Plage naturiste de Bonnieu
FR,43.3443,6.7029,Plage des Gireliers
FR,43.3448,4.7997,Zone naturiste de la plage de Piémanson
FR,43.3453,5.0246,
FR,43.3453,6.7121,Plage de la Pinède
FR,43.3466,6.7148,
FR,43.35,6.714,Plage calanque de Tardieu
FR,43.3523,5.0247,
FR,43.3545,3.6057,Plage de la Baleine
FR,43.3555,5.0255,Plage des Laurons
FR,43.3565,4.8861,Plage Napoléon
FR,43.3574,3.6045,Plage Jalabert
FR,43.3576,5.2902,Plage du Fortin
FR,43.3577,5.2908,Plage de la Batterie
FR,43.3586,5.2941,Plage de la Lave
FR,43.3588,-1.778,
FR,43.3639,6.7141,
FR,43.3652,-1.7726,
FR,43.3657,3.6161,
FR,43.3668,6.713,Plage de La Gaillarde
FR,43.3696,-1.7767,
FR,43.3703,6.7138,Plage de la corniche d'azur
FR,43.3723,6.7144,Plage du Grand Boucharel
FR,43.3745,-1.7743,Ondarraitz
FR,43.3784,-1.7577,Plage des Deux Jumeaux
FR,43.3786,6.7204,Plage du Pébrier
FR,43.3795,-1.7559,Plage naturiste
FR,43.3799,6.7217,Calanque du four à chaux
FR,43.3809,4.5718,Plage de Beauduc
FR,43.381,-1.7541,Erdiko Ura
FR,43.3815,6.7238,Calanque des Corailleurs
FR,43.383,6.7257,
FR,43.3842,6.7267,
FR,43.386,6.7279,
FR,43.3878,-1.6701,Plage de Ciboure
FR,43.3888,-1.6721,
FR,43.3901,-1.6825,Plage de Socoa
FR,43.3907,3.6559,Plage du Lido
FR,43.3908,-1.6838,
FR,43.3913,-1.6645,Grande Plage
FR,43.3919,4.8529,PLage Olga
FR,43.392,3.6731,Plage du Lazaret
FR,43.3923,3.661,Plage de la Fontaine
FR,43.3926,3.6794,Plage de la Vigie
FR,43.3928,6.7282,Plage de la Galiote
FR,43.3933,-1.684,
FR,43.3935,3.667,Plage de la Corniche
FR,43.3935,3.6822,Plage de la Nau
FR,43.3955,3.7002,
FR,43.3959,-1.6822,Plage du Fort
FR,43.398,-1.6614,Les Flots Bleus
FR,43.3993,6.7306,Plage des Esclamandes
FR,43.4007,4.9768,
FR,43.4018,4.5913,
FR,43.4047,4.9768,
FR,43.4065,-1.6426,Erromardie
FR,43.4069,6.7344,Plage des Esclamandes
FR,43.4074,4.9774,Le Grand Mur
FR,43.4089,-1.6381,Erromardie
FR,43.4097,6.7869,Plage de Santa-Lucia
FR,43.4106,4.9758,Plage de l'Ours
FR,43.4106,6.7922,Plage Fournas
FR,43.4108,6.7942,Port Martin
FR,43.4132,6.7406,plage base nature
FR,43.4132,6.8492,
FR,43.4135,6.8096,Plage de la Tortue
FR,43.4138,6.7982,Plage de la Péguière
FR,43.4139,-1.6298,Lafitenia
FR,43.4142,6.8069,Plage d'Arène Grosse
FR,43.4149,6.8132,Plage du Val Fleury
FR,43.4156,6.8145,Plage de la Pescade
FR,43.4157,6.8439,Plage du Débarquement
FR,43.4158,6.8164,
FR,43.4163,6.8347,Plage Pierre Blave
FR,43.4175,6.8226,Plage de Boulouris
FR,43.4181,6.7722,Plage Beau Rivage
FR,43.4183,6.8304,Plage de Garde Vieille
FR,43.4185,6.7468,
FR,43.4186,6.8294,Plage d'Aigue Bonne
FR,43.4187,-1.6255,Maiarko
FR,43.4202,6.8579,Plage de Camp-Long
FR,43.4203,4.5883,
FR,43.4206,6.7683,Plage du Veillat
FR,43.4208,4.9733,Plage de Fromage
FR,43.4216,6.7662,Plage du Casino
FR,43.4225,-1.6201,Senix / Cenitz
FR,43.4225,6.858,Plage de Pointes Longues
FR,43.4226,6.7566,Fréjus plage
FR,43.4252,6.8563,Plage du Pourrousset
FR,43.4255,-1.6144,Harotzen Kosta
FR,43.4259,4.9679,Lafarge
FR,43.4262,-1.6109,
FR,43.4266,3.7556,Plage de l'Entrée
FR,43.4268,6.8736,
FR,43.427,-1.6088,
FR,43.4274,-1.6085,
FR,43.428,6.8788,Beach Brieux
FR,43.428,6.8811,
FR,43.4281,-1.6071,Parlementia
FR,43.4281,6.8807,Plage des Anglais
FR,43.4281,6.8845,
FR,43.4285,6.8819,
FR,43.429,3.7647,
FR,43.429,6.887,
FR,43.4291,6.8699,Plage de la Beaumette
FR,43.4294,6.8574,
FR,43.4295,4.9464,Grande Plage
FR,43.4295,6.8919,Crique de l'Île des Vieilles
FR,43.4303,3.7702,Plage du port de plaisance ouest
FR,43.4305,4.9215,La Grande Plage
FR,43.4309,6.8935,
FR,43.4316,-1.6001,Uhabia
FR,43.4329,6.8672,
FR,43.4332,-1.5986,Petites dunes des Embruns
FR,43.4332,6.8618,Plage d'Agay
FR,43.4334,-1.5994,"Lieu dit ""Les Embruns"""
FR,43.4338,3.7807,Plage du port de plaisance est
FR,43.435,-1.5984,
FR,43.4353,6.893,
FR,43.4357,6.8927,
FR,43.4373,6.8925,Plage d'Anthéor
FR,43.4374,-1.5963,Plage du Centre
FR,43.4411,3.793,
FR,43.4416,-1.5932,
FR,43.4419,6.8986,Calanque du Petit Caneiret
FR,43.4439,3.8008,Plage de la bergerie
FR,43.446,6.9068,
FR,43.4466,-1.5898,Erretegia
FR,43.4471,4.4015,
FR,43.448,4.405,
FR,43.4489,4.5189,
FR,43.449,4.4073,
FR,43.449,4.4147,
FR,43.449,4.4258,Plage des Arènes
FR,43.4493,-1.587,
FR,43.4497,4.4283,
FR,43.4504,4.3957,
FR,43.4504,6.9196,
FR,43.4515,4.3919,
FR,43.4516,4.4336,
FR,43.4519,4.3906,
FR,43.4524,4.3883,
FR,43.4527,4.3859,
FR,43.4528,6.9206,Le Trayas
FR,43.453,4.384,
FR,43.4532,4.3828,
FR,43.4533,4.3816,
FR,43.4534,4.4376,
FR,43.4535,4.3804,
FR,43.4536,-1.5839,Pavillon Royal
FR,43.4538,4.3746,
FR,43.4538,4.3752,
FR,43.454,3.8131,Plage des Aresquiers
FR,43.454,4.3727,
FR,43.4541,4.3719,
FR,43.4542,4.439,
FR,43.4542,4.4404,
FR,43.4544,4.368,
FR,43.4545,4.3707,
FR,43.4554,4.4433,
FR,43.4568,4.3517,Plage privée du Grand Radeau
FR,43.4576,6.9202,Calanque de Maubois
FR,43.4592,-1.5795,Ilbarritz
FR,43.4592,3.8187,Plage des Aresquiers
FR,43.4592,4.4659,Plage de la Goule
FR,43.4593,4.4774,Plage Est
FR,43.4594,4.458,
FR,43.4621,6.9217,
FR,43.4636,3.8229,Plage des Aresquiers
FR,43.4641,6.9233,
FR,43.4642,-1.5756,Plage de la Milady
FR,43.4645,4.2074,
FR,43.4657,6.9239,
FR,43.4678,-1.5735,Plage de la Marbellla
FR,43.4709,6.9232,
FR,43.4721,4.1729,L'Espiguette
FR,43.4742,6.9257,
FR,43.4748,6.9269,
FR,43.4766,6.9291,Plage Abel Ballif
FR,43.4775,4.1559,Plage naturiste de l'Espiguette
FR,43.4781,4.1538,Helio club de l'Espiguette
FR,43.4795,6.9312,Pointe Notre-Dame
FR,43.4803,6.9312,plage de la Pointe Notre Dame
FR,43.4825,-1.5679,Plage du Port Vieux
FR,43.4835,-1.5634,Portu zaharra
FR,43.4835,-1.5615,
FR,43.4836,-1.5649,
FR,43.4837,-1.5626,
FR,43.4839,6.9317,Plage de la Figueirette
FR,43.4851,3.853,Plage des Aresquiers
FR,43.4853,-1.5592,Grande Plage
FR,43.4883,-1.5555,Plage du Miramar
FR,43.4911,-1.553,Plage du Miramar
FR,43.4929,4.1353,L'Espiguette
FR,43.4958,-1.5466,Plage de la Petite Chambre d'Amour
FR,43.4993,-1.544,Plage du Club
FR,43.5016,-1.5419,Plage des Sables d'Or
FR,43.503,6.9545,
FR,43.5044,-1.5396,Plage de Marinella
FR,43.5047,3.8823,Plage de Maguelone
FR,43.5048,6.9544,
FR,43.5058,6.9534,Plage de la Grotte de Gardanne
FR,43.506,6.947,Plage de la Petite-Fontaine
FR,43.506,6.9509,Plage de l'Aiguille
FR,43.5061,6.9532,
FR,43.5062,6.9525,
FR,43.5072,3.8869,
FR,43.5074,-1.5375,Plage des Corsaires
FR,43.5079,6.942,
FR,43.5086,6.9405,
FR,43.5089,3.89,
FR,43.5098,-1.5356,Plages de la Petite Madrague
FR,43.5099,6.9378,Plage du Suveret
FR,43.5117,-1.534,Plages de la Madrague
FR,43.5134,3.8992,Plage Maguelone
FR,43.5144,-1.5319,Plage de l'Océan
FR,43.5147,6.9375,
FR,43.5152,4.1216,Port Camargue Plage Sud
FR,43.516,7.0573,La Piscine
FR,43.5161,7.0494,
FR,43.5179,-1.529,Plages des Dunes
FR,43.5184,3.9102,
FR,43.5189,6.9409,Plage de La Rague
FR,43.5207,7.0548,
FR,43.5218,6.9418,Plage de la Raguette
FR,43.5221,-1.5266,Plages des Cavaliers
FR,43.5222,3.9217,Palavas Ouest
FR,43.5225,7.0348,
FR,43.5226,7.0498,
FR,43.524,6.9433,Plage du Château
FR,43.5253,4.1342,Port Camargue Plage Nord
FR,43.526,-1.5242,Plage de la Barre
FR,43.528,-1.5233,Plage de la Petite Barre
FR,43.5296,6.9491,
FR,43.5315,4.1366,Plage Rive Gauche
FR,43.5318,6.9493,Plage de Robinson
FR,43.5331,6.9506,Plage du Sable d'Or
FR,43.5336,3.9516,Palavas Est
FR,43.5342,6.952,Plage des Dauphins
FR,43.5356,7.0363,
FR,43.5357,7.0366,Tamaris
FR,43.538,6.9559,
FR,43.5383,6.9561,"Plage ""Thalès"""
FR,43.5386,7.0346,Bijou Plage
FR,43.5387,-1.5161,Plage de la Digue
FR,43.5393,7.0395,Plage Gazagnaire
FR,43.541,3.9702,
FR,43.5414,3.972,
FR,43.5428,6.9646,Plage de la Bocca
FR,43.5447,7.1321,
FR,43.5457,4.1179,Plage du Boucanet
FR,43.5457,6.9733,
FR,43.5465,7.1295,Plage de la Baie des Milliardaires
FR,43.547,3.9919,Carnon-Plage
FR,43.5475,6.9808,
FR,43.5476,7.0112,
FR,43.5479,6.9835,
FR,43.5479,7.0276,Plage de la Croisette
FR,43.5484,7.0056,Plage Waikiki
FR,43.5486,6.9928,
FR,43.5495,7.019,Plage Brigitte Bardot
FR,43.55,7.0215,Plage Brigitte Bardot
FR,43.5509,7.0575,Plage Naturiste de La Batterie
FR,43.5534,-1.5051,Plage du Métro
FR,43.5542,7.1371,Plage Joseph
FR,43.5543,7.1365,Plage Keller
FR,43.5544,4.0218,Le Petit Travers
FR,43.5544,7.1221,Plage des Ondes
FR,43.5546,7.1358,Plage de la Garoupe
FR,43.5553,4.093,Plage du Centre Ville Point Zéro
FR,43.5565,4.0361,Le Petit Travers
FR,43.5567,4.0768,Rose des Sables
FR,43.5567,7.0627,Plage publique de la Mirandole
FR,43.5572,4.0476,Grand Travers
FR,43.5573,4.0675,Couchant
FR,43.5577,4.0592,Échirolles
FR,43.5592,-1.5007,Plage du Métro
FR,43.5605,7.1178,Plage du Croûton
FR,43.5617,7.0675,Plages du Soleil
FR,43.5635,7.1158,Plage Gallice
FR,43.5637,7.0705,Plages du Soleil
FR,43.5641,-1.4974,Plage du Métro
FR,43.5667,7.1134,Plage de la Pinède
FR,43.5672,7.1126,Plage du Casino
FR,43.5682,7.11,Plage de la promenade du soleil
FR,43.569,7.1076,Plage du ponton courbet
FR,43.5692,7.1071,
FR,43.5693,7.085,Plages du Midi
FR,43.5699,7.1053,Grande Plage
FR,43.5699,7.1384,
FR,43.5704,7.129,Plage de la Salis
FR,43.5705,7.1031,Plage du Pont du Lys
FR,43.5706,7.0947,Plages de l'Ouest
FR,43.572,7.1279,Plage de la Base de Voile
FR,43.5737,7.1259,Plage de Ponteil
FR,43.5773,-1.4884,Plage Ondres-Océan
FR,43.5774,-1.4882,Ondres-Océan
FR,43.5827,7.1294,Plage de la Gravette
FR,43.584,7.1299,Plage du port
FR,43.5933,7.1257,Plage du Fort Carré
FR,43.6021,7.1262,
FR,43.6172,-1.4638,
FR,43.6205,7.1311,
FR,43.6286,7.1344,
FR,43.63,7.1355,
FR,43.6312,7.1363,Plage publique de la Batterie
FR,43.6326,7.1378,Plage de Marina
FR,43.6367,7.1403,Plage de la Fighière
FR,43.6371,-1.4498,Plage des Océanides
FR,43.6392,7.1418,Plage privée Bahia Hôtel
FR,43.6393,7.1419,Plage publique du Centre Nautique
FR,43.6396,7.1421,Plage privée des Marines
FR,43.6413,7.1438,
FR,43.6415,7.1439,Plage publique du Loup
FR,43.6418,-1.4475,Plage de la Piste
FR,43.6458,-1.4457,Plage du Santocha
FR,43.6471,7.1491,Plage de l’Hippodrome
FR,43.6496,-1.446,Plage du Prévent
FR,43.6511,7.1534,Plage Le Tiercé
FR,43.6514,7.154,Plage du Grand Large
FR,43.6515,7.1539,Plage La Madrague
FR,43.6517,-1.446,Plage Centrale
FR,43.6519,7.1545,Plage Le Neptune
FR,43.6544,7.1594,
FR,43.6555,7.1983,
FR,43.6559,7.1734,Plage La Gougouline
FR,43.656,7.1789,
FR,43.6561,7.1635,Plage le Cigalon
FR,43.6561,7.1769,
FR,43.6562,7.1741,
FR,43.6563,7.1638,
FR,43.6564,7.1642,Plage Carré Bleu
FR,43.6564,7.1738,Handiplage – Espace Claude et Thérèse Faivre
FR,43.657,7.1663,
FR,43.657,7.1965,
FR,43.6571,7.171,
FR,43.6571,7.2208,
FR,43.6572,7.1873,
FR,43.6574,-1.446,Plage de Notre-Dame
FR,43.6574,7.1694,
FR,43.6576,7.1924,
FR,43.6601,-1.4448,Plage Sud (Point d'Or)
FR,43.6644,-1.4432,Plage Centrale
FR,43.6697,-1.4439,
FR,43.6707,-1.4421,
FR,43.6713,-1.442,Plage de la Gravière
FR,43.676,7.3256,
FR,43.6766,-1.4414,Plage du Boîteux
FR,43.6779,-1.4415,
FR,43.6781,7.2306,
FR,43.6799,-1.4408,Plage des Culs Nus
FR,43.6804,-1.4411,Plage Nord
FR,43.6817,7.3251,
FR,43.682,7.2336,Carras Plage
FR,43.6855,7.2374,Plage Ste Hélène
FR,43.6862,7.3421,Plage de la Paloma
FR,43.6863,7.2992,Plage du Maeterlinck
FR,43.6863,7.3393,Plage des Fossettes
FR,43.6865,7.337,Plage des Fosses
FR,43.6866,7.3355,Plage des Fosses
FR,43.6871,7.2395,Les Canailles
FR,43.6871,7.3226,Plage de la Gavinette
FR,43.6873,-1.4407,Plage des Estagnots
FR,43.6885,7.2418,Cocoon Beach
FR,43.6892,7.2431,Plage des chiens Brigitte Bardot
FR,43.6897,7.2443,Bambou Plage
FR,43.6909,7.2473,Li Rateta
FR,43.6913,7.2925,
FR,43.6914,7.2922,
FR,43.6916,7.2494,Li Rateta
FR,43.6921,7.2512,La Vela
FR,43.6924,7.2905,Bains Militaires
FR,43.6926,7.3336,Plage du Cros Dei Pin
FR,43.6928,7.2541,Hôtel Amour
FR,43.6931,7.2826,
FR,43.6935,7.257,Bella Nissa
FR,43.6937,7.3253,Plage de Passable
FR,43.694,7.2592,Blue Beach
FR,43.6942,7.2613,Sporting Plage
FR,43.6944,7.2633,Lido Plage
FR,43.6944,7.2764,Plage Castel
FR,43.6945,7.2649,Ruhl Plage
FR,43.6946,7.266,Galion Plage
FR,43.6946,7.2672,Centenaire Plage
FR,43.6946,7.2695,Beau Rivage
FR,43.6946,7.3248,
FR,43.6947,7.2721,Opera Plage
FR,43.6959,7.3326,
FR,43.6971,7.3078,Plage de la Darse
FR,43.6973,7.3313,
FR,43.7006,7.3245,Plage de Grasseuil
FR,43.7024,7.3207,
FR,43.7027,7.3306,Plage des Fourmis
FR,43.703,7.3204,Plage des Jeunes
FR,43.7052,7.3176,Plage des Marinières
FR,43.7057,7.3359,Plage de la Réserve
FR,43.7061,7.3363,
FR,43.7094,-1.4366,Plage du Penon
FR,43.712,7.3387,Plage Petite Afrique
FR,43.7129,-1.4355,
FR,43.7176,7.3509,
FR,43.7195,7.3532,
FR,43.7197,7.4056,Plage Pointe des Douaniers (Est)
FR,43.72,7.4044,Plage Pointe des Douaniers (Ouest)
FR,43.7203,7.3674,
FR,43.7203,7.3773,
FR,43.7207,7.3782,Plage naturiste
FR,43.7212,7.4009,
FR,43.7218,7.3576,
FR,43.7222,7.3615,plage naturiste
FR,43.7223,7.3813,Plage de Saint-Laurent d'Èze
FR,43.7224,7.3901,Plage de la Mala
FR,43.7225,-1.4316,Plage des casernes
FR,43.723,7.384,Plage naturiste des Pissarelles
FR,43.7242,7.4119,Plage Marquet
FR,43.7495,7.4394,Plage du Pont de Fer
FR,43.7509,7.4419,
FR,43.7511,7.4428,
FR,43.7511,7.4437,
FR,43.7537,7.448,Plage de Bon Voyage
FR,43.7557,7.4833,
FR,43.7563,7.4509,Plage du Rocher
FR,43.7573,-1.4239,
FR,43.7587,7.4543,Plage de Golfe Bleu
FR,43.7597,7.4836,
FR,43.7601,7.4598,Plage du Buse
FR,43.7633,7.4863,
FR,43.7656,7.4884,
FR,43.7711,7.4963,Plage du Casino
FR,43.7734,7.5027,Plage du Marché
FR,43.7753,-1.4183,Plage de Soustons
FR,43.7785,7.5087,Plage des Sablettes
FR,43.7809,7.5105,Plage Rondelli
FR,43.7815,-1.4159,
FR,43.7849,7.5248,Plage Hawaï
FR,43.7879,-1.4131,Grand'Plage
FR,43.793,-1.4136,Plage des Sablères
FR,43.795,-1.4128,Plage du Nord
FR,43.817,-1.4056,Plage Nord
FR,43.8387,-1.3986,
FR,43.8424,-1.3972,Plage des Chênes-Lièges
FR,43.8531,-1.3926,Plage de la Balise
FR,43.8725,-1.3883,
FR,43.8912,-1.3817,
FR,43.9012,-1.3786,La Lette Blanche - Vielle
FR,43.912,-1.3755,Plage naturiste du centre de vacances d'Arnaoutchot
FR,43.9299,-1.3707,
FR,43.9517,-1.3646,Saint-Girons Plage
FR,43.9813,-1.3568,
FR,44.0171,-1.3468,
FR,44.0413,-1.3407,Plage du Cap de L'Homy
FR,44.0695,-1.3323,
FR,44.0935,-1.3252,
FR,44.1134,-1.3209,
FR,44.1452,-1.3126,
FR,44.1652,-1.308,Plage de L'Espécier
FR,44.1856,-1.3042,
FR,44.2069,-1.3004,Plage Sud
FR,44.2156,-1.2974,Plage Nord
FR,44.2257,-1.2964,
FR,44.2546,-1.2909,Plage de Mimizan
FR,44.3955,-1.2628,
FR,44.4189,-1.2597,
FR,44.4406,-1.2575,
FR,44.4484,-1.2563,
FR,44.4581,-1.2545,Le Vivier
FR,44.4677,-1.2488,
FR,44.5301,-1.2572,Plage de la Salie
FR,44.5308,-1.2412,
FR,44.5338,-1.2568,Blockhaus
FR,44.5469,-1.2499,Plage de La lagune
FR,44.5691,-1.2324,Les Gaillounets
FR,44.5891,-1.218,Plage Robinson du Pilat
FR,44.6127,-1.2071,
FR,44.6243,-1.245,
FR,44.6273,-1.2446,
FR,44.6306,-1.2043,
FR,44.6397,-1.2435,
FR,44.6422,-1.2028,Plage du Moulleau
FR,44.6453,-1.0745,Plage de Larros
FR,44.6454,-1.1143,Plage de la Hume
FR,44.646,-1.2453,
FR,44.6506,-1.2428,
FR,44.6517,-1.1976,Plage des Abatilles
FR,44.6543,-1.1405,
FR,44.6549,-1.2594,Plage de l'Horizon
FR,44.6592,-1.1937,Plage Péreire
FR,44.6603,-1.2397,Place du Ralliement
FR,44.6603,-1.2392,Plage des Américains
FR,44.662,-1.1863,
FR,44.6629,-1.1586,Plage d'Eyrac
FR,44.6639,-1.1747,
FR,44.6639,-1.1715,Plage Thiers
FR,44.664,-1.1662,Plage Thiers
FR,44.6642,-1.2592,Grand Cohot
FR,44.6757,-1.2566,Plage de la Torchère
FR,44.6763,-1.2388,Plage de la Vigne
FR,44.6777,-1.0294,Plage d'Audenge
FR,44.6919,-1.232,
FR,44.6938,-1.2324,Plage de l'Herbe
FR,44.6959,-1.2306,
FR,44.698,-1.2536,Plage de la Garonne
FR,44.699,-1.045,Plage de Lanton
FR,44.7002,-1.0445,Plage du Bassin de Baignade de Lanton
FR,44.7026,-1.0502,
FR,44.7065,-1.054,Plage de Suzette
FR,44.7081,-1.0558,
FR,44.7096,-1.0593,Plage de Cassy
FR,44.7103,-1.0603,
FR,44.7107,-1.2475,
FR,44.7137,-1.0675,Plage Sud de Taussat
FR,44.7137,-1.0668,
FR,44.7148,-1.21,Plage de la Jetée
FR,44.7153,-1.2509,Plage du Truc Vert
FR,44.7167,-1.2073,
FR,44.7188,-1.0737,
FR,44.7192,-1.0743,Plage Nord de Taussat
FR,44.7208,-1.2021,Plage de Petit Piquey
FR,44.7221,-1.0781,
FR,44.7244,-1.0826,
FR,44.7258,-1.1972,Plage des Jacquets
FR,44.7258,-1.085,Plage de Mauret
FR,44.7282,-1.195,
FR,44.7293,-1.0892,
FR,44.7312,-1.1922,Plage du Four
FR,44.7334,-1.0922,Plage du Bétey
FR,44.7335,-1.092,Plage du Bétey
FR,44.7349,-1.1929,Plage privée
FR,44.7351,-1.1918,Plage privée
FR,44.7364,-1.1889,
FR,44.7371,-1.0977,
FR,44.7387,-1.0998,Plage de la Jetée
FR,44.7404,-1.1839,
FR,44.7413,-1.1036,
FR,44.7437,-1.1792,Plage de la Croix des Marins
FR,44.7448,-1.175,
FR,44.745,-1.1744,
FR,44.7466,-1.1188,Plage des Quinconces
FR,44.7483,-1.1738,
FR,44.7515,-1.128,Plage de Saint-Brice
FR,44.7516,-1.1245,
FR,44.7536,-1.1739,
FR,44.7558,-1.1354,
FR,44.7568,-1.1786,
FR,44.7604,-1.1419,
FR,44.7988,-1.2344,Plage du Grand Crohot
FR,44.819,-1.2307,Plage naturiste
FR,44.8559,-1.2243,Plage du domaine résidentiel naturiste La Jenny
FR,44.8941,-1.218,Plage centrale du Porge (Le Gressier)
FR,44.9177,-1.2142,Plage de La Cantine Nord
FR,44.9364,-1.2118,
FR,44.9621,-1.2072,Plage du Lion (Lacanau)
FR,44.9776,-1.205,Plage Super Sud (Lacanau)
FR,44.9937,-1.2031,Plage Sud l'Ecureuil (Lacanau)
FR,45.0016,-1.2023,Plage Centrale
FR,45.0055,-1.2017,
FR,45.0906,-1.1911,Plage Carcans
FR,45.1799,-1.1805,Plage centrale d'Hourtin
FR,45.3631,-1.16,
FR,45.3865,-1.16,
FR,45.4142,-1.1585,
FR,45.434,-1.1536,Le Gurp
FR,45.4725,-1.0007,
FR,45.4883,-1.0255,
FR,45.5044,-1.1239,
FR,45.5233,-0.8775,
FR,45.5253,-0.8794,
FR,45.5277,-0.8828,
FR,45.5315,-0.8916,
FR,45.5344,-0.9088,
FR,45.539,-0.9069,
FR,45.5476,-1.0539,Plage de la Chambrette
FR,45.5509,-1.058,Plage de la Chambrette
FR,45.5578,-1.0595,
FR,45.5581,-0.9634,Conche de Cadet
FR,45.5603,-0.9667,Plage des Nonnes
FR,45.5654,-0.9722,Plage des Vergnes
FR,45.5673,-1.0877,
FR,45.5695,-0.975,Plage de l'Arnèche
FR,45.5698,-1.0767,Plage Saint-Nicolas
FR,45.5722,-1.0668,
FR,45.5723,-1.0613,
FR,45.5741,-0.9842,Plage de Suzac
FR,45.5808,-0.99,Conche des Anglais
FR,45.5919,-0.9946,Plage de Saint-Georges de Didonne
FR,45.5994,-1.0059,Plage du Port
FR,45.5998,-1.0117,
FR,45.6031,-1.0141,
FR,45.6033,-1.0138,
FR,45.6036,-1.0129,
FR,45.6049,-1.012,
FR,45.605,-1.0116,
FR,45.6144,-1.0181,La Grande Conche
FR,45.6177,-1.0403,
FR,45.6191,-1.0336,Plage de Foncillon
FR,45.6197,-1.0432,Plage du Chay
FR,45.6217,-1.047,Plage du Pigeonnier
FR,45.6254,-1.0531,Plage de Pontaillac
FR,45.6272,-1.0587,conche de gilet
FR,45.6307,-1.0648,Plage de Saint-Sordelin
FR,45.6344,-1.0699,Plage du Conseil
FR,45.6379,-1.0773,Conche de Nauzan
FR,45.64,-1.0943,
FR,45.6401,-1.0936,
FR,45.6412,-1.0878,Plage du Bureau
FR,45.6428,-1.0998,Plage du Platin
FR,45.6469,-1.1102,Plage du Concié
FR,45.6485,-1.1173,
FR,45.6642,-1.1437,La Grande Côte
FR,45.6672,-1.1456,Plage naturiste officielle - FKK zone
FR,45.6761,-1.1615,
FR,45.6795,-1.1767,Plage de la Palmyre
FR,45.6869,-1.1885,Plage de Bonne Anse
FR,45.689,-1.1918,
FR,45.6915,-1.1972,
FR,45.696,-1.2355,Plage de la Coubre
FR,45.7028,-1.2102,
FR,45.7077,-1.2382,Plage du Vieux Phare
FR,45.7314,-1.2398,La Bouverie
FR,45.7546,-1.2425,Plage naturiste officielle - FKK zone
FR,45.7803,-1.2395,Plage de la Pointe Espagnole
FR,45.7888,-1.2282,
FR,45.7903,-1.1872,
FR,45.7914,-1.2164,Plage de l'Embellie
FR,45.7932,-1.1778,Plage de La Cèpe
FR,45.7937,-1.1997,
FR,45.7955,-1.2085,Plage du Galon D'Or
FR,45.7971,-1.1448,
FR,45.7983,-1.1475,Le Mus du Loup
FR,45.7999,-1.1646,
FR,45.8009,-1.1609,
FR,45.801,-1.1534,
FR,45.8069,-1.2279,
FR,45.8125,-1.2199,Plage de Gatseau
FR,45.8174,-1.1369,Plage de Marennes
FR,45.8254,-1.2381,La Grande Plage
FR,45.8287,-1.1954,Plage du Soleil
FR,45.8327,-1.1976,La Petite Plage
FR,45.8515,-1.1534,
FR,45.8518,-1.1518,
FR,45.866,-1.2607,Plage de Vert bois
FR,45.8849,-1.2755,Plage de l'Écuissière
FR,45.8899,-1.194,
FR,45.8905,-1.1962,Plage de la Phibie
FR,45.8906,-1.2836,
FR,45.8909,-1.0897,
FR,45.8936,-1.1982,Plage du Mail
FR,45.8936,-1.0866,
FR,45.8955,-1.2887,Plage de la Rémigeasse
FR,45.8992,-1.2947,Plage de la Perroche
FR,45.9016,-1.3033,
FR,45.9059,-1.0787,Plage de Saint-Froult
FR,45.9087,-1.3162,Plage de Matha
FR,45.9151,-1.333,
FR,45.9182,-1.339,
FR,45.9193,-1.3419,
FR,45.9222,-1.3456,
FR,45.936,-1.3631,Plage de la Biroire
FR,45.9444,-1.0998,Plage des Anses
FR,45.9456,-1.0995,
FR,45.9494,-1.0948,
FR,45.9494,-1.0901,
FR,45.9498,-1.0796,
FR,45.9512,-1.3825,
FR,45.9542,-1.1069,
FR,45.9559,-1.1068,
FR,45.9582,-1.1088,
FR,45.9585,-1.3873,Plage des Sables Vignier
FR,45.9642,-1.3871,Plage des Bonnes
FR,45.9677,-1.3889,Plage de Domino
FR,45.9731,-1.3925,
FR,45.9733,-1.2349,Plage de Boyardville
FR,45.9779,-1.0841,Plage de l'Espérance
FR,45.9811,-1.0861,
FR,45.9831,-1.3923,Plage de Chaucre
FR,45.9835,-1.0957,
FR,45.9836,-1.0929,Plage Sud
FR,45.9846,-1.2412,
FR,45.9885,-1.0994,Grande Plage
FR,45.9886,-1.2906,
FR,45.9887,-1.2784,
FR,45.989,-1.2938,Plage de la Gautrelle
FR,45.9898,-1.2676,Plage naturiste
FR,45.9904,-1.2616,
FR,45.991,-1.2532,Plage des Saumonards
FR,45.9914,-1.3054,Plage de Foulerot
FR,45.9917,-1.1024,La Vierge
FR,45.993,-1.0925,Plage Nord
FR,45.9936,-1.1045,
FR,45.995,-1.0983,
FR,45.9965,-1.0985,
FR,45.9966,-1.3891,Plage des Seulières
FR,45.9972,-1.3183,Plage de Plaisance
FR,45.9983,-1.1096,Plage de la Vierge
FR,46.0008,-1.1134,
FR,46.0028,-1.1175,
FR,46.0033,-1.1202,
FR,46.004,-1.3238,
FR,46.007,-1.3922,Plage des Huttes
FR,46.01,-1.3319,Plage des Boulassiers
FR,46.011,-1.1779,Plage de l'Anse de la Croix
FR,46.0111,-1.0596,
FR,46.0127,-1.3965,
FR,46.015,-1.3406,Plage de la Passe Blanche
FR,46.0173,-1.1777,La Grande Plage
FR,46.0187,-1.1678,Plage aux Coquillages
FR,46.0189,-1.3499,Plage de La-Brée-les-Bains
FR,46.0222,-1.1761,
FR,46.0223,-1.1592,Les Sables Jaunes ou d'Or
FR,46.0226,-1.3542,Plage de Proires
FR,46.0228,-1.1604,Baby Plage
FR,46.0252,-1.4035,
FR,46.0276,-1.3624,
FR,46.0332,-1.3715,Plage de la Boirie
FR,46.0371,-1.3687,
FR,46.04,-1.4095,
FR,46.0405,-1.3796,Plage de Soubregeon
FR,46.0432,-1.3925,
FR,46.0445,-1.3969,
FR,46.0457,-1.4014,
FR,46.0467,-1.4088,
FR,46.0515,-1.0726,
FR,46.0525,-1.075,
FR,46.0546,-1.0894,
FR,46.0727,-1.0954,
FR,46.0837,-1.0973,
FR,46.0847,-1.0976,
FR,46.0903,-1.0998,
FR,46.0947,-1.1018,
FR,46.0949,-1.1031,
FR,46.0959,-1.1046,
FR,46.1043,-1.1351,Plage de la Platère
FR,46.1115,-1.1251,
FR,46.119,-1.1258,
FR,46.1319,-1.1491,Plage de Roux
FR,46.1354,-1.1523,
FR,46.1409,-1.1711,Plage des Minimes
FR,46.1423,-1.1719,
FR,46.1444,-1.3144,Plage de la Basse Benaie
FR,46.1444,-1.2958,Plage de Port Notre-Dame
FR,46.1466,-1.2086,
FR,46.1469,-1.2801,
FR,46.1474,-1.3272,Plage de la Salée
FR,46.1475,-1.2104,Chef de Baie
FR,46.1493,-1.1945,
FR,46.1502,-1.335,Plage de Montamer
FR,46.1532,-1.1873,Plage de Port Neuf
FR,46.1535,-1.1724,
FR,46.1538,-1.1718,
FR,46.1544,-1.3491,Plage de l'Anse Imbert
FR,46.1544,-1.3486,
FR,46.1549,-1.1607,Plage de la Concurrence
FR,46.1577,-1.2638,Plage sud de Rivedoux-plage
FR,46.1599,-1.2591,Plage naturiste
FR,46.1616,-1.3635,Plage des Grenettes
FR,46.1627,-1.2642,Plage nord de Rivedoux-plage
FR,46.1639,-1.2801,
FR,46.1675,-1.3732,Plage de Gros Jonc
FR,46.1726,-1.3827,Plage du Petit Sergent
FR,46.1781,-1.3949,Les Golandières
FR,46.1789,-1.3973,Bidons V
FR,46.1804,-1.4032,Plage des Gollandières
FR,46.1863,-1.4174,Plage naturiste du Peu Bernard
FR,46.1871,-1.4201,Plage des Follies
FR,46.1874,-1.3182,Plage de l'Arnerault
FR,46.1881,-1.4244,Plage des Anneries
FR,46.1892,-1.4288,Plage du Peu des Hommes
FR,46.1899,-1.4322,Plage de la Pergola
FR,46.1918,-1.2008,
FR,46.1923,-1.4368,Plage du Peu Ragot
FR,46.1971,-1.5143,Plage de la Marielle
FR,46.1972,-1.1997,
FR,46.1978,-1.4914,Plage du Martray
FR,46.1984,-1.452,Plage des Prises
FR,46.2015,-1.5296,Plage de la Grange
FR,46.2024,-1.4738,Plage du Boutillon
FR,46.2027,-1.4666,Plage du Moulin Brûlé
FR,46.2045,-1.5356,Plage de la Pointe de Grignon
FR,46.2048,-1.3545,La Cible
FR,46.206,-1.3586,
FR,46.2138,-1.5406,Plage de Radia
FR,46.2236,-1.5466,Plage de la Côte Sauvage
FR,46.2236,-1.4181,
FR,46.225,-1.4181,Plage de la Tonille
FR,46.2271,-1.4136,Plage du Grouin
FR,46.2313,-1.4772,La Patache
FR,46.2353,-1.4757,Plage de Trousse Chemise
FR,46.2387,-1.5601,Plage du Canot de Sauvetage
FR,46.2405,-1.4794,Plage de l'Anse du Fourneau
FR,46.2445,-1.5579,
FR,46.2459,-1.4815,Plage de la Loge
FR,46.2464,-1.5404,Plage de la Conche des Baleines
FR,46.2487,-1.4849,Plage de la Redoute
FR,46.2507,-1.4883,Plage des Cytons
FR,46.252,-1.4883,Plage Gros Jonc
FR,46.2524,-1.5233,Plage du Petit Bec
FR,46.2542,-1.4914,Plage Lauzin
FR,46.2564,-1.4959,Plage du Grand Marchais
FR,46.2566,-1.515,Plage du Lizay
FR,46.2574,-1.5067,Plage de la Saucière
FR,46.267,-1.2066,Plage de la Pointe
FR,46.2701,-1.212,Plage de la Batterie
FR,46.2784,-1.2314,Plage de l'Eperon
FR,46.2991,-1.3057,Plage naturiste de la Pointe d'Arçay
FR,46.3085,-1.3134,Plage des Amourettes
FR,46.3181,-1.32,Plage de la Barrique
FR,46.3231,-1.3243,Plage des Chardons
FR,46.3274,-1.3287,Plage des Bélugas
FR,46.3304,-1.3335,Grand Plage
FR,46.334,-1.3112,
FR,46.3377,-1.3478,Plage de la Grande Casse
FR,46.3404,-1.4425,Les Génerelles
FR,46.3409,-1.394,Sainte-Anne
FR,46.3418,-1.4331,Grande Plage
FR,46.3424,-1.4056,Clemenceau
FR,46.3431,-1.3742,La Porte des Îles
FR,46.3439,-1.4104,Plage de l'Atlantique
FR,46.3441,-1.461,Le Phare
FR,46.3452,-1.4127,Plage Clémenceau
FR,46.3453,-1.4202,Plage de la Grière
FR,46.3461,-1.4158,Plage des Jacinthes
FR,46.3466,-1.4178,Plage des Camélias
FR,46.3473,-1.4216,Plage Flandre-Dunkerque
FR,46.3599,-1.4778,Plage de la Terrière
FR,46.3611,-1.4764,Plage de la Terriere
FR,46.377,-1.486,Plage naturiste
FR,46.3887,-1.4949,Plage des Conches
FR,46.3991,-1.5066,Plage du Rocher
FR,46.4058,-1.5521,Plage de Belesbat
FR,46.4065,-1.5589,Plage des Ragnettes
FR,46.4066,-1.5283,
FR,46.407,-1.5694,
FR,46.407,-1.5656,
FR,46.4072,-1.5458,
FR,46.4079,-1.5726,Plage de Boisvinet
FR,46.4085,-1.5859,Plage du Pé du Canon
FR,46.4089,-1.577,Plage de Morpoigne
FR,46.4093,-1.5911,Plage des Goffineaux
FR,46.4107,-1.597,Plage de Madoreau
FR,46.4119,-1.6034,Plage de Légère
FR,46.4129,-1.6188,Plage du Four à Chaux
FR,46.4129,-1.6123,Plage de Ragounite
FR,46.4155,-1.6257,Plage de la Mine
FR,46.4249,-1.6522,Plage naturiste
FR,46.4263,-1.6494,
FR,46.434,-1.6587,Plage du veillon
FR,46.4587,-1.7143,
FR,46.4764,-1.7581,
FR,46.4777,-1.76,
FR,46.4779,-1.7603,
FR,46.4802,-1.7628,Plage de Tanchet
FR,46.483,-1.7655,
FR,46.4865,-1.7694,
FR,46.4892,-1.8014,Plage du Bassin Dombret
FR,46.4895,-1.7948,
FR,46.4896,-1.7957,
FR,46.4903,-1.794,
FR,46.4913,-1.7947,
FR,46.4919,-1.7949,
FR,46.492,-1.7949,
FR,46.4922,-1.7948,
FR,46.4924,-1.7828,Grande Plage des Sables d'Olonne
FR,46.4936,-1.812,
FR,46.4973,-1.8141,
FR,46.502,-1.8175,
FR,46.5034,-1.8166,Plage de la Paracou
FR,46.508,-1.8177,Plage de la Paracou
FR,46.5121,-1.8182,Plage de l'Aubraie
FR,46.5131,-1.8168,ACCES PLAGE
FR,46.529,-1.8251,
FR,46.5467,-1.8299,Plage des Pierres Noires
FR,46.5496,-1.8326,
FR,46.5638,-1.8391,Plage de Sauveterre
FR,46.5806,-1.8468,Plage des Granges
FR,46.5974,-1.8536,Plage des Dunes
FR,46.6136,-1.8617,La Normandelière
FR,46.6187,-1.8715,Plage du Marais Girard
FR,46.6245,-1.8761,Plage de La Parée
FR,46.6369,-1.8924,
FR,46.6418,-1.8985,
FR,46.6456,-1.9018,Plage de la Sauzaie
FR,46.6574,-1.9101,Plage naturiste du Petit Pont
FR,46.668,-1.919,
FR,46.6839,-1.936,Grande Plage
FR,46.6867,-2.3304,
FR,46.6886,-2.3329,Anse des Fontaines
FR,46.6903,-2.2827,Anse et Plage des Corbeaux
FR,46.6905,-2.324,Plage des Soux
FR,46.6916,-2.2816,
FR,46.6917,-2.3399,
FR,46.6919,-2.2821,
FR,46.6938,-2.3427,Conche du Pissot
FR,46.6941,-2.3424,
FR,46.6943,-1.959,La Pelle à Porteau
FR,46.6948,-1.9546,Plage de Boisvinet
FR,46.6949,-2.3122,Plage des Vieilles
FR,46.6951,-1.9699,
FR,46.6969,-1.9489,Petite plage
FR,46.6973,-2.2882,Plage de la Grande Conche
FR,46.7002,-1.9749,Les Bussoleries
FR,46.7017,-2.3776,
FR,46.7026,-2.3762,Plage des Sabias
FR,46.7026,-2.374,
FR,46.7028,-2.3749,
FR,46.704,-2.38,
FR,46.7042,-2.3797,Plage des Sables Rouillés (ou Rouits)
FR,46.7051,-2.3797,
FR,46.7058,-2.3814,Plage des Sables Rouillés (ou Rouits)
FR,46.7064,-2.2993,Plage des Ovaires
FR,46.7066,-2.3831,
FR,46.7075,-2.3857,
FR,46.7076,-1.9798,Les Cinq pineaux
FR,46.7078,-2.3847,Anse et Plage de Ker Daniau
FR,46.7115,-1.9804,
FR,46.7129,-2.3089,Plage du Marais Salé
FR,46.715,-1.9798,Grande plage de Sion
FR,46.7174,-2.3148,Plage des Sapins
FR,46.7195,-2.3176,Plage de la Table
FR,46.7202,-2.3346,Plage de Ker Châlon
FR,46.7204,-1.9831,Riez
FR,46.7206,-2.3223,Baie de la Pipe
FR,46.7208,-2.3357,
FR,46.721,-2.3268,Plage de Gilberge
FR,46.7222,-2.3418,Plage de Saint-Aubin
FR,46.7236,-2.3431,
FR,46.7248,-1.9887,
FR,46.7258,-2.3969,Plage du But
FR,46.7264,-2.394,
FR,46.7266,-2.3937,
FR,46.7268,-2.3931,
FR,46.7271,-2.3927,
FR,46.7272,-2.3909,
FR,46.7274,-2.39,
FR,46.7275,-2.3873,Plage des Broches
FR,46.7282,-2.3541,Plage de la Borgne
FR,46.7282,-1.9932,La Parée Préneau
FR,46.7292,-2.3566,Plage des Bossilles
FR,46.7296,-2.3604,Anse et Plage du Cours du Moulin
FR,46.7301,-2.3864,
FR,46.7304,-2.3851,
FR,46.7309,-2.3642,Plage des Roses
FR,46.7314,-2.3664,
FR,46.7322,-2.37,Plage de la Pulante
FR,46.7325,-2.3777,La Gournaise
FR,46.7328,-2.3823,La Gournaise
FR,46.7328,-2.3796,La Gournaise
FR,46.7332,-2.381,
FR,46.7332,-2.3756,Le Petit Poiry
FR,46.7332,-1.9998,
FR,46.7391,-2.008,La Pège
FR,46.7443,-2.0151,
FR,46.7485,-2.0207,Les Mouettes
FR,46.7525,-2.0274,
FR,46.7528,-2.0258,Plage naturiste officielle
FR,46.7561,-2.0343,Les Becs
FR,46.7617,-2.042,Les Salins
FR,46.7676,-2.0512,Les Soixante Bornes
FR,46.7746,-2.0612,Plage des Demoiselles
FR,46.78,-2.0706,Plage des Oiseaux
FR,46.783,-2.0765,
FR,46.786,-2.0838,Plage de l'Estacade
FR,46.7917,-2.0959,
FR,46.7983,-2.1094,Plage de la Davière
FR,46.802,-2.1162,Plage de la Parée du Jonc
FR,46.8059,-2.1242,Plage des Tonnelles
FR,46.8109,-2.1328,Plage de l'Hippodrome
FR,46.8132,-2.1335,Plage naturiste
FR,46.817,-2.141,Plage du Pont d'Yeu
FR,46.8241,-2.145,Plage du Mûrier
FR,46.8301,-2.1462,Plage Centrale
FR,46.8354,-2.147,Plage des Régates
FR,46.8406,-2.1475,Plage de la Braie
FR,46.8446,-2.1474,Plage de la Renaudière
FR,46.8476,-2.1472,Plage du Bois Soret
FR,46.8534,-2.1477,Plage de la Parée Grollier
FR,46.8578,-2.1474,Plage naturiste
FR,46.8638,-2.1492,Plage des Lays
FR,46.876,-2.1525,Plage de la Bergère
FR,46.8865,-2.1542,Plage de la Grande Côte
FR,46.891,-2.1449,Plage de Fromentine
FR,46.8916,-2.134,
FR,46.8987,-2.149,
FR,46.9008,-2.1503,
FR,46.9035,-2.1593,Plage Des Boucholeurs
FR,46.919,-2.1718,Plage Des Onchères
FR,46.922,-2.1756,
FR,46.9284,-2.1758,Plage Croix Rouge
FR,46.9311,-2.1524,
FR,46.9417,-2.1881,Plage Du Midi
FR,46.955,-2.204,Plage des Sables d'Or
FR,46.9618,-2.2469,Plage de la Cantine
FR,46.9621,-2.216,Plage des Sables d'Or
FR,46.9632,-2.2646,Plage des Éloux
FR,46.9654,-2.2287,Plage de la Court
FR,46.9687,-2.2711,
FR,46.9701,-2.2724,
FR,46.9727,-2.2749,Plage de l'Océan
FR,46.9754,-2.2776,Plage de la Martinière
FR,46.9756,-2.2793,
FR,46.9775,-2.2794,Plage de la Cabane
FR,46.9795,-2.2814,Plage de la Bosse
FR,46.9808,-2.2829,Plage de la Bosse
FR,46.9825,-2.2853,Plage de la Bosse
FR,46.9892,-2.298,Plage de la Luzéronde
FR,46.9986,-2.22,Plage des Sableaux
FR,47.001,-2.2982,Plage naturiste
FR,47.0018,-2.2975,Plage de la Luzéronde
FR,47.0095,-2.219,Plage des Dames
FR,47.0111,-2.2926,Plage de la Luzéronde
FR,47.0129,-2.2945,Plage de la Baleine
FR,47.0135,-2.222,Plage de l'Anse rouge
FR,47.0157,-2.224,Plage des Souzeaux
FR,47.0183,-2.3004,Plage des Lutins
FR,47.0199,-2.2366,Plage de la Clère
FR,47.0219,-2.2468,Mardi gras
FR,47.0249,-2.3055,Batterie Clausewitz
FR,47.0256,-2.2529,
FR,47.0268,-2.3012,
FR,47.0268,-2.2858,
FR,47.027,-2.3011,
FR,47.027,-2.286,
FR,47.0276,-2.2699,
FR,47.0278,-2.2557,
FR,47.028,-2.2638,
FR,47.0281,-2.2733,
FR,47.0282,-2.2725,
FR,47.0283,-2.2666,
FR,47.0285,-2.2604,
FR,47.0287,-2.2624,
FR,47.035,-1.9863,
FR,47.0389,-2.3531,
FR,47.0434,-2.3652,
FR,47.0458,-1.9928,Plage de Lyarne
FR,47.0539,-1.9987,Plage du Lancastria
FR,47.0594,-2.004,
FR,47.0627,-2.0075,Plage du Pré-Vincent
FR,47.0633,-2.0086,
FR,47.0634,-2.0093,
FR,47.0768,-2.037,
FR,47.0782,-2.0383,
FR,47.0809,-2.0415,Grande Plage
FR,47.0848,-2.0458,
FR,47.0854,-2.0463,
FR,47.086,-2.0474,
FR,47.0872,-2.0491,Plage de la Rinais
FR,47.0913,-2.0517,Plage de Crève-Coeur
FR,47.0939,-2.0532,Plage de la Boutinardière
FR,47.0953,-2.0551,
FR,47.0956,-2.0585,
FR,47.0966,-2.0623,
FR,47.0977,-2.0667,
FR,47.0999,-2.0721,
FR,47.1011,-2.0772,
FR,47.1013,-2.0795,
FR,47.1014,-2.0807,
FR,47.1014,-2.0784,
FR,47.1021,-2.0819,Plage de la Joselière
FR,47.1029,-2.0869,
FR,47.1029,-2.0834,Plage de la Joselière
FR,47.104,-2.0909,
FR,47.1044,-2.092,Plage de la Birochère
FR,47.106,-2.0951,
FR,47.1062,-2.0956,
FR,47.1065,-2.0974,Plage de la Source
FR,47.1066,-2.1051,
FR,47.1068,-2.1056,
FR,47.1069,-2.0981,
FR,47.1074,-2.1063,
FR,47.1076,-2.1066,
FR,47.1078,-2.1067,
FR,47.108,-2.1068,
FR,47.1081,-2.1072,
FR,47.1083,-2.1074,
FR,47.1087,-2.1076,
FR,47.109,-2.1076,
FR,47.1092,-2.1078,
FR,47.1096,-2.1174,Plage de la Noëveillard
FR,47.1097,-2.1222,
FR,47.1098,-2.1211,
FR,47.11,-2.1076,
FR,47.1102,-2.1201,
FR,47.1102,-2.1193,
FR,47.1108,-2.1236,Plage des Grandes Vallées
FR,47.1109,-2.137,
FR,47.1109,-2.1102,
FR,47.111,-2.1364,
FR,47.111,-2.1348,
FR,47.111,-2.1343,
FR,47.111,-2.1329,
FR,47.1112,-2.1354,
FR,47.1112,-2.1252,
FR,47.1112,-2.1046,Plage de l'Anse aux Lapins
FR,47.1115,-2.1375,Plage des Sablons
FR,47.1116,-2.1295,Plage de Montbeau
FR,47.1116,-2.1258,Plage des Petites Vallées
FR,47.1117,-2.1282,
FR,47.112,-2.1277,
FR,47.112,-2.1268,Plage des Petites Vallées
FR,47.1121,-2.1071,
FR,47.1124,-2.1452,
FR,47.1126,-2.1464,
FR,47.1126,-2.1067,
FR,47.1132,-2.1471,Plage du Porteau
FR,47.1133,-2.1064,Plage du Château
FR,47.1137,-2.1552,
FR,47.1141,-2.1579,
FR,47.1144,-2.1586,
FR,47.1149,-2.1592,
FR,47.1165,-2.1629,
FR,47.118,-2.1678,
FR,47.118,-2.1663,
FR,47.1182,-2.1684,
FR,47.1182,-2.1644,Plage de Portmain
FR,47.1185,-2.1693,
FR,47.1186,-2.1706,
FR,47.1187,-2.171,
FR,47.1193,-2.1716,
FR,47.1198,-2.1749,
FR,47.1207,-2.1774,Plage de l'Étang
FR,47.1217,-2.1792,Plage de L'Étang
FR,47.1219,-2.1826,Plage naturiste de Choiseau
FR,47.122,-2.1871,
FR,47.122,-2.1862,
FR,47.1223,-2.1877,Plage de la Raitrie
FR,47.1225,-2.1929,
FR,47.1227,-2.1939,
FR,47.1234,-2.1997,
FR,47.1234,-2.1954,
FR,47.1236,-2.2007,
FR,47.1236,-2.1953,Plage de Port aux Goths
FR,47.1243,-2.2125,
FR,47.1244,-2.203,Plage de Port Meleu
FR,47.1245,-2.2161,Plage de Margaret
FR,47.1251,-2.207,
FR,47.1265,-2.2212,
FR,47.1277,-2.2223,Grande Plage
FR,47.1292,-2.2238,
FR,47.1303,-2.2263,Plage des Chatelets
FR,47.131,-2.2286,
FR,47.1312,-2.2302,
FR,47.1314,-2.2314,
FR,47.1316,-2.2336,Plage de la Raise
FR,47.1323,-2.2405,Anse du Sud
FR,47.1324,-2.2428,
FR,47.1353,-2.2468,
FR,47.1366,-2.2412,
FR,47.1379,-2.239,
FR,47.1388,-2.2377,
FR,47.1398,-2.2365,
FR,47.1448,-2.23,
FR,47.145,-2.2334,
FR,47.1476,-2.2276,
FR,47.1503,-2.2263,
FR,47.1529,-2.2241,
FR,47.1537,-2.2225,
FR,47.1544,-2.2185,
FR,47.1557,-2.2138,
FR,47.1558,-2.2119,
FR,47.1567,-2.2093,
FR,47.1568,-2.2063,
FR,47.1571,-2.1884,
FR,47.1571,-2.1881,
FR,47.1574,-2.2028,
FR,47.1574,-2.189,
FR,47.1574,-2.1864,
FR,47.1574,-2.1852,
FR,47.1574,-2.1844,
FR,47.1575,-2.1849,
FR,47.1576,-2.1908,
FR,47.1582,-2.1926,
FR,47.1585,-2.1936,
FR,47.1588,-2.1989,
FR,47.159,-2.1981,
FR,47.1594,-2.1774,
FR,47.166,-2.1684,plage de tharon
FR,47.1688,-2.1681,
FR,47.1778,-2.1644,
FR,47.1813,-2.1629,
FR,47.1836,-2.1626,Grande Plage de Saint-Michel
FR,47.1861,-2.1625,
FR,47.188,-2.1623,
FR,47.1909,-2.1622,Plage de Gohaud
FR,47.1961,-2.1609,Plage de la Roussellerie
FR,47.2009,-2.1604,Plage de la Pierre Attelée
FR,47.2084,-2.1645,Plage de L'Ermitage
FR,47.2178,-2.1698,Plage des Rochelets
FR,47.2272,-2.1786,Plage de l’océan
FR,47.2335,-2.1822,Plage du Pointeau
FR,47.2342,-2.2981,
FR,47.2348,-2.3004,Crique naturiste des Jaunay
FR,47.2348,-2.2967,
FR,47.235,-2.2945,Plages de la Petite Vallée
FR,47.235,-2.2937,Plage de la Petite Vallée
FR,47.2354,-2.292,
FR,47.2367,-2.3031,Plage des Jaunais
FR,47.2373,-2.2821,Plage de Saint-Marc
FR,47.2373,-2.1807,Plage Val D'or
FR,47.2374,-2.2887,Plage du Grand Traict
FR,47.2393,-2.2722,La Courance
FR,47.2408,-2.3119,Plage de Sainte-Marguerite
FR,47.2416,-2.2644,
FR,47.2416,-2.1715,
FR,47.2425,-2.2625,
FR,47.2432,-2.3179,
FR,47.2433,-2.3183,
FR,47.2438,-2.2622,Port Charlotte
FR,47.2443,-2.3193,
FR,47.2447,-2.3201,
FR,47.2464,-2.2603,
FR,47.2469,-2.2601,
FR,47.2475,-2.2599,Plage de Virechat
FR,47.249,-2.2578,Plage de Trébezy
FR,47.2497,-2.3301,Plage de Bonne-Source
FR,47.2515,-2.1755,Plage de la Courance
FR,47.2516,-2.2547,
FR,47.2533,-2.252,Plage de Porcé
FR,47.2534,-2.2496,
FR,47.2548,-2.2467,Plage de Bonne Anse
FR,47.2551,-2.3395,
FR,47.2555,-2.3412,
FR,47.2555,-2.2312,Plage de Ker Villès
FR,47.2559,-2.2421,Plage de Belle Fontaine
FR,47.2559,-2.2397,
FR,47.256,-2.2385,Plage de Kerloupiots
FR,47.256,-2.2348,
FR,47.2561,-2.2365,Plage de Kerlédé
FR,47.2573,-2.343,
FR,47.2574,-2.2254,Plage de Villès-Martin
FR,47.2582,-2.3431,
FR,47.2585,-2.4185,
FR,47.2586,-2.431,
FR,47.2587,-2.4321,
FR,47.2588,-2.4209,Plage du pavillon
FR,47.259,-2.4225,
FR,47.2591,-2.4231,
FR,47.2592,-2.433,plage du Guec
FR,47.2592,-2.4246,Baie de Labégo
FR,47.2593,-2.4297,Baie des Maures
FR,47.2593,-2.4235,
FR,47.2594,-2.4265,
FR,47.2594,-2.4263,
FR,47.2594,-2.4257,
FR,47.2595,-2.434,
FR,47.2596,-2.4282,
FR,47.2597,-2.3421,
FR,47.2598,-2.4347,
FR,47.2605,-2.44,Baie de Cramphore
FR,47.2605,-2.437,
FR,47.2605,-2.4365,
FR,47.2614,-2.4434,
FR,47.2614,-2.1709,
FR,47.2617,-2.2243,
FR,47.2619,-2.4465,
FR,47.2619,-2.446,
FR,47.2619,-2.445,
FR,47.2621,-2.4476,
FR,47.2621,-2.4173,
FR,47.2621,-2.344,
FR,47.2624,-2.4494,
FR,47.2627,-2.4491,
FR,47.2633,-2.4499,Baie du Scall
FR,47.2634,-2.4518,
FR,47.2634,-2.4188,
FR,47.2638,-2.4523,Baie de Quiobert
FR,47.2638,-2.2189,plage du Grand Traict
FR,47.2658,-2.4555,Plage de la Govelle
FR,47.2667,-2.4211,
FR,47.2675,-2.1708,
FR,47.2676,-2.3513,Plage des Libraires
FR,47.2677,-2.4575,
FR,47.2685,-2.4579,
FR,47.2688,-2.1668,
FR,47.2695,-2.4605,
FR,47.2701,-2.2086,
FR,47.2707,-2.4654,
FR,47.2715,-2.4229,Plage Du Nau
FR,47.2719,-2.1983,
FR,47.2726,-2.4788,
FR,47.2734,-2.4822,Plage Saint-Michel
FR,47.2744,-2.4839,
FR,47.2745,-2.4878,
FR,47.2746,-2.4844,
FR,47.275,-2.4896,Baie des Bonnes Soeurs
FR,47.2753,-2.4927,
FR,47.2766,-2.3904,
FR,47.2782,-2.4987,Plage Valentin
FR,47.2818,-2.5077,Plage Baie du Crucifix
FR,47.2823,-3.0945,
FR,47.2825,-2.5112,
FR,47.2829,-3.0945,
FR,47.2837,-3.0967,
FR,47.2837,-2.5131,Plage de Port-Lin
FR,47.284,-3.0985,
FR,47.2848,-2.5153,Baie de Jumel
FR,47.2852,-2.5168,
FR,47.2869,-2.5241,Plage des Sables Menus
FR,47.2885,-3.0767,Port Blanc
FR,47.2914,-2.5459,Plage Fort Hikéric
FR,47.2928,-3.1387,Port de Pouldon
FR,47.2933,-3.1571,
FR,47.2939,-3.076,Crique de Port Maria
FR,47.2948,-3.2204,
FR,47.2954,-2.5464,Plage Port aux Rocs
FR,47.2955,-3.208,
FR,47.2965,-3.1604,
FR,47.2966,-3.2068,
FR,47.2973,-3.1627,
FR,47.2978,-2.5455,Plage Port-Val
FR,47.2985,-2.5438,
FR,47.299,-3.1663,Plage de Baluden
FR,47.2994,-3.1823,Yeyew
FR,47.2994,-3.1822,Plage de Yeyew
FR,47.2994,-2.5404,
FR,47.2997,-3.2231,Crique Domois
FR,47.3001,-2.5359,Plage de Castouillet
FR,47.3004,-3.1988,Plage de Kérel
FR,47.3006,-3.2265,
FR,47.3013,-2.5205,
FR,47.3014,-2.5274,Plage de Saint-Goustan
FR,47.3017,-3.1746,Plage de Dotchot
FR,47.3017,-3.1681,Plage d'Herlin
FR,47.3021,-3.2314,
FR,47.3022,-2.5133,
FR,47.3022,-2.5105,
FR,47.3023,-3.2336,
FR,47.3025,-3.2324,
FR,47.3027,-3.2286,
FR,47.3036,-3.0663,
FR,47.3037,-3.2375,
FR,47.304,-3.2276,Port Goulphar
FR,47.3041,-3.2262,Port Goulphar
FR,47.3047,-3.2381,
FR,47.3053,-2.5089,
FR,47.3054,-3.2382,
FR,47.3055,-3.0657,Crique de la Reine Victoria
FR,47.3057,-3.065,
FR,47.3071,-3.0627,Plage de Port Andro
FR,47.3081,-3.2384,
FR,47.3087,-2.5103,
FR,47.3109,-3.0576,
FR,47.3116,-3.0581,
FR,47.3127,-3.2461,
FR,47.3128,-2.4906,
FR,47.3129,-2.4969,
FR,47.3134,-3.0606,Plage des Galères
FR,47.3149,-2.5057,
FR,47.3156,-3.2451,
FR,47.3157,-3.2436,
FR,47.3161,-3.0891,Plage de la Biche
FR,47.3162,-3.0868,
FR,47.3163,-3.0857,
FR,47.3164,-3.0842,
FR,47.3168,-3.0809,
FR,47.3171,-3.0758,
FR,47.3173,-3.1008,Grands Sables
FR,47.3192,-3.2383,Plage de Vazen
FR,47.3212,-2.5045,Plage naturiste de Pen Bron
FR,47.3214,-3.1127,
FR,47.3225,-3.1133,
FR,47.3235,-3.1221,
FR,47.3236,-3.1131,
FR,47.3239,-3.1152,
FR,47.324,-3.1124,
FR,47.3246,-3.2362,Plage de Donnant
FR,47.3246,-3.1227,
FR,47.3248,-3.1231,
FR,47.3264,-3.1244,Plage du Gros Rocher
FR,47.3271,-3.2357,Plage de Donnant
FR,47.328,-3.2399,
FR,47.3282,-3.1305,
FR,47.3283,-3.1242,
FR,47.3286,-3.135,Plage de Bordardoué
FR,47.3288,-3.1238,
FR,47.3289,-3.1272,
FR,47.3289,-3.126,
FR,47.3289,-3.1238,
FR,47.329,-3.1244,
FR,47.3291,-3.1233,
FR,47.3296,-3.1398,
FR,47.3306,-2.5046,Plage de la Grande Falaise
FR,47.3312,-3.1416,
FR,47.3317,-3.2431,
FR,47.3329,-3.1442,
FR,47.3329,-2.8807,
FR,47.3332,-3.1449,
FR,47.3334,-3.1472,Port Guen
FR,47.3335,-3.1452,
FR,47.3345,-3.2473,
FR,47.3348,-2.8862,
FR,47.3354,-3.2479,
FR,47.3358,-3.1466,
FR,47.336,-2.87,Plage du Grand Mulon
FR,47.3362,-3.2496,
FR,47.337,-2.8884,
FR,47.3382,-2.8899,
FR,47.3382,-2.5063,plage de la Croix de l'Anse
FR,47.3384,-2.8894,
FR,47.3385,-3.2522,
FR,47.3391,-3.252,
FR,47.3392,-3.1455,
FR,47.3395,-3.1456,
FR,47.3397,-3.2516,Port Kerledan
FR,47.3401,-3.1457,
FR,47.3401,-2.8621,La Plage bleue
FR,47.3409,-2.8876,Port Blanc
FR,47.3417,-3.1457,
FR,47.3427,-2.8881,Kastel a Plouz
FR,47.3428,-3.1472,Plage naturiste
FR,47.3429,-3.147,Crique des Armels
FR,47.3429,-2.883,Port de l’Eglise
FR,47.3429,-2.5089,Plage des Bretons
FR,47.343,-2.8615,La Plage sous le phare
FR,47.3431,-2.8772,
FR,47.3433,-2.8806,Guader
FR,47.3433,-2.8742,
FR,47.3434,-3.1482,
FR,47.3435,-3.1493,Plage de Ramonette
FR,47.344,-2.8867,
FR,47.3444,-3.1499,
FR,47.3446,-2.8897,
FR,47.3449,-2.8884,Port Neuf
FR,47.3452,-3.151,
FR,47.3453,-2.871,
FR,47.3455,-2.8888,
FR,47.3457,-2.8908,
FR,47.3462,-2.8897,
FR,47.3463,-3.1519,
FR,47.3472,-2.8629,
FR,47.3484,-2.8672,
FR,47.3491,-3.2531,
FR,47.351,-3.1539,
FR,47.3521,-3.1538,
FR,47.353,-3.1542,
FR,47.3534,-3.1543,
FR,47.3536,-2.5212,
FR,47.3544,-3.1544,
FR,47.3545,-2.5195,Ker Elisabeth
FR,47.3555,-3.1547,
FR,47.3556,-3.1551,
FR,47.356,-3.1555,
FR,47.3562,-2.5217,
FR,47.3565,-2.9688,
FR,47.3572,-3.1562,Plage de Castoul
FR,47.3588,-2.5271,
FR,47.3593,-3.1565,
FR,47.3601,-3.1725,Plage de Port Fouquet
FR,47.3609,-3.1565,Port Saint-Julien
FR,47.361,-3.1711,
FR,47.3616,-3.1731,
FR,47.3618,-2.528,
FR,47.3621,-2.5264,
FR,47.3622,-3.1747,
FR,47.3623,-3.1749,
FR,47.3625,-3.1597,
FR,47.3628,-3.1761,
FR,47.3636,-3.1907,Port Jean
FR,47.3637,-3.1873,
FR,47.364,-3.1894,
FR,47.364,-3.1837,
FR,47.3647,-2.5311,
FR,47.3648,-2.5353,
FR,47.3649,-3.1922,
FR,47.3653,-2.5378,
FR,47.3658,-3.1947,
FR,47.3658,-2.5338,
FR,47.3659,-3.2609,
FR,47.3662,-2.5428,plage du petit Lanroué
FR,47.3671,-3.1955,
FR,47.3672,-2.545,plage du Grand Lanroué
FR,47.3677,-3.1967,
FR,47.3684,-3.254,
FR,47.3685,-2.5481,plage de Port Lorec
FR,47.3686,-3.197,
FR,47.3687,-3.2562,
FR,47.3689,-3.2565,
FR,47.3689,-2.9455,
FR,47.3692,-2.9454,
FR,47.3696,-2.5526,
FR,47.3697,-2.9451,
FR,47.3702,-3.1996,
FR,47.3703,-2.9452,
FR,47.3708,-2.9448,
FR,47.3708,-2.5544,
FR,47.3711,-3.2527,
FR,47.3711,-3.2486,
FR,47.3711,-3.248,
FR,47.3711,-3.2467,Plage de Stêr-Vraz
FR,47.3711,-3.2064,
FR,47.3712,-3.2042,
FR,47.3713,-3.2072,
FR,47.3721,-2.5555,
FR,47.373,-3.2166,
FR,47.373,-3.2116,
FR,47.3731,-2.5566,
FR,47.3732,-2.5575,
FR,47.3738,-2.5581,
FR,47.374,-2.5593,
FR,47.3747,-2.5593,
FR,47.3752,-3.2184,
FR,47.3755,-3.2188,
FR,47.3761,-3.2195,
FR,47.377,-2.9492,
FR,47.3772,-2.9528,
FR,47.3774,-2.5562,
FR,47.3775,-3.2256,Plage de Port Puce
FR,47.3781,-2.9494,
FR,47.3783,-3.2267,
FR,47.3786,-3.236,Plage de Bordery
FR,47.3787,-3.2306,
FR,47.3787,-3.2281,
FR,47.379,-3.2336,
FR,47.3794,-3.237,Plage de Deuborh
FR,47.3799,-3.2488,
FR,47.38,-2.5507,Saint-Michel
FR,47.3806,-2.9503,
FR,47.3815,-2.9579,Tréac'h Salus
FR,47.3816,-2.5463,
FR,47.3818,-2.5404,
FR,47.3823,-2.5462,
FR,47.3828,-2.5374,
FR,47.3836,-2.5351,
FR,47.3846,-2.5329,
FR,47.3859,-2.5303,
FR,47.3864,-3.2448,
FR,47.3864,-3.2435,
FR,47.3868,-3.2492,Plage des poulains
FR,47.3868,-2.5289,
FR,47.3869,-2.9747,
FR,47.387,-3.2496,
FR,47.3871,-3.2482,
FR,47.3871,-3.2477,
FR,47.3873,-3.2499,Plage des Poulains
FR,47.3876,-2.9458,Tréac'h er Gourèd
FR,47.3878,-2.528,plage de Port au Loup
FR,47.3879,-3.2507,
FR,47.3883,-3.2497,
FR,47.3889,-2.527,
FR,47.3893,-2.9776,Porz Plouz
FR,47.3893,-2.5266,
FR,47.3896,-2.5259,
FR,47.3901,-2.5251,plage de Porh-Er-Stêr
FR,47.3909,-2.9802,
FR,47.3913,-2.951,
FR,47.3927,-2.9821,
FR,47.3928,-2.9587,
FR,47.3929,-2.9683,
FR,47.3933,-2.9632,
FR,47.3934,-2.9837,
FR,47.3936,-2.9707,
FR,47.3938,-2.5194,
FR,47.3943,-2.9952,
FR,47.3945,-2.9944,
FR,47.3946,-2.9738,
FR,47.3948,-2.9866,
FR,47.3949,-2.9893,
FR,47.3949,-2.9863,
FR,47.3949,-2.9858,
FR,47.3954,-2.9755,
FR,47.3958,-2.5146,Plage de Toulport
FR,47.3961,-2.9759,
FR,47.3965,-2.9918,Tréac'h er Vénigued
FR,47.3977,-2.9802,
FR,47.3981,-2.9767,
FR,47.3982,-2.9809,
FR,47.3993,-2.9881,Plage de Port Halai
FR,47.3993,-2.9844,
FR,47.4003,-2.5082,
FR,47.4018,-2.505,
FR,47.4033,-2.5014,
FR,47.4036,-2.5007,
FR,47.4074,-2.4923,Plage de Lanséria
FR,47.4099,-2.6238,
FR,47.4102,-2.6214,
FR,47.4107,-2.6247,
FR,47.4112,-2.6194,
FR,47.4116,-2.4866,Plage du Moulin
FR,47.4116,-2.4608,
FR,47.4117,-3.0173,
FR,47.4122,-2.6183,
FR,47.4122,-2.4435,
FR,47.4126,-2.6216,plage de Port Manés
FR,47.4127,-2.4824,Plage du Toul-ru
FR,47.4127,-2.4808,
FR,47.4133,-2.4838,
FR,47.4133,-2.4415,
FR,47.4139,-2.4773,Plage du Lannguy
FR,47.4143,-2.4384,
FR,47.416,-2.4655,
FR,47.4182,-2.4707,Plage de Sorlock
FR,47.4189,-2.4378,
FR,47.4198,-2.467,
FR,47.4204,-2.4668,
FR,47.4207,-2.4406,
FR,47.4212,-2.468,
FR,47.4228,-2.4481,
FR,47.4246,-2.45,
FR,47.4249,-2.4545,
FR,47.4251,-2.4577,
FR,47.4256,-2.4575,
FR,47.4259,-2.4576,
FR,47.4263,-2.4573,
FR,47.4305,-2.4551,
FR,47.4316,-2.4536,
FR,47.4331,-2.4524,
FR,47.4344,-2.4517,
FR,47.4345,-2.4516,
FR,47.4347,-2.4513,
FR,47.4351,-2.449,
FR,47.4404,-2.4907,
FR,47.4404,-2.4903,
FR,47.4404,-2.4901,
FR,47.4404,-2.4894,
FR,47.4416,-2.4808,plage du Bile
FR,47.4418,-2.4523,plage de Pont Mahé
FR,47.4423,-2.4947,
FR,47.4429,-2.4826,plage du Bile
FR,47.4438,-2.476,
FR,47.4446,-2.4899,
FR,47.4448,-2.4862,
FR,47.4459,-2.4891,
FR,47.4462,-2.4899,
FR,47.4474,-2.4919,
FR,47.4478,-2.4656,Plage du Palandrin
FR,47.45,-2.4942,Plage du Golumer
FR,47.4518,-2.4947,
FR,47.4551,-2.4974,Plage de Loscolo
FR,47.4603,-2.4967,
FR,47.4606,-2.4972,
FR,47.4628,-2.4945,Plage du Maresclé
FR,47.4682,-2.4908,Plage de Poudrantais
FR,47.4686,-3.0767,
FR,47.4691,-3.0826,Plage de la Jument
FR,47.4704,-3.0869,
FR,47.4704,-3.0836,
FR,47.4726,-3.0916,Plage du Conguel
FR,47.473,-3.1016,
FR,47.4731,-3.098,Plage du Goulvars
FR,47.4736,-2.4905,Plage de la Mine d'Or
FR,47.4737,-3.105,Plage du Goviro
FR,47.4742,-3.0894,Plage du Conguel
FR,47.4759,-3.1272,
FR,47.4776,-3.1252,Cani-Plage
FR,47.4777,-3.1182,La Grande Plage
FR,47.4787,-3.0926,Plage de l'Aérodrome
FR,47.4807,-2.4956,Plage de la Source
FR,47.4815,-3.0936,Plage du Fort Neuf
FR,47.4843,-3.0983,Plage du Porigo
FR,47.485,-2.7955,Plage de Saint-Jacques
FR,47.4863,-2.7986,
FR,47.4869,-2.5005,Plage du Lomer
FR,47.4875,-2.8171,
FR,47.4879,-2.8038,
FR,47.4885,-2.4667,
FR,47.4887,-2.8193,
FR,47.4894,-2.8214,Plage de Kercambre
FR,47.4896,-2.5012,
FR,47.4899,-3.1092,
FR,47.491,-2.4532,
FR,47.4912,-2.8274,Plage du Poulgor
FR,47.4913,-2.5004,Plage du Loguy
FR,47.4913,-2.4743,
FR,47.4921,-3.1425,
FR,47.4921,-2.8301,Plage de Kerfago
FR,47.4921,-2.6824,
FR,47.4924,-3.1111,Plage du Castero
FR,47.4924,-2.8329,
FR,47.4935,-2.835,Plage de Port Maria
FR,47.4938,-2.7805,Plage de Kerfontaine
FR,47.4941,-2.4785,Plage de Men-Armor
FR,47.4945,-2.4977,Plage du Halguen
FR,47.4951,-3.1132,Plage les Courlis
FR,47.4952,-2.6811,Petite plage de Penvins
FR,47.4957,-2.4897,Plage de Camaret
FR,47.4958,-2.4844,Plage naturiste
FR,47.496,-3.116,
FR,47.4972,-3.1176,Plage de la Petite Côte
FR,47.4974,-2.7684,Plage du Roaliguen
FR,47.4976,-2.7651,
FR,47.4976,-2.7636,
FR,47.4977,-2.6907,Plage de Penvins
FR,47.4983,-2.7516,Plage du Domaine des Grèves
FR,47.4987,-2.8482,
FR,47.499,-3.1186,Plage du Vahidy
FR,47.4992,-2.8493,
FR,47.5001,-2.7433,Plage du Beg Lann
FR,47.5009,-2.6972,Plage naturiste
FR,47.5011,-3.1496,Port Guibello
FR,47.5038,-2.7082,Plage de Landrezac
FR,47.5045,-3.1186,Plage du Drehen
FR,47.5047,-2.7288,Plage de Suscinio
FR,47.5048,-2.6241,Plage du Treutan
FR,47.505,-2.6291,Plage du Lenn
FR,47.5068,-2.6163,Plage du Govet
FR,47.5078,-2.8484,
FR,47.508,-2.6109,Plage du Bil
FR,47.5087,-3.1508,Port Pigeon
FR,47.5115,-2.5506,
FR,47.5124,-2.6058,Plage de Saint-Guérin
FR,47.5124,-2.5565,Grande Plage de Kervoyal
FR,47.5128,-2.6677,Plage de Banastère (Bécudo)
FR,47.5135,-2.5519,Plage de Kervoyal
FR,47.514,-2.6218,
FR,47.5142,-3.1517,Port Bara
FR,47.5146,-2.4834,
FR,47.5148,-2.5672,Plage de Landrezac
FR,47.5153,-2.8522,Plage du Goh Velin
FR,47.5154,-3.1228,Kermahé
FR,47.5155,-2.5025,Plage des Amoureux
FR,47.5158,-2.5497,
FR,47.5159,-2.4849,Plage des Granges
FR,47.5163,-2.5772,
FR,47.5164,-3.1528,Port Rhu
FR,47.5164,-2.4926,
FR,47.5168,-2.4945,
FR,47.517,-2.6653,Plage de Banastère
FR,47.5171,-2.5903,Grande Plage
FR,47.5173,-2.5463,
FR,47.5174,-2.4964,Plage des Barges
FR,47.5175,-2.6486,Plage de Rouvran
FR,47.5182,-2.5022,Baie des Prêtres
FR,47.5184,-2.5448,
FR,47.519,-2.5445,
FR,47.52,-2.5443,
FR,47.5205,-2.5441,
FR,47.5206,-3.1545,Port Blanc
FR,47.5223,-2.5428,Plage de Tréhervé
FR,47.5226,-2.5091,Plage de Bétahon
FR,47.5232,-3.129,Kéraude
FR,47.524,-2.5362,
FR,47.5253,-2.5233,Plage de Cromenac'h
FR,47.5271,-2.8642,Plage naturiste
FR,47.5275,-3.1578,Traezh ar Fozoù
FR,47.5283,-3.1537,Traezh ar Fozoù
FR,47.5283,-2.9473,
FR,47.5287,-2.8683,Plage du Kerver
FR,47.5288,-2.9474,
FR,47.533,-2.8734,Plage du Kerver
FR,47.5331,-3.1328,Plage Bleue
FR,47.5362,-3.1417,plage du Pouladen
FR,47.5365,-2.8879,Plage du Fogeo-Kerjouanno
FR,47.5369,-3.1318,Plage de Kerhostin
FR,47.538,-3.1315,
FR,47.5397,-2.8574,
FR,47.5418,-3.1386,plage du Pouladen
FR,47.5419,-3.1335,
FR,47.5422,-2.9083,Plage de Port-Sable
FR,47.5424,-2.9028,
FR,47.5438,-2.8395,Plage du Logeo
FR,47.5441,-2.8405,
FR,47.5453,-2.914,Plage de Port-Blanc
FR,47.5459,-2.7826,
FR,47.548,-2.9127,
FR,47.5485,-2.9109,
FR,47.5502,-2.9082,Plage de Port Lenn
FR,47.5517,-3.1366,Plage de l'isthme
FR,47.5522,-2.9096,
FR,47.5526,-2.743,
FR,47.5529,-2.7347,
FR,47.5541,-2.8472,
FR,47.5541,-2.7337,
FR,47.5544,-2.9299,
FR,47.5545,-2.932,
FR,47.5545,-2.7356,
FR,47.5547,-2.846,
FR,47.5548,-2.9287,
FR,47.5551,-3.1635,
FR,47.5553,-2.9425,Plage de Locmariaquer
FR,47.5557,-2.8447,
FR,47.5562,-2.8464,
FR,47.5566,-2.9273,
FR,47.5567,-2.9109,Plage du Treno
FR,47.5567,-2.83,
FR,47.557,-2.9694,Plage Saint-Pierre (Loperec)
FR,47.557,-2.8296,
FR,47.557,-2.786,
FR,47.5578,-2.7864,
FR,47.558,-2.961,Plage du Breneguy
FR,47.5582,-2.8448,
FR,47.5585,-2.8291,
FR,47.5585,-2.731,
FR,47.5588,-2.8428,
FR,47.5588,-2.8327,
FR,47.5592,-2.9042,Plage des Fontaines
FR,47.5595,-2.8453,
FR,47.5597,-2.9532,Plage du Toul Keun
FR,47.56,-2.8313,
FR,47.5602,-2.9315,plage Valy
FR,47.5604,-2.8442,
FR,47.5606,-2.8491,
FR,47.5608,-2.8762,
FR,47.5609,-2.9569,
FR,47.5609,-2.8497,
FR,47.561,-2.8479,
FR,47.5611,-2.9762,
FR,47.5616,-2.8053,
FR,47.5622,-2.8478,
FR,47.5622,-2.805,
FR,47.5622,-2.7872,
FR,47.5623,-2.9067,
FR,47.5631,-2.8819,
FR,47.5633,-2.8072,
FR,47.5641,-3.1237,
FR,47.5641,-3.1232,Plage des Sables Blancs
FR,47.5642,-2.807,
FR,47.5645,-2.8074,
FR,47.5645,-2.7921,
FR,47.5645,-2.7918,
FR,47.5646,-3.093,Plage de Ty-Bihan
FR,47.5647,-3.0975,crique Saint-Colomban sud
FR,47.5649,-2.7267,Petite plage
FR,47.5662,-2.8877,
FR,47.5663,-2.7276,Plage de Lasné
FR,47.5664,-3.0842,Plage de Legénèse
FR,47.5669,-2.973,
FR,47.5671,-2.9089,
FR,47.5675,-3.0013,Plage de Kernevest
FR,47.5676,-3.0989,Plage de Saint-Colomban
FR,47.5677,-3.0206,Plage Ty Guard
FR,47.568,-3.0242,
FR,47.5681,-3.0991,Plage de Saint-Colomban
FR,47.5682,-3.0191,Plage du Grazu
FR,47.5685,-2.7612,
FR,47.5691,-3.0255,
FR,47.5693,-3.0788,
FR,47.5701,-2.9708,
FR,47.5702,-2.9893,
FR,47.5707,-2.996,Plage de Men Er Beleg
FR,47.5711,-3.0677,Grande Plage
FR,47.5712,-2.8999,
FR,47.5713,-2.7883,
FR,47.5714,-2.9098,
FR,47.5714,-2.7324,
FR,47.5722,-2.7301,
FR,47.5725,-2.7542,
FR,47.5727,-2.9221,
FR,47.5728,-3.0308,Plage de Kervillen
FR,47.5728,-2.8539,
FR,47.573,-2.908,
FR,47.5731,-3.0379,
FR,47.5731,-3.0366,
FR,47.5731,-2.9224,
FR,47.5731,-2.7398,
FR,47.5732,-3.0395,
FR,47.5733,-2.9228,
FR,47.5737,-3.039,
FR,47.5737,-2.9234,
FR,47.5739,-3.0537,Plage de Beaumer
FR,47.5739,-3.0229,Plage de Kerbihan
FR,47.5741,-3.045,
FR,47.5742,-2.7421,
FR,47.5745,-2.8904,
FR,47.5749,-2.9111,
FR,47.5753,-2.889,
FR,47.5753,-2.793,
FR,47.5754,-2.7886,
FR,47.5759,-3.0229,
FR,47.5764,-2.8965,
FR,47.5765,-3.0478,Plage du Men Du
FR,47.5766,-3.1401,plage du Mané Guen
FR,47.5766,-3.0397,Plage du Poulbert
FR,47.577,-2.8687,
FR,47.577,-2.7466,
FR,47.5772,-2.8874,
FR,47.5773,-3.0117,
FR,47.5774,-3.103,
FR,47.5778,-2.8667,
FR,47.5779,-3.0417,
FR,47.5779,-2.7482,
FR,47.5786,-3.0224,Plage de Men Allen
FR,47.5787,-2.7473,
FR,47.5788,-2.8685,
FR,47.5802,-2.8573,Le Rudel
FR,47.5805,-3.0247,Plage de Port Biren
FR,47.5808,-2.8854,
FR,47.5817,-3.1419,plage Le Mentor
FR,47.5821,-2.8863,
FR,47.5823,-3.0267,Petites Plages
FR,47.5829,-2.9064,Plage du Berchis
FR,47.5832,-3.1499,La Grande Plage
FR,47.5834,-2.8135,Plage de Brouel
FR,47.584,-2.7194,
FR,47.5842,-2.9007,
FR,47.5844,-2.8561,Plage du Gored
FR,47.5845,-2.8999,
FR,47.5851,-2.8274,
FR,47.5864,-2.917,
FR,47.5866,-2.7217,
FR,47.5867,-2.8282,
FR,47.5868,-2.9039,
FR,47.5869,-2.9268,
FR,47.5871,-2.8285,
FR,47.5871,-2.8084,
FR,47.5872,-2.8001,Plage de Kerolan
FR,47.5875,-3.1106,
FR,47.5875,-2.7218,
FR,47.5879,-2.8272,
FR,47.5882,-2.7816,
FR,47.5896,-3.1142,
FR,47.5896,-2.905,
FR,47.5896,-2.8319,
FR,47.5896,-2.7076,
FR,47.5902,-3.1153,
FR,47.5908,-2.8251,
FR,47.5911,-2.7222,
FR,47.5914,-2.9092,
FR,47.5917,-2.7632,
FR,47.5926,-2.7877,
FR,47.5927,-3.1486,plage de La Guérite
FR,47.5929,-2.7755,
FR,47.5937,-2.8093,
FR,47.5946,-2.7289,
FR,47.5956,-2.7292,
FR,47.5959,-3.1506,plage de Ty Hoche
FR,47.5968,-2.8413,Plage de Port Miquel
FR,47.5978,-2.8674,
FR,47.5982,-3.1527,Plage de Sainte-Barbe
FR,47.5988,-2.852,Grande Plage du Drehen
FR,47.5992,-2.7322,Plage du Bill
FR,47.5994,-2.8613,
FR,47.6012,-2.7358,Plage du Ruello
FR,47.6028,-2.9441,
FR,47.6035,-2.7393,
FR,47.6047,-2.7583,
FR,47.6052,-2.7412,Plage du Village
FR,47.606,-2.7643,
FR,47.6064,-2.7674,
FR,47.607,-2.7701,
FR,47.6076,-2.9483,
FR,47.6081,-2.8081,
FR,47.6085,-2.8004,
FR,47.6095,-2.8016,
FR,47.6097,-2.8079,
FR,47.6099,-3.1663,Plage de Kerhilio
FR,47.6107,-3.1675,plage de Kerhillio
FR,47.6115,-2.7685,
FR,47.6119,-2.8163,
FR,47.6129,-2.8164,
FR,47.6137,-3.1738,Plage de Porh-Kerhouet
FR,47.6142,-3.1768,
FR,47.6142,-2.7751,
FR,47.6147,-2.8146,
FR,47.6148,-2.7811,
FR,47.6159,-2.8268,Plage de la carrière
FR,47.6166,-2.7843,
FR,47.6169,-2.7823,
FR,47.617,-3.1827,Plage de Porh Lineneu
FR,47.6175,-2.8423,
FR,47.6177,-2.8431,
FR,47.6182,-2.8003,Crique
FR,47.6198,-2.8501,
FR,47.6198,-2.7975,
FR,47.6198,-2.7921,
FR,47.6203,-3.4219,Plage de la Pointe des Chats
FR,47.6203,-2.8041,Plage de Penboch
FR,47.6203,-2.7893,
FR,47.6209,-3.1912,Plage de Kerouriec
FR,47.621,-3.189,Plage de Kerouriec
FR,47.6215,-3.4245,
FR,47.6215,-2.808,
FR,47.6217,-2.7852,Kerguen
FR,47.6218,-3.46,
FR,47.6219,-2.8093,Anse Jeannine
FR,47.622,-3.4569,
FR,47.6224,-3.4215,
FR,47.6224,-2.8113,Plage de Kerbilouet
FR,47.623,-3.4561,Crique naturiste
FR,47.6237,-3.4506,
FR,47.6238,-2.7786,
FR,47.6242,-3.4456,
FR,47.6246,-3.4286,
FR,47.6248,-3.4438,Plage de Porz ar Roed
FR,47.6254,-2.7764,
FR,47.6256,-3.434,
FR,47.626,-3.4183,Plage de Porz Kostig
FR,47.6274,-2.7771,
FR,47.6277,-2.7777,Plage municipale de Conleau
FR,47.6278,-3.4188,Plage des Sables Rouges
FR,47.6279,-2.779,
FR,47.6281,-3.4382,Plage de Locmaria
FR,47.6289,-3.1982,Plage naturiste de Kerminihy
FR,47.6292,-2.7802,
FR,47.6302,-3.4173,Plage des Sables Rouges
FR,47.6312,-3.4166,Plage des Grenats
FR,47.6322,-3.4823,
FR,47.6341,-3.4831,
FR,47.6379,-3.4228,
FR,47.639,-3.204,Plage de Kerminihy
FR,47.6414,-3.4286,Plage de Port Mélite
FR,47.6424,-3.4302,
FR,47.6427,-3.432,Plage de Porz Skedoul
FR,47.6435,-3.4347,
FR,47.644,-3.4504,
FR,47.6476,-3.4718,Port Melin
FR,47.6491,-3.4791,Plouziorek
FR,47.6493,-3.479,Poulziorek
FR,47.6497,-3.2051,Le stang
FR,47.6503,-3.2186,
FR,47.6536,-3.2296,Plage de Kervégan
FR,47.6542,-3.2037,Plage des Enfants
FR,47.6548,-2.9264,
FR,47.6582,-3.2131,
FR,47.6591,-3.2138,
FR,47.6652,-3.2177,
FR,47.6664,-3.2519,Plage du Magouero - surveillée
FR,47.6679,-3.217,
FR,47.6713,-3.2104,
FR,47.6714,-3.2094,
FR,47.6719,-3.2136,
FR,47.6719,-3.2082,
FR,47.673,-3.2151,
FR,47.6737,-3.1978,
FR,47.6756,-3.2929,Grande plage de Gâvres
FR,47.6768,-3.2078,
FR,47.6769,-3.2044,
FR,47.6775,-3.2029,
FR,47.6804,-3.201,
FR,47.6828,-3.2003,
FR,47.6834,-3.1879,
FR,47.6841,-3.2844,Plage du Linés
FR,47.6897,-3.3609,
FR,47.6906,-3.3601,
FR,47.6916,-3.3587,
FR,47.6962,-3.3556,Plage de Goêrem
FR,47.6976,-3.4456,Plage du Petit Pérello
FR,47.699,-3.4419,
FR,47.699,-3.4412,
FR,47.6992,-3.4389,
FR,47.6994,-3.4444,Plage du Pérello
FR,47.6994,-3.4383,
FR,47.6996,-3.3505,
FR,47.7002,-3.3535,
FR,47.7003,-3.417,
FR,47.7004,-3.416,
FR,47.7004,-3.3521,
FR,47.7006,-3.4181,
FR,47.7011,-3.4208,
FR,47.7012,-3.4597,Plage de Port-Blanc
FR,47.7012,-3.4346,Port-Fontaine
FR,47.7014,-3.4334,
FR,47.7015,-3.4212,
FR,47.7018,-3.4119,Plage de Kerpape
FR,47.7018,-3.39,Plage de Locqueltas
FR,47.7019,-3.4311,
FR,47.7021,-3.4006,Plage de Kerguelen
FR,47.7022,-3.4221,
FR,47.7029,-3.9938,
FR,47.7031,-3.1961,
FR,47.7035,-3.3548,Lohic
FR,47.7036,-3.3503,
FR,47.7039,-3.383,Plage de Port-Maria
FR,47.7041,-3.1888,
FR,47.7042,-3.4266,Plage de l'Anse du Stole
FR,47.7043,-3.3558,Lohic
FR,47.7044,-3.4603,
FR,47.7047,-3.3499,
FR,47.7049,-3.3219,
FR,47.705,-3.1653,
FR,47.7051,-3.3811,
FR,47.7052,-3.3207,
FR,47.7052,-3.1824,
FR,47.7061,-3.3811,
FR,47.7066,-3.3245,
FR,47.7069,-3.1752,Plage du Dré Hen
FR,47.7072,-3.9991,
FR,47.7072,-3.4669,
FR,47.708,-3.3786,Plage de Toulhars
FR,47.708,-3.3288,
FR,47.7081,-3.3615,
FR,47.7082,-3.3615,Grande plage
FR,47.7085,-3.3424,Plage de la Côte Rouge
FR,47.7086,-3.3278,
FR,47.7091,-3.9962,La Grande Plage
FR,47.7104,-3.359,Plage de la Breche
FR,47.7109,-3.4718,Plage du Courégant
FR,47.7141,-3.1468,
FR,47.7145,-3.4755,
FR,47.7145,-3.3712,Grève de la Nourriguel
FR,47.7154,-3.9555,
FR,47.7162,-3.4831,Plage des Sables Rouges
FR,47.7163,-3.96,Pointe de Pen Maryse
FR,47.7164,-3.9589,
FR,47.7165,-3.9927,
FR,47.7176,-3.9539,
FR,47.7177,-4.0058,
FR,47.7181,-3.4841,
FR,47.7212,-3.9564,
FR,47.7228,-3.4888,Plage naturiste des Kaolins
FR,47.7238,-3.9958,
FR,47.7246,-3.9725,
FR,47.725,-4.0014,
FR,47.7308,-3.4992,
FR,47.7318,-3.1491,
FR,47.7336,-3.3474,
FR,47.7339,-3.1513,
FR,47.735,-3.1533,
FR,47.7409,-3.5041,Plage de Pen er Malo
FR,47.7499,-3.5106,Crique des Amoureux
FR,47.7546,-3.5144,Plage du Loc'h
FR,47.7643,-3.5431,Porgastel
FR,47.7645,-3.5262,Plage de la Falaise
FR,47.7648,-3.5448,Porsguerrec
FR,47.7652,-3.5458,
FR,47.7655,-3.557,Plage de Bellangenet
FR,47.7658,-3.5478,Plage des Grands Sables
FR,47.7678,-3.5635,Plage du Kerou
FR,47.7687,-3.5939,
FR,47.7688,-3.5875,Plage de la Roche Percée
FR,47.7691,-3.6026,crique de port blanc
FR,47.7692,-3.5919,
FR,47.7693,-3.5317,
FR,47.7701,-3.6147,Port Blanc
FR,47.7702,-3.6127,Porz Stancou
FR,47.7743,-3.6282,Anse de Portec
FR,47.7793,-3.6553,Graounec
FR,47.78,-3.6858,
FR,47.7827,-3.6631,Poull Gwenn Gereur
FR,47.7835,-3.6935,
FR,47.7843,-3.7994,
FR,47.7866,-3.6957,Poull Gwenn Per
FR,47.7886,-3.7029,Plage de Trenez
FR,47.7902,-3.7907,Plage de Tahiti
FR,47.7906,-3.7622,
FR,47.791,-3.7894,Raguenès
FR,47.7915,-3.8086,
FR,47.7917,-4.2773,
FR,47.7921,-4.2509,Plage de Léhan
FR,47.7921,-3.8528,Plage de Kerpopo
FR,47.7924,-3.8506,Plage de Kernalou
FR,47.7927,-4.2909,Grève jaune
FR,47.7929,-3.8538,
FR,47.7931,-3.7663,Anse de Rospico
FR,47.7932,-4.2888,
FR,47.7934,-4.2218,
FR,47.7937,-3.812,Plage de Dourveil
FR,47.7944,-3.844,Plage de Purn
FR,47.7962,-3.8512,Plage de Feunteun Aoudoù
FR,47.7962,-3.8309,Plage du Don
FR,47.7962,-3.822,Plage de Kersidan
FR,47.7975,-3.8384,Plage de Trezcao
FR,47.7976,-4.3055,Plage du Ster
FR,47.798,-3.8507,Plage de La Baleine
FR,47.7985,-4.2037,Plage des Sables Blancs
FR,47.799,-4.2123,Plage des Quatre Vents
FR,47.8004,-4.1858,Plage de Larvor
FR,47.802,-3.7204,Plage de Kerfany
FR,47.8041,-3.8577,Plage de Trévignon
FR,47.8042,-4.1781,Plage de Poulluen
FR,47.8045,-3.7404,Plage de Port-Manec’h
FR,47.8069,-3.7136,
FR,47.809,-3.8638,Plage de Pen Loc'h
FR,47.81,-3.7162,
FR,47.8121,-3.8684,Plage de Kerouini
FR,47.8123,-4.171,Plage de Lodonnec et Ezer
FR,47.815,-3.8715,Plage de Kerannouat
FR,47.8169,-3.874,Plage naturiste Phoenix
FR,47.8192,-4.1651,Plage de Kervilzic
FR,47.8209,-3.8791,
FR,47.8211,-3.6891,
FR,47.8218,-3.8795,Plage de Kerdalé
FR,47.8267,-3.886,
FR,47.829,-4.1611,Plage de Langoz
FR,47.8315,-4.3549,Plage de Pors-Carn
FR,47.8325,-3.8931,
FR,47.8338,-3.8959,
FR,47.8341,-3.8995,
FR,47.8348,-3.9018,
FR,47.8357,-4.1688,
FR,47.8377,-3.9012,Plage de Loc'h Roz
FR,47.8397,-3.9016,
FR,47.8401,-4.1697,Plage de la pointe
FR,47.8406,-3.9019,
FR,47.8408,-4.1701,Plage du port
FR,47.8409,-3.8993,
FR,47.841,-4.1786,
FR,47.8426,-3.8983,
FR,47.8432,-4.3476,Plage de la Torche
FR,47.8435,-4.1766,
FR,47.8437,-3.8983,
FR,47.8447,-4.169,
FR,47.8453,-4.1799,
FR,47.8462,-3.8911,
FR,47.8467,-4.043,Plage de Mousterlin
FR,47.8468,-3.8978,
FR,47.8473,-4.1831,
FR,47.8476,-4.1616,Grande Plage du Sillon
FR,47.8482,-3.8891,
FR,47.8492,-4.0198,
FR,47.8492,-3.8868,Plage de Ster-Greich
FR,47.8498,-3.8999,
FR,47.85,-3.9032,
FR,47.8502,-4.0472,Plage de Kerneuc
FR,47.8502,-3.8957,
FR,47.8503,-4.1672,
FR,47.8504,-3.9013,Plage de Kermingham
FR,47.8506,-3.9082,Plage des Dunes
FR,47.8506,-3.904,Plage des Bouchers
FR,47.851,-4.0114,Plage de Coat Clevarec
FR,47.8516,-3.9058,Plage du Chien Jaune
FR,47.8525,-3.9952,Plage de Kerambigorn
FR,47.853,-4.1534,Plage du Teven
FR,47.8531,-3.9109,
FR,47.8537,-4.0525,Plage de Kerler
FR,47.8539,-3.9843,Plage de Kermyl
FR,47.8541,-3.9785,Plage des Dunes
FR,47.8545,-3.9128,Plage du Large
FR,47.8556,-3.9153,
FR,47.8558,-3.9168,
FR,47.8559,-4.3508,Plage de Tronoën
FR,47.856,-3.9182,
FR,47.8569,-3.9061,plage de la Belle Etoile
FR,47.8573,-3.9794,
FR,47.8573,-3.9173,
FR,47.8578,-3.9802,
FR,47.8585,-3.9118,
FR,47.8587,-4.0721,Plage de Kerler
FR,47.8588,-3.9143,
FR,47.8594,-4.1355,Plage de Kermor
FR,47.8595,-3.982,
FR,47.8599,-3.9018,
FR,47.8605,-3.9832,
FR,47.8608,-3.9033,
FR,47.8614,-3.984,
FR,47.862,-4.0955,Plage de la Pointe Saint-Gilles
FR,47.8627,-3.9845,
FR,47.8639,-3.9067,Plage du Porzou
FR,47.8641,-4.1128,
FR,47.8643,-3.9845,
FR,47.8657,-3.985,
FR,47.8666,-3.9857,
FR,47.8669,-3.9858,
FR,47.8676,-3.9856,Plage de Kerveltrec
FR,47.8687,-3.9848,Plage de Kerveltrec
FR,47.8695,-3.9211,Plage de la Croix
FR,47.8696,-3.9259,
FR,47.8696,-3.9248,
FR,47.87,-3.9229,Plage Rödel
FR,47.8703,-4.1146,Plage du Pussou
FR,47.8705,-3.9849,
FR,47.8705,-3.9275,Plage des Dames
FR,47.8708,-4.1057,Plage du Trez
FR,47.8719,-3.9304,Plage du Miné
FR,47.8723,-3.985,Plage de Bot Conan
FR,47.8729,-3.985,
FR,47.8743,-4.1205,
FR,47.8751,-3.9299,Plage de Cornouaille
FR,47.8762,-4.3604,Plage de Kermabec
FR,47.88,-3.9322,Plage des Sables Blancs
FR,47.8851,-3.9432,Plage des 4 sardines
FR,47.8867,-3.9812,Plage du Cap-Coz
FR,47.8869,-3.9453,Plage de Kernous
FR,47.89,-3.9788,
FR,47.8909,-4.3668,Plage Treguennec
FR,47.8961,-3.965,Plage de Kerleven
FR,47.8982,-3.951,
FR,47.8992,-3.9497,
FR,47.9091,-4.3796,
FR,47.9332,-4.3979,
FR,47.9399,-4.4039,Plage de Penhors
FR,47.9467,-4.4138,Plage du Gourinet
FR,47.9539,-4.4155,
FR,47.958,-4.4192,
FR,47.9704,-4.4354,
FR,47.9802,-4.4514,
FR,47.9835,-4.4589,Pors-Grouen
FR,47.9917,-4.4818,Gwendrez
FR,47.9991,-4.4985,Trez Mesperleuc
FR,48.0044,-4.5573,Plage de Pors Bihan
FR,48.0054,-4.5136,Plage de Kersiny
FR,48.0057,-4.5558,
FR,48.0077,-4.5561,Plage de Pors Péré
FR,48.0096,-4.5551,Plage de Sainte-Évette
FR,48.0108,-4.5448,Aod Treskadeg
FR,48.0111,-4.5504,Plage du Pouldu
FR,48.0126,-4.5958,Dunes du Trez Goarem
FR,48.0135,-4.5364,Grève de Saint-Julien
FR,48.0168,-4.537,Plage des Capucins
FR,48.0235,-4.6498,
FR,48.0236,-4.6484,
FR,48.0237,-4.6489,
FR,48.0259,-4.6295,Plage de Kerloc'h
FR,48.0264,-4.6408,
FR,48.0265,-4.6645,
FR,48.0268,-4.6401,
FR,48.0271,-4.6396,
FR,48.0285,-4.6958,
FR,48.0286,-4.6365,
FR,48.0289,-4.6333,Plage du Loc'h
FR,48.0323,-4.843,
FR,48.0342,-4.8473,
FR,48.0346,-4.8536,
FR,48.0368,-4.8493,
FR,48.0386,-4.8539,
FR,48.0387,-4.8563,
FR,48.0425,-4.8635,
FR,48.0426,-4.8685,
FR,48.0465,-4.7107,Plage des Trépassés
FR,48.0613,-4.6725,Plage de Porz Théolen
FR,48.0621,-4.6711,
FR,48.0689,-4.6213,
FR,48.0768,-4.5527,Plage de Lesven
FR,48.086,-4.5261,Plage de Pors Dour
FR,48.0866,-4.4892,Plage de Pors-Kiol
FR,48.0867,-4.5217,Plage de Guibirou
FR,48.0868,-4.5312,Plage du Drelen
FR,48.0871,-4.4867,Plage de Pors-Péron
FR,48.0885,-4.5038,
FR,48.0913,-4.3122,
FR,48.0925,-4.3173,
FR,48.0947,-4.3029,Plage du Ris
FR,48.097,-4.3305,Plage de Pors Kad
FR,48.0974,-4.3326,Plage des Dames
FR,48.1001,-4.4231,
FR,48.1007,-4.3423,Pors Melenn
FR,48.101,-4.3454,Plage Saint-Jean
FR,48.1032,-4.3524,Plage des Sables Blancs
FR,48.1046,-4.2898,Plage de Trézmalaouen
FR,48.1163,-4.2852,Plage de Kervel
FR,48.1395,-4.2767,
FR,48.1533,-4.2809,Plage de Kervijen
FR,48.1693,-4.5554,
FR,48.1698,-4.2931,Plage de Pors-Ar-Vag
FR,48.1718,-4.5583,
FR,48.1741,-4.5574,
FR,48.1787,-4.2947,Plage de Lestrevet
FR,48.1827,-4.3027,
FR,48.189,-4.5511,
FR,48.1898,-4.3004,Plage de Pentrez
FR,48.1909,-4.5227,
FR,48.1996,-4.5521,Plage de la Palue
FR,48.2012,-4.5141,
FR,48.2023,-4.3174,
FR,48.204,-4.3277,
FR,48.2061,-4.3317,
FR,48.207,-4.3345,
FR,48.2072,-4.3487,
FR,48.209,-4.5523,Plage naturiste
FR,48.2097,-4.554,Plage de Lost-Marc'h
FR,48.2133,-4.3754,Trez Bellec
FR,48.216,-4.5575,
FR,48.2163,-4.5026,Porzh Leon
FR,48.2195,-4.3934,Trez Bihan
FR,48.2244,-4.5595,Porzh Mel
FR,48.2252,-4.4349,
FR,48.2259,-4.4171,Trez ar Poul
FR,48.2266,-4.4373,
FR,48.2287,-4.4258,Plage de la Source
FR,48.2292,-4.5012,Traezh Morgad
FR,48.2316,-4.5635,
FR,48.2328,-4.4423,Plage de l'Aber
FR,48.2357,-4.4899,Plage du Porzic
FR,48.2362,-4.4819,
FR,48.2385,-4.4652,Plage de Postolonnec
FR,48.245,-4.5456,Plage de Goulien
FR,48.2541,-4.5529,Plage de Kersiguénou
FR,48.2545,-4.574,
FR,48.2558,-4.5963,
FR,48.2592,-4.2139,
FR,48.2604,-4.6033,Crique de Lamzoz
FR,48.2614,-4.6117,
FR,48.262,-4.6125,Plage du Veryac'h
FR,48.276,-4.6183,Plage de Pen Hat
FR,48.2768,-4.4086,Grève du Stang
FR,48.2773,-4.5797,
FR,48.2798,-4.5907,
FR,48.2805,-4.6136,
FR,48.2808,-4.5924,
FR,48.281,-4.598,
FR,48.2811,-4.5958,
FR,48.2821,-4.5977,Plage du Corréjou
FR,48.2824,-4.5709,
FR,48.2841,-4.57,
FR,48.2848,-4.537,
FR,48.2849,-4.5678,
FR,48.286,-4.567,Trez Rouz
FR,48.2866,-4.4862,
FR,48.2868,-4.5072,
FR,48.2868,-4.2436,Grèves du Seillou
FR,48.2869,-4.4202,
FR,48.287,-4.5683,Trez Rouz
FR,48.2882,-4.2841,Belle Adour
FR,48.2897,-4.2389,
FR,48.2906,-4.5668,
FR,48.2909,-4.5153,
FR,48.2909,-4.2325,
FR,48.2912,-4.2392,
FR,48.2916,-4.4458,
FR,48.2923,-4.526,
FR,48.293,-4.4578,
FR,48.2967,-4.2805,
FR,48.3038,-4.5307,
FR,48.305,-4.2545,
FR,48.3068,-4.5723,
FR,48.3132,-4.3342,
FR,48.3133,-4.3359,
FR,48.314,-4.5463,
FR,48.3141,-4.3332,
FR,48.3143,-4.3322,Grève du Bendy
FR,48.3145,-4.3347,
FR,48.315,-4.3338,
FR,48.3152,-4.3258,
FR,48.3152,-4.2865,
FR,48.3154,-4.314,
FR,48.3156,-4.3077,
FR,48.316,-4.3354,
FR,48.321,-4.3256,Grève du Yelen
FR,48.3239,-4.4614,
FR,48.324,-4.3175,
FR,48.3244,-4.3199,Grève du Roz
FR,48.3247,-4.3985,
FR,48.3256,-4.3924,
FR,48.3257,-4.3889,
FR,48.3262,-4.3767,
FR,48.3267,-4.4563,
FR,48.3286,-4.4553,
FR,48.3287,-4.4535,
FR,48.3288,-4.3145,
FR,48.3297,-4.451,
FR,48.3298,-4.4499,
FR,48.3302,-4.4495,
FR,48.331,-4.3721,Grève de Penn al Lann
FR,48.3327,-4.4484,
FR,48.334,-4.4483,
FR,48.3362,-4.7057,
FR,48.3377,-4.6138,
FR,48.3382,-4.6169,Plage du Minou
FR,48.339,-4.6194,
FR,48.3392,-4.6192,
FR,48.3394,-4.6157,Plage du Minou
FR,48.3396,-4.7014,Plage du Perzel ou de Bertheaume
FR,48.3398,-4.7003,
FR,48.341,-4.5325,
FR,48.3416,-4.8631,
FR,48.3418,-4.8643,
FR,48.3418,-4.5327,
FR,48.3422,-4.6335,Plage de Dalbosc
FR,48.3429,-4.7013,plage des trois curés
FR,48.343,-4.7012,Grève de Poull serp dite grève des Curés
FR,48.343,-4.3174,
FR,48.3431,-4.7717,Plage de la Grève Bleue
FR,48.3436,-4.3499,Grève de Porsguen
FR,48.344,-4.3308,
FR,48.3441,-4.4423,
FR,48.3443,-4.8639,
FR,48.3449,-4.8621,
FR,48.3455,-4.8599,
FR,48.3455,-4.6406,Grève de Déolen
FR,48.3461,-4.3309,Pors Donn
FR,48.3472,-4.7706,Plage de Porz Liogan
FR,48.3473,-4.4434,Plage du corbeau
FR,48.3474,-4.8592,
FR,48.3493,-4.6989,Plage du Trez-Hir
FR,48.3493,-4.6979,
FR,48.3503,-4.8572,
FR,48.3514,-4.8493,
FR,48.3514,-4.7753,Plage du Bilou
FR,48.3515,-4.5694,
FR,48.3516,-4.5694,
FR,48.3523,-4.6659,
FR,48.3526,-4.666,Plage de Trégana
FR,48.3539,-4.674,
FR,48.3541,-4.6907,
FR,48.3543,-4.6741,Plage de Portez
FR,48.3544,-4.8525,
FR,48.3545,-4.688,
FR,48.3547,-4.6908,Grève de Porski
FR,48.3547,-4.5669,Plage du Dellec
FR,48.3552,-4.6799,
FR,48.3557,-4.6798,Plage de Porsmilin
FR,48.3566,-4.7787,Plage de Portez
FR,48.357,-4.4366,
FR,48.3575,-4.5383,
FR,48.3576,-4.5382,
FR,48.3587,-4.5416,
FR,48.3613,-4.5317,
FR,48.3616,-4.5533,Plage de Sainte-Anne-du-Portzic
FR,48.3633,-4.5297,Grève de La Maison Blanche
FR,48.3647,-4.5264,
FR,48.3662,-4.7859,Plage de Porz Pabu
FR,48.3704,-4.9441,
FR,48.3708,-4.7702,Plage des Blancs Sablons
FR,48.3711,-4.8808,
FR,48.3712,-4.9407,
FR,48.3719,-4.937,
FR,48.3724,-4.9412,
FR,48.3726,-4.8994,
FR,48.3727,-4.9069,
FR,48.3729,-4.9343,
FR,48.3744,-4.9103,
FR,48.3744,-4.907,
FR,48.3745,-4.9354,
FR,48.375,-4.8854,
FR,48.3751,-4.8986,
FR,48.3767,-4.8866,
FR,48.3773,-4.8886,
FR,48.3783,-4.7628,Plage de Perzic
FR,48.3787,-4.898,
FR,48.3792,-4.9379,
FR,48.3794,-4.939,
FR,48.3813,-4.8993,
FR,48.3828,-4.7645,Plage d'Illien
FR,48.3829,-4.8998,
FR,48.3835,-4.3997,
FR,48.3845,-4.3983,
FR,48.3856,-4.3971,
FR,48.3867,-4.395,
FR,48.3875,-4.3925,
FR,48.3889,-4.4328,Plage aux rats
FR,48.3892,-4.3879,
FR,48.3911,-4.9607,
FR,48.3911,-4.4087,Plage des sables rouges
FR,48.3914,-4.383,
FR,48.3936,-4.3735,
FR,48.3938,-4.9646,
FR,48.395,-4.9537,
FR,48.3951,-4.965,Ancienne Décharge
FR,48.3957,-4.42,Plage de la Cantine
FR,48.3964,-4.9652,
FR,48.3964,-4.4285,Plage du Moulin Blanc
FR,48.3965,-4.9551,
FR,48.3966,-4.4286,Plage du Moulin Blanc
FR,48.3967,-4.3846,Plage du passage
FR,48.3985,-4.9515,
FR,48.3988,-4.9664,
FR,48.3991,-4.3579,
FR,48.3992,-4.9492,
FR,48.3999,-4.9589,
FR,48.4003,-4.9633,
FR,48.4004,-4.9472,
FR,48.4007,-4.947,
FR,48.4013,-4.9617,
FR,48.4014,-4.9509,
FR,48.4014,-4.9467,
FR,48.4025,-4.949,
FR,48.4056,-4.7759,Plage de Kerhornou
FR,48.4069,-4.7842,
FR,48.4078,-4.3643,
FR,48.4082,-4.3506,Plage du Douvez
FR,48.4124,-4.7919,Plage de Corsen
FR,48.4148,-4.9867,
FR,48.4149,-4.9856,
FR,48.4153,-4.9863,
FR,48.4164,-4.9834,
FR,48.4167,-4.9826,
FR,48.4173,-4.9802,Porzh ar Roc'h Vran
FR,48.4178,-4.9788,
FR,48.418,-4.9777,
FR,48.4183,-4.978,
FR,48.4187,-4.9847,
FR,48.4187,-4.9766,
FR,48.4187,-4.792,Plage des Charrettes
FR,48.4192,-4.3203,
FR,48.4201,-4.317,
FR,48.4204,-4.7911,Plage naturiste
FR,48.423,-4.7891,Plage de Ruscumunoc
FR,48.4254,-5.0126,
FR,48.4255,-4.3052,
FR,48.4257,-5.011,
FR,48.426,-4.7876,Plage de Hidell
FR,48.4276,-5.011,Porzh ar Vagoù
FR,48.4304,-4.785,Plage de Porz Tévigné
FR,48.4337,-4.7855,Plage de Porskaolenn
FR,48.4371,-4.7851,Plage de l'Ile Segal
FR,48.438,-4.7831,Plage de Porskuidig
FR,48.4394,-4.7801,
FR,48.4409,-4.7797,
FR,48.4421,-4.7791,Plage de Porsman
FR,48.4434,-4.7777,
FR,48.444,-5.1029,
FR,48.4447,-5.0994,
FR,48.4448,-5.1002,
FR,48.4454,-5.0991,Plage du Prat
FR,48.4454,-4.7779,Plage de Porspaul
FR,48.4475,-4.7793,Porz Gwenn
FR,48.4517,-4.7758,Porz Kregin
FR,48.452,-5.0924,Plage de Korz
FR,48.4543,-5.0956,Grève du Goubars
FR,48.4555,-4.7722,Porz Lann
FR,48.4564,-5.0988,
FR,48.4565,-4.7717,Plage du Gouerou
FR,48.4591,-5.0509,Plage d'Arlan
FR,48.4594,-5.0493,
FR,48.4623,-4.7696,
FR,48.4625,-4.7672,Porz Gored
FR,48.4657,-4.7649,
FR,48.4678,-4.7619,Porz ar Marc'h
FR,48.4679,-4.7621,Porz ar Marc'h
FR,48.4703,-4.7583,Plage du Crapaud
FR,48.4707,-5.1064,Plage de Yusin
FR,48.4753,-4.7655,Plage de Pors an Eis Vinis
FR,48.4805,-5.103,
FR,48.4826,-4.7693,Plage de Porsmeur
FR,48.4841,-4.7719,
FR,48.4853,-4.772,Plage de Melon
FR,48.4924,-4.7745,Plage de Mazou
FR,48.5111,-4.7672,Plage du Bourg
FR,48.5124,-1.9759,
FR,48.5131,-2.6763,Plage de l'Hôtellerie
FR,48.5157,-4.7746,Porz Iliz
FR,48.5162,-4.7705,Plage des Dames
FR,48.5168,-4.7667,Plage des Colons
FR,48.5169,-4.7704,
FR,48.519,-4.7647,Plage du Vivier
FR,48.5202,-4.7617,Plage de Rochard
FR,48.5233,-2.6783,
FR,48.5244,-2.641,Plage de la Granville
FR,48.5245,-2.6309,
FR,48.526,-4.761,Gwen Trez
FR,48.5263,-2.652,Plage de Bon Abri
FR,48.5268,-2.7169,Plage du Valais
FR,48.528,-2.68,
FR,48.528,-2.6321,
FR,48.5281,-4.764,
FR,48.5301,-4.7579,Le Verlen
FR,48.531,-4.7515,Penfoul
FR,48.531,-2.7112,
FR,48.531,-2.6618,Plage de Lermot
FR,48.532,-4.7569,Reden
FR,48.5343,-2.6734,
FR,48.5374,-2.7187,Anse à la Vierge
FR,48.5383,-2.6305,
FR,48.5391,-2.6295,
FR,48.5392,-2.7183,Anse aux Moines
FR,48.5404,-2.6282,
FR,48.5433,-2.7214,Plage de Nouelles
FR,48.5436,-1.9652,Plage de Vigneux
FR,48.5451,-2.6172,
FR,48.5465,-2.6145,
FR,48.5488,-2.6113,
FR,48.5493,-2.611,
FR,48.5496,-2.611,
FR,48.5502,-2.6091,
FR,48.5519,-4.7053,
FR,48.5535,-4.707,Plage de Gwisselier
FR,48.5543,-4.7134,Plage du Château
FR,48.5553,-4.7097,Plage des Trois Curés
FR,48.5561,-4.717,Plage de Trémazan
FR,48.5567,-2.7249,
FR,48.5582,-4.706,Plage de Bar Al Lan
FR,48.5592,-4.7157,
FR,48.5607,-4.7031,Plage de Kerdéniel
FR,48.5609,-4.7035,
FR,48.5631,-4.7036,Porzh ar Skaf
FR,48.5642,-2.7519,Plage des Rosaires
FR,48.5649,-2.5884,Grève du Vauglin
FR,48.565,-2.5883,grève du Vauglin
FR,48.5656,-4.7023,Pors ar Vilin Vraz
FR,48.5679,-4.7033,Aod Lingoun
FR,48.5696,-4.694,
FR,48.5696,-1.9752,Plage de St-Suliac
FR,48.57,-4.675,Plage de Tréompan
FR,48.57,-2.77,Plage de Tournemine
FR,48.5702,-4.6998,Plage de Porsguen
FR,48.5702,-2.5803,Port-morvan
FR,48.5704,-4.7016,Porzh ar Vraoù
FR,48.5705,-4.6964,Pors ar Groas
FR,48.5708,-4.6781,Grève de Tréompan
FR,48.5712,-4.6908,Pors Gaillion
FR,48.5715,-4.649,Plage de Koulouarn
FR,48.5722,-4.6593,Plage des Trois Moutons
FR,48.5728,-4.6907,Porzhig ar Rouanez
FR,48.5728,-4.6067,Plage Ganaoc'h
FR,48.5735,-4.6125,Plage de Benniget
FR,48.5755,-4.6229,Plage Corn ar Gazel
FR,48.5755,-1.9825,
FR,48.5766,-2.206,
FR,48.5768,-2.0011,Grève de Garel
FR,48.5777,-1.9835,
FR,48.5789,-2.2065,
FR,48.58,-2.5693,La Mine d'Or
FR,48.5803,-4.6067,
FR,48.5806,-2.7765,Plage du Barillet
FR,48.5807,-2.2039,Plage du Vauvert
FR,48.5811,-2.2121,
FR,48.5825,-2.2114,
FR,48.5831,-2.5668,Anse du Pissot
FR,48.5844,-2.7876,Plage du petit havre
FR,48.585,-4.6042,
FR,48.5852,-2.1999,Plage du Ruet
FR,48.5858,-4.6174,
FR,48.5882,-2.1967,Plage du Rochet Plat
FR,48.5908,-2.5578,Plage du Val André
FR,48.5915,-2.1837,
FR,48.5925,-2.1833,Plage de la Manchette
FR,48.5927,-2.1659,Plage de la Roche Morin
FR,48.5932,-2.2165,
FR,48.5933,-2.1933,Plage de la Banche
FR,48.5934,-1.9788,Plage du Vallion
FR,48.5941,-4.5944,
FR,48.5945,-4.588,
FR,48.5945,-2.2229,Plage des Quatre Vaux
FR,48.5949,-4.5827,
FR,48.5955,-4.6067,
FR,48.5955,-2.1845,Plage de la Pissote
FR,48.5956,-4.5763,Plage de Porsecave
FR,48.5964,-2.171,
FR,48.5967,-4.5707,Plage de la Baie des Anges
FR,48.5974,-2.5363,Plage des Vallées
FR,48.5975,-4.5936,
FR,48.5976,-2.1687,Plage des Briantais
FR,48.5979,-2.1829,Plage du Châtelet
FR,48.598,-4.5924,
FR,48.5983,-4.5654,
FR,48.5983,-2.0109,Plage de la Passagère
FR,48.5984,-2.8238,Plage de la Banche
FR,48.5986,-2.1944,Plage du Béchet
FR,48.5989,-4.619,
FR,48.5989,-4.5905,
FR,48.5991,-2.5276,Plage de Nantois
FR,48.6004,-4.5878,
FR,48.6006,-4.6354,
FR,48.6011,-4.5864,
FR,48.6014,-2.167,Plage de la Sintelette
FR,48.6019,-4.6054,Plage Sainte-Marguerite
FR,48.6024,-2.1932,Plage des Haas
FR,48.6029,-2.514,Plage de la Ville Berneuf
FR,48.6032,-4.5904,An aod verr
FR,48.6032,-4.5888,An aod hir
FR,48.6034,-4.5521,
FR,48.6039,-2.8193,Plage de l'Avant port
FR,48.6043,-2.2255,
FR,48.6044,-4.5929,Porzh Mateano
FR,48.6048,-4.6033,Plage de Kloukouri
FR,48.6048,-4.5606,
FR,48.6048,-2.165,Plage de Buglais
FR,48.6058,-2.0316,
FR,48.6059,-4.5722,
FR,48.6067,-4.6005,
FR,48.6067,-2.1873,Plage du Rougeret
FR,48.6071,-2.0306,
FR,48.6072,-4.5964,
FR,48.6072,-2.1614,Plage du Caducet
FR,48.6072,-1.71,
FR,48.6073,-2.1902,
FR,48.6085,-2.0313,
FR,48.6086,-4.5652,
FR,48.6086,-2.4986,Plage de Saint-Pabu
FR,48.6088,-4.5743,
FR,48.6089,-2.1565,Plage de Saint-Sieu
FR,48.609,-4.5681,
FR,48.6101,-2.1388,
FR,48.6112,-1.8143,
FR,48.6133,-2.142,Plage du Rieul
FR,48.6134,-4.5791,
FR,48.6136,-4.5773,
FR,48.6139,-2.3105,
FR,48.6144,-2.8157,Plage du Corps de Garde
FR,48.6151,-2.1529,Plage du Corps de Garde
FR,48.6154,-2.1417,
FR,48.6161,-4.5671,Plage de Saint-Cava
FR,48.6161,-2.2365,Plage de Pen Guen
FR,48.6164,-4.5742,
FR,48.6168,-4.5758,
FR,48.6174,-2.1358,
FR,48.6178,-2.8173,Plage du Vau Chaperon
FR,48.6178,-2.1436,Plage de la Cerisaie
FR,48.6179,-2.1516,Plage de l'Islet
FR,48.6191,-2.1476,
FR,48.6196,-2.3304,
FR,48.6199,-2.1455,Plage du Rocher
FR,48.6202,-2.4804,Plage de Caroual
FR,48.6204,-2.031,
FR,48.6206,-1.8505,
FR,48.6207,-2.1921,Plage de la Chapelle
FR,48.6208,-4.5644,Plage de Lilia
FR,48.6216,-4.5022,
FR,48.6218,-4.5725,
FR,48.6223,-4.5906,
FR,48.6223,-4.571,
FR,48.6225,-4.5067,
FR,48.623,-4.5095,
FR,48.6232,-4.4968,
FR,48.6235,-4.5923,
FR,48.6235,-4.5587,
FR,48.6238,-2.8222,Plage des Godelins
FR,48.624,-4.5565,
FR,48.6243,-4.5532,
FR,48.6243,-4.4826,
FR,48.6244,-2.0135,Plage du Rosais
FR,48.6245,-4.4855,
FR,48.6246,-4.4892,
FR,48.6246,-2.1438,Plage de la Grande Salinette
FR,48.6247,-4.5507,
FR,48.6247,-4.4754,
FR,48.625,-4.5106,Plage de Bassinig
FR,48.6252,-2.1406,Plage du Béchet
FR,48.6256,-2.0362,Plage de la Vicomté
FR,48.6257,-2.0523,Plage du Prieuré
FR,48.6266,-2.1464,Plage de la Petite Salinette
FR,48.6269,-2.2898,Port Saint Jean
FR,48.6272,-2.0139,Plage des Fours à Chaux
FR,48.6276,-4.544,
FR,48.6278,-2.1866,
FR,48.6279,-4.5533,
FR,48.6282,-4.5125,
FR,48.6285,-2.3219,
FR,48.6289,-4.5569,
FR,48.6291,-2.1512,Plage du Perron
FR,48.6292,-4.5066,
FR,48.6294,-4.5103,
FR,48.6294,-4.5057,
FR,48.6296,-4.5552,
FR,48.6297,-2.2872,Plage de la Fosse
FR,48.6298,-4.53,Grève Blanche
FR,48.6299,-2.2874,Plage de la Fosse
FR,48.6303,-4.5456,
FR,48.631,-4.4589,Grève du vougot
FR,48.631,-2.0204,Plage des Corbières
FR,48.6312,-4.5352,
FR,48.6315,-2.2476,Grande Plage
FR,48.6316,-4.5384,
FR,48.6318,-2.1499,Plage du Port aux Chevaux
FR,48.6319,-2.1452,Plage du Tertre Pelé
FR,48.6325,-2.4692,Plage du Centre
FR,48.6326,-2.14,Plage de Port Hue
FR,48.633,-4.5398,
FR,48.6338,-2.0275,Anse Saint-Père
FR,48.6339,-2.0943,Plage de la Fosse aux Vaults
FR,48.634,-4.5446,
FR,48.634,-2.0228,Plage de Solidor
FR,48.6342,-2.0897,Plage naturiste
FR,48.6347,-2.136,Plage de la Garde Guérin
FR,48.6353,-2.0862,Plage de la Fourberie
FR,48.6355,-4.4341,
FR,48.6358,-1.5131,
FR,48.636,-2.0486,Anse du Bec de la Vallée
FR,48.6364,-2.8264,Plage du Moulin
FR,48.6365,-4.4317,
FR,48.6365,-2.0819,Plage du Port-Blanc
FR,48.6365,-2.0543,Plage de l'Écluse
FR,48.6368,-2.1223,Plage de Longchamp
FR,48.6369,-2.159,
FR,48.6371,-2.274,Plage de la Fresnaye
FR,48.6373,-4.4501,Curnic
FR,48.6379,-4.4205,
FR,48.6379,-4.4188,
FR,48.6379,-4.4173,Plage des Barrachou
FR,48.6379,-4.4168,
FR,48.6379,-2.1089,Grande Plage
FR,48.638,-4.4163,
FR,48.638,-2.047,
FR,48.6381,-4.4156,
FR,48.6381,-4.4149,
FR,48.6382,-4.4085,La Croix
FR,48.6383,-4.4144,
FR,48.6383,-4.4134,
FR,48.6383,-4.4125,
FR,48.6383,-2.0203,Plage des Bas-Sablons
FR,48.6388,-2.4845,
FR,48.6388,-2.2722,
FR,48.6388,-2.1163,
FR,48.639,-4.4239,
FR,48.6391,-2.0694,Plage de Saint-Énogat
FR,48.6392,-4.4316,
FR,48.6393,-2.065,Plage de Port-Riou
FR,48.6396,-4.2917,Dunes de Ker Emma
FR,48.6397,-2.0777,
FR,48.6398,-4.4281,Plage du Dibennou
FR,48.64,-4.4476,Plage de Beg Ar Skeiz
FR,48.64,-2.0594,Plage de Port Salut
FR,48.6403,-4.433,
FR,48.6403,-4.4301,
FR,48.6407,-4.4309,
FR,48.641,-2.1169,Plage des Hirondelles
FR,48.6412,-4.2919,Dunes de Kéremma
FR,48.6414,-2.3089,Plage de Château Serein
FR,48.6415,-4.4335,
FR,48.6415,-2.2681,Plage de la Pissotte
FR,48.6416,-4.4323,
FR,48.6416,-4.4129,Plage de Lerret
FR,48.6421,-4.4179,
FR,48.6429,-4.4186,
FR,48.6433,-4.4196,
FR,48.6441,-4.4199,
FR,48.6444,-4.4202,
FR,48.6444,-2.4073,Grève de Minieu
FR,48.6444,-2.2571,Plage de la Mare
FR,48.6449,-4.4206,
FR,48.6451,-2.0314,Plage du Môle
FR,48.6456,-4.4221,
FR,48.6457,-2.4835,Plage de Lourtuais
FR,48.6461,-2.4759,Plage de Lourtuais
FR,48.6463,-4.4245,Plage de Poulfeunteun
FR,48.6466,-4.4282,
FR,48.6473,-4.4296,
FR,48.6474,-2.8264,
FR,48.6487,-2.462,Plage du Portuais
FR,48.6487,-2.3025,
FR,48.6487,-2.0297,Plage de Bon Secours
FR,48.6491,-4.2519,Plages de Keremma
FR,48.6491,-2.8251,
FR,48.6494,-4.3055,Plage du Menhir
FR,48.6495,-2.4524,Plage du Guen
FR,48.65,-4.2419,Plage de Keremma
FR,48.6501,-2.4261,Plage Saint-Michel
FR,48.6502,-2.8264,Plage de la Comtesse
FR,48.6507,-2.3,
FR,48.651,-4.4346,Plage du Fanal
FR,48.6521,-2.4447,Plage de Lanruen
FR,48.6523,-1.8685,Plage de Porcon
FR,48.6526,-2.8263,
FR,48.6528,-2.0228,Plage de l'Éventail
FR,48.6529,-2.0267,Plage Malo
FR,48.6537,-4.4358,
FR,48.6537,-4.4217,Plage de Karrec Hir
FR,48.6538,-4.431,
FR,48.654,-2.377,
FR,48.6541,-1.866,
FR,48.6545,-4.4355,
FR,48.6546,-4.409,Plage de Boutrouilles
FR,48.6552,-2.8331,Plage du Châtelet
FR,48.6556,-4.4356,
FR,48.6557,-4.4347,
FR,48.6558,-2.8365,Plage du Casino
FR,48.6558,-2.3737,
FR,48.6559,-4.4002,Plage du Vivier
FR,48.6563,-4.2187,
FR,48.6563,-2.4256,
FR,48.6566,-2.0133,Plage du Sillon
FR,48.6568,-2.3613,Plage de l'Anse du Croc
FR,48.6572,-2.8379,Plage de la Grève Noire
FR,48.6573,-4.2978,Plage de Kerurus
FR,48.6578,-4.3927,
FR,48.6578,-3.9321,La Grande Grève
FR,48.6579,-4.2221,
FR,48.6581,-2.8379,Grève de l'Isnain
FR,48.6591,-2.8405,Grève de la Fontaine Saint-Quay
FR,48.6594,-2.2937,Plage du Vaugamont
FR,48.6595,-3.9038,Plage du Clouet
FR,48.66,-4.3892,
FR,48.6606,-4.3874,
FR,48.6607,-4.2189,Plage de Porsmeur
FR,48.6608,-4.3849,
FR,48.6616,-2.0002,Plage de La Hoguette
FR,48.6617,-2.3538,Plage des Grèves d'en Bas
FR,48.6626,-2.8415,Grève de Fonteny
FR,48.6633,-4.215,
FR,48.6637,-4.3789,Plage de Nodeven Roduloc
FR,48.6642,-4.2143,
FR,48.6653,-4.2144,
FR,48.666,-2.3455,Plage de La Fosse
FR,48.6661,-1.9928,Plage de Rochebonne
FR,48.6668,-4.3063,Plage du Lividic
FR,48.6668,-2.286,
FR,48.6669,-4.2139,
FR,48.667,-4.3225,Plage du Garo
FR,48.6673,-4.3747,
FR,48.6674,-2.8527,Plage de Saint-Marc
FR,48.6676,-2.3413,Plage du Porry
FR,48.6677,-4.3057,Plage de Kervillo
FR,48.668,-4.3274,Plage du Scluz
FR,48.6685,-4.3732,
FR,48.6689,-4.3715,
FR,48.6691,-2.338,
FR,48.6694,-1.8574,Plage de Cancale
FR,48.6695,-4.2104,
FR,48.6695,-3.9092,Plage du Kelenn
FR,48.6696,-3.5937,
FR,48.6697,-3.9067,
FR,48.6698,-3.6032,
FR,48.6703,-4.3281,Plage du Petit Nice
FR,48.6703,-4.3186,Plage de la Tour Blanche
FR,48.6704,-3.9049,Plage du Penker
FR,48.6706,-1.9888,Plage du Minihic
FR,48.6707,-4.3642,Plage de Meneham
FR,48.6708,-3.5815,
FR,48.671,-3.9003,Plage du Cosmeur
FR,48.6712,-3.6122,
FR,48.6713,-3.8927,Plage de Tahiti
FR,48.6714,-4.3125,
FR,48.6717,-4.3145,
FR,48.6719,-2.8649,Plage du Port Goret
FR,48.6721,-3.923,Grève du Port
FR,48.6721,-3.8755,
FR,48.6722,-4.3122,
FR,48.6724,-4.2063,
FR,48.6725,-4.3264,Plage des Crapauds
FR,48.673,-2.8671,Plage du Port Goret
FR,48.673,-2.3101,
FR,48.6732,-3.5764,
FR,48.6733,-3.9165,La Plage de la Chaise du Curé
FR,48.6734,-2.3279,
FR,48.6738,-3.96,Plage de Kerigou
FR,48.6738,-3.9186,La Grève du Pors-Pol
FR,48.6739,-4.3549,Le Cremiou
FR,48.6747,-4.3541,
FR,48.6747,-1.9851,Plage du Pont
FR,48.6748,-3.9207,La Grève Blanche
FR,48.675,-4.328,
FR,48.6751,-3.8642,
FR,48.6755,-3.9226,Porz ar Callot
FR,48.6757,-2.8824,Plage de Palus
FR,48.6758,-3.8717,
FR,48.6759,-3.6374,
FR,48.676,-2.0702,
FR,48.6763,-4.3346,Plage des Chardons Bleus
FR,48.6763,-4.1991,
FR,48.6767,-3.6377,Plage du Hogolo
FR,48.6769,-4.3484,Plage du Phare
FR,48.6769,-4.3392,
FR,48.6769,-3.8648,
FR,48.677,-2.8782,Plage de Palus
FR,48.6771,-2.3134,
FR,48.6776,-4.3432,
FR,48.6776,-4.1972,
FR,48.6778,-3.8506,
FR,48.6778,-2.3261,
FR,48.6786,-3.6374,
FR,48.6786,-1.9882,Crique du Fort
FR,48.6791,-4.1954,
FR,48.6799,-3.6374,Plage des Roches d'Argent
FR,48.6801,-3.9243,Porzienn C'halod
FR,48.6801,-3.5704,
FR,48.6802,-3.6506,Plage du Fond de la Baie
FR,48.681,-1.9578,Plage du Havre
FR,48.6811,-4.1936,
FR,48.6815,-3.6156,
FR,48.6816,-3.6318,Plage de Tossen Arc Choz
FR,48.6818,-3.6159,
FR,48.6819,-3.6347,Plage des Curés
FR,48.6819,-1.9857,Plage de la Varde
FR,48.682,-3.9221,Porz ar Gored
FR,48.6824,-1.9814,
FR,48.6834,-1.9498,
FR,48.6835,-3.9247,Aber ar Biliou
FR,48.6835,-3.9244,
FR,48.6836,-1.979,Plage du Nicet
FR,48.6838,-1.9587,
FR,48.6841,-3.6195,
FR,48.6841,-3.6162,Plage de Beg Douar
FR,48.6841,-1.9738,Plage du Val
FR,48.6843,-1.9448,
FR,48.6845,-3.6225,Plage de Porz Mellec
FR,48.6847,-4.1817,
FR,48.685,-3.6232,
FR,48.6854,-4.1778,
FR,48.686,-1.9706,
FR,48.6861,-3.5688,
FR,48.6862,-4.1871,
FR,48.6862,-3.9211,an aod ar marc'h
FR,48.6865,-4.1855,
FR,48.6868,-4.1715,
FR,48.6869,-3.9216,
FR,48.687,-4.0642,
FR,48.6872,-1.967,
FR,48.6873,-1.9556,
FR,48.6874,-3.6767,Plage du Moulin de la Rive
FR,48.6875,-1.9652,
FR,48.6879,-1.9542,
FR,48.6884,-4.1699,
FR,48.6884,-1.9492,
FR,48.6889,-3.926,Park an Aod
FR,48.6889,-3.9215,
FR,48.6891,-4.1649,
FR,48.6893,-4.0762,
FR,48.6896,-3.9639,Plage Sainte-Anne
FR,48.6897,-4.0763,
FR,48.6897,-3.9238,Porz an Iliz
FR,48.6899,-4.0781,
FR,48.6901,-4.1593,
FR,48.6901,-1.9504,Plage de la Guimorais
FR,48.6902,-1.8466,Plage de Port Briac
FR,48.6903,-4.1566,
FR,48.6906,-4.0802,
FR,48.6908,-1.9131,
FR,48.6909,-3.6462,Plage du Port
FR,48.691,-3.7003,Plage de Poul Rodou
FR,48.6911,-4.085,
FR,48.6911,-3.645,Plage du Dos Port
FR,48.6916,-4.1546,
FR,48.6926,-1.9466,Plage des Chevrets
FR,48.6926,-1.8996,Plage du Guesclin
FR,48.6927,-3.6637,Plage des Sables-Blancs
FR,48.6929,-1.9232,Plage de la Touesse
FR,48.6934,-4.1059,Plage de Crac'h zu
FR,48.6934,-3.6436,Plage de la Roche Tombée
FR,48.6935,-4.1194,Plage de Kervaliou
FR,48.6936,-1.9297,Plage du Port
FR,48.6936,-1.9029,
FR,48.6938,-4.1234,
FR,48.6939,-3.9689,Grève du Man
FR,48.694,-4.1423,Les Amiets
FR,48.694,-1.9385,Plage des Chevrets
FR,48.6941,-4.1257,
FR,48.6941,-3.6479,Plage de Porz ar Villiec
FR,48.6947,-3.6433,Plage du Bilou
FR,48.6948,-4.0608,Plage du Dossen
FR,48.6948,-1.8486,Plage de Port Picain
FR,48.6949,-1.938,
FR,48.6951,-3.6433,Plage de la Palud
FR,48.6953,-4.129,
FR,48.6961,-3.9266,An oad trez
FR,48.6962,-3.9246,Ar Vouge
FR,48.6964,-1.8762,Plage du Verger
FR,48.6966,-1.9328,
FR,48.6968,-3.8418,Plage de Guerzit
FR,48.6971,-1.8843,Plage du Petit Port
FR,48.6974,-1.8719,
FR,48.6979,-1.8479,
FR,48.6981,-1.8707,
FR,48.6984,-3.9265,
FR,48.6992,-2.9027,
FR,48.6993,-1.8494,
FR,48.6994,-3.9759,plage de Kersaliou
FR,48.6994,-3.9294,
FR,48.7003,-1.8621,Plage du Saussaye
FR,48.7006,-3.7169,Plage de Venizella
FR,48.7006,-2.8986,
FR,48.7008,-2.9058,Porzh Moguer
FR,48.7011,-1.8494,Plage de Port-Mer
FR,48.7025,-4.0532,Crique de Poulgueguen
FR,48.7034,-3.7811,
FR,48.7038,-3.5809,
FR,48.704,-2.9102,
FR,48.7044,-4.0412,Plage du Staol
FR,48.705,-3.5811,
FR,48.7051,-4.0502,Pors ar Vil
FR,48.7052,-1.8441,
FR,48.7053,-4.0487,Pors ar Vag
FR,48.7055,-4.0501,
FR,48.7065,-3.8361,Port blanc
FR,48.7065,-3.5832,
FR,48.7072,-1.516,
FR,48.708,-3.8345,Port blanc
FR,48.7083,-3.9736,Plage de La Grande Grève
FR,48.709,-2.9211,Plage Bonaparte
FR,48.7092,-3.5814,
FR,48.7096,-4.0373,Plage du Théven
FR,48.7096,-1.8471,
FR,48.7099,-3.5813,
FR,48.7105,-3.5817,
FR,48.7117,-3.8174,Plage de Primel
FR,48.7121,-2.9269,
FR,48.7125,-4.0315,Plage du Prat
FR,48.7128,-3.8095,Grande plage de Primel-Tregastel
FR,48.7131,-3.5812,
FR,48.7135,-3.9965,
FR,48.7136,-3.9719,Traon Erch
FR,48.7141,-4.0198,Plage du Pouldu
FR,48.7149,-3.9934,Plage de Laber
FR,48.716,-3.8154,
FR,48.7163,-4.0045,Plage de Ruguel
FR,48.718,-3.9913,Plage de Groa Rouz
FR,48.7188,-2.9366,
FR,48.7193,-2.9415,
FR,48.7202,-4.0066,Plage du Laber
FR,48.721,-4.0098,Plage de Perharidy
FR,48.7222,-3.5813,
FR,48.7223,-3.9922,Plage de Saint-Luc
FR,48.7225,-2.9463,
FR,48.7235,-3.5758,
FR,48.7236,-3.992,Plage de Roc'h Kroum
FR,48.7237,-3.9747,Plage du Poul Louz
FR,48.7241,-3.9918,
FR,48.7243,-3.5828,
FR,48.7249,-4.0073,Plage des Cures
FR,48.725,-3.5837,
FR,48.7251,-3.973,Plage Pors ar Gored
FR,48.7257,-3.9904,
FR,48.7263,-3.567,Plage de Notigou
FR,48.7265,-4.0051,
FR,48.7266,-2.9481,Plage de Bréhec
FR,48.7273,-3.9888,
FR,48.7274,-3.5531,
FR,48.7276,-3.9869,
FR,48.728,-3.5549,
FR,48.7281,-2.9432,
FR,48.7283,-3.5358,Plage de Pont Roux
FR,48.7285,-3.5589,Plage de Saint-Quiriou
FR,48.7289,-3.564,
FR,48.7307,-3.5383,Plage de la Baie de la Vierge
FR,48.7359,-3.5503,
FR,48.7372,-3.5497,Plage de Mez-an-Aod
FR,48.7391,-4.0166,Farah Diba
FR,48.7402,-4.0199,Porz Leien
FR,48.7402,-3.9941,Pors an Iliz
FR,48.7403,-3.9895,Poul Zarab
FR,48.7404,-2.9417,
FR,48.7409,-4.007,
FR,48.7413,-4.0029,Porz Alliou
FR,48.7413,-3.9952,Porz An Iliz Vihan
FR,48.7414,-3.9973,Porz Adelig
FR,48.7419,-4.0269,Poull C'horz
FR,48.742,-3.9905,Grève Sainte-Anne
FR,48.7424,-4.0293,Grève Saint-Pol
FR,48.7427,-4.0326,Porz Reter
FR,48.7436,-4.0122,Porz Kernoc
FR,48.7455,-3.5497,Plage de Goas-Lagorn
FR,48.746,-3.9972,Grève Blanche
FR,48.7474,-4.0331,Pors ar Raouenn
FR,48.7474,-4.0018,Porz Du
FR,48.7482,-4.0033,Porz Melloc
FR,48.7493,-4.0259,Porz ar Gouver
FR,48.7493,-4.0046,Porz Kavou
FR,48.7503,-4.0053,Porz Vihan
FR,48.7505,-1.5725,
FR,48.752,-4.0234,Porz ar Gored
FR,48.7521,-4.0184,Porz Gwenn
FR,48.7524,-4.0146,Porz Azeviz
FR,48.7529,-4.008,Porz Ar Voudenn
FR,48.7561,-2.9325,
FR,48.7567,-1.5735,Carolles Plage
FR,48.7571,-2.9376,
FR,48.7575,-2.9403,
FR,48.7579,-2.9432,
FR,48.758,-2.9411,
FR,48.7586,-2.9436,
FR,48.7592,-2.9433,
FR,48.7593,-3.5632,Plage de Porz Mabo
FR,48.7594,-3.5703,
FR,48.7595,-3.5721,
FR,48.7595,-3.5711,
FR,48.7605,-3.5664,
FR,48.7625,-2.9488,
FR,48.7634,-2.9912,
FR,48.7643,-2.9484,
FR,48.7657,-3.5817,Plage de Tresmeur
FR,48.7665,-2.9508,
FR,48.7708,-3.0205,Plage du Cruckin
FR,48.7739,-3.5841,Plage de Porz Termen
FR,48.7774,-3.1027,
FR,48.7774,-3.0283,Plage de Keirdreiz
FR,48.7798,-3.5848,plage de Roc'h Ar Skoed
FR,48.7806,-3.6077,
FR,48.7807,-3.6098,
FR,48.7817,-1.5708,
FR,48.782,-3.5799,Plage de Goaz Treiz
FR,48.7831,-3.0406,Plage du Four à Chaux
FR,48.7833,-3.1052,
FR,48.7833,-3.0345,Plage de la Tossen
FR,48.7902,-3.0356,Grèves de Kerroc'h
FR,48.7919,-3.1001,
FR,48.7947,-3.5601,
FR,48.7948,-3.0237,Grèves de Kerroc'h
FR,48.7949,-3.5842,Plage des Dames
FR,48.7955,-3.5772,Plage du Losquet
FR,48.7965,-3.5857,
FR,48.7968,-3.5647,
FR,48.7971,-2.9846,
FR,48.7974,-3.544,Plage de Keryvon
FR,48.7975,-3.586,
FR,48.7985,-3.4271,
FR,48.7985,-2.9827,
FR,48.7993,-3.0994,
FR,48.7994,-3.5857,Plage du Dourlin
FR,48.8001,-3.4089,Plage de Pen an Hent Nevez
FR,48.8005,-3.5645,Plage de Toul Gwenn
FR,48.8011,-3.5881,
FR,48.8014,-3.5548,
FR,48.8016,-3.5563,
FR,48.8023,-3.5853,Plage de Castel Erek
FR,48.8028,-3.5568,
FR,48.8029,-3.3916,Plage de Nantouar
FR,48.8037,-3.5764,Plage Porz Gwen
FR,48.8037,-3.5628,
FR,48.8061,-3.0116,
FR,48.8063,-3.5734,Plage Lion
FR,48.8069,-3.5652,Porz Gelen
FR,48.8081,-3.0126,Plage de Launay
FR,48.8101,-3.0158,
FR,48.8102,-3.4368,
FR,48.8104,-3.3879,Plage de Porz Garo
FR,48.8125,-3.3879,
FR,48.8147,-3.5461,
FR,48.8148,-1.5736,
FR,48.8152,-3.3893,
FR,48.8155,-3.3877,
FR,48.8156,-3.4291,Plage de Pors ar Goret
FR,48.8157,-3.5422,
FR,48.8157,-3.3833,Plage de Port l'Épine
FR,48.817,-3.3757,Plage de Keriec
FR,48.8171,-3.454,Plage de Trestraou
FR,48.8182,-3.3699,
FR,48.8196,-3.3663,Plage de Port le Goff
FR,48.8197,-3.5401,
FR,48.8201,-3.4323,Plage de Trestrignel
FR,48.8209,-3.5271,Plage de Poul ar Hautès
FR,48.8212,-3.3611,Plage aux Choux
FR,48.8217,-3.0671,Roc'h Hir
FR,48.8218,-3.0133,
FR,48.822,-3.3547,Plage de Trestel
FR,48.8225,-3.5314,
FR,48.8229,-3.5239,
FR,48.823,-3.4671,Grève Saint Pierre
FR,48.8231,-3.5418,
FR,48.8242,-3.0843,
FR,48.8243,-3.3741,
FR,48.8257,-3.373,
FR,48.826,-3.524,Toul Bihan
FR,48.8274,-3.5245,Grève des Curés
FR,48.8277,-3.5029,Plage de Ty-Nevouis
FR,48.8277,-1.5833,
FR,48.8278,-3.5086,Plage Sainte-Anne
FR,48.8288,-3.4951,Plage de Tourony
FR,48.8292,-1.5841,Plage d'Hacqueville
FR,48.8295,-3.5264,Grève Rose
FR,48.8298,-3.4995,Plage de Quo Vadis
FR,48.8306,-3.5229,Grève Blanche
FR,48.8321,-3.5268,
FR,48.8323,-3.4897,Plage de la Bastille
FR,48.8333,-3.4755,
FR,48.8336,-3.5056,
FR,48.8336,-3.3291,Plage des Dunes
FR,48.8337,-1.5927,
FR,48.8339,-3.5154,Plage du Coz Pors
FR,48.8342,-3.5035,
FR,48.8348,-3.4926,
FR,48.8355,-3.0207,
FR,48.8356,-3.0188,
FR,48.836,-3.4919,
FR,48.8361,-3.3064,
FR,48.8365,-3.3126,
FR,48.8366,-3.4767,
FR,48.8367,-3.501,Plage de Ty ar Lia
FR,48.8367,-3.0214,
FR,48.8368,-3.3114,Plage de la Sentinelle
FR,48.8369,-3.0029,
FR,48.837,-3.5084,Grève de Toul-Trez
FR,48.837,-3.4772,
FR,48.8372,-3.3071,
FR,48.8373,-2.9976,
FR,48.8374,-3.3094,Plage du Voleur
FR,48.8374,-3.0453,
FR,48.8375,-3.0011,Petit Guerzido
FR,48.8375,-2.9999,
FR,48.8378,-3.3189,Roc'h Annick
FR,48.8378,-1.6049,Grève du Nord
FR,48.8379,-3.0115,
FR,48.8379,-3.0051,
FR,48.838,-2.998,Grand Guerzido
FR,48.838,-2.992,
FR,48.8381,-3.0451,
FR,48.8381,-2.9971,
FR,48.8382,-3.0021,
FR,48.8382,-2.9932,
FR,48.8385,-3.5027,
FR,48.8386,-2.9903,
FR,48.8393,-2.9972,
FR,48.8394,-2.9893,
FR,48.8397,-3.2719,Plage de l'île Instan
FR,48.8398,-3.0165,
FR,48.84,-3.0054,
FR,48.84,-3.0026,
FR,48.8402,-2.9973,
FR,48.8405,-1.5974,Le Plat Gousset
FR,48.8406,-3.0034,
FR,48.8407,-3.0038,
FR,48.8413,-3.3225,
FR,48.8413,-2.9973,
FR,48.8419,-3.2758,Plage du port
FR,48.8444,-3.2551,
FR,48.8449,-2.9866,
FR,48.845,-2.9846,
FR,48.8455,-2.9858,
FR,48.8464,-3.257,
FR,48.8469,-3.2069,
FR,48.8471,-2.9814,
FR,48.8477,-3.0814,
FR,48.8479,-2.9801,
FR,48.8481,-3.2858,
FR,48.8483,-3.0801,
FR,48.8489,-1.5855,Plage surveillée de l'Ermitage
FR,48.8491,-3.078,
FR,48.8497,-2.9943,
FR,48.8508,-3.2611,Le Port de la Motte
FR,48.8511,-3.0089,Pors Ar Men
FR,48.8516,-3.2602,
FR,48.8534,-3.163,
FR,48.8535,-3.1532,Grève de Brestan
FR,48.8544,-3.2475,
FR,48.8551,-3.2608,
FR,48.8565,-2.9941,Ot ar Tres
FR,48.857,-3.1432,Plage de Kermagen
FR,48.8578,-3.1402,Plage de Kermagen
FR,48.8586,-2.9824,
FR,48.8591,-3.0089,
FR,48.8591,-2.9836,
FR,48.8593,-2.9925,Aod ar Ouis
FR,48.8593,-2.9874,
FR,48.8594,-3.0052,
FR,48.8595,-3.1344,Le Drizec
FR,48.8595,-3.0442,
FR,48.8595,-2.9822,
FR,48.8601,-3.0003,Plage du Groa
FR,48.8601,-2.9865,
FR,48.8602,-3.2401,Grève du Prat Ledan
FR,48.8603,-2.9914,
FR,48.8615,-3.0368,
FR,48.8617,-3.2368,
FR,48.8623,-2.9835,Beg ar Ouen
FR,48.863,-2.9847,
FR,48.8632,-3.0337,
FR,48.8636,-3.2359,
FR,48.8636,-2.9953,
FR,48.8637,-2.9903,
FR,48.8639,-3.2173,Plage de Pors Hir
FR,48.8649,-3.1209,
FR,48.866,-3.1075,Pors Rand
FR,48.8661,-3.1164,
FR,48.8669,-1.5803,Plage de Donville
FR,48.8679,-3.099,
FR,48.868,-3.1008,
FR,48.8707,-1.8263,Plage du Port-Marie
FR,48.8715,-1.7693,
FR,48.8728,-1.8263,
FR,48.8732,-1.8352,Port Homard
FR,48.8741,-1.7695,
FR,48.8745,-1.8287,
FR,48.8751,-1.8373,
FR,48.8753,-1.5744,Bréville-sur-Mer
FR,48.8754,-1.8359,
FR,48.8757,-1.7531,
FR,48.8771,-1.7961,
FR,48.8778,-1.7908,
FR,48.8785,-1.7906,
FR,48.8791,-1.7964,
FR,48.8803,-1.798,
FR,48.8812,-1.8023,
FR,48.8844,-1.7308,
FR,48.8849,-1.7788,
FR,48.8859,-1.7494,
FR,48.8866,-1.76,
FR,48.8933,-1.7853,
FR,48.8985,-1.5695,
FR,48.9048,-1.8077,
FR,48.9135,-1.5664,Bréhal
FR,48.9275,-1.5594,Bréhal
FR,48.9449,-1.5572,
FR,48.9661,-1.5622,
FR,48.9899,-1.5601,
FR,49.0044,-1.5797,
FR,49.0365,-1.5971,
FR,49.0639,-1.6057,
FR,49.0782,-1.61,
FR,49.0991,-1.6077,
FR,49.1234,-1.5982,
FR,49.1553,-1.5967,
FR,49.1671,-1.5988,
FR,49.1975,-1.6075,
FR,49.2107,-1.6282,Plage de la pointe du Banc
FR,49.2199,-1.6342,
FR,49.2312,-1.6481,
FR,49.2326,-1.6489,
FR,49.2412,-1.655,
FR,49.2476,-1.6521,
FR,49.2613,-1.665,
FR,49.2777,-0.2365,
FR,49.2809,-0.2251,
FR,49.2835,-0.2307,Plage de la Redoute
FR,49.2863,-0.2277,Plage de la Redoute
FR,49.2867,-0.2247,Plage naturiste de Merville
FR,49.2888,-1.6841,
FR,49.2914,-0.2648,
FR,49.2925,-0.1588,
FR,49.2927,-0.2473,
FR,49.2938,-0.2831,
FR,49.3007,-0.3051,
FR,49.3024,-0.0761,Plage de Houlgate
FR,49.3069,-0.3237,
FR,49.3099,-1.7006,
FR,49.3141,-0.0406,Plage des Vaches Noires
FR,49.3165,-0.3449,
FR,49.3204,-0.3547,
FR,49.3262,-0.3712,
FR,49.3309,-0.3876,
FR,49.3314,0.0077,Plage de Villers-sur-Mer
FR,49.3318,-1.7019,
FR,49.3332,-0.3962,
FR,49.3348,-0.4087,
FR,49.3355,-0.4278,
FR,49.336,-0.4514,
FR,49.3394,-0.4758,
FR,49.3403,-0.5979,
FR,49.3405,-0.6237,
FR,49.3405,-0.6218,
FR,49.3405,-0.6205,
FR,49.3405,-0.6196,
FR,49.3405,-0.6022,
FR,49.3407,-0.4817,
FR,49.3413,-0.5903,
FR,49.342,-0.5823,
FR,49.3423,-0.5826,
FR,49.3441,0.0366,
FR,49.3443,-1.7421,
FR,49.3446,-0.5105,
FR,49.3448,-0.5626,
FR,49.3452,-0.517,
FR,49.3453,-0.5219,
FR,49.3453,-0.5141,
FR,49.3456,-0.5319,
FR,49.3456,-0.5295,
FR,49.3459,-0.5432,
FR,49.3466,-0.6816,
FR,49.3517,0.0508,
FR,49.3542,-0.7986,
FR,49.3591,-0.8351,
FR,49.3599,-0.8396,
FR,49.3606,-0.8425,
FR,49.3606,0.0643,Plage de Deauville
FR,49.361,-0.8421,
FR,49.3639,-0.8554,
FR,49.3655,0.0747,
FR,49.3691,-1.7994,
FR,49.3696,0.0807,
FR,49.3701,0.0801,Plage de Trouville
FR,49.3702,-1.7796,
FR,49.3703,-1.7941,Plage Potinière
FR,49.3707,-1.7908,
FR,49.3708,-0.8772,
FR,49.3737,-0.8874,
FR,49.3739,-1.0952,
FR,49.3757,-1.8096,Plage de la Vieille-Église
FR,49.3795,-0.9009,
FR,49.3871,-1.8174,Barneville-Carteret
FR,49.39,-1.038,
FR,49.3923,-1.0314,
FR,49.3951,-0.9769,
FR,49.3957,-1.0086,
FR,49.3979,0.1194,
FR,49.3997,-1.8234,
FR,49.4108,-1.1708,
FR,49.4197,0.1963,Plage de Butin
FR,49.4222,-1.8251,
FR,49.4291,0.1349,
FR,49.4292,-1.1892,
FR,49.4392,-1.2016,
FR,49.4452,-1.2094,
FR,49.4562,-1.2225,
FR,49.471,-1.2401,
FR,49.4838,-1.2545,
FR,49.4932,-1.8491,Plage de l'Anse de Sciotot
FR,49.4957,0.0897,Plage du Havre
FR,49.4964,-1.2667,
FR,49.507,0.0755,
FR,49.5103,-1.2808,
FR,49.5499,-1.8667,
FR,49.5508,-1.8629,
FR,49.5579,-1.855,Plage du platé
FR,49.563,-1.8513,
FR,49.576,-1.2721,
FR,49.5815,-1.8421,Plage du Blockhaus
FR,49.5921,-1.8425,Plage de Biville
FR,49.5925,-1.2665,
FR,49.6045,-1.8484,
FR,49.6096,-1.8433,Plage de Biville
FR,49.6104,-1.2425,Plage de la Vierge
FR,49.6128,-1.2402,
FR,49.6183,-1.8873,
FR,49.6212,-1.8457,Plage de Vauville
FR,49.6283,-1.2321,
FR,49.6398,-1.2375,
FR,49.647,0.1531,Plage d'Antifer
FR,49.6555,-1.5308,
FR,49.6558,-1.5742,
FR,49.6566,-1.5288,
FR,49.6567,-1.5674,
FR,49.6569,-1.5221,Plage de Bretteville
FR,49.6581,-1.6551,Plage de la Saline
FR,49.6616,0.1523,
FR,49.662,0.1561,
FR,49.6659,-1.2552,Plage de la Sambière
FR,49.6685,-1.4871,
FR,49.6706,-1.2577,
FR,49.6717,-1.7028,Plage de Querqueville
FR,49.6719,-1.9373,
FR,49.6738,-1.9412,
FR,49.6783,-1.7324,
FR,49.6798,-1.7178,
FR,49.68,-1.7198,
FR,49.6803,-1.2724,
FR,49.6818,-1.9419,
FR,49.6843,-1.9391,
FR,49.6886,0.1668,Plage du Fourquet
FR,49.6911,-1.9371,
FR,49.6916,-1.939,
FR,49.6929,-1.4502,
FR,49.6946,-1.4665,
FR,49.6958,0.1785,Le Tilleul - Antifer
FR,49.6993,-1.3647,
FR,49.7005,0.1851,
FR,49.7022,0.1877,
FR,49.7032,0.1888,
FR,49.7051,-1.8357,
FR,49.7055,0.1922,
FR,49.7057,0.1916,
FR,49.7081,-1.8795,
FR,49.7104,0.202,
FR,49.7114,-1.8963,
FR,49.712,-1.9471,
FR,49.7122,-1.8967,
FR,49.715,-1.946,
FR,49.7164,-1.8545,
FR,49.7165,-1.9027,
FR,49.7263,-1.9329,
FR,49.738,0.2909,Plage de Vaucottes
FR,49.7382,0.2905,
FR,49.7401,0.3084,Yport
FR,49.7408,0.3005,
FR,49.7422,0.3226,
FR,49.7553,0.3495,
FR,49.7656,0.3655,
FR,49.7832,0.4193,
FR,49.8088,0.4869,
FR,49.8194,0.5112,
FR,49.8254,0.5239,plage des Petites Dalles
FR,49.8576,0.6109,
FR,49.8708,0.7192,
FR,49.8716,0.767,L'Escamet
FR,49.8723,0.7032,
FR,49.8747,0.7792,
FR,49.8777,0.7983,
FR,49.8851,0.8256,
FR,49.895,0.8711,Le Grand Sable
FR,49.896,0.8737,
FR,49.9074,0.9224,
FR,49.9176,0.9548,
FR,49.9179,1.0314,
FR,49.918,0.9864,Plage du petit-Ailly
FR,49.925,1.0624,Dieppe - plage de la piscine
FR,49.9292,1.0725,Plage de Dieppe
FR,49.9375,1.1078,Plage du Puys
FR,49.9646,1.1805,
FR,49.9648,1.1822,
FR,49.9688,1.1961,
FR,49.9693,1.1971,
FR,49.9694,1.1958,
FR,49.9713,1.2003,
FR,49.9736,1.2029,
FR,50.0345,1.3127,
FR,50.0442,1.3279,
FR,50.0599,1.3636,
FR,50.0618,1.3662,
FR,50.063,1.3727,
FR,50.0636,1.3685,
FR,50.0673,1.3822,
FR,50.0713,1.3876,
FR,50.1096,1.4536,
FR,50.1751,1.4888,
FR,50.1899,1.6258,
FR,50.217,1.6197,
FR,50.2272,1.611,
FR,50.2716,1.5391,Plage du Domaine de Marquenterre
FR,50.3163,1.5446,
FR,50.3361,1.5488,
FR,50.3516,1.5506,
FR,50.3709,1.5624,
FR,50.3934,1.5698,
FR,50.3955,1.5636,
FR,50.4046,1.5589,Berck Plage
FR,50.4239,1.5656,
FR,50.4321,1.5674,Plage Naturiste
FR,50.4465,1.5699,
FR,50.4625,1.5723,Plage de Merlimont
FR,50.4678,1.5738,
FR,50.503,1.5776,Stella Plage
FR,50.5072,1.5835,
FR,50.5444,1.5875,Le Poulier
FR,50.5756,1.5776,
FR,50.584,1.5786,
FR,50.5973,1.5785,
FR,50.6171,1.5777,
FR,50.6306,1.5764,
FR,50.6365,1.5761,Hardelot Plage
FR,50.6374,1.5767,
FR,50.6561,1.5729,
FR,50.6819,1.5661,Crique de la Crevasse
FR,50.6921,1.5632,Crique de Ningles
FR,50.6955,1.5622,
FR,50.7117,1.5715,Plage du Portel
FR,50.7407,1.5913,Plage de Boulogne-sur-Mer
FR,50.7746,1.6062,
FR,50.8014,1.5921,
FR,50.8116,1.5977,
FR,50.8167,1.5953,
FR,50.821,1.5935,Plage d'Audresselles
FR,50.8706,1.5911,Plage Hameau du Griz Nez.
FR,50.8761,1.6274,
FR,50.8773,1.6385,Dunes du Chatelet
FR,50.9022,1.6744,
FR,50.9059,1.6818,Wissant
FR,50.9294,1.7134,Cap Blanc Nez
FR,50.9469,1.7724,
FR,50.9651,1.836,Plage de Calais
FR,50.9756,1.8958,
FR,50.9795,1.9058,
FR,51.0066,2.0673,
FR,51.0066,2.11,Plage de Gravelines
FR,51.0067,2.0679,Plage des Escardines
FR,51.0067,2.1008,Plage de Grand-Fort-Philippe
FR,51.0181,2.1896,
FR,51.0184,2.19,
FR,51.0208,2.1907,
FR,51.0248,2.1839,
FR,51.0271,2.1886,
FR,51.0513,2.3013,Plage du Braek
FR,51.0535,2.3993,Plage de Malo-les-Bains
FR,51.0626,2.4494,Plage de Leffrinckoucke
FR,51.0678,2.4699,
FR,51.0714,2.4834,Plage de Zuydcoote
FR,51.0817,2.5194,Plage de Bray-Dunes
FR,51.0884,2.5442,
GR,34.8043,24.1237,Tripiti
GR,34.8045,24.1236,Τρυπητή
GR,34.8048,24.1161,
GR,34.816,24.1239,Λακκούδι
GR,34.8309,24.1114,Κόρφος
GR,34.8586,24.0619,Ποταμός παραλία γυμνιστών
GR,34.8596,24.0629,Ποταμός
GR,34.8599,24.1107,Σαρακίνικο
GR,34.8667,24.0661,Πύργος παραλία γυμνιστών
GR,34.8668,24.0661,Πύργος
GR,34.8676,24.0841,Άγιος Ιωάννης παραλία γυμνιστών
GR,34.8676,24.0847,Αγ. Γιάννης
GR,34.8676,24.0918,Λίβας
GR,34.8677,24.0653,Pyrgos
GR,34.8707,24.0723,Λαβρακάς
GR,34.8708,24.0727,Lavrakas nudist beach
GR,34.8712,24.0654,
GR,34.8724,25.7234,
GR,34.8742,25.7295,Βάγκες
GR,34.8765,25.7312,Καταπρόσωπο
GR,34.8777,25.722,Μπελεγρίνα
GR,34.8784,25.6994,
GR,34.8786,25.6848,
GR,34.925,24.7524,Πόρος
GR,34.9255,24.7783,Αγιοφάραγγο
GR,34.9264,24.9605,Τραφουλάς
GR,34.9269,24.7983,Στενά
GR,34.9277,26.1364,
GR,34.9285,26.1362,
GR,34.9289,26.1359,
GR,34.9291,24.9138,
GR,34.9296,24.8003,Ψιλή Άμμος
GR,34.9298,26.1363,
GR,34.93,24.7704,Μάρτσαλο
GR,34.9301,24.9239,
GR,34.9303,24.8928,
GR,34.9305,24.9286,
GR,34.9314,24.8021,
GR,34.9317,26.1359,
GR,34.932,24.9008,
GR,34.9325,26.1345,
GR,34.9326,25.0067,Κατάρτι
GR,34.9327,24.9391,
GR,34.933,24.953,
GR,34.9333,25.0018,Λεπριάς
GR,34.9336,24.9511,
GR,34.9342,25.0178,
GR,34.9342,26.1486,
GR,34.9343,26.1318,
GR,34.9344,24.9829,Τρυπητή
GR,34.9351,24.8087,Μακριά Άμμος
GR,34.9354,26.1261,
GR,34.9364,25.0226,Σαλαμίας
GR,34.9378,25.0859,Κουδουμάς
GR,34.938,24.8159,Καραβόβρυση
GR,34.9382,24.8609,Ψιλή Άμμος
GR,34.9386,26.1269,
GR,34.9391,24.8272,Χρυσόστομος
GR,34.9396,26.1564,
GR,34.9399,24.8339,
GR,34.9405,24.8359,Μάχα
GR,34.9405,24.8462,
GR,34.9405,26.1265,
GR,34.9409,24.8408,Κόκκινες Πλάκες
GR,34.9416,25.0508,
GR,34.9418,25.0569,Ελυγιά
GR,34.9425,26.1545,
GR,34.9444,26.1277,
GR,34.9449,26.1435,
GR,34.9456,26.1268,
GR,34.9456,26.1409,
GR,34.9482,25.1204,Γλυκός Κόλυμπος
GR,34.9488,26.1303,
GR,34.9496,26.1339,
GR,34.9521,24.7547,Βαθύ
GR,34.9524,25.1328,
GR,34.9534,25.1374,
GR,34.9538,25.1774,
GR,34.9546,25.1721,
GR,34.9548,25.1478,
GR,34.956,25.2293,
GR,34.9565,25.1623,
GR,34.9641,25.255,Άγιος Νικήτας
GR,34.9769,25.2744,Μαριδάκι
GR,34.9831,25.3088,
GR,34.9833,25.3086,Παραλία Κρασά
GR,34.9837,25.3055,
GR,34.9838,25.4976,
GR,34.984,25.3054,
GR,34.9841,25.2825,
GR,34.9853,25.287,
GR,34.9857,25.2968,Αλιόρι
GR,34.9861,24.7494,Κόκκινη Άμμος
GR,34.9893,25.3481,Ληστής
GR,34.9901,25.3541,Ληστής
GR,34.9902,25.3555,
GR,34.9905,25.5347,
GR,34.9908,25.524,
GR,34.9913,25.4511,
GR,34.9913,25.5286,
GR,34.992,25.4038,Keratokambos
GR,34.9939,24.7492,
GR,34.9959,25.366,Σκούρος
GR,34.9963,25.3928,Keratokambos
GR,34.9974,25.3709,
GR,34.9986,25.7899,
GR,35.0,25.804,
GR,35.0014,25.8149,
GR,35.0025,25.5831,
GR,35.0046,25.7348,
GR,35.0046,25.7624,
GR,35.0047,25.7347,
GR,35.0052,25.7333,
GR,35.0056,25.7321,
GR,35.0057,25.7388,
GR,35.0067,25.8272,
GR,35.0069,25.6663,
GR,35.0081,25.74,
GR,35.0092,25.7488,
GR,35.0093,26.0957,
GR,35.0111,25.84,Kakkos
GR,35.0118,26.1548,Livari beach
GR,35.0127,26.0926,
GR,35.0142,25.8424,
GR,35.0144,25.6887,
GR,35.0149,24.7598,Παραλία Κομμός
GR,35.015,26.1611,
GR,35.0151,26.1578,Vlyhada beach
GR,35.0154,25.8464,
GR,35.0178,26.0873,Botzalaki beach
GR,35.0181,26.0328,
GR,35.0184,25.8584,
GR,35.0187,26.0819,
GR,35.0193,26.0517,Moni Kapsa Beach
GR,35.0194,26.0342,Ανασκελού
GR,35.0201,26.0536,Joana beach
GR,35.0201,26.0786,
GR,35.0202,26.0753,
GR,35.021,26.0717,Atherina beach
GR,35.0211,26.0096,
GR,35.0215,26.0151,Dragon’s Beach
GR,35.0219,25.8763,Αγία Φωτιά
GR,35.0224,26.0686,Kalami beach
GR,35.0228,26.1955,
GR,35.0269,25.8915,
GR,35.0273,24.7587,
GR,35.0281,25.9993,Paralia Lagada
GR,35.0283,25.8982,Παραλία της γριάς το πήδημα
GR,35.0283,26.209,Amatos beach
GR,35.03,25.9115,
GR,35.0315,25.9581,
GR,35.0328,25.994,Παραλία Διασκάρι
GR,35.0329,25.9456,Palaria
GR,35.0343,25.9905,
GR,35.0353,26.2167,Vlichada
GR,35.0356,25.9703,
GR,35.0363,26.2207,Παραλία Μαζιδά Άμμος
GR,35.0364,25.9889,
GR,35.037,25.988,
GR,35.0371,25.9877,
GR,35.0373,25.9871,
GR,35.0377,26.2308,Γεροντόλακκος
GR,35.0378,25.9861,
GR,35.038,25.9737,
GR,35.0386,26.2317,Άργιλος
GR,35.0388,25.9801,
GR,35.0393,26.2323,Χιόνα
GR,35.041,26.2333,Παραλία Βουρλιά
GR,35.044,24.7557,Afrathia
GR,35.0487,26.2389,Alatsolimni beach
GR,35.0539,26.2432,Paralia Potamos
GR,35.0544,24.7531,
GR,35.0583,26.2428,Krinakia beach
GR,35.0658,24.7488,
GR,35.0756,24.7446,
GR,35.0793,24.7417,Katalyki
GR,35.0868,24.731,
GR,35.0967,26.2637,
GR,35.0968,24.6566,Agios Georgios
GR,35.0974,24.6953,
GR,35.0977,24.6926,
GR,35.0986,24.6158,
GR,35.0989,24.5958,Πρασονήσι
GR,35.1007,26.2649,
GR,35.1027,24.564,Φοινικίδια
GR,35.1029,24.5608,Αμμόλοφοι Αγίου Παύλου (Μέλισσα)
GR,35.1046,24.5766,
GR,35.1052,24.5713,
GR,35.1071,24.5589,Αμμόλοφους
GR,35.1106,25.8048,
GR,35.1126,24.5546,Triopetra Beach
GR,35.1155,24.5524,Μικρή Τριόπετρα
GR,35.121,24.544,Τριόπετρα
GR,35.1254,25.7622,Βρυονήσι
GR,35.1256,25.7449,Βούλισμα
GR,35.1264,25.7531,
GR,35.1271,25.7334,Αγιος Παντελεήμονας
GR,35.1271,25.7414,Golden Beach
GR,35.1286,25.7504,
GR,35.1301,25.7274,Καραβοστάσι
GR,35.1332,24.5327,Λίγκρες
GR,35.1393,24.5254,Παραλία Κατσούνι (γυμνιστών)
GR,35.1417,24.5229,Παχειά Άμμος
GR,35.143,24.5209,Κλίμα
GR,35.1443,24.5177,Ποδαρέ
GR,35.1463,26.2766,Καρούμες
GR,35.1464,24.5056,Παραλία Γιαλοπόταμα
GR,35.1478,25.7208,
GR,35.148,24.5018,
GR,35.1487,24.5001,Παραλία Ανατολικά
GR,35.1502,24.491,Παραλία Κεφάλα
GR,35.1511,26.2761,Paralia Maufomouri
GR,35.1522,25.8624,Tholos Beach
GR,35.1525,24.4739,Παραλία Πρέβελη
GR,35.1527,24.4804,Παραλία Δυνόνησος
GR,35.1552,25.8592,Legamenis Beach
GR,35.1568,25.8682,
GR,35.1593,25.8771,
GR,35.1594,25.7169,
GR,35.1604,25.7162,
GR,35.1643,25.7124,
GR,35.1662,24.4218,Σχοινάρια
GR,35.1664,25.7108,
GR,35.1669,25.7113,
GR,35.1669,26.2796,
GR,35.1693,26.2814,Skinias Beach
GR,35.1699,26.2838,
GR,35.1708,24.4204,Αμμούδι
GR,35.172,24.4191,Κλεισιδι
GR,35.1724,24.4,Καλυψώ
GR,35.1725,24.4187,Μικρό Αμμούδι
GR,35.1741,24.4151,Παραλία Δαμνόνι
GR,35.1767,25.7095,Αλμυρός
GR,35.179,25.9202,
GR,35.1795,24.2915,Αγία Μαρίνα
GR,35.18,24.266,
GR,35.1801,24.2684,Παραλία Λάκκοι
GR,35.1806,24.2336,Παραλία Φραγκοκάστελλου
GR,35.1806,25.9086,
GR,35.1808,24.2562,Άργιλος
GR,35.1808,24.4004,Παλίγκρεμνος
GR,35.1817,24.2546,
GR,35.1821,25.7125,
GR,35.1824,24.2993,Περιστερές
GR,35.1828,25.8997,
GR,35.1831,25.8987,
GR,35.1832,24.2498,Ορθή Άμμος
GR,35.1833,24.2456,Ορθή Άμμος
GR,35.1838,24.2284,
GR,35.1838,25.9056,
GR,35.1843,24.3541,Σταυρί
GR,35.1845,25.905,
GR,35.1852,24.3981,Πλακιάς
GR,35.1856,24.3053,Πολύριζος
GR,35.1858,25.7147,
GR,35.187,25.7158,Άμμος
GR,35.1872,24.3152,Κόρακας
GR,35.1878,24.3583,Κόκκινος Βόλακας
GR,35.1886,24.3201,Κλήματα
GR,35.189,25.7211,Κιτροπλατεία
GR,35.1892,24.3265,Χόχλακας
GR,35.1895,24.2196,Παραλίες Βάταλου
GR,35.1904,24.3939,Πλακιάς
GR,35.1909,25.7219,
GR,35.1919,24.3658,Σούδα
GR,35.1921,24.3897,Σκίνος
GR,35.1922,24.3728,Φωτεινάρι
GR,35.1923,24.367,
GR,35.1923,24.374,
GR,35.1927,24.151,Παραλία Αγίου Χαραλάμπους
GR,35.1932,24.1464,Σφακιανό Αμμούδι
GR,35.1942,24.1573,Φιλάκι
GR,35.1943,24.1587,Πλακάκι
GR,35.1948,25.7169,
GR,35.1951,24.16,
GR,35.1957,26.1508,
GR,35.1964,25.9841,Richtis Beach
GR,35.1965,25.7142,
GR,35.1966,24.0582,Παραλία Μάρμαρα
GR,35.1978,26.2774,Chiona Beach
GR,35.1981,25.7127,Αμμούδι
GR,35.1987,24.0998,Timios Stavros beach
GR,35.1992,25.715,
GR,35.1992,26.1245,
GR,35.1995,24.0788,
GR,35.1997,24.0724,Finikas Beach-Παραλία Φοίνικας
GR,35.1998,24.0982,
GR,35.2,24.188,Πέρα Κούτελου
GR,35.2,24.1902,Παραλία Κούτελος
GR,35.2003,24.0659,
GR,35.2005,24.0677,Lycos Beach-Παραλία Λύκος
GR,35.2008,24.0806,
GR,35.201,24.1359,
GR,35.2013,25.7147,
GR,35.2014,25.7195,
GR,35.2016,24.1077,Παραλια Γλυκά Νερά
GR,35.202,24.1343,Βρύση
GR,35.2022,24.1245,Ilingas Beach
GR,35.2024,24.1266,
GR,35.2032,26.1135,
GR,35.204,25.7189,
GR,35.2051,25.7154,
GR,35.2056,25.7183,
GR,35.2058,26.2723,Kouremenos Beach
GR,35.2096,25.7139,
GR,35.2104,25.7129,Mirabello
GR,35.2119,26.2675,Κουρεμένος
GR,35.212,26.1861,
GR,35.2135,25.7124,Χαβάνια
GR,35.214,26.1121,
GR,35.2168,26.0846,
GR,35.2179,25.7137,
GR,35.2212,26.0673,Trachilias Beach
GR,35.2216,26.2735,Μαριδάτη
GR,35.2232,23.9344,
GR,35.2233,23.9186,
GR,35.2237,23.9397,
GR,35.2258,23.6826,Μέθεξις
GR,35.2271,23.9128,Παραλία Δώματα
GR,35.2293,26.273,
GR,35.2296,23.957,
GR,35.2304,26.2742,
GR,35.2313,23.6372,Trahili Beach
GR,35.2323,23.6763,Παχιά Άμμος
GR,35.2324,23.6233,
GR,35.2333,23.6346,Gramméno Beach
GR,35.2335,23.6867,Χαλίκια
GR,35.2342,23.6392,Alonáki Beach
GR,35.2347,23.6749,
GR,35.236,23.5928,
GR,35.236,23.6427,
GR,35.2365,23.5957,Κριός
GR,35.2365,23.8737,Παραλία Τρυπητής
GR,35.2368,23.6472,Παραλία Πλακάκι
GR,35.2368,23.7197,Gianiskari (also known as Gialiskari or Dialiskari (Greek: Γιανισκάρι ή Γιαλισκάρι ή Διαλισκάρι)
GR,35.2379,23.6581,Παραλία Τροχαλού
GR,35.2382,23.6611,Παραλία Ψηλός Βόλακας
GR,35.2383,23.5817,
GR,35.2384,23.6641,Παραλία Καλάμια
GR,35.2385,23.7225,Anidri Beach
GR,35.2386,23.5782,
GR,35.2388,23.8817,Σεντόνι
GR,35.2401,23.7464,
GR,35.2401,23.7872,Παραλία Λισσός
GR,35.247,23.8068,
GR,35.2476,23.8183,Sougia Beach
GR,35.2481,23.8121,Sougia Beach
GR,35.2483,23.817,Sougia Nude Beach
GR,35.2489,25.7314,
GR,35.2501,23.5778,
GR,35.2501,25.7309,
GR,35.2514,26.2672,Ψιλή Άμμος
GR,35.2515,23.5793,
GR,35.2515,25.7307,
GR,35.2521,25.7303,
GR,35.2546,26.2652,Παραλία του Βάι
GR,35.2563,26.2263,
GR,35.2575,25.7399,Διανισκάρι
GR,35.2577,25.7548,Βαγί
GR,35.2579,25.7305,
GR,35.2599,25.7518,Κολοκύθα
GR,35.2617,25.7515,
GR,35.2619,26.2639,Itanos Beach
GR,35.2643,25.7225,Σχίσμα
GR,35.2647,26.263,
GR,35.2662,23.5686,Kendrodasos
GR,35.2663,26.2632,Itanos Beach
GR,35.2675,23.5281,
GR,35.2676,23.5258,
GR,35.2684,23.5636,Κεδρόδασος
GR,35.2693,23.5355,Розовый пляж
GR,35.2716,23.5419,Παραλία Ελαφονήσι
GR,35.2718,26.2535,
GR,35.2818,25.7242,
GR,35.2895,26.2911,
GR,35.292,25.4398,
GR,35.292,25.4416,
GR,35.292,25.4467,
GR,35.2921,25.4478,
GR,35.2921,25.4525,
GR,35.2922,25.4442,
GR,35.2925,25.7474,Πελεκητή
GR,35.2928,25.4565,Aelos Beach
GR,35.2937,25.4626,
GR,35.294,25.4301,
GR,35.2941,25.4303,
GR,35.2957,25.4796,
GR,35.2962,25.4864,Potamos municipal beach
GR,35.2964,25.4845,
GR,35.2994,25.4986,
GR,35.3019,25.7269,Plaka
GR,35.3056,25.4205,
GR,35.3069,25.4096,
GR,35.3073,25.4078,
GR,35.3078,25.4065,
GR,35.308,25.4063,
GR,35.3081,25.4061,
GR,35.3085,25.5171,
GR,35.3087,25.4048,Star Beach
GR,35.3087,25.518,Palm Bay Beach
GR,35.3088,25.5273,
GR,35.3095,25.529,Παραλία Αυλάκι
GR,35.3097,23.5251,
GR,35.3119,25.5302,Παραλία Καλημέρα
GR,35.3128,25.3993,
GR,35.313,25.532,
GR,35.3134,25.3983,
GR,35.3151,23.5337,Voulolimni
GR,35.3158,23.5365,
GR,35.3168,25.3937,
GR,35.3183,25.392,
GR,35.3193,25.5618,
GR,35.3194,25.5628,
GR,35.3196,25.5427,
GR,35.3196,25.571,Μπάλος
GR,35.3197,25.5657,Πλάκα
GR,35.3197,25.5674,Βόλια
GR,35.3202,25.5726,Άσπες
GR,35.3219,25.5494,
GR,35.3221,25.3918,
GR,35.323,25.3919,
GR,35.323,25.392,
GR,35.324,25.3895,
GR,35.327,23.5483,
GR,35.3272,25.3869,
GR,35.3292,25.3869,
GR,35.3312,25.3855,Σαραντάρι
GR,35.3316,25.2505,
GR,35.3317,25.2412,
GR,35.332,25.2554,
GR,35.3327,25.2027,Καρτερού
GR,35.3337,25.3846,Saradari Nude Beach
GR,35.3339,25.294,
GR,35.3342,25.2865,
GR,35.3343,25.2976,
GR,35.3348,25.2995,
GR,35.3348,25.3182,
GR,35.335,25.3156,
GR,35.335,25.3843,
GR,35.3351,25.3106,
GR,35.3353,25.3236,
GR,35.3354,25.3009,
GR,35.3354,25.3301,
GR,35.3365,25.3042,
GR,35.3365,25.6952,Παραλία Βλυχάδια
GR,35.3375,25.0891,
GR,35.3376,25.3843,
GR,35.3377,25.3626,Ανάληψη
GR,35.3378,25.0777,
GR,35.3378,25.0984,
GR,35.3379,25.7187,
GR,35.3383,25.1055,
GR,35.3386,25.7169,
GR,35.3389,25.0677,
GR,35.3407,25.0574,
GR,35.3414,25.1205,
GR,35.3431,25.1342,
GR,35.3449,25.1373,
GR,35.3476,26.8718,Χέλατρος
GR,35.348,26.86,Χοχλιάκια
GR,35.3513,24.3412,Παραλία Επισκοπής
GR,35.3514,26.853,Παραλία Μικρό Αυλάκι
GR,35.3527,24.3631,
GR,35.3531,24.3054,
GR,35.3538,24.2956,
GR,35.3559,25.0414,Pantanassa
GR,35.357,24.2784,Γεωργιούπολη
GR,35.3573,23.5321,
GR,35.3578,24.3691,
GR,35.3605,24.4069,
GR,35.3621,24.2644,Γεωργιούπολη
GR,35.3642,25.0391,
GR,35.3644,24.4579,
GR,35.3649,24.4625,
GR,35.3651,25.0397,
GR,35.3662,25.0389,Palaiokastro Beach
GR,35.3668,24.2609,Καλυβάκι
GR,35.3682,24.4789,
GR,35.369,24.5034,Παραλία Ρεθύμνου
GR,35.3736,24.539,
GR,35.377,24.5577,
GR,35.3774,23.5378,
GR,35.3793,24.565,
GR,35.3804,26.8641,Παραλία Τρίτα
GR,35.3831,24.5841,
GR,35.3897,25.0429,
GR,35.3902,25.0439,
GR,35.3922,24.61,
GR,35.3993,25.0272,Παραλία Λυγαριά
GR,35.4001,25.0341,
GR,35.4023,24.9552,Παραλία Φόδελε
GR,35.4026,24.9204,
GR,35.4036,24.9298,
GR,35.4039,24.9602,
GR,35.4044,24.9221,Πέρα Γαλήνοι
GR,35.4062,24.7873,Vlihi Nero beach
GR,35.4062,25.0187,Παραλία Αγία Πελαγία
GR,35.4071,24.8486,
GR,35.4076,24.7851,Livadi beach
GR,35.41,27.1528,Παραλία Διακοφτης
GR,35.4101,26.8951,Amoua beach / Aμμούα - αμμώδης παραλία
GR,35.4102,24.8279,Παραλία Κατεβατή
GR,35.4102,26.8951,
GR,35.4103,24.6383,Σπηλιές
GR,35.4106,24.7828,Varkotopos beach
GR,35.4106,27.1542,Παραλία Διακοφτης
GR,35.413,25.0179,Psaromoura beach
GR,35.4133,24.7832,
GR,35.4134,23.5545,Platanakia
GR,35.4138,24.6453,Παραλία Γεροπόταμος
GR,35.4142,24.7833,
GR,35.4142,25.0198,Peninsula Private Beach
GR,35.4155,24.6461,
GR,35.4163,25.0188,Παραλία Μονοναύτης
GR,35.4167,26.9311,
GR,35.417,24.7853,
GR,35.4174,23.562,
GR,35.4186,24.6885,
GR,35.4187,24.6913,
GR,35.4187,24.6922,
GR,35.4187,24.6931,
GR,35.4192,24.6878,
GR,35.4194,24.7491,
GR,35.4201,24.6584,
GR,35.4201,24.6603,
GR,35.4254,27.1513,Μακρύγιαλος
GR,35.4276,27.1309,
GR,35.4288,27.1289,Ψωράρης
GR,35.4293,27.1271,Κήπος Μιχαλιού
GR,35.4296,27.1104,Αργιλαοπόταμος
GR,35.4315,27.1559,
GR,35.4405,27.1566,Βάθια
GR,35.4412,27.0927,
GR,35.4417,27.0911,
GR,35.4435,27.0905,
GR,35.4456,27.0829,Παραλία Άγιος Θεόδωρος
GR,35.4484,27.1613,Χριστού Πηγάδι
GR,35.4488,27.1618,
GR,35.4497,24.1869,Kera
GR,35.4497,24.1988,
GR,35.4498,24.2022,
GR,35.4501,24.1975,
GR,35.4508,24.2036,
GR,35.4509,24.1826,
GR,35.4525,24.1759,Kalyves
GR,35.4537,27.1665,
GR,35.4616,24.1607,Blue Coast
GR,35.4645,24.1576,Blue Coast
GR,35.4655,27.1871,Fokia
GR,35.4667,24.1556,Kiani Beach
GR,35.4667,24.2322,Παραλία Κουταλάς
GR,35.4697,24.1414,Kalami Beach
GR,35.47,27.1934,
GR,35.4726,27.194,Amopi
GR,35.4727,27.1941,Kastellia Beach
GR,35.473,27.1942,Kastelia Beach
GR,35.4735,27.1123,Παραλία Αγίου Νικολάου
GR,35.4743,27.1951,Lakki Beach
GR,35.4747,27.196,Amopi
GR,35.4752,27.1966,Votsalakia beach
GR,35.4762,27.1157,Παραλία Αρκάσα
GR,35.4769,23.5657,Tiny beach pink sand
GR,35.4769,27.197,Amopi
GR,35.479,27.1978,Little Amoopi Beach
GR,35.4791,24.1047,
GR,35.4823,23.575,
GR,35.4918,27.1171,Finiki Beach
GR,35.4926,23.5796,Φαλάσαρνα
GR,35.4963,27.1148,
GR,35.4969,24.0614,Παραλία Μεατεμάκι
GR,35.4972,27.115,
GR,35.4981,23.6595,Παραλία Τελώνιο
GR,35.4987,23.6744,Korfalonas Beach
GR,35.4992,24.164,Λουτράκι
GR,35.4993,23.579,
GR,35.4997,24.0625,Παραλία Βλητέ
GR,35.4999,23.6851,
GR,35.5005,23.6478,Μαύρος Μώλος
GR,35.5022,23.6971,Paralia Drapanias
GR,35.5036,23.5764,Φαλάσαρνα
GR,35.5046,24.173,Μαράθι
GR,35.5049,24.1742,
GR,35.505,23.7111,Paralia Nopigia
GR,35.5054,24.1759,
GR,35.5055,24.1759,Marathi beach
GR,35.5075,23.6388,
GR,35.5077,23.6385,
GR,35.5092,27.2249,
GR,35.5094,27.2074,
GR,35.5097,23.7202,Nopigia Beach
GR,35.5111,23.9938,Aptera
GR,35.5117,23.9984,Παραλία Νέα Χώρα
GR,35.5121,23.9657,
GR,35.5125,23.9641,
GR,35.5126,24.0023,
GR,35.5129,23.9616,
GR,35.513,23.6297,Παραλια Τραχηλος
GR,35.513,23.9902,Χρυσή Ακτή
GR,35.5131,23.9738,Sunset Beach
GR,35.5135,23.969,Καλαμάκι
GR,35.5141,23.9832,Eastern Gulf
GR,35.5142,24.0057,Nea Chora beach
GR,35.5143,23.9787,Παραλία Αγίων Αποστόλων
GR,35.5154,23.9461,
GR,35.516,24.0285,Παραλία Κούμ Καπί (Kum Kapisi)
GR,35.5167,24.0303,
GR,35.5167,24.0309,
GR,35.5167,24.0318,
GR,35.5174,24.0105,
GR,35.5189,23.9999,
GR,35.5194,23.9079,
GR,35.5194,24.024,
GR,35.5197,24.0232,
GR,35.5198,23.8989,
GR,35.5202,23.9247,Παραλία Αγία Μαρίνα
GR,35.521,23.8872,
GR,35.5216,24.044,Παραλία Χαλέπα
GR,35.5217,24.041,Κουλούρα
GR,35.5217,24.0429,
GR,35.5217,27.2017,
GR,35.5223,23.8783,
GR,35.5226,23.8713,
GR,35.5235,24.0475,
GR,35.5254,23.8533,Παραλία του Μάλεμε
GR,35.5354,23.8108,Tavronitis
GR,35.5362,23.7255,
GR,35.5396,24.0535,
GR,35.5408,23.7922,Rapaniana Beach
GR,35.5489,24.0632,Άγιος Ονούφριος
GR,35.5509,24.0798,White Beach
GR,35.5519,24.1934,Seitan Limani
GR,35.5526,23.7777,
GR,35.5545,24.0871,Καλαθάς
GR,35.5572,27.2037,Achata
GR,35.5622,27.0949,
GR,35.5627,23.7781,
GR,35.5674,24.0829,Paralia Tersanas
GR,35.5714,24.0786,Mogli's Beach
GR,35.5735,24.0768,Μαχαιρίδα Παραλία Γυμνιστών
GR,35.5737,23.7772,Afrata Beach
GR,35.5772,27.1895,Κάτω Λάκκος
GR,35.5804,27.186,
GR,35.5811,23.5899,Παραλία Μπάλος
GR,35.5823,27.0779,Potali Bay
GR,35.5829,27.1837,Κάτω Λάκκος
GR,35.5842,23.588,
GR,35.5873,27.07,Gialou Chorafi
GR,35.5874,27.0678,Panagias Limani
GR,35.588,27.1787,Κυρά Παναγιά
GR,35.5898,27.0681,
GR,35.5914,24.0956,Σταυρός
GR,35.5916,24.0862,Pahia Ammos Nudist Beach
GR,35.592,23.5925,
GR,35.5924,24.089,Παχιά Άμμος
GR,35.5931,24.0836,
GR,35.5937,24.0823,
GR,35.5949,27.066,
GR,35.5966,27.0631,tis Perdikas Potamos
GR,35.5987,23.7107,Aghios Pavlos Beach
GR,35.6018,27.1623,
GR,35.6027,27.1594,Apella
GR,35.6106,27.0835,
GR,35.6143,27.0877,Lares
GR,35.6201,23.771,Sfakos Beach
GR,35.6301,27.1562,
GR,35.6315,27.1567,
GR,35.6347,23.7673,Chironisia Beach
GR,35.6371,27.1593,
GR,35.6526,23.7614,Limnionari
GR,35.655,27.1618,
GR,35.6635,27.1245,Αγιά Ειρήνη
GR,35.6646,23.7679,Diktina Beach
GR,35.6678,27.1767,Παραλία Αγνόντια
GR,35.6807,27.1871,Lála
GR,35.6897,27.1902,Agios Minás
GR,35.6985,27.1906,Náti
GR,35.7005,27.1922,Náti
GR,35.7073,27.1993,Kápi
GR,35.7126,27.2014,Forókli
GR,35.7201,27.2072,Kámináki
GR,35.7243,27.1622,Evgónimos
GR,35.7255,27.2112,Kántri
GR,35.7265,27.2159,Ópsi
GR,35.7268,27.2142,
GR,35.728,27.2174,Makriá
GR,35.7323,27.2174,Pontikália
GR,35.7367,27.2175,Papás Minás
GR,35.7372,27.2174,
GR,35.7386,27.217,
GR,35.7392,27.2168,
GR,35.7398,27.2166,
GR,35.74,27.1653,Físses
GR,35.7403,27.2169,
GR,35.7405,27.2171,
GR,35.7411,27.2171,
GR,35.7426,27.2165,
GR,35.7509,27.216,
GR,35.7515,27.2164,
GR,35.7521,27.2156,
GR,35.7525,27.2146,
GR,35.7531,27.2141,
GR,35.7533,27.214,
GR,35.7538,27.2137,
GR,35.7563,27.2103,
GR,35.7659,27.2093,
GR,35.7709,27.2097,Vanánda
GR,35.7732,27.2102,
GR,35.7786,27.2117,
GR,35.781,27.2126,
GR,35.7823,27.2132,
GR,35.7854,27.2165,
GR,35.7993,27.1694,
GR,35.8009,27.1663,
GR,35.8054,27.1783,
GR,35.8194,27.2079,
GR,35.8346,27.2375,
GR,35.8382,27.2143,
GR,35.8403,27.2313,
GR,35.8514,27.1997,
GR,35.8813,27.7648,
GR,35.8869,23.2949,Ξεροπόταμος
GR,35.8871,27.2326,Palatia
GR,35.8885,27.7739,Πρασονήσι
GR,35.8949,27.8032,
GR,35.8969,27.2371,
GR,35.8975,27.2365,Alimounda
GR,35.9046,27.816,
GR,35.9142,27.8254,Άγιος Γεώργιος
GR,35.9169,27.8392,
GR,35.9217,27.7361,
GR,35.9277,27.854,Plimmiri / Πλημμύρι
GR,35.939,27.8683,
GR,35.944,27.7216,
GR,35.9442,27.8717,Παραλία Καλοβρυάκι
GR,35.9531,27.881,
GR,35.971,27.737,
GR,35.9764,27.901,Παραλία Λαχανιάς
GR,35.9986,27.75,
GR,36.0105,27.7539,Sousounia
GR,36.0159,27.9277,Παραλία Γενναδιού
GR,36.021,27.7564,
GR,36.0299,27.758,
GR,36.0417,27.7602,Παραλία Κούλουρα
GR,36.0427,27.9502,Παραλία Κιοτάρι
GR,36.0468,27.9574,
GR,36.0475,27.967,
GR,36.048,27.9626,Παραλία Μεμή Βρυσιά
GR,36.0539,27.9776,Παραλία Γαλούνι
GR,36.0585,27.7601,Παραλία Λιμνί
GR,36.061,27.9893,Παραλία Καρδάμης
GR,36.0631,27.9936,Παραλία Κοκκινόγεια
GR,36.0658,27.9955,Παραλία Γλύστρα
GR,36.0671,28.054,Kavos Beach
GR,36.0703,28.0519,Παραλία Πεύκοι
GR,36.0734,28.0489,
GR,36.0749,28.0151,Παραλία Λάρδου
GR,36.0749,28.0479,Παραλία Αγ. Θωμά
GR,36.0762,28.0243,
GR,36.0765,28.044,Παραλία Πλακιά
GR,36.0766,28.0767,
GR,36.0773,28.0351,
GR,36.0776,28.0393,
GR,36.0778,28.0781,
GR,36.0842,27.7581,
GR,36.0859,28.0879,Άγιος Παύλος
GR,36.0881,28.088,Λίνδος
GR,36.0942,28.0889,Pallas Beach
GR,36.0952,28.0863,Megali Paralia
GR,36.1002,28.0876,
GR,36.1051,27.7383,
GR,36.106,27.736,Παραλία Φούρνοι
GR,36.1072,28.0698,Παραλία Βλυχά
GR,36.1085,27.7304,Παραλία Αλυκή
GR,36.1163,27.7116,
GR,36.1309,28.0731,Παραλία Καλάθου
GR,36.1345,23.0469,Βρουλέα
GR,36.1348,23.0352,Παραλία Χαλκός
GR,36.1371,23.0485,Στενό Αυλάκι
GR,36.1411,23.0181,Κυριακουλου
GR,36.1429,23.0044,Καψάλι Πίσω Γιαλός
GR,36.144,22.9952,Παραλία Σπαραγγάριο
GR,36.1445,22.9998,Καψάλι
GR,36.1468,23.0511,Λεφτό
GR,36.1474,29.5984,Μανδράκι
GR,36.1478,29.5991,
GR,36.1485,27.7071,Κεραμενή
GR,36.1544,22.9638,Φελωτή
GR,36.1566,28.0854,Παραλία Μάσαρη
GR,36.1576,23.0469,Κακόπετρα
GR,36.16,22.9483,Μελιδόνι
GR,36.1636,22.9522,
GR,36.1665,28.0959,Παραλία Χαράκι
GR,36.1753,23.0456,Φυρή Άμμος (Κάλαμος)
GR,36.1762,28.0984,Παραλία Αγάθη
GR,36.1841,28.1166,Παραλία Κόκκινη Άμμος
GR,36.1863,28.133,Αγία Τριάδα
GR,36.1864,28.1195,Παραλία Κόκκινη Άμμος
GR,36.187,28.1214,
GR,36.1873,27.7661,Γλυφάδα
GR,36.1886,23.0454,Κομπονάδα
GR,36.2003,28.1395,
GR,36.2012,28.1424,Grande Blue Beach
GR,36.2022,28.1426,
GR,36.2055,27.7809,
GR,36.207,23.0501,Παραλία Βλυχάδα
GR,36.2092,28.1418,Παραλία Στεγνά
GR,36.2098,23.0525,Παραλία Καλαδί
GR,36.2175,27.5714,
GR,36.2202,23.0565,Παραλία Λίμνη (Παλαιόπολη)
GR,36.2223,27.6047,
GR,36.2237,28.1454,
GR,36.2244,23.0649,Παραλία Παλαιόπολη
GR,36.2283,28.1488,Τσαμπίκα
GR,36.2284,27.7889,
GR,36.2342,27.6186,Κάνια
GR,36.235,22.905,Λιμνιώνας
GR,36.2451,28.1641,Παραλία Κολύμπια
GR,36.2489,27.7956,
GR,36.2498,28.1695,Λιμανάκι
GR,36.2533,27.7962,
GR,36.2543,22.9234,Παραλία Καλάμι
GR,36.2551,28.1687,
GR,36.257,28.1673,
GR,36.2626,23.0779,Diakofti
GR,36.2628,23.0788,
GR,36.2631,23.0784,
GR,36.2638,23.0759,
GR,36.2639,27.8058,
GR,36.2652,27.7077,
GR,36.2654,27.7159,
GR,36.2687,27.7093,
GR,36.2722,27.8182,Παραλία Κοπριά
GR,36.2751,28.1731,Παραλία Αφάντου
GR,36.2867,22.9229,Παραλία Λυκοδήμου
GR,36.2914,22.922,Άγιος Λευτέρης
GR,36.3005,22.9176,Πετρίτης
GR,36.3006,28.1871,Παραλία Τραουνού
GR,36.3051,22.9137,Παραλία Δίπορος
GR,36.3066,22.912,Παραλία Λυγία
GR,36.3077,23.0036,Λίμνη (Αγίας Πελαγίας)
GR,36.3113,22.9993,Παραλια Κακιά Λαγκάδα
GR,36.314,22.9979,Παραλία Λορέντζος
GR,36.315,27.8736,
GR,36.3169,22.9936,Παραλια Καλαμίτσι
GR,36.3188,22.9903,Παραλια Φυρή Άμμος
GR,36.3203,28.2056,Παραλία Λαδικό
GR,36.3215,28.2095,Παραλία Άντονυ Κουίν
GR,36.3218,28.2115,
GR,36.3226,22.9851,Παραλια Φυρή Άμμος
GR,36.3265,22.9811,Παραλία Αγία Πελαγία
GR,36.3287,28.2129,FKK Beach Unofficial
GR,36.3296,28.2122,Παραλία Μαντόματα
GR,36.3334,28.2092,Παραλία Καθαρά
GR,36.3353,26.6812,
GR,36.3361,25.4373,
GR,36.3365,22.9767,Αγία Πατρικία
GR,36.3365,28.2065,Παραλία Καταφύγιο
GR,36.3381,26.6668,
GR,36.3392,25.4542,Άγιος Γεώργιος
GR,36.3393,25.4316,Βλυχάδα
GR,36.3396,28.2049,Faliraki A
GR,36.3424,25.4283,Γυμνιστική παραλία Βλυχάδα
GR,36.3426,27.9177,
GR,36.3437,28.2049,Faliraki B
GR,36.3442,25.7807,Κατσούνι
GR,36.3443,25.4626,Περίβολος
GR,36.3443,25.7697,
GR,36.3443,27.9273,
GR,36.3445,25.7715,Ξετρυπητή
GR,36.3446,25.7769,Κλεισίδι
GR,36.3449,25.7833,Φλαμουρού
GR,36.3449,25.7898,Έξω Ρούκουνας
GR,36.3452,25.7885,Έξω Ρούκουνας
GR,36.3453,27.9309,
GR,36.3456,25.4227,
GR,36.3457,25.7922,Μικρός Ρούκουνας
GR,36.3474,25.7959,Ρούκουνας
GR,36.3486,25.3881,
GR,36.3486,25.7995,Καταλιμάτσα
GR,36.3489,25.3931,Κόκκινη Παραλία
GR,36.3495,27.9473,Παραλία Καλαβάρδων
GR,36.3503,25.3823,White Beach
GR,36.3521,25.8108,Μέγας Ποταμός
GR,36.3524,25.4719,Perissa beach
GR,36.3526,28.2091,Φαληράκι 4
GR,36.353,25.8131,
GR,36.3536,25.8165,Άγιοι Ανάργυροι
GR,36.354,22.9667,Παραλία Φούρνοι
GR,36.3541,25.3763,Mesa Pigadia Beach
GR,36.3545,25.8241,Πρασιές
GR,36.3558,28.2116,Φαληράκι 5
GR,36.3591,28.2166,Παραλία Φαληράκι
GR,36.36,28.2149,Φαληράκι 1
GR,36.3614,28.2162,Φαληράκι 3
GR,36.3618,27.9735,
GR,36.3641,27.9775,
GR,36.3642,25.3716,Παραλία Κερκέζου
GR,36.3642,28.2191,Φαληράκι 2
GR,36.3649,22.9602,Πλατιά Άμμος
GR,36.3703,22.9235,Ῥουτσούνας
GR,36.3714,25.7347,Βαγιά
GR,36.3728,22.955,Παραλία Βλυχάδα
GR,36.3741,28.2324,
GR,36.375,28.2353,Όασις
GR,36.376,22.9379,Παραλία Καρπάθι
GR,36.3765,22.9246,Kalogeri
GR,36.3765,28.2369,Κόκκινα
GR,36.3768,25.4842,Kamari Beach
GR,36.3771,22.9318,Αμμούτσι
GR,36.3772,22.9322,
GR,36.3784,28.2382,
GR,36.3787,25.7412,Πράσσα
GR,36.3794,22.9442,Καλάμι
GR,36.38,22.947,Άγιος Νικόλαος
GR,36.382,25.7473,Καλαγκάθι
GR,36.3845,28.2416,
GR,36.3848,25.7974,
GR,36.3857,27.4055,Paralia Agios Sergios
GR,36.3858,27.4055,Agios Sergios
GR,36.3862,27.3881,Θολός
GR,36.3862,27.3893,Θολός
GR,36.3862,28.0317,
GR,36.3863,27.3891,Paralia Tholos
GR,36.3938,28.2352,
GR,36.395,25.7768,Λιβοσκόπος
GR,36.3953,28.2345,
GR,36.3961,25.4868,
GR,36.3974,28.2334,
GR,36.3974,28.2338,
GR,36.3983,28.2323,
GR,36.3998,22.4845,Ρωμαϊκή Παραλία
GR,36.4011,27.4269,
GR,36.4017,22.4856,
GR,36.4018,22.4877,
GR,36.4025,27.3724,Stavros
GR,36.4026,27.3727,Paralia Stavros Beach
GR,36.4028,27.4236,
GR,36.4041,28.2285,
GR,36.4084,28.2294,Παραλία Αγία Μαρίνα
GR,36.4122,27.3929,Λιβάδια
GR,36.4123,25.4831,Μονόλιθος
GR,36.4124,22.489,
GR,36.4136,22.491,
GR,36.4161,25.4776,
GR,36.4178,28.1147,
GR,36.4188,28.1176,
GR,36.4199,28.1259,Kieselstein
GR,36.4199,28.1742,
GR,36.4205,28.132,
GR,36.421,28.137,
GR,36.4217,28.1647,
GR,36.4223,28.1447,
GR,36.4231,28.1603,
GR,36.4232,22.4733,Μαρμάρι
GR,36.4232,28.1491,
GR,36.4234,27.3115,Λιμενάρι
GR,36.4235,27.3115,Paralia Limenari
GR,36.4236,28.1575,
GR,36.4237,28.1522,
GR,36.4239,28.1547,
GR,36.4242,27.3095,
GR,36.4242,27.3294,Agia Petros
GR,36.4261,22.4758,Μαρμάρι
GR,36.4277,28.2343,Παραλία Ζέφυρος
GR,36.4286,22.4858,Πόρτο Κάγιο
GR,36.4301,22.476,
GR,36.4301,25.4587,
GR,36.4309,27.3913,Skokkini Beach
GR,36.4319,28.1985,Ιξιά
GR,36.4325,27.3493,Eristos
GR,36.4329,27.3934,Παραλία Κοκκίνι
GR,36.433,27.3934,Kokkini Beach
GR,36.4331,22.4816,
GR,36.4375,27.3881,Paralia Lethra
GR,36.4379,27.3878,Lethra Beach
GR,36.4389,22.4902,
GR,36.4412,28.2347,
GR,36.4414,25.4519,
GR,36.4424,23.1001,
GR,36.4425,23.101,
GR,36.4435,28.2304,
GR,36.4436,28.2083,
GR,36.4477,23.0854,
GR,36.4511,25.3462,
GR,36.452,25.4392,
GR,36.4522,23.0824,
GR,36.4525,28.2166,Κύματα
GR,36.4529,25.3431,
GR,36.4549,22.4531,
GR,36.455,22.4503,
GR,36.4556,28.2233,Παραλία Έλλη
GR,36.4565,25.344,
GR,36.4602,22.4438,
GR,36.4604,22.4943,Ανδρόγυαλος
GR,36.4626,22.4345,Παραλία Αλμυρού
GR,36.4659,27.3047,Plaka
GR,36.4674,22.9801,Σίμος
GR,36.4676,25.3683,Katharos
GR,36.4704,22.9264,Παραλία Αγλύφτης
GR,36.4715,22.9757,Παραλία Σαρακίνικο
GR,36.4718,23.0671,
GR,36.4747,23.1655,
GR,36.4762,22.9821,Παραλία Λεύκης
GR,36.4762,27.3611,Παραλία Λουμπούδι
GR,36.4771,27.3539,Skafi
GR,36.4777,27.3514,Skafi Beach
GR,36.4777,27.3517,Skafi
GR,36.4792,23.0684,
GR,36.4793,25.3982,Baxedes Beach
GR,36.4813,23.1633,
GR,36.4822,22.3995,
GR,36.4841,22.5018,
GR,36.4851,23.1542,Παραλία Καλεβόλου
GR,36.4857,23.1464,Γιαλός
GR,36.4925,22.9419,Παραλία Κάτω Νησί
GR,36.4969,22.4943,Άμπελο
GR,36.5042,22.4874,Άγιος Κυπριανός
GR,36.5047,23.1328,
GR,36.5064,23.0626,
GR,36.5089,23.0595,
GR,36.5097,22.977,Κοντογώνι
GR,36.5103,22.9705,Παραλία Καλόγερος
GR,36.5111,22.9797,
GR,36.5114,23.0562,
GR,36.5119,26.3179,Μικρές Βάτσες
GR,36.5138,26.3164,Βάτσες
GR,36.5143,26.3382,Άγιος Ιωάννης
GR,36.5189,22.9844,Πούντα
GR,36.5195,26.3035,Καμινακια
GR,36.521,22.9784,
GR,36.5218,22.4768,
GR,36.522,27.8686,
GR,36.5239,23.0052,Παραλία Νερατζιώνα
GR,36.5265,23.1386,
GR,36.5271,22.4723,
GR,36.5282,26.3533,Άγιος Κωσταντίνος
GR,36.5303,26.3474,Παπου
GR,36.531,26.468,Κουνούπα
GR,36.5352,26.3432,Τζανάκι
GR,36.54,26.3403,Άγιος Βασίλειος
GR,36.5411,22.3914,Χαλικιά
GR,36.5418,23.1334,
GR,36.5424,26.343,Λιβάδι
GR,36.5425,22.391,
GR,36.5447,22.389,Παραλία Κάτω Μέζαπος
GR,36.5455,27.8611,Παραλία Φανερωμένη
GR,36.5478,22.4785,
GR,36.5482,26.4486,
GR,36.5488,26.3532,
GR,36.5488,26.4475,Koutsomiti
GR,36.5488,27.8419,Παραλία Πανορμίτη
GR,36.5496,26.2781,Άγιος Ιωάννης Μακρή
GR,36.5517,26.3578,
GR,36.5534,27.8693,"Παραλία ""Βαθύς Γιαλός"""
GR,36.56,26.3544,
GR,36.5614,26.3954,
GR,36.562,27.153,
GR,36.5626,26.2735,
GR,36.5653,27.1424,
GR,36.5655,26.3536,
GR,36.566,27.8622,
GR,36.5661,27.8622,
GR,36.5664,26.3542,The Steno
GR,36.5664,26.3579,Μαμούνια
GR,36.5666,27.8618,Marathounda Bay
GR,36.5666,27.8619,
GR,36.5671,22.4771,Αλύπα
GR,36.5682,26.2736,
GR,36.5708,26.3647,
GR,36.571,26.2728,
GR,36.5723,26.3833,Μπλε Λιμανάκι
GR,36.5731,22.9448,
GR,36.5742,26.3753,Πλάκες
GR,36.5764,26.3918,
GR,36.5765,22.9419,
GR,36.577,26.364,
GR,36.577,26.4063,
GR,36.5777,26.2666,
GR,36.578,26.3668,Στενό
GR,36.5796,26.2647,
GR,36.5816,22.9385,
GR,36.5816,26.4261,
GR,36.5823,27.8596,Νανού
GR,36.5827,26.4021,Βάϊ
GR,36.5835,22.9368,
GR,36.585,27.8644,Παραλία
GR,36.5859,22.9327,
GR,36.5861,26.2788,Λαντές
GR,36.587,26.404,
GR,36.5872,26.2766,Πάνορμος
GR,36.5892,27.8139,Παραλία Λάπαθος
GR,36.5903,27.2084,Παχιά Άμμος
GR,36.5908,26.3838,Ψιλή Άμμος
GR,36.591,26.3836,
GR,36.5925,22.9259,
GR,36.5925,26.2896,Παχιά Άμμος
GR,36.5948,24.9491,Κάτεργο
GR,36.5967,22.9193,
GR,36.5978,27.8712,Παραλία Αγίου Γεωργίου
GR,36.5989,22.9145,
GR,36.6012,22.9107,
GR,36.602,27.2013,
GR,36.6028,23.056,
GR,36.604,27.7751,
GR,36.6047,22.9026,
GR,36.6053,26.3978,
GR,36.6053,27.1273,
GR,36.6068,24.9537,Λιβάδι
GR,36.6069,27.1277,
GR,36.6083,22.8979,
GR,36.6088,24.9521,Πουντάκι
GR,36.6095,27.13,Χοχλάκοι
GR,36.61,24.9513,Βιτσέντζου
GR,36.6109,24.9511,Λατινάκι
GR,36.6113,23.046,Καστέλλα
GR,36.6114,26.345,
GR,36.6125,27.7975,
GR,36.6129,26.3427,
GR,36.6131,26.4343,
GR,36.6131,27.1353,
GR,36.6132,27.8566,Pedi Beach
GR,36.6134,26.4336,
GR,36.6147,27.8687,Άγιος Νικόλαος
GR,36.6148,24.9479,
GR,36.615,22.8854,
GR,36.6159,22.4884,
GR,36.6162,24.9502,Βάρδια
GR,36.6164,22.4776,Χαλικιά Βάτα
GR,36.617,22.4873,Σκοπά
GR,36.617,26.4058,
GR,36.6175,22.484,
GR,36.6175,26.3869,
GR,36.6177,22.4806,
GR,36.6181,22.4893,
GR,36.6186,27.1724,
GR,36.6188,22.4985,
GR,36.6188,22.4986,
GR,36.6195,22.4945,Παραλία Κότρωνα
GR,36.6196,27.1697,
GR,36.6214,27.8213,
GR,36.6215,27.8394,Nos Beach
GR,36.6216,27.7992,
GR,36.6227,27.8363,Παραλία της Σάρα
GR,36.6231,27.7988,
GR,36.6235,27.8705,
GR,36.626,22.8748,
GR,36.6283,24.8954,Fira beach
GR,36.6286,22.8791,
GR,36.6291,22.8767,
GR,36.63,22.8808,
GR,36.6303,24.8847,Άγιος Νικόλαος
GR,36.6312,24.8895,Γάλιφος
GR,36.6313,24.8939,Αγκάλη
GR,36.632,23.0317,
GR,36.6329,27.8143,
GR,36.6335,24.9075,Παραλία Βορεινά
GR,36.6346,22.8829,
GR,36.6366,24.8595,Λιβαδάκι
GR,36.637,22.8831,
GR,36.6372,23.0292,Ξιφιάς
GR,36.6377,22.8831,
GR,36.6391,22.3817,
GR,36.6402,22.8839,
GR,36.6414,22.383,Παραλία Διρού
GR,36.6422,23.0305,
GR,36.6436,23.0296,Αμπελάκια
GR,36.6473,24.3277,
GR,36.6474,22.8829,Pyla beach
GR,36.6494,22.8813,
GR,36.6495,22.5061,
GR,36.65,23.0273,
GR,36.6501,25.3602,Αντώναρου
GR,36.6502,24.8458,Αμπέλι
GR,36.6521,24.322,
GR,36.6522,25.1108,Σαντορινέικα
GR,36.6538,25.3816,Χάλαρα
GR,36.6547,24.3772,Κάτεργο
GR,36.6552,23.0255,
GR,36.6556,22.4998,
GR,36.6556,22.8773,Χαρακιά
GR,36.6556,24.8739,
GR,36.6556,25.3756,Κρεμαστό
GR,36.6557,24.3688,Γέροντας
GR,36.6564,23.0251,
GR,36.6567,25.3477,Τρυπητή
GR,36.6572,25.3642,Σαντορινέικο
GR,36.6575,24.4118,
GR,36.6576,24.4119,
GR,36.6579,22.4998,
GR,36.658,24.4081,Ψαθί
GR,36.6581,24.4083,Ψαθί
GR,36.6581,27.8562,nimos beach
GR,36.6584,22.5357,
GR,36.6586,25.3714,Μαγγανάρι
GR,36.6588,24.414,
GR,36.6589,24.414,
GR,36.659,24.4021,Αγία Κυριακή
GR,36.6591,24.4021,Αγία Κυριακή
GR,36.6592,22.4997,
GR,36.6594,25.1226,Άγιος Παντελεήμονας
GR,36.6598,24.4196,
GR,36.6598,24.4197,
GR,36.6606,25.3871,Λουκά Αυλάκι
GR,36.6613,24.4752,Κάλαμος
GR,36.6619,24.4693,Τσιγκράδο
GR,36.662,22.5005,Agia Barbara beach
GR,36.6621,22.5332,
GR,36.6624,22.5448,
GR,36.6629,24.4288,Κήποι
GR,36.6642,22.5025,Vordonas beach
GR,36.6642,22.8705,
GR,36.6644,24.856,Paralia Ligaria
GR,36.6644,27.1354,
GR,36.6647,24.8599,Άγιος Γεώργιος
GR,36.6652,22.5038,
GR,36.6664,25.3394,Πέπα
GR,36.6666,22.5058,Kalamakia beach
GR,36.6671,24.4622,Φυριπλάκα
GR,36.6685,27.1369,
GR,36.6689,25.3821,Τρεις Κλεισιές μεγάλη
GR,36.6694,24.4424,Άγιος Σώστης
GR,36.6696,24.4463,Προβατάς
GR,36.6699,24.4984,Αγία Κυριακή
GR,36.6708,24.5039,Ψαροβολάδα
GR,36.6709,25.3362,Μανούσου
GR,36.6714,25.3891,
GR,36.6723,25.3826,Τρεις Κλεισιές μικρή
GR,36.6728,27.1405,
GR,36.673,25.388,Τρεις Κλεισιές βόρειος
GR,36.674,22.5375,
GR,36.6748,24.5178,Παλαιοχώρι
GR,36.6758,25.3876,
GR,36.6763,25.1437,
GR,36.6764,22.5249,
GR,36.6772,25.3276,
GR,36.6781,24.3319,Άγιος Ιωάννης
GR,36.6787,25.3275,Πικρί Νερό
GR,36.679,22.8519,
GR,36.6792,25.3256,
GR,36.6795,22.5225,
GR,36.6801,24.3324,
GR,36.6803,26.9538,
GR,36.6816,24.3322,
GR,36.6819,24.537,Φυρλίνγκος
GR,36.6829,22.8277,
GR,36.683,22.5209,
GR,36.6837,26.949,Παραλία Παράδεισος
GR,36.6841,25.381,Παπάς
GR,36.6854,23.0377,
GR,36.6866,23.0397,
GR,36.6867,22.8388,
GR,36.6867,22.8394,
GR,36.6868,25.1559,Διαλισκάρι
GR,36.6873,25.3153,Κλήμα
GR,36.6876,22.8281,Καραβοστάσι
GR,36.6877,22.8088,
GR,36.6877,23.0385,
GR,36.6882,22.8366,
GR,36.6885,22.8383,
GR,36.6886,22.8364,Αρτάνη
GR,36.6887,22.8378,
GR,36.6889,23.0362,
GR,36.6891,22.5201,Καμάρες
GR,36.6891,22.831,Παχιά Άμμος
GR,36.6892,22.8327,Πλαζ Πλύτρας
GR,36.6904,25.3843,Πεπάνη
GR,36.6905,24.4497,Αχιβαδολίμνη
GR,36.6928,22.3889,Οίτυλο
GR,36.6936,25.1664,Άγιος Γεώργιος
GR,36.694,24.428,
GR,36.694,25.3807,Κάλαμος
GR,36.6941,24.5448,Θειάφες
GR,36.6943,25.3019,Σαπουνόχωμα
GR,36.6971,22.3829,Καραβοστάσι
GR,36.6972,24.4226,
GR,36.6985,24.3321,
GR,36.6989,24.3348,Αμμουδαράκι
GR,36.6989,24.5454,Ρέμα
GR,36.699,24.4232,
GR,36.6992,26.9335,
GR,36.6995,24.4227,
GR,36.6995,24.4235,
GR,36.7002,24.3357,
GR,36.7002,24.4079,Φατούρενα
GR,36.7019,24.3363,
GR,36.7031,24.3364,Τριάδες
GR,36.7032,24.4016,Ριβάρι
GR,36.7033,26.927,Παραλία Τρυπητή
GR,36.7041,25.3859,Πλάκες
GR,36.7044,24.3374,Τριάδες
GR,36.7045,21.886,
GR,36.7045,22.8202,Μποζάς
GR,36.7064,24.337,Τριάδες
GR,36.7081,22.5259,Βαθύ
GR,36.7081,26.9692,
GR,36.7086,25.1756,Μάλτα
GR,36.7101,24.3357,
GR,36.7113,26.9218,
GR,36.7118,26.972,
GR,36.7125,25.294,Μυλοπότας
GR,36.713,22.5274,Nude beach
GR,36.7133,22.5279,FFK Unofficial Beach
GR,36.7146,24.5411,
GR,36.7153,25.2864,Κατσιβέλι
GR,36.7155,26.98,
GR,36.7157,25.2697,Βαλμάς
GR,36.716,25.2791,Κολιτσάνι
GR,36.7165,22.8198,Πούλια
GR,36.717,24.5408,Αγκάλη
GR,36.7173,21.7664,
GR,36.7183,23.0233,Πορί
GR,36.7185,26.983,
GR,36.7196,24.4601,Ναυτικός Όμιλος Μήλου
GR,36.7198,25.3945,Αγία Κυριακή
GR,36.7216,25.2716,
GR,36.7223,24.4574,Παπικινού
GR,36.7232,24.5385,Κολυμπισιώνας
GR,36.7236,26.9187,Παραλία Κάτα
GR,36.7239,21.881,Selitsa Beach
GR,36.7245,25.2646,Τζαμαρία
GR,36.7248,23.0252,
GR,36.7249,24.4419,Λαγκάδα
GR,36.7253,25.2561,Κουμπάρα
GR,36.7256,24.4524,
GR,36.7258,25.3884,Βαθύ Ρέμα
GR,36.7264,25.2717,Περάμμος
GR,36.7269,22.5532,Παραλία Μαυροβουνίου
GR,36.7269,24.4272,
GR,36.727,24.3418,Παραλία Αγγαθια
GR,36.7285,24.3936,Άγιος Δημήτριος
GR,36.7294,24.3931,Άγιος Δημήτριος
GR,36.7295,24.4246,
GR,36.73,22.3345,
GR,36.7301,24.5367,Τρία Πηγάδια
GR,36.7301,25.3807,Σοφιάς Αυλάκι
GR,36.7303,22.3344,
GR,36.7304,24.3933,Άγιος Δημήτριος
GR,36.7314,25.3782,Ρούσσου
GR,36.732,24.3823,
GR,36.7327,24.3904,
GR,36.734,24.4208,
GR,36.7345,25.3683,Παναγιά
GR,36.7346,24.5382,Καστανάς
GR,36.7347,26.9721,
GR,36.7349,24.4201,
GR,36.737,26.9705,
GR,36.7372,25.3647,Ψάθη
GR,36.7384,25.2588,Το αυλάκι τού Βηζίρη
GR,36.739,22.81,Τηγάνια
GR,36.7415,22.8062,
GR,36.7422,22.8051,Παραλία της Πικριάς
GR,36.7422,24.4767,
GR,36.7428,24.4583,Σαρακήνικο
GR,36.743,24.4142,
GR,36.7432,24.4783,
GR,36.7449,25.3505,Ντόμινο
GR,36.7457,21.9058,Καλαμάκι
GR,36.7459,25.2638,Αλμυρός
GR,36.7466,24.3538,
GR,36.7477,22.8016,Βιανδίνη (Βούρκος)
GR,36.7477,26.98,Παραλία Άγιος Στέφανος
GR,36.7484,24.5345,Βούδια
GR,36.7487,24.6392,
GR,36.7489,24.4448,Τουρκοθάλασσα
GR,36.7499,25.3402,Τουρλά
GR,36.7501,26.9881,
GR,36.7503,24.4478,Γερανιά
GR,36.7504,26.9879,
GR,36.7508,24.6285,
GR,36.7517,22.801,Λιμάνι
GR,36.7518,25.264,Λορέντζαινα
GR,36.7528,24.502,Κάπρος
GR,36.7533,22.5715,
GR,36.7536,25.3289,Αγία Θεοδότη
GR,36.7538,24.4396,
GR,36.7539,24.5035,Παπάφραγκας
GR,36.7539,26.9906,
GR,36.754,21.9189,Αμμούδι
GR,36.7542,24.4127,Πλάθιενα
GR,36.7543,21.8555,Τσαπί
GR,36.7546,21.9199,
GR,36.755,21.9207,
GR,36.7557,26.9972,
GR,36.7563,26.9997,Παραλία Καμήλα
GR,36.7569,25.2632,Διαμμούδια
GR,36.7571,27.1008,Robinson Club Daidalos
GR,36.7575,27.1053,
GR,36.7578,22.7978,
GR,36.7578,24.4277,Φυροπόταμος
GR,36.7578,27.1082,Helona Beach
GR,36.7578,27.1114,Paschalis Beach
GR,36.758,27.1099,
GR,36.7591,23.084,Κόχυλας
GR,36.7597,27.0076,Paradise Beach
GR,36.7601,27.1144,Lakitira Beach
GR,36.7603,22.7958,Κάβος
GR,36.7613,24.6169,Κάτω Μερσίνι
GR,36.7617,21.934,
GR,36.7618,27.117,
GR,36.7643,27.0154,Lagada Beach
GR,36.7646,24.5257,Πολλώνια
GR,36.765,27.0219,Polemi
GR,36.7653,26.939,
GR,36.7656,27.1232,Tropical Beach
GR,36.766,21.8411,Γλυφάδα
GR,36.7661,21.8422,Γλυφάδα
GR,36.7666,24.6137,Πάνω Μερσίνι
GR,36.7669,26.9439,
GR,36.7671,21.9318,
GR,36.7676,24.4118,Νεροδάφνη
GR,36.7676,27.0453,Polemi Beach
GR,36.7681,26.9482,
GR,36.7689,21.839,Μεγάλο Μαράθι
GR,36.7695,24.4143,Καμπάνες
GR,36.7716,26.9805,
GR,36.7719,21.8375,Μικρό Μαράθι
GR,36.7721,24.6597,Αμούρα
GR,36.773,25.2664,
GR,36.7734,21.9317,Vasilitsi Beach
GR,36.7737,26.9628,Λιμνιώνας
GR,36.7741,24.5481,Καλαμίτσι
GR,36.7741,26.9965,Κοχυλάρι
GR,36.7742,27.1348,
GR,36.7744,26.9616,
GR,36.7747,21.9326,Κρυονέρι
GR,36.7753,21.933,
GR,36.7756,24.5506,Mponatsa
GR,36.7767,25.3215,Νεράκι
GR,36.7771,25.2699,Καμπάκι
GR,36.7773,24.5574,
GR,36.7787,21.9345,
GR,36.7792,22.5726,Paralia Selinitsas
GR,36.7803,27.1426,
GR,36.7813,27.005,Παραλία Volcana
GR,36.7825,25.3137,Foniadiko
GR,36.7848,24.6114,Της Παναγιάς τ'Αυλάκι
GR,36.7852,21.9441,Μεμί
GR,36.7852,24.5313,
GR,36.7852,25.2751,Καρατζάς
GR,36.7853,24.6173,
GR,36.7857,25.2899,Plakotos
GR,36.7858,25.8298,
GR,36.7859,25.8302,
GR,36.786,24.5784,Ψάθη
GR,36.7862,25.8273,Μούρος
GR,36.7878,24.5321,Ellinika
GR,36.7882,21.7103,Άμμος
GR,36.7882,25.3095,Kalo Avlaki
GR,36.7883,25.3011,Gero Aggeli
GR,36.7889,27.1503,
GR,36.7897,22.588,Παραλία Βαλτάκι
GR,36.7901,24.5819,
GR,36.7917,24.532,Mavrospilia
GR,36.7922,21.9567,Ζάγκα
GR,36.7923,22.5965,
GR,36.7932,25.7434,Καλοκαταρίτισσα
GR,36.7936,24.5308,
GR,36.7942,27.1549,Malibu Beach
GR,36.7944,21.7627,
GR,36.795,22.6008,
GR,36.7951,21.9641,Λιβάδια
GR,36.7955,21.824,Καντούνι
GR,36.7957,24.5265,
GR,36.7958,22.6033,
GR,36.7961,25.7666,Παραδείσια
GR,36.7962,22.6055,
GR,36.7962,24.5884,
GR,36.7963,27.1573,
GR,36.7965,21.9609,
GR,36.7969,22.6084,
GR,36.7972,24.5264,Λάκος
GR,36.7975,21.7659,
GR,36.7985,22.782,Παραλία Κοκκινιά
GR,36.7986,21.9538,Αρτακι
GR,36.7988,21.7678,Κουμπάρες
GR,36.7994,21.7484,Λάμπες
GR,36.8,22.6137,
GR,36.8009,24.5223,
GR,36.801,22.6184,
GR,36.8021,24.2482,
GR,36.8021,25.7464,
GR,36.8023,22.7638,
GR,36.8028,21.7918,Μαυροβούνι
GR,36.8033,21.8212,Λούτσα
GR,36.8037,22.6189,
GR,36.8049,22.7235,Κυανή Ακτή
GR,36.8052,22.6566,Παραλία Τρίνησα
GR,36.8057,24.5226,Αθηνιά
GR,36.8059,25.7836,Κάτω Κάμπος
GR,36.806,21.8056,
GR,36.8063,21.9404,Lachanou Beach
GR,36.8065,25.8032,
GR,36.8069,27.1707,
GR,36.807,21.8132,
GR,36.8071,21.8087,
GR,36.8099,25.8459,
GR,36.8105,21.9375,Αγία Τριάδα
GR,36.8106,25.7927,
GR,36.8115,27.1811,
GR,36.8127,27.0324,
GR,36.8141,21.7197,
GR,36.8141,25.8499,
GR,36.8142,22.2963,
GR,36.8154,25.9031,Καμπί
GR,36.8161,24.5929,Παραλία Πήγαδος
GR,36.8164,22.2945,
GR,36.8167,21.7069,Παραλία Μεθώνης
GR,36.8168,25.8533,Φοινικιές
GR,36.8169,27.0388,Παραλία Ατσά
GR,36.8172,22.2934,Παραλία Πανταζή
GR,36.8176,21.7086,
GR,36.8192,21.933,Gargarou Beach
GR,36.8197,24.5213,Μακροπούντα
GR,36.821,24.53,Μερσίνα
GR,36.8222,25.9058,Καμπί
GR,36.8226,25.4351,Καρβουνόλακος
GR,36.8237,22.2812,
GR,36.824,24.5343,Βρουλίδι
GR,36.824,25.9061,Αγία Άννα
GR,36.8244,24.5994,Πράσα (Άγιος Γεώργιος)
GR,36.8256,21.9317,Peroulia Beach
GR,36.8258,24.5356,Θερμά
GR,36.8259,25.9059,Agia Anna Beach
GR,36.8269,25.8596,
GR,36.8285,25.4236,Αλιμιά
GR,36.8294,25.866,
GR,36.8296,24.5893,Γκιώνη
GR,36.83,21.9319,Παραλία Χωμάτι
GR,36.8307,24.5727,Μοναστήρια
GR,36.8307,27.0529,Προτοκάραβος
GR,36.8318,24.5907,Βρωμολίμνη
GR,36.8332,25.474,Πηγάδι
GR,36.8337,24.5472,Αγιόκλημα
GR,36.8341,25.9127,
GR,36.8344,24.5718,Σούφι
GR,36.8344,25.8578,
GR,36.8345,25.915,
GR,36.8355,27.2818,
GR,36.8358,21.932,Παραλία Κολονίδες
GR,36.836,25.8538,Μαλτέζι
GR,36.8373,23.0524,Μπαλογκέρι (Ντάμος)
GR,36.8395,23.8859,
GR,36.84,27.0637,
GR,36.8426,25.6725,
GR,36.8431,22.258,
GR,36.8447,27.3172,Θερμά
GR,36.8452,22.2588,Στούπα
GR,36.8458,27.0718,Όρμος Μαστιχάρι
GR,36.8468,22.2578,
GR,36.847,22.2568,
GR,36.8477,25.8531,
GR,36.8502,27.0799,
GR,36.8503,22.2584,Καλογριά
GR,36.8514,25.4736,
GR,36.853,27.0926,Παραλία Τρούλος
GR,36.8533,25.452,Βορεινή Σπηλιά
GR,36.854,25.5224,
GR,36.8541,27.0965,
GR,36.8549,25.5232,
GR,36.8551,25.5346,
GR,36.8566,25.5238,
GR,36.8571,25.5374,Παραλία Λιόλιου
GR,36.8574,27.1046,
GR,36.8578,27.3525,Παραλία Άγιος Φωκάς
GR,36.8586,23.0383,Βλυχάδα
GR,36.8588,25.5234,
GR,36.8591,22.2556,
GR,36.8591,25.5258,
GR,36.8595,22.2504,
GR,36.8606,27.1118,Neptune Hotel Strand
GR,36.8611,27.1135,
GR,36.8614,21.923,
GR,36.8616,25.5178,
GR,36.8616,25.5362,
GR,36.8617,25.5238,Livadi
GR,36.862,25.4692,
GR,36.8622,22.2499,Παραλία Δελφίνια
GR,36.8622,25.5201,Portokali
GR,36.8624,25.5225,
GR,36.8625,27.1163,
GR,36.8645,25.5168,Tsigouri beach
GR,36.8648,25.5346,
GR,36.8658,25.5331,
GR,36.8673,22.2482,Παραλία Φονέας
GR,36.8694,25.5321,
GR,36.8702,25.5314,Φουντάνα
GR,36.8713,25.5114,
GR,36.8726,25.5101,
GR,36.8731,27.3516,Παραλία Αχινός
GR,36.8739,27.1352,
GR,36.8765,25.5292,
GR,36.8775,22.2399,Παραλία Καλαμίτσι
GR,36.8775,27.3492,
GR,36.8781,25.9327,
GR,36.8782,27.1425,
GR,36.8786,25.9308,Άγιος Παύλος
GR,36.8793,25.6545,
GR,36.8798,25.6524,
GR,36.88,25.5276,Ψιλή Άμμος
GR,36.8824,27.1522,Marmari Beach
GR,36.8828,25.617,
GR,36.8846,25.9207,Nikoyria
GR,36.8849,27.3211,
GR,36.8855,22.2331,
GR,36.8855,22.2338,
GR,36.8857,25.5127,Γερολιμνιώνας
GR,36.8858,25.5264,Φυκιό
GR,36.8858,27.3426,Φάρος
GR,36.887,27.3079,
GR,36.8873,25.6061,
GR,36.8877,25.6062,
GR,36.8877,27.3317,Ψαλίδι
GR,36.888,27.1658,
GR,36.8881,22.2309,Παραλία Σάλιο
GR,36.8881,25.6064,
GR,36.8882,27.3045,
GR,36.8893,27.1688,Fkk Beach
GR,36.8898,27.202,
GR,36.8901,27.2045,
GR,36.8904,27.1838,Tigaki
GR,36.8905,27.209,
GR,36.8907,22.2292,Παραλία Ριτσά 3η
GR,36.8919,27.2174,Παραλία Καρνάγιο
GR,36.8927,22.2272,Παραλία Ριτσά 2η
GR,36.894,21.9247,
GR,36.894,27.2933,
GR,36.8943,22.2247,Παραλία Ριτσά
GR,36.8949,27.2921,
GR,36.8956,22.1604,
GR,36.8993,21.9252,
GR,36.8996,25.5628,
GR,36.8998,25.5588,ΛΕΩΝΙΔΑΣ
GR,36.9008,25.5672,Γενουπας
GR,36.9016,21.9255,
GR,36.903,25.9776,
GR,36.9034,25.5741,Νερό
GR,36.9037,21.9245,
GR,36.9042,27.2553,Παραλία Λάμπη
GR,36.9058,22.2018,Velonas
GR,36.9058,25.5766,
GR,36.9062,25.9764,
GR,36.9063,25.5657,Φύκιο
GR,36.9068,24.706,Παραλία Φικιάδα
GR,36.907,25.578,
GR,36.9075,25.5667,
GR,36.908,25.9665,Ψιλή Άμμος
GR,36.9081,21.6906,
GR,36.9081,21.927,
GR,36.9081,25.9641,Χόχλακας
GR,36.9083,25.9716,Λεβρωσός
GR,36.911,24.7148,
GR,36.912,25.5807,Δέτη
GR,36.9135,25.5897,Λάκοι
GR,36.9135,25.5919,
GR,36.9136,26.9416,
GR,36.9144,21.6947,
GR,36.9147,25.5808,
GR,36.9147,25.5925,Παναγία
GR,36.9153,25.5819,Αφρυανιά
GR,36.9159,25.5956,
GR,36.9165,25.5963,
GR,36.9173,25.5965,
GR,36.9186,25.6067,
GR,36.9193,21.9314,Χελωναριά
GR,36.9197,22.1314,
GR,36.9212,23.0198,Πύλιζα
GR,36.9212,25.5891,Λίμνη
GR,36.9242,25.9774,Ormos Mikri Vlichada
GR,36.9243,25.5966,
GR,36.926,25.5962,
GR,36.9264,26.002,
GR,36.9297,25.5978,
GR,36.9303,25.5974,
GR,36.9304,25.6093,
GR,36.9306,24.7294,Platis Gialos
GR,36.9309,21.9345,
GR,36.931,26.9662,
GR,36.9311,24.6914,Βαθή
GR,36.9316,25.5962,Λουτρό
GR,36.9316,25.6107,Λίμνη
GR,36.9317,25.6023,Άμμος
GR,36.9317,26.9648,
GR,36.9318,25.5943,
GR,36.932,25.6112,Πόρτα
GR,36.9323,25.5938,
GR,36.9325,27.1331,Παραλία Αυλάκια
GR,36.9326,25.6126,
GR,36.9328,24.6877,
GR,36.9332,25.464,
GR,36.9332,25.6129,
GR,36.9336,25.4658,
GR,36.9337,25.465,
GR,36.9342,25.6137,Φοίνικας
GR,36.935,27.0958,
GR,36.9353,25.591,
GR,36.9359,25.6211,
GR,36.936,25.6164,Φανός
GR,36.9362,27.1506,
GR,36.9363,24.7438,Σάουρες
GR,36.9364,25.4718,Παραλία Καλαντός
GR,36.9365,25.6199,Ιταλίδα
GR,36.9366,21.71,
GR,36.9369,25.6241,
GR,36.9381,27.092,
GR,36.9385,26.9872,Παραλία Θέρμα
GR,36.9393,24.7452,Αποκοφτό
GR,36.9397,27.1577,
GR,36.94,27.1224,
GR,36.9403,23.0104,Δρίμισκος
GR,36.9404,26.9855,Παραλία Γέφυρα
GR,36.9409,24.7526,Φασολού
GR,36.9409,27.1218,
GR,36.9418,27.1208,
GR,36.9429,25.0703,Ακτή Παναγίας Φανερωμένης
GR,36.9429,27.092,
GR,36.9438,27.1642,
GR,36.9439,24.7515,Φάρος
GR,36.9443,24.7498,Βλυχό
GR,36.9445,25.0695,Faneromeni beach
GR,36.9449,24.6814,Βλυχάδα
GR,36.9449,25.6219,Πόρι
GR,36.9449,27.0946,
GR,36.9452,26.9874,Kasonia
GR,36.9453,27.0947,
GR,36.9462,25.0679,
GR,36.9464,27.0946,
GR,36.9467,27.095,
GR,36.9474,27.0952,
GR,36.9475,25.49,Ρίνα
GR,36.9477,21.7058,Παραλία Γιάλοβα
GR,36.9482,22.144,
GR,36.9491,27.1684,
GR,36.9493,21.6619,
GR,36.9495,27.1413,Παραλία Μαραθούντα
GR,36.9496,25.4267,
GR,36.9499,22.1428,Παραλία Σάντοβας
GR,36.9502,22.1425,Hobo
GR,36.9508,21.6987,Παραλία Γιάλοβα
GR,36.9517,27.1454,
GR,36.9519,21.6626,
GR,36.9525,21.6652,
GR,36.9547,25.5078,Παραλία Σπεδό
GR,36.9555,24.9999,Λιβάδι
GR,36.9556,24.6812,
GR,36.9563,21.6797,Διβάρι
GR,36.9564,24.9998,
GR,36.9566,25.529,
GR,36.9573,25.5195,
GR,36.9575,25.4262,
GR,36.9579,25.4264,
GR,36.958,21.9354,
GR,36.9582,21.9312,
GR,36.9582,21.932,
GR,36.9584,25.4265,
GR,36.9584,25.5339,
GR,36.9584,27.0304,Hali beach
GR,36.9585,25.0115,
GR,36.9585,25.5387,Πάνορμος
GR,36.9589,25.0645,Paralia Sostis
GR,36.9591,21.9347,
GR,36.9601,21.9278,
GR,36.9606,22.1419,
GR,36.9617,21.9267,
GR,36.9619,25.065,
GR,36.962,24.6756,
GR,36.9622,22.1419,
GR,36.9628,22.1416,
GR,36.9639,22.1412,
GR,36.9641,21.661,Βοϊδοκοιλιά
GR,36.9657,22.1407,
GR,36.9658,25.4253,
GR,36.9665,21.6589,Glossa Beach (nudist)
GR,36.9665,22.9969,Πρώτο Αυλάκι
GR,36.9668,25.0254,Παραλία Παναγίας Δεσποτικού
GR,36.9669,22.1415,
GR,36.969,24.9858,
GR,36.9695,24.9953,
GR,36.9699,24.9949,
GR,36.9702,26.9342,Παραλία Καντούνι
GR,36.9709,22.9942,Μώλος
GR,36.9713,25.4116,
GR,36.9715,25.0596,Σωρός
GR,36.9716,25.4111,
GR,36.9723,26.9332,Παραλία Λινάρια
GR,36.9725,24.7461,
GR,36.9731,21.6593,Nisakoulia
GR,36.9732,25.0389,
GR,36.9735,22.9914,Μεγάλη Άμμος
GR,36.9736,27.0287,
GR,36.9745,25.1154,
GR,36.975,25.0252,
GR,36.975,26.9282,Platys Gialos beach
GR,36.9759,21.6577,Άγιος Νικόλαος
GR,36.9762,25.4002,
GR,36.9768,25.3866,Paralia Alyko
GR,36.9772,26.2865,
GR,36.9785,25.3902,
GR,36.9788,21.6559,Πετροχώρι
GR,36.9788,25.5566,
GR,36.9795,27.0392,Παραλία Μεγάλες Αλμύρες
GR,36.9806,25.1668,
GR,36.9806,25.3864,Hawaii Beach
GR,36.9817,25.0697,
GR,36.9818,25.558,
GR,36.9823,25.1895,Παραλία Γλυφά
GR,36.983,21.6536,Ρωμανός
GR,36.9837,22.997,Αγία Κυριακή
GR,36.9837,25.1907,παραλία Γλυφά
GR,36.9838,25.386,Kedros Beach
GR,36.9839,26.926,
GR,36.9844,21.9331,
GR,36.9849,25.1932,παραλία Γλυφά
GR,36.9851,25.0721,
GR,36.9853,22.9995,Θυνί
GR,36.9862,25.1549,
GR,36.9864,25.1558,Φάραγγας
GR,36.987,25.5599,Παραλία Κλειδώ
GR,36.9871,26.9287,
GR,36.9896,25.2053,
GR,36.9901,25.5597,
GR,36.9906,24.6776,Καμάρες
GR,36.9909,21.942,
GR,36.9912,25.5616,
GR,36.9915,27.0418,Παραλία Μικρές Αλμύρες
GR,36.9921,26.9309,
GR,36.9922,25.1381,
GR,36.9932,25.2182,Pyrgaki beach
GR,36.9932,26.9182,Παραλία Πνιγμένος
GR,36.9933,25.3906,Glyfada Beach
GR,36.9935,25.2099,Παραλια Λωλαντωγη
GR,36.9936,25.2097,Παραλια Λωλαντώη
GR,36.9945,25.1172,
GR,36.9946,27.045,Exo Almyres beach
GR,36.9949,25.1165,
GR,36.9949,25.1204,
GR,36.9952,21.9512,
GR,36.9959,25.5631,
GR,36.9965,25.0967,
GR,36.9965,26.9186,Papa Beach
GR,36.9966,26.9345,
GR,36.9967,25.1357,παραλία Αλυκή
GR,36.998,26.9184,Παραλία Χοχλακάς
GR,36.9987,25.1309,Παραλία Αλυκή
GR,36.9999,21.6418,Μάτι
GR,37.0001,21.9615,
GR,37.0003,25.5649,
GR,37.0007,26.9379,
GR,37.0011,25.3878,Παραλία Καστράκι
GR,37.0013,25.2246,
GR,37.0013,26.9241,
GR,37.0022,25.2274,Drios Beach
GR,37.003,25.1134,
GR,37.003,27.0082,Pezonda Beach
GR,37.0032,25.0263,
GR,37.0038,25.0265,Παραλία Μονατήρι
GR,37.0038,27.0049,
GR,37.0047,26.9241,Παραλία Πόθα
GR,37.0055,25.0741,
GR,37.0056,26.9239,
GR,37.0059,25.1098,Voutakos beach
GR,37.0064,26.9239,Παραλία Πάρανταϊς
GR,37.0066,25.0237,
GR,37.0081,26.9411,
GR,37.0084,27.0378,
GR,37.0087,21.9836,Oasi
GR,37.0099,25.2394,Golden Beach
GR,37.0107,25.2405,Παραλία Αγκάλη Χρυσής Ακτής
GR,37.0114,25.5689,
GR,37.0142,25.5685,Παραλία Ψιλή Άμμος
GR,37.0149,25.2501,Τσερδάκια (Νέα Χρυσή Ακτή)
GR,37.0149,26.9673,Παραλία Αργίνωντα
GR,37.0158,25.3769,Μικρή Βίγλα (Νότια πλευρά)
GR,37.0169,25.571,
GR,37.0177,22.1492,Filoxenia Beach
GR,37.0178,21.6202,Βρωμονέρι
GR,37.019,22.9966,
GR,37.0197,25.0776,
GR,37.0203,25.0444,
GR,37.0205,25.046,Λιβάδια
GR,37.0216,25.3701,
GR,37.0218,22.1344,Παραλία Καλαμάτας
GR,37.023,24.6552,
GR,37.0236,22.1162,
GR,37.0236,24.6553,Βρουλίδια
GR,37.0237,22.1169,
GR,37.0241,22.1195,Kalamata Beach
GR,37.0243,22.1237,Kalamata Beach
GR,37.025,22.0493,
GR,37.0254,25.3635,
GR,37.0255,25.3635,
GR,37.0261,25.366,
GR,37.0268,25.3673,
GR,37.0271,22.0847,
GR,37.0275,21.6108,
GR,37.028,25.2525,Punda Beach
GR,37.0282,25.3703,Mikri Vigla
GR,37.0302,25.5768,
GR,37.0312,26.9796,Παραλία Ελιά
GR,37.0319,25.255,Λογαράς
GR,37.0325,25.3732,Orkos
GR,37.0332,25.0805,Second Psaraliki
GR,37.0341,26.9758,Παρaλία Σική
GR,37.0342,24.6509,Heronissos
GR,37.0351,26.9535,
GR,37.0354,25.5784,
GR,37.0355,25.259,
GR,37.0356,25.377,
GR,37.0361,25.083,First Psaraliki
GR,37.0374,25.0587,
GR,37.0376,25.0585,
GR,37.0392,25.2616,
GR,37.0402,25.0843,
GR,37.0407,26.9716,
GR,37.0414,25.0752,Σιφνέικο
GR,37.0415,25.0643,
GR,37.042,26.9424,Tichi beach
GR,37.0421,25.0837,
GR,37.0421,26.9715,Παραλία Παλιόνησος
GR,37.0427,25.0763,
GR,37.0432,26.9218,
GR,37.044,21.5564,Βουρλιά
GR,37.044,25.0864,Καλούδια
GR,37.0441,26.9369,Kalimies Bay
GR,37.0448,26.919,Παραλία Αλέξις
GR,37.0453,26.9258,
GR,37.0457,22.983,
GR,37.0458,22.9835,
GR,37.046,26.9285,
GR,37.0471,25.2695,
GR,37.0486,25.079,
GR,37.0488,25.085,"Teologos, Psaralidhdiki"
GR,37.0504,25.366,Plaka Beach
GR,37.0505,25.0862,
GR,37.0517,25.0841,
GR,37.0517,25.0872,
GR,37.0522,25.0827,
GR,37.0532,26.9199,
GR,37.0536,25.0862,
GR,37.054,25.2662,
GR,37.0546,25.5818,
GR,37.0557,25.1099,Αγία Ειρήνη
GR,37.0571,25.0829,
GR,37.0574,25.5826,
GR,37.0581,26.9502,
GR,37.0582,26.9527,Παραλία Συκάτης
GR,37.0593,25.5837,
GR,37.0609,26.94,Vizotos beach
GR,37.0643,25.3534,
GR,37.0651,22.968,
GR,37.0661,25.3552,
GR,37.069,25.3544,Παραλία Αγίας Άννας
GR,37.0693,25.2629,Tsoukalia Beach
GR,37.0699,25.5857,
GR,37.0717,25.127,Παρασπόρος
GR,37.0721,22.967,
GR,37.0721,25.5853,
GR,37.0732,25.2598,Γλυφάδες
GR,37.0736,25.5848,
GR,37.0751,25.5848,
GR,37.0751,25.5851,
GR,37.0752,25.3469,Παραλία Αγίου Προκοπίου
GR,37.0754,25.1343,Δελφίνι
GR,37.0771,25.5864,
GR,37.0779,25.587,
GR,37.08,25.3378,
GR,37.0813,25.7005,
GR,37.0816,25.7035,
GR,37.0819,25.1456,Beach
GR,37.082,25.1454,
GR,37.0824,25.3413,
GR,37.0831,25.6034,
GR,37.0867,25.34,
GR,37.087,25.6939,
GR,37.0871,25.6982,
GR,37.0878,25.5924,
GR,37.088,25.6949,
GR,37.0891,25.6943,
GR,37.0906,21.5819,Λαγκουβαρδος
GR,37.0908,25.8252,
GR,37.0913,25.8137,Λιμενάρι
GR,37.0919,25.8223,Livadi
GR,37.092,25.8224,Λιβάδι
GR,37.0934,25.1549,Λιβάδια
GR,37.0937,25.3719,
GR,37.0941,25.8338,
GR,37.0946,25.1361,unorganized beach
GR,37.0966,25.1418,MARTSELO BEACH
GR,37.0971,25.374,Παραλία Αγίου Γεωργίου
GR,37.0977,25.8037,Κέδρος
GR,37.0997,25.7962,Σταυρός
GR,37.1005,25.3727,
GR,37.102,25.3737,
GR,37.1021,25.2653,Αμπελάς
GR,37.1038,25.5939,Παραλία Ψωφαγριλιά
GR,37.108,25.3741,Βίντσι
GR,37.1084,25.3764,
GR,37.1087,25.27,Aspros Gremos beach
GR,37.1121,25.1501,
GR,37.1132,25.7965,
GR,37.1195,26.828,Paralia Lakkiou
GR,37.1211,22.8966,Πούλιθρα
GR,37.1214,24.515,Αλευράκια
GR,37.1219,26.8327,Κόκκινη παραλία
GR,37.1228,25.2332,Πιπέρι
GR,37.1232,26.8341,
GR,37.1236,24.4955,Καλό Αμπέλι
GR,37.1236,25.8185,
GR,37.1239,25.2642,Ξυφάρα
GR,37.1241,25.2134,Limnes beach
GR,37.1248,25.2389,Agios Dimitrios beach
GR,37.125,25.1687,
GR,37.125,25.1693,
GR,37.1251,22.8945,
GR,37.1254,25.5913,Παραλία Λιμνάρι
GR,37.1254,25.8182,
GR,37.1256,25.2469,Άγιος Στέφανος
GR,37.1259,22.8941,
GR,37.126,25.8229,
GR,37.1264,24.4797,
GR,37.1278,24.4311,Αχλάδι
GR,37.1289,24.4624,Βάγια
GR,37.129,24.4234,
GR,37.129,25.2163,
GR,37.1291,25.2159,
GR,37.1293,25.2144,
GR,37.1293,25.2154,Κολυμπήθρες
GR,37.1297,25.2668,
GR,37.131,24.4352,Καλόγερος
GR,37.1315,25.2774,
GR,37.1336,24.5164,Καράβι
GR,37.1354,24.4407,Μαλιάδικο
GR,37.1355,25.4152,
GR,37.136,25.4171,
GR,37.1361,25.4199,
GR,37.1362,25.2703,Langeri Beach
GR,37.1363,25.436,Παραλία Αμίτης
GR,37.1367,24.4627,Γάνεμα
GR,37.1371,24.4547,Κουτάλας
GR,37.1374,25.4395,Παραλία Γλατζά
GR,37.1376,25.5866,Λίωνας
GR,37.138,25.2853,
GR,37.1381,25.2692,
GR,37.1382,24.5151,Λιβαδάκια
GR,37.1382,24.5314,
GR,37.1382,25.2873,Μικρή Σάντα Μαρία
GR,37.1387,26.8195,
GR,37.1393,25.2233,
GR,37.1405,24.4314,Μέγα Λιβάδι
GR,37.1405,25.4503,
GR,37.1408,25.2672,
GR,37.1412,25.2231,
GR,37.1425,25.2232,
GR,37.1425,25.2882,
GR,37.1441,25.2324,Tourkou Ammos beach
GR,37.1441,26.8599,Βρομόλιθος
GR,37.1448,25.225,
GR,37.145,22.892,
GR,37.145,24.4311,
GR,37.1451,25.2668,
GR,37.1457,26.8602,Vromolithos Beach
GR,37.1458,24.5187,Αυλόμωνας
GR,37.1463,25.2245,Monastiri Beach
GR,37.1497,24.5314,Λιά
GR,37.15,26.8621,
GR,37.1502,22.8949,
GR,37.1505,26.8628,
GR,37.1514,26.8293,Gourna Beach
GR,37.1557,24.5322,Άγιος Σώστης
GR,37.1565,24.5321,
GR,37.1567,26.8425,
GR,37.1568,25.4694,
GR,37.1571,26.849,
GR,37.1602,25.4705,
GR,37.1615,24.5229,Ψιλή Άμμος
GR,37.1618,24.5228,Psili Ammos Παραλία Ψιλή Άμμος
GR,37.1623,24.4364,Αβεσσαλός
GR,37.163,26.7961,
GR,37.1635,25.5734,
GR,37.1645,22.898,
GR,37.1662,24.5232,Άη Γιάννης
GR,37.1679,25.5714,
GR,37.1699,26.8485,Dyo Liskaria
GR,37.1734,25.4799,Παραλία Αμπραμ
GR,37.175,24.5285,
GR,37.1757,26.85,Kryfos
GR,37.1775,24.4425,
GR,37.1801,25.5534,
GR,37.1826,25.5487,
GR,37.1834,24.4458,
GR,37.1841,21.576,Παραλία Στόμιο
GR,37.1841,24.528,Κένταρχος
GR,37.1852,22.9051,Παραλία Θιόπαυτο
GR,37.1854,22.9052,
GR,37.1861,25.4929,
GR,37.1884,26.817,Όρμος Μπελφούτη
GR,37.1885,26.8216,Παραλία Μπλεφούτης
GR,37.189,22.9072,
GR,37.1893,26.8229,
GR,37.1894,24.4579,Καραβάς
GR,37.1901,25.5448,
GR,37.1911,25.5045,Μελινό
GR,37.1912,26.7772,
GR,37.1934,26.8175,
GR,37.1938,25.5119,
GR,37.1938,26.8118,
GR,37.1942,25.5444,
GR,37.1952,22.906,
GR,37.1953,24.4666,Γιαλούδι
GR,37.1966,24.4743,Συκαμιά
GR,37.1966,26.8097,Παραλία Αγίας Κιούρας (Aghia Kioura B.)
GR,37.1974,26.81,Kioura
GR,37.2003,24.4986,
GR,37.2003,24.5137,Βορεινό
GR,37.2021,24.5126,Μεσιανό
GR,37.2025,22.8936,
GR,37.2037,24.5122,Πλατύς Γιαλός
GR,37.2042,24.4776,Σκάλα
GR,37.2062,22.8937,
GR,37.2133,22.8909,
GR,37.2386,23.1586,
GR,37.2397,23.1316,Ξυλοκέριζα
GR,37.241,23.1617,Κουζουνός
GR,37.2416,22.8747,
GR,37.2422,22.8743,Λυγαριά
GR,37.2444,22.8681,
GR,37.2444,22.8687,
GR,37.2446,22.8671,
GR,37.245,22.8661,
GR,37.245,22.8709,
GR,37.2458,23.1652,
GR,37.2526,23.1633,Paradise Beach
GR,37.2528,23.1646,
GR,37.2545,23.1155,Άγιοι Ανάργυροι
GR,37.2548,21.6611,
GR,37.2551,22.8548,Τηγάνι (Tigani Bay)
GR,37.2556,23.1663,
GR,37.2569,21.6697,
GR,37.2589,21.6717,
GR,37.2601,22.8539,
GR,37.2607,23.1101,Αγία Παρασκευή
GR,37.261,23.1637,
GR,37.261,23.1641,
GR,37.2611,23.1651,
GR,37.2619,21.6735,
GR,37.2626,23.1623,
GR,37.264,23.1614,
GR,37.2654,23.1586,Άγιος Μάμας
GR,37.2657,23.16,
GR,37.2669,23.1052,Καμάρες
GR,37.2683,21.6773,Kartela
GR,37.2691,23.1542,
GR,37.2693,23.1534,
GR,37.2694,23.151,
GR,37.2694,23.152,
GR,37.2694,23.1527,
GR,37.2696,23.1502,
GR,37.2706,23.1486,
GR,37.2716,23.1479,
GR,37.2732,23.1467,
GR,37.2737,23.146,
GR,37.2743,23.1411,
GR,37.2744,23.1437,Καΐκι
GR,37.2755,23.1383,
GR,37.2756,23.1387,
GR,37.2757,22.8446,Ζαρίτσι
GR,37.2758,21.6808,
GR,37.2762,23.1107,Μεγάλη Ζωγερία
GR,37.2767,26.7821,Κορακιά
GR,37.2773,26.7664,
GR,37.2777,26.7803,
GR,37.2779,23.1,Μικρή Ζωγεριά
GR,37.2781,26.7671,Λύρα
GR,37.2783,26.5456,Ψιλή άμμος
GR,37.2785,23.1312,Λιγονέρι
GR,37.2789,23.1275,
GR,37.2797,23.1231,Βρέλλος
GR,37.2808,26.7685,
GR,37.2809,26.7789,
GR,37.2811,26.7647,Στίφη
GR,37.2813,26.7698,Παπαντριά
GR,37.2826,26.7644,Πνιγμένος
GR,37.2827,26.7723,Κατσαδιά
GR,37.2836,26.7776,
GR,37.285,26.784,Χοχλάκουρα
GR,37.2863,26.7895,Ξηρόκαμπος
GR,37.2865,23.1708,
GR,37.287,23.1751,
GR,37.2877,23.1788,
GR,37.2878,23.1774,
GR,37.2879,26.7901,Τουρκόμνημα
GR,37.2879,26.7911,Άγιος Νικόλαος
GR,37.2884,26.5566,
GR,37.29,23.1668,
GR,37.2925,23.1974,
GR,37.2929,26.788,
GR,37.2938,23.181,
GR,37.2942,23.1644,
GR,37.2946,23.1877,
GR,37.2949,23.1819,
GR,37.2951,22.8323,Άμμος του Μουλά (Moulas Beach)
GR,37.2951,23.1644,
GR,37.2952,23.1846,
GR,37.2956,26.5615,Παραλία Πέτρας
GR,37.2957,23.1635,
GR,37.2959,23.1625,
GR,37.2966,23.2001,
GR,37.2969,21.6933,
GR,37.2969,26.5612,
GR,37.2975,26.7639,Λιεντού
GR,37.2979,23.3749,
GR,37.298,23.3749,Αγ. Νικόλας
GR,37.2988,26.7587,Κάμπος
GR,37.3005,26.736,Κοίμηση
GR,37.3009,23.3953,
GR,37.3013,22.8297,
GR,37.3022,24.3759,
GR,37.3026,23.1452,
GR,37.3028,23.3758,Μπίστη
GR,37.303,26.7671,Μερσίνη
GR,37.3031,26.5617,Παραλία Γροίκος
GR,37.3041,24.3803,Πετρούσα
GR,37.3043,26.7767,Κισσίρια
GR,37.3047,23.2008,
GR,37.3049,26.7773,
GR,37.305,23.145,
GR,37.3052,24.3821,
GR,37.3052,26.531,
GR,37.3053,26.5717,
GR,37.3054,23.3775,Παραλία Μπίστι
GR,37.3054,26.7879,Καμάρες
GR,37.306,24.3841,Κολοβελόνη
GR,37.3061,23.1986,
GR,37.3071,26.8046,White beach Aspronisi
GR,37.3073,26.7822,
GR,37.3074,24.3867,
GR,37.3077,26.533,
GR,37.3091,23.1952,
GR,37.3096,24.3944,
GR,37.3111,23.1412,
GR,37.3111,24.397,Μαρκουλη
GR,37.3113,24.3738,Άγιος Δημήτριος
GR,37.3114,23.4386,
GR,37.3116,23.1931,
GR,37.3116,23.4389,
GR,37.3116,26.5609,Sapsila
GR,37.3125,22.8219,Κρυονέρι
GR,37.3139,26.7393,Πλατύς Γιαλός
GR,37.314,23.1925,
GR,37.3157,23.191,
GR,37.3171,23.4505,
GR,37.3178,23.1283,
GR,37.3184,24.374,Αλυκή
GR,37.3186,24.4016,Γαϊδουρόμαντρα
GR,37.3197,23.3971,Καουμίθι
GR,37.3198,24.4072,
GR,37.3201,23.1248,
GR,37.3207,26.5381,Paralia Xoxlakas
GR,37.3214,23.1442,
GR,37.3215,23.1437,
GR,37.3237,24.3712,
GR,37.324,23.1211,
GR,37.3246,23.4133,
GR,37.3249,23.1195,
GR,37.3258,23.1172,
GR,37.3258,24.4115,Σι Μου Σι
GR,37.3261,26.5435,Παραλία Αγίου Θεολόγου
GR,37.3268,26.5559,Aspri
GR,37.3277,23.1167,
GR,37.3278,24.3732,
GR,37.3297,22.8091,
GR,37.3305,21.6972,Παραλία Βουνάκι
GR,37.3312,26.5555,
GR,37.3323,24.416,Σκύλου
GR,37.3325,23.1864,Petrothalassa
GR,37.3331,24.4184,
GR,37.3334,23.1235,Μπούκα
GR,37.3339,22.8084,
GR,37.3344,24.4263,
GR,37.3346,24.3797,Στύφος
GR,37.3375,24.4278,Άγιος Νικόλαος
GR,37.3378,23.4397,Plakes
GR,37.3378,23.5005,
GR,37.3387,21.6925,
GR,37.3391,23.1254,Βερβερόντα
GR,37.3396,26.6006,
GR,37.3421,26.599,
GR,37.3422,23.5029,
GR,37.3422,24.4298,Νίκα
GR,37.3422,26.5565,Αγριολιυάδι
GR,37.3424,24.3814,
GR,37.3434,23.3457,
GR,37.3437,23.5195,
GR,37.3442,23.447,
GR,37.3454,26.5365,
GR,37.3458,26.5876,
GR,37.346,23.2237,
GR,37.3462,24.4321,
GR,37.3465,23.4553,
GR,37.3465,24.4348,
GR,37.3468,24.438,Αντώνηδες
GR,37.3471,26.5814,
GR,37.3473,26.5793,
GR,37.3476,23.4574,Καμίνια
GR,37.3486,26.5769,
GR,37.3498,26.5724,
GR,37.35,26.5734,
GR,37.3503,24.386,Γαλάζια Ακτή
GR,37.3504,26.567,
GR,37.3505,23.4617,Αυλάκι
GR,37.3517,23.1028,
GR,37.3519,23.1066,
GR,37.3519,23.4636,Σπηλιά
GR,37.3526,23.0983,
GR,37.3527,23.0864,
GR,37.3527,23.0871,
GR,37.3531,23.0962,
GR,37.3532,23.4833,
GR,37.3534,23.4808,
GR,37.3541,23.4758,
GR,37.3542,23.4855,Mandraki
GR,37.3553,26.5402,
GR,37.3558,24.4424,Καλό Λιβάδι
GR,37.3579,23.0688,
GR,37.358,24.389,Καστέλλα
GR,37.3611,23.0739,
GR,37.3615,24.4486,Κακή Μαρία
GR,37.3623,24.3976,
GR,37.3647,23.0748,
GR,37.3651,24.3996,Φλαμπούρια
GR,37.367,26.7259,
GR,37.3674,26.5757,
GR,37.3675,26.7461,Τηγανάκια
GR,37.3685,23.0744,
GR,37.3687,24.449,
GR,37.3696,26.7273,
GR,37.3699,21.685,
GR,37.3702,26.562,Λιβάδι Καλογήρων
GR,37.3715,26.7246,
GR,37.3716,24.3984,Ποντίκια
GR,37.3731,24.4503,
GR,37.3741,21.683,
GR,37.3741,24.4514,Λεύκες
GR,37.3764,24.9061,Αμπέλα
GR,37.3769,23.0744,
GR,37.377,24.8829,Παραλία Κόμητο
GR,37.3774,24.4545,
GR,37.3786,21.6812,
GR,37.3787,23.0736,
GR,37.3787,25.2352,
GR,37.3788,24.9095,Μέγας Γιαλός
GR,37.3789,25.2485,
GR,37.3794,26.7328,Πατελιά
GR,37.3809,25.2356,
GR,37.3809,25.2534,
GR,37.381,24.915,
GR,37.3817,24.9163,
GR,37.3819,24.9173,Λαγκονάκι
GR,37.3826,24.4536,Ζογκάκι
GR,37.3831,23.0718,
GR,37.3838,23.0711,
GR,37.3845,25.2369,
GR,37.3852,25.2381,
GR,37.3853,24.454,Κουρή
GR,37.3855,24.8809,Αγκαθωπές
GR,37.3856,25.2408,Σκίνος
GR,37.3867,23.0685,
GR,37.3867,24.9352,
GR,37.3872,23.0852,
GR,37.388,25.2549,
GR,37.3881,24.9407,Αχλάδι
GR,37.3882,23.0883,
GR,37.3883,23.0814,
GR,37.3888,24.3968,
GR,37.3889,24.4533,Αόσα
GR,37.3892,25.2667,
GR,37.3894,26.7368,Λιμνάρι
GR,37.3898,24.8846,
GR,37.3902,23.0776,
GR,37.3902,24.9453,Παραλία Βάρη
GR,37.3906,23.0928,
GR,37.3909,23.0952,
GR,37.3912,23.1022,
GR,37.3914,23.0767,
GR,37.3921,24.953,
GR,37.3925,25.2414,
GR,37.3928,24.8843,
GR,37.3931,24.3981,Μαρτινάκια
GR,37.3941,25.2647,
GR,37.3943,25.2558,
GR,37.3945,24.3963,
GR,37.3954,24.4632,Λαγκούση
GR,37.3958,23.1069,
GR,37.3962,24.4729,Βασιλικό
GR,37.3967,24.4576,Άγιος Στέφανος
GR,37.3969,24.9608,Σαντορινιοί
GR,37.3972,24.8814,
GR,37.3979,24.4655,
GR,37.3981,23.1098,
GR,37.3984,24.4663,Αγκορίτσα
GR,37.3993,24.4696,Άγιος Ιωάννης
GR,37.3998,24.3992,Επισκοπή
GR,37.4011,23.1119,
GR,37.4016,25.2295,
GR,37.4017,25.2188,
GR,37.4027,25.221,
GR,37.4037,25.2338,
GR,37.4039,25.2265,Λυγιάς
GR,37.4051,25.2138,
GR,37.4055,22.757,Πλαζ Παράλιου Άστρους
GR,37.4075,25.3493,Παράγκα
GR,37.4076,25.3127,Πατέρα Πλάκα
GR,37.4093,25.348,Αγία Άννα Παράγκας
GR,37.4099,25.236,
GR,37.4101,25.3568,Paradise Beach
GR,37.4105,24.964,
GR,37.4107,23.1133,Λεπίτσα
GR,37.4113,25.3165,
GR,37.4118,22.7616,Πλαζ Παράλιου Άστρους
GR,37.4126,24.3972,Απόκρουσης
GR,37.4126,25.2129,
GR,37.4131,25.2374,
GR,37.4138,25.3442,Πλατύς Γιαλός
GR,37.4139,22.7639,Πλαζ Παράλιου Άστρους
GR,37.4141,24.3792,Παραλία Κολώνα
GR,37.4146,22.7682,
GR,37.4148,25.369,Plintri
GR,37.4149,25.2123,Αγία Τριάδα
GR,37.4151,23.4599,
GR,37.4152,24.383,
GR,37.4153,24.9656,
GR,37.4154,25.3376,Ψαρρού
GR,37.4155,22.7669,
GR,37.4156,25.2371,
GR,37.4161,23.4613,
GR,37.4168,23.1234,
GR,37.4174,24.9617,
GR,37.4175,25.3262,
GR,37.4176,24.3748,
GR,37.4178,23.4649,
GR,37.4182,23.4662,
GR,37.4183,24.3733,
GR,37.4193,24.9566,
GR,37.4194,25.3126,
GR,37.4196,24.8741,Παραλία Αρμεός
GR,37.4203,23.4735,
GR,37.4209,23.4765,
GR,37.4211,25.383,Αγράρι
GR,37.4216,25.3107,Άγιος Ιωάννης
GR,37.4218,24.9551,
GR,37.4219,24.8775,Παραλία Γαλησσά
GR,37.422,23.479,
GR,37.4223,25.3896,Ελιά
GR,37.4224,25.3234,Ορνός
GR,37.4225,25.386,
GR,37.4226,25.4017,
GR,37.4235,25.4021,
GR,37.4242,25.4025,Καραπέτης
GR,37.4248,24.9527,
GR,37.4251,24.9733,
GR,37.4253,22.7656,Ατσίγγανος
GR,37.4255,25.3047,Κάπαρη
GR,37.4263,24.9792,
GR,37.4265,25.209,
GR,37.4266,25.3218,Κόρφος
GR,37.4279,23.134,Παραλία Φούρνων
GR,37.4282,24.4415,Λιβαδάκι
GR,37.4285,24.45,Μικρό Λιβαδάκι
GR,37.4287,23.5068,
GR,37.4301,24.9502,Βαθύ Γιαλούδι
GR,37.4313,23.5142,
GR,37.4315,25.413,Λούλος
GR,37.432,23.5162,
GR,37.4332,25.4048,Sentu Mykonos
GR,37.4332,25.4061,Καλό Λιβάδι
GR,37.434,23.1328,
GR,37.4351,25.4203,Αγία Άννα Καλαφάτης
GR,37.4366,21.6458,
GR,37.4371,23.5164,
GR,37.4382,24.4305,
GR,37.4385,24.4342,Αγία Ειρήνη
GR,37.4389,25.3263,Μεγάλη Άμμος
GR,37.4397,22.7491,Παραλία Βερβένων
GR,37.4401,25.4212,Καλαφάτη
GR,37.4415,24.4257,
GR,37.4426,24.946,
GR,37.4427,25.3267,
GR,37.4432,24.8962,Παραλία Λωτό
GR,37.4436,25.3257,Άγιος Χαράλαμπος
GR,37.444,22.7482,Παλιόχανο
GR,37.4449,25.4364,Λιά
GR,37.4451,24.4267,Σκινάρι
GR,37.4451,25.4409,Τσαγκάρη
GR,37.4456,25.326,
GR,37.4458,24.8997,Κίνι
GR,37.4458,25.4513,Φραγκιά
GR,37.4467,23.1244,Παραλία Σαλάντι
GR,37.4474,25.3279,
GR,37.4475,24.8999,
GR,37.4478,24.4289,Μαρούλα
GR,37.4481,24.9482,
GR,37.4489,25.3298,Αγία Άννα
GR,37.4492,24.9487,
GR,37.4495,26.9471,
GR,37.4498,25.457,
GR,37.4514,25.327,
GR,37.4522,26.9727,Τσαγκάρι
GR,37.4526,22.7462,Καρακατσάνης
GR,37.4528,24.4288,Καβουροχέρι
GR,37.4533,23.0707,
GR,37.4542,26.9605,Γαδουρόλακκος
GR,37.4555,26.9625,Παραλία Σπηλιάσ
GR,37.4569,25.4598,Κάτω Τηγάνι
GR,37.4574,24.8993,
GR,37.4576,26.9675,
GR,37.4579,26.9953,Βαθύ Πηγάδι
GR,37.458,24.4282,
GR,37.4582,25.3287,
GR,37.4583,22.7463,
GR,37.4583,26.9661,
GR,37.4585,26.9852,Πάλος
GR,37.4593,24.8981,
GR,37.4598,24.429,Ποταμιά
GR,37.4599,24.9492,
GR,37.4606,25.3287,Τούρλος
GR,37.4612,25.4605,Τηγάνι
GR,37.4615,24.4337,Άγιος Σώστης
GR,37.4616,24.433,Agios Sostis
GR,37.4618,25.3757,Φτελιά
GR,37.462,24.4341,Agios Sostis
GR,37.4623,26.9998,
GR,37.4645,24.9492,
GR,37.4647,25.3802,Ταρσανάς
GR,37.4649,26.9912,
GR,37.4669,24.4103,Σκλαβός
GR,37.4683,24.8962,Βαρβαρούσα
GR,37.4689,25.3184,Άγιος Στέφανος
GR,37.4691,25.459,
GR,37.4706,25.4324,
GR,37.4708,26.9731,
GR,37.4711,24.4332,
GR,37.4711,25.4454,
GR,37.4714,25.4287,Μερχιά
GR,37.4721,26.9409,
GR,37.4721,26.9796,
GR,37.4723,24.9469,
GR,37.4723,25.4378,παραλία Σωκράτης
GR,37.4727,24.9018,
GR,37.4738,23.4865,
GR,37.4739,25.4288,
GR,37.4744,25.313,Χουλάκια
GR,37.4747,23.4798,
GR,37.4756,25.3615,Πάνορμος
GR,37.4767,22.7328,Παραλία Ξηροπήγαδου
GR,37.4779,24.9463,
GR,37.4782,24.8984,
GR,37.4785,22.7318,
GR,37.4785,23.4762,
GR,37.4795,22.7317,
GR,37.48,23.9138,
GR,37.4805,23.0442,Μικρή Βουρλιά
GR,37.481,25.3607,
GR,37.4811,25.4105,Φωκός
GR,37.482,23.9099,
GR,37.4821,22.7307,
GR,37.4835,25.4056,Μερσίνη
GR,37.4836,22.7295,
GR,37.4836,23.9219,
GR,37.4841,25.3598,Άγιος Σώστης
GR,37.4843,23.4749,Αλυκή
GR,37.4843,24.9462,
GR,37.4856,25.3609,
GR,37.4863,24.8992,Αη Λουκάς
GR,37.4863,24.8993,
GR,37.4863,25.3632,
GR,37.4878,25.3607,
GR,37.488,22.7269,Νεκροταφείο
GR,37.4883,23.4689,Πλάκα
GR,37.4893,24.9014,Λεία
GR,37.4905,25.3607,
GR,37.4907,24.9406,
GR,37.4927,25.3238,
GR,37.4942,24.8997,Μέγας Λάκος
GR,37.4947,22.7278,
GR,37.4955,22.9898,
GR,37.4961,22.7288,Βίλες
GR,37.4968,25.3385,
GR,37.497,24.8983,Μαρμάρι
GR,37.497,25.3387,
GR,37.4976,22.7298,
GR,37.4989,24.8954,Αμερικάνου
GR,37.4993,24.888,Γράμματα
GR,37.5012,24.919,
GR,37.5013,24.9266,
GR,37.5014,22.9873,
GR,37.5017,24.915,
GR,37.5025,21.6037,
GR,37.5037,23.4588,Άγιος Στέφανος
GR,37.5043,22.9859,
GR,37.5043,23.4746,
GR,37.5043,23.4839,
GR,37.5045,23.4838,
GR,37.505,23.4814,
GR,37.505,23.4829,Μοναστήρι
GR,37.5062,23.4723,
GR,37.5066,23.4595,Κανάλι
GR,37.5067,23.4717,
GR,37.5082,22.8627,
GR,37.5083,23.466,
GR,37.5084,23.4474,Μικρό Νεώριο
GR,37.5084,23.468,Ασκέλι
GR,37.5085,23.4476,Μικρό Νεώριο
GR,37.512,23.4446,
GR,37.5127,23.4439,Μεγάλο Νεώριο
GR,37.5134,22.7376,Ανάβαλος
GR,37.5145,22.9796,
GR,37.5149,23.4387,Love Beach
GR,37.5171,22.9681,Παραλία Κάντιας
GR,37.5175,26.0565,
GR,37.5184,23.4359,Παραλία Ρώσικος Ναύσταθμος
GR,37.5197,22.9408,Παραλία Διονύσου
GR,37.5198,22.9446,Παραλία Προμηθέα
GR,37.5206,22.8613,
GR,37.5222,23.5028,
GR,37.5225,23.4289,
GR,37.524,22.7337,
GR,37.5262,22.7311,
GR,37.5263,22.7309,Παραλία Κιβερίου
GR,37.5269,22.8675,Psili Ammos beach
GR,37.5273,22.9355,Παραλία Κονδύλι
GR,37.5281,22.8723,Καστράκι
GR,37.5286,22.88,Παραλία Ασίνης
GR,37.5293,22.7313,
GR,37.5293,25.1981,
GR,37.5298,25.1796,Αγιος Φωκάς
GR,37.5308,22.8878,Πλάκα Δρεπάνου
GR,37.5312,23.4832,Βαγιονιά
GR,37.5316,24.2999,Σχίνος
GR,37.5318,25.2114,Άγιος Σώστης
GR,37.5323,25.1661,Αγκάλη
GR,37.533,25.216,Αγία Κυριακή
GR,37.5332,22.9316,
GR,37.5337,26.5038,Βλυχάδα
GR,37.5338,23.3363,
GR,37.5344,25.2197,Άγιος Ιωάννης Πόρτο
GR,37.5367,26.4999,Κασίδι
GR,37.5375,23.346,
GR,37.538,24.3101,Στέφα
GR,37.5384,26.4978,
GR,37.5398,24.2763,Πετρούσα
GR,37.5406,25.1546,
GR,37.5408,21.5629,
GR,37.5414,25.1509,
GR,37.5417,22.8204,Καραθώνα
GR,37.5422,25.2291,Παχιά άμμος
GR,37.544,26.5063,Βιτσιλιά
GR,37.5451,25.1491,Παραλία Σταυρός
GR,37.5458,23.384,Ακτή Αγάπης
GR,37.5469,25.2272,
GR,37.5498,24.2759,Αβύθου
GR,37.5502,24.3201,Μαβιά
GR,37.5504,25.1255,
GR,37.5505,23.3667,
GR,37.5511,25.1427,Τσαμπιά
GR,37.5513,23.2814,Βοτσαλάκια
GR,37.5519,23.2791,
GR,37.5519,25.1205,Εμπρος Διαλισκάρ
GR,37.5524,22.8084,Νεράκι
GR,37.5526,25.1377,Κιόνια
GR,37.5529,24.322,Βλαντή
GR,37.5531,24.2762,Λιπαρό
GR,37.5531,25.1355,
GR,37.5533,24.3235,
GR,37.5533,25.1347,
GR,37.5534,25.1157,Πίσω Διαλισκαρ
GR,37.5535,25.1306,Πλατιά Άμμος
GR,37.5535,25.1339,
GR,37.5542,22.72,
GR,37.5552,25.2297,Λυχναυτιά
GR,37.5556,24.3256,Καλησκιά
GR,37.5565,22.7177,Παραλία Μύλων
GR,37.5586,26.1249,Φυρόδη
GR,37.5593,26.4887,
GR,37.5594,26.1406,Σευχέλες
GR,37.5595,26.5,
GR,37.5596,24.3299,Μικρές Πόλες
GR,37.5603,24.3324,Μεγάλες Πόλες
GR,37.5606,26.4878,Πετροκόπι
GR,37.561,25.1119,Πανούσα
GR,37.5626,26.4831,Ελιδάκι
GR,37.5629,22.7989,Παραλία Αρβανιτιά
GR,37.5637,26.4983,
GR,37.5638,25.2344,Σάντα Μαργαρίτα
GR,37.5642,24.2798,Καμπί
GR,37.5658,24.342,
GR,37.5677,25.2396,Αγιος Δημήτριος
GR,37.5697,22.7911,
GR,37.5697,26.4771,Καμπί
GR,37.5701,22.7912,
GR,37.5703,23.3602,
GR,37.5709,25.1113,Άγιος Ρωμανός
GR,37.571,26.4748,
GR,37.572,24.281,Λυγιά
GR,37.5723,26.4523,
GR,37.5744,26.4541,
GR,37.5751,26.4952,
GR,37.5757,25.1047,Απηγανιά
GR,37.5758,26.4545,
GR,37.5766,26.4793,
GR,37.577,25.2481,
GR,37.5772,26.4406,
GR,37.5773,23.3899,Παραλία Νισάκι
GR,37.5773,24.2809,Χυλιαμόδου
GR,37.5774,26.4401,
GR,37.5775,21.5152,
GR,37.5785,25.2485,
GR,37.5787,24.3586,Άγιος Φίλιππος
GR,37.5791,22.7355,Παραλία Τημενίου
GR,37.5792,25.2485,
GR,37.5794,24.28,Φρέας
GR,37.5794,26.4546,
GR,37.5795,25.1021,Καντάνη
GR,37.5796,26.454,
GR,37.58,25.1004,
GR,37.5801,24.2758,
GR,37.5809,24.2781,Κούνδουρος
GR,37.5819,24.2707,
GR,37.5819,25.0975,
GR,37.5823,25.0954,
GR,37.5825,24.2703,
GR,37.5828,22.7439,Παραλία Νέας Κίου
GR,37.5828,22.7462,
GR,37.5829,22.7461,
GR,37.5829,25.0915,
GR,37.5831,26.4759,
GR,37.5831,26.4939,
GR,37.5841,23.2409,Νησίδα
GR,37.5849,26.4933,
GR,37.5869,25.0848,Άγιος Πέτρος
GR,37.5874,26.4887,Κουμαρά
GR,37.5882,26.4788,
GR,37.5883,25.0821,
GR,37.5891,26.5057,
GR,37.5897,26.2521,παραλία
GR,37.5902,26.2535,παραλία
GR,37.5903,23.4026,
GR,37.5908,26.4879,
GR,37.5909,26.4298,
GR,37.5916,25.0734,Καλύβια
GR,37.5917,26.5441,
GR,37.5918,24.271,
GR,37.5923,26.4803,
GR,37.5923,26.506,
GR,37.5931,24.3704,Τηλέγραφος
GR,37.5934,26.4526,
GR,37.5934,26.5449,
GR,37.5935,24.2715,
GR,37.5936,26.4879,
GR,37.5942,26.4809,
GR,37.5954,25.068,Γιαννάκη
GR,37.5958,24.374,
GR,37.5972,26.5189,
GR,37.5977,26.0332,
GR,37.5983,26.4857,
GR,37.5984,26.4782,
GR,37.5986,26.5326,
GR,37.599,24.3767,
GR,37.5994,21.476,
GR,37.5994,26.4375,
GR,37.5996,26.5514,
GR,37.5998,24.2766,Πoίσσες
GR,37.5998,24.7358,5ος Όρμος
GR,37.5999,26.2683,Συρτικό
GR,37.6014,26.516,
GR,37.6015,26.5573,
GR,37.6016,26.5335,
GR,37.6024,24.7349,4ος Όρμος
GR,37.6027,26.5578,
GR,37.6033,25.0549,Κουσίνια
GR,37.606,24.7352,3ος Όρμος
GR,37.6064,26.2848,
GR,37.6067,26.5354,
GR,37.6075,24.7341,2ος Όρμος
GR,37.608,24.272,Βρόσκοπος
GR,37.6091,24.3854,Ορκός
GR,37.6098,24.7363,1ος Όρμος
GR,37.6099,25.2385,
GR,37.6101,25.2372,Λιβάδα
GR,37.6101,25.2396,
GR,37.6129,24.7373,Όρμος Μηδέν
GR,37.6134,25.0442,Σχοινάκι
GR,37.6148,25.0435,Όρμος Υστερνίων
GR,37.6179,24.2779,Καλόγηρος
GR,37.6184,24.3917,Ψαθί
GR,37.6188,26.5284,
GR,37.6192,24.7052,
GR,37.6193,26.3037,Πριόνι
GR,37.6204,24.7387,
GR,37.6223,26.0591,Νας
GR,37.6224,26.3051,
GR,37.6225,24.3932,
GR,37.6226,25.0296,Άσπρος Γυαλός
GR,37.6228,24.2807,Καλαμίτσι
GR,37.623,26.3054,
GR,37.6239,26.5144,
GR,37.6253,23.1564,Γκλιάτη
GR,37.6255,26.5118,
GR,37.6259,25.0191,Βαθύ
GR,37.626,26.197,Κυπαρίσσι
GR,37.6263,24.3947,Συκαμιά
GR,37.6269,26.4983,
GR,37.627,26.1891,
GR,37.6283,26.5047,
GR,37.6286,26.1838,
GR,37.6294,26.2081,
GR,37.6298,24.2852,Μαυραμπέλι
GR,37.6304,25.1418,Κολυμπήθρα
GR,37.6306,26.0974,Μεσακτή
GR,37.6306,26.7892,
GR,37.6309,21.4272,
GR,37.6309,26.0913,Λιβάδι
GR,37.631,25.1453,Μικρή Κολυμπήθρα
GR,37.6312,26.17,Φύτεμα
GR,37.6313,25.0137,
GR,37.6314,26.3156,Αγάλιασμα
GR,37.6315,26.1613,Κάμπος
GR,37.6319,26.158,Παρθένι
GR,37.6319,26.1783,
GR,37.6321,25.013,
GR,37.633,25.1514,Αποθήκες
GR,37.6335,26.0883,Αρμενιστής
GR,37.635,25.1874,Σκληρός
GR,37.6354,25.1386,Μαντροκλήσι
GR,37.6361,24.2877,
GR,37.6365,24.3988,Ψιλή Άμμος
GR,37.6367,23.1617,
GR,37.637,26.2251,Aris Potamos
GR,37.6375,24.4011,Καληδονύχι
GR,37.6378,26.8429,Κακόρεμα
GR,37.638,21.4168,Spiaggia
GR,37.6389,26.8627,Κυριακού
GR,37.6391,25.0796,Βαθύ
GR,37.6392,26.8068,
GR,37.6393,24.2899,Ξύλα
GR,37.6394,26.8083,
GR,37.6399,26.804,
GR,37.64,26.8056,
GR,37.6401,25.1285,Πλατύς Γιαλός
GR,37.641,23.1594,Παραλία Βαγιωνία
GR,37.6417,23.162,Καλαμάκι
GR,37.6431,25.1275,
GR,37.6435,21.3193,
GR,37.6436,26.2351,Τράχηλα
GR,37.6448,24.993,
GR,37.6453,26.8829,
GR,37.6464,24.4012,Σπαθί
GR,37.6466,21.3941,
GR,37.6476,26.5192,
GR,37.6477,26.5195,
GR,37.6478,25.0587,Ρόχαρη
GR,37.6484,23.165,
GR,37.6489,20.8158,Μεγάλη Μυζήθρα
GR,37.6503,26.7856,Παραλία Βεργής
GR,37.6511,24.4077,Σιδερού
GR,37.6517,24.0286,
GR,37.6519,24.1041,
GR,37.6532,25.0501,Σταφίδα
GR,37.6533,20.8118,
GR,37.6541,24.0245,Sounion Beach
GR,37.6542,26.252,
GR,37.6546,26.8818,Pappa Beach
GR,37.6551,23.1637,"Παραλία ""Παναγιά Πολέμαρχος"""
GR,37.6552,26.882,Pappa Beach
GR,37.6557,23.9577,
GR,37.6566,23.9562,
GR,37.6567,21.3393,
GR,37.6572,24.0154,
GR,37.6577,24.0208,Άγιος Πέτρος
GR,37.6583,24.3142,
GR,37.6585,24.2999,
GR,37.6585,26.3386,Κεραμέ
GR,37.6586,26.7818,Αράπης
GR,37.6596,23.9791,Παραλία ΚΑΠΕ
GR,37.6596,24.033,
GR,37.6596,26.3395,
GR,37.6597,23.9821,
GR,37.6597,25.0607,Παραλία Καβαλουρκό
GR,37.6597,26.8828,
GR,37.6598,25.0569,Παραλία Αγία Θάλασσα
GR,37.6599,23.9778,Unofficial Nudist Beach
GR,37.6601,24.0335,
GR,37.6612,23.9835,Legrena
GR,37.6617,23.9965,
GR,37.6621,24.3989,Καστριανή
GR,37.6623,23.9863,
GR,37.6624,24.3213,Γιαλισκάρι
GR,37.6627,23.9901,Λεγρενά
GR,37.6631,26.8824,
GR,37.6637,26.2709,
GR,37.6638,21.3103,
GR,37.6639,24.9995,Παραλία Μαλλί
GR,37.6645,24.0373,
GR,37.665,21.3096,Άγιος Ανδρέας
GR,37.6653,26.8845,İreo beach
GR,37.6658,23.9721,Χάρακας
GR,37.6659,25.0003,Μαλλί
GR,37.6663,24.3283,
GR,37.6664,24.0402,
GR,37.6667,21.3036,
GR,37.667,26.8856,
GR,37.6672,21.3045,Ματζάκουρα
GR,37.669,24.0447,
GR,37.6699,24.3217,
GR,37.67,24.0491,
GR,37.6705,24.9747,
GR,37.6706,25.0166,
GR,37.6711,20.8502,Παραλία Μαραθιά
GR,37.6723,25.0016,Κουμελ;άς
GR,37.6723,26.3516,
GR,37.6726,23.1522,
GR,37.6732,26.2874,
GR,37.6738,24.0498,Ασημάκη
GR,37.6746,24.0574,
GR,37.6752,24.3506,Οτζιάς
GR,37.6755,24.3263,
GR,37.6756,23.3273,
GR,37.6759,26.8953,
GR,37.6762,24.0596,Τσίου
GR,37.6764,26.3605,Παραλία - ΤΟΥ ΚΟΝΤΟΥ ΤΟ ΛΑΚΩΜΑ
GR,37.6776,23.1514,
GR,37.6779,23.4781,Κλειδί
GR,37.6784,24.0541,΄Πασά
GR,37.6787,23.4874,
GR,37.6792,23.4703,
GR,37.6802,23.9417,
GR,37.6805,24.0643,Πούντα Ζέζα
GR,37.6805,24.3282,
GR,37.6808,24.3567,Λαδού
GR,37.6808,26.3103,
GR,37.6811,26.3115,
GR,37.6811,26.3301,
GR,37.6814,26.5904,Beach Ioannis
GR,37.6815,26.3291,
GR,37.6816,23.9412,
GR,37.6819,26.5886,Agiannni Beach
GR,37.6822,26.322,
GR,37.6823,26.7633,
GR,37.6826,24.3572,
GR,37.6827,26.3193,
GR,37.683,23.1541,
GR,37.683,26.9103,
GR,37.6834,26.6195,
GR,37.6837,20.8708,
GR,37.6838,24.3457,
GR,37.684,26.6175,
GR,37.6842,20.7707,Παραλία Πλακάκι
GR,37.6842,23.3233,
GR,37.6842,26.6203,
GR,37.6844,24.3464,
GR,37.6845,20.8361,Keri beach
GR,37.6849,23.4634,παραλία του Σαρπά
GR,37.6852,26.6203,Ag. Nikolaos
GR,37.6854,23.3216,
GR,37.6861,21.3129,
GR,37.6864,26.3514,Ιερό
GR,37.6864,26.3622,
GR,37.6869,21.3123,
GR,37.6872,23.9375,
GR,37.6873,23.3267,
GR,37.6874,21.3127,
GR,37.6875,20.8685,Παραλία Μαραθονήσι
GR,37.6875,23.327,
GR,37.688,26.9427,
GR,37.6883,26.3641,
GR,37.6884,26.3641,
GR,37.6887,23.5097,
GR,37.6888,26.7574,
GR,37.6889,24.9549,
GR,37.689,26.9302,Πυθαγόρειο
GR,37.6891,26.3637,
GR,37.6895,23.5115,
GR,37.69,26.9362,
GR,37.6901,23.9386,
GR,37.6902,23.4542,
GR,37.6903,24.126,
GR,37.6907,26.9458,
GR,37.691,26.9473,
GR,37.692,21.3167,Παραλία Λεβεντοχωρίου
GR,37.6924,23.45,
GR,37.6926,23.9378,
GR,37.6928,26.9609,
GR,37.693,26.7559,
GR,37.6933,26.6317,Beach Limnionas
GR,37.6933,26.9619,
GR,37.6942,26.963,
GR,37.6945,23.4328,
GR,37.6949,23.4648,
GR,37.6949,26.7542,
GR,37.6951,20.8406,Καμαρωτή
GR,37.6952,23.9378,
GR,37.6959,21.3181,
GR,37.6959,23.4342,
GR,37.6962,23.9381,
GR,37.6966,23.3317,Δραγονέρα
GR,37.6971,23.9377,
GR,37.6978,23.468,Αιγινήτισσα
GR,37.6979,26.7481,
GR,37.6982,23.3326,
GR,37.6984,26.9686,Παραντάις
GR,37.6985,23.3325,
GR,37.6989,26.5834,Plaka Beach
GR,37.6993,21.3176,Skafidia Beach
GR,37.7002,23.3721,
GR,37.7009,23.5199,
GR,37.701,23.3328,
GR,37.701,23.373,Χαλικιάδα
GR,37.7011,23.9395,
GR,37.7014,23.3333,
GR,37.702,23.9397,
GR,37.7021,24.0623,
GR,37.7025,23.3342,
GR,37.7025,23.9397,
GR,37.703,23.3346,
GR,37.703,26.6439,Ψιλή Άμμος
GR,37.7034,26.7315,Καλαδάκια
GR,37.7036,23.3718,Skliri Beach
GR,37.7037,23.9393,Θυμάρι
GR,37.7037,24.9524,Στενο (Σταυρος)
GR,37.7047,26.5855,Plaka Beach
GR,37.705,26.6538,Handaki
GR,37.7052,26.6582,Aspres
GR,37.7053,26.6612,Beach Aspres
GR,37.7054,23.3711,
GR,37.7058,20.9838,Παραλία Γέρακας
GR,37.706,21.3196,
GR,37.706,27.0044,
GR,37.7063,26.6663,Koukounara
GR,37.7069,26.9995,
GR,37.7071,23.368,
GR,37.7074,27.0332,
GR,37.7077,26.9942,
GR,37.7078,23.3388,
GR,37.7078,27.0176,Ψιλή Άμμος
GR,37.7083,26.68,Κάμπος Μαραθοκάμπου
GR,37.7088,23.3398,
GR,37.7096,27.0451,
GR,37.7097,23.3634,
GR,37.7098,26.6919,Tripiti
GR,37.7101,26.702,
GR,37.7109,23.3573,
GR,37.7112,23.3529,
GR,37.7123,23.3437,
GR,37.7123,23.3477,
GR,37.7125,20.8596,
GR,37.7136,20.8653,
GR,37.7136,27.0575,
GR,37.7138,27.0567,
GR,37.7141,20.9674,
GR,37.7147,23.4629,Παραλία Μαραθώνα Β
GR,37.7148,27.0652,
GR,37.7149,21.3156,Παραλια Αγιου Ηλια
GR,37.7164,23.9256,
GR,37.7167,20.8622,
GR,37.7167,20.9904,
GR,37.7168,23.9454,
GR,37.7171,20.9896,Πόρτο Ρώμα
GR,37.7172,24.1404,
GR,37.7177,20.7286,Korakonisi
GR,37.7177,20.9892,
GR,37.7181,23.9219,Παραλία Αγίου Νικολάου
GR,37.7182,20.9636,
GR,37.7185,23.4594,Παραλία Μαραθώνα
GR,37.7191,23.9246,
GR,37.7195,23.9125,Σκαλάκια Αναβύσσου
GR,37.7196,24.0622,
GR,37.7197,23.4586,Παραλία Μαραθώνα Α
GR,37.7198,20.9605,
GR,37.7207,20.9548,Dafni Beach
GR,37.7211,20.9878,Μαυράτζης
GR,37.7213,26.5726,
GR,37.7215,23.5288,
GR,37.7226,23.9083,FKK Beach
GR,37.7227,23.9082,FKK Beach
GR,37.7227,24.9136,
GR,37.7228,23.9393,Παραλία Αναβύσσου
GR,37.7231,23.9081,Unofficial Nudist Beach
GR,37.7237,23.5337,
GR,37.725,20.9382,Σεκάνια
GR,37.7258,23.1258,
GR,37.727,20.9899,St. Nicholas Beach
GR,37.7272,23.1252,
GR,37.7276,23.5384,
GR,37.7278,23.9071,Εδέμ
GR,37.7284,20.8829,Laganas beach
GR,37.7286,20.71,Porto Roxa
GR,37.7291,27.0358,
GR,37.7299,20.987,Πλάκα/Περιβολάκια
GR,37.7304,20.9859,Πλάκα/Περιβολάκια
GR,37.7314,23.9043,Ν.Ο. Μαύρο Λιθάρι
GR,37.7315,23.9043,
GR,37.7323,23.9036,
GR,37.7328,24.1472,
GR,37.7329,23.1182,
GR,37.7329,23.9037,
GR,37.7336,20.976,Banana Beach
GR,37.7348,24.1487,
GR,37.7358,23.5397,
GR,37.7359,23.9046,Παραλία Μαύρο Λιθάρι
GR,37.7368,20.9052,
GR,37.737,20.9162,
GR,37.7371,20.9087,Kalamaki Beach
GR,37.7398,20.7015,Porto Limnionas
GR,37.7398,20.9606,Πόρτο Ζόρο
GR,37.7405,23.9044,
GR,37.7414,23.9045,
GR,37.7415,23.5363,Αγία Μαρίνα
GR,37.7422,20.9563,Βουρδέρη
GR,37.7424,23.9043,Δεύτερη Παραλία Σαρωνίδας
GR,37.7425,23.4304,
GR,37.7432,20.9539,Πόρτο Καμίνια
GR,37.7432,24.9841,Άγιος Ιωάννης
GR,37.7434,23.4299,
GR,37.7439,21.3064,Παραλία Αγίας Μαρίνας
GR,37.7451,23.5393,
GR,37.7452,23.5495,
GR,37.7454,24.9843,
GR,37.7456,23.542,
GR,37.7458,23.5408,
GR,37.7463,23.5429,
GR,37.7464,23.5441,
GR,37.7464,23.5453,
GR,37.7464,23.547,
GR,37.7467,23.5466,
GR,37.7469,23.5485,Pebblestone Beach
GR,37.7486,23.9049,Κεντρική παραλία Σαρωνίδας
GR,37.7488,23.4247,
GR,37.7491,26.5864,Βάρσαμο
GR,37.7517,23.4236,Παραλία Κολώνα
GR,37.7519,27.0241,Μεγαλη Λακκα
GR,37.7533,21.3044,
GR,37.7541,24.9884,
GR,37.7553,24.0741,
GR,37.7559,26.9579,
GR,37.7578,26.9706,
GR,37.7579,27.0249,Μικρη Λακκα
GR,37.7585,26.9704,
GR,37.7589,24.075,
GR,37.759,23.5593,
GR,37.7604,21.3011,
GR,37.7606,26.9481,
GR,37.7608,23.5618,
GR,37.7612,26.9685,
GR,37.7615,27.0284,Mourtia
GR,37.7623,23.5637,
GR,37.7626,24.0768,
GR,37.7626,26.9678,Ροδίτσες
GR,37.7631,23.1238,
GR,37.7647,23.4236,
GR,37.765,23.4329,Παραλία Ζινόβι
GR,37.7651,23.4396,Παραλία Καμάρες
GR,37.7653,23.1298,
GR,37.7653,26.9647,Γάγγου
GR,37.7656,23.1293,
GR,37.7656,23.4376,
GR,37.7656,23.4421,
GR,37.7659,23.4286,
GR,37.766,23.1285,
GR,37.7663,24.8866,Πλάκα
GR,37.7665,23.4461,
GR,37.7666,23.4467,
GR,37.7667,20.9205,
GR,37.767,20.9193,
GR,37.7675,24.8816,Αμμουδαριά
GR,37.7676,23.1621,
GR,37.7678,23.1621,
GR,37.768,24.88,
GR,37.7682,24.0772,
GR,37.7691,24.9538,
GR,37.7692,21.294,Παραλία Κουρούτα
GR,37.7692,24.8678,
GR,37.7696,26.6354,Μεγάλο Σεϊτάνι
GR,37.771,23.5365,Vagia Beach
GR,37.7718,23.473,
GR,37.7722,26.9199,
GR,37.7723,23.4916,Λουτρά
GR,37.7723,24.0793,Τσονίμα
GR,37.773,23.487,Σουβάλα
GR,37.7733,23.7645,Παραλία Φλέβες
GR,37.7749,23.551,
GR,37.7749,23.5517,
GR,37.7749,23.8998,Ευκάλυπτα
GR,37.776,23.8881,
GR,37.7769,26.6468,Μικρό Σεϊτάνι
GR,37.777,24.8625,
GR,37.7772,23.8888,
GR,37.7777,26.8967,Small lemonákia beach
GR,37.778,24.0824,Καλοπήγαδο
GR,37.7781,23.8872,
GR,37.7781,23.8953,Πεύκο
GR,37.7787,24.9556,Βiντζι
GR,37.779,23.8915,
GR,37.779,24.9574,
GR,37.7793,26.8875,Kokkari Beach
GR,37.7793,26.9824,
GR,37.7802,21.2808,Παραλία Μαραθιάς
GR,37.7802,26.8931,
GR,37.7804,26.8927,
GR,37.7805,26.6522,
GR,37.7817,23.8888,
GR,37.7828,24.9579,Της γριας το πήδημα
GR,37.7828,26.8763,Λεμονάκια
GR,37.7828,26.9816,
GR,37.783,24.8514,Αποθηκες
GR,37.7853,23.887,
GR,37.7859,26.8733,Τσαμαδού
GR,37.7882,23.8828,
GR,37.7882,24.9622,Μπουρός
GR,37.7895,24.0802,Πόρτο Εννέα
GR,37.7904,26.6636,Ποτάμι
GR,37.7907,23.8787,
GR,37.7922,24.0826,Αρμυρίκια
GR,37.7927,23.8772,
GR,37.793,23.8757,
GR,37.7935,23.8753,
GR,37.7935,24.8461,Παλαιοπολη
GR,37.7944,26.9848,Λιβαδάκι
GR,37.7955,26.6885,
GR,37.7959,23.8715,
GR,37.7966,21.2542,
GR,37.7968,23.871,
GR,37.7978,23.8702,
GR,37.7994,23.7888,
GR,37.7997,23.7967,Nudist Beach Not Official
GR,37.7998,24.0758,
GR,37.8006,23.7889,
GR,37.801,23.7923,Unofficial Nudist Beach
GR,37.801,23.867,Γαλάζια Ακτή
GR,37.8022,26.8545,Τσάμπου
GR,37.8025,26.8568,
GR,37.8026,23.7866,Παναγίτσα η Δύτισσα
GR,37.8026,23.8614,
GR,37.8028,23.8595,
GR,37.8053,26.8448,Παραλία Κάμπου Βουρλιωτών
GR,37.8056,23.1664,
GR,37.8056,23.8514,Παραλία Σκάλες Αλθέας
GR,37.8056,24.0622,
GR,37.8057,23.8519,Παραλία Σκάλες Αλθέας
GR,37.8061,23.8498,
GR,37.8063,26.8256,Platana Beach
GR,37.8073,23.8486,
GR,37.8075,23.8487,Παραλία Αλθέας
GR,37.8079,23.7839,
GR,37.8082,23.8469,Ηλιόπουλος
GR,37.8084,26.8163,
GR,37.8085,23.7827,
GR,37.8092,23.7734,Αστέρας
GR,37.8115,23.7777,
GR,37.8115,23.8446,
GR,37.8115,26.7475,
GR,37.8119,24.8275,
GR,37.8122,23.8006,
GR,37.8127,23.7709,
GR,37.8129,24.8271,
GR,37.813,23.8327,
GR,37.8132,23.1604,
GR,37.8137,23.7692,Νηρηίδες
GR,37.8138,23.762,
GR,37.8138,23.7666,
GR,37.8143,24.8257,
GR,37.8144,23.8427,
GR,37.817,24.0524,
GR,37.8172,20.8728,
GR,37.8179,21.1954,
GR,37.8186,23.8357,Λομπάρντα
GR,37.8189,23.7679,Μεγάλο Καβούρι
GR,37.8189,23.8038,
GR,37.8189,24.0487,cocoloco
GR,37.8199,23.8096,Παραλία Βάρκιζας
GR,37.82,23.1521,
GR,37.8212,24.959,Συνετί
GR,37.8213,20.8661,
GR,37.8216,20.8641,
GR,37.8222,24.0457,
GR,37.8224,20.6346,Πόρτο Βρώμη
GR,37.8228,20.6318,
GR,37.823,20.6319,Porto Vromi
GR,37.8233,20.8601,
GR,37.8236,24.7987,
GR,37.8242,23.1452,Καλογερολίμανο
GR,37.825,20.8594,
GR,37.8253,24.048,
GR,37.8262,23.7702,
GR,37.8265,20.8484,Amboula Beach
GR,37.8272,23.7702,
GR,37.8294,20.8406,
GR,37.8299,23.7704,Μικρό Καβούρι
GR,37.8309,21.1508,
GR,37.8316,23.1351,
GR,37.8318,21.1408,
GR,37.8327,24.9472,Λυδι
GR,37.834,23.1297,Μεγάλο Αμόνι
GR,37.8341,23.7689,Β' πλαζ Βούλας
GR,37.8345,24.0496,Κακιά Θάλασσα
GR,37.835,24.7986,
GR,37.8358,23.7479,
GR,37.8358,24.9423,Παραπόρτι
GR,37.8363,23.1267,Μικρό Αμόνι
GR,37.8365,23.7464,
GR,37.8365,24.0479,
GR,37.8367,21.125,
GR,37.8384,24.9379,
GR,37.8385,20.6283,Λευκή Παραλία
GR,37.8388,24.937,
GR,37.8393,20.8214,
GR,37.8395,20.8103,
GR,37.8396,24.9362,
GR,37.8397,23.0651,Λυχνάρι
GR,37.8403,23.76,
GR,37.8405,23.1149,
GR,37.8407,20.773,
GR,37.8409,23.7594,
GR,37.8412,20.8057,
GR,37.8412,21.1127,
GR,37.8414,20.7708,
GR,37.8418,20.7781,Alykanas beach
GR,37.8419,23.7578,
GR,37.842,20.8038,Αμμούδι
GR,37.8423,23.1126,
GR,37.8423,24.9352,
GR,37.8428,20.7678,Αλυκές
GR,37.8429,23.0162,
GR,37.8432,23.0153,Κοκκώσι
GR,37.8444,23.038,Σιδερώνα
GR,37.8445,20.795,
GR,37.8448,20.7637,Alykes beach
GR,37.8449,23.7547,
GR,37.845,20.7938,
GR,37.8458,21.1096,
GR,37.8459,24.791,
GR,37.8462,23.7537,
GR,37.8473,21.1076,Αρκούδι
GR,37.8478,24.7908,
GR,37.8482,24.7907,
GR,37.8483,23.0051,
GR,37.8483,23.7519,
GR,37.8488,23.7405,
GR,37.8497,23.7503,Voula Beach
GR,37.8502,20.7546,
GR,37.851,23.0032,
GR,37.8523,24.7888,
GR,37.8527,24.9391,Γυάλια
GR,37.8548,21.1079,
GR,37.8558,24.7788,Κολώνα
GR,37.8559,24.9396,Πίσω Γυάλια
GR,37.8562,23.7455,
GR,37.8575,23.7498,Balux - The house project
GR,37.8585,24.7833,Μπατσί
GR,37.8591,20.6249,Όρμος του Αγίου Γεωργίου
GR,37.8595,20.6248,Ναυάγιο
GR,37.8603,22.9985,
GR,37.8607,23.7476,Παραλία Γλυφάδας Ακτή Δ
GR,37.8624,23.7452,
GR,37.8631,20.7388,
GR,37.8633,24.0402,
GR,37.8634,24.0402,Πανόραμα
GR,37.8637,24.0401,
GR,37.8638,20.7385,Little Xigia
GR,37.8647,23.7402,Παραλία Γλυφάδας Ακτή Γ
GR,37.8657,21.1076,
GR,37.8663,24.0402,Αυλάκι
GR,37.8666,24.7737,
GR,37.8679,20.7351,Xigia
GR,37.8686,23.736,Παραλία Γλυφάδας Ακτή Β
GR,37.8693,22.998,
GR,37.8718,24.7701,Αγ.Κυπριανός
GR,37.872,24.0222,
GR,37.8733,23.7322,Παραλία Γλυφάδας Ακτή Α
GR,37.8733,24.0343,Νησίδα Κεκροπούλα
GR,37.8737,23.4504,Κόγχη
GR,37.8751,20.6312,
GR,37.8755,23.4577,
GR,37.8755,24.7585,Χρυσή Αμμος
GR,37.8758,24.765,Κυπρί
GR,37.8759,23.4461,Φάρος
GR,37.8759,23.457,
GR,37.8761,23.4568,
GR,37.877,23.4426,Πατητήρι
GR,37.8776,24.0157,
GR,37.8776,24.9536,
GR,37.8777,24.7268,
GR,37.8779,24.7531,Αγιος Πέτρος
GR,37.8782,20.726,Μακρύς Γιαλός
GR,37.8788,24.7365,
GR,37.8794,22.9919,
GR,37.8795,23.4622,Παραλία Αγίου Νικολάου
GR,37.8796,24.0151,
GR,37.8806,24.7473,
GR,37.8808,24.7403,
GR,37.8811,24.0145,
GR,37.8812,23.4404,Αγαμέμνων
GR,37.8826,22.9929,
GR,37.8827,21.1093,Melissa
GR,37.883,24.0147,
GR,37.883,24.7071,
GR,37.8845,23.725,παραλια αγιου αλεξανδρου
GR,37.8849,23.4355,
GR,37.8856,23.7245,
GR,37.8863,20.7178,
GR,37.8872,20.7171,
GR,37.8879,24.7101,
GR,37.8887,24.0087,
GR,37.889,23.4282,Μικρό Λαμπρανό
GR,37.8896,23.4797,
GR,37.8896,24.7115,Κουρταλή
GR,37.8898,20.7153,Vathi Lagadi beach
GR,37.8901,23.7207,Άγιος Κοσμάς
GR,37.8905,23.0074,
GR,37.8911,20.7148,Kremidi beach
GR,37.8914,24.0248,Παραλία Αγίου Σπυρίδωνα
GR,37.8917,23.4839,
GR,37.8919,24.02,
GR,37.8931,24.0178,
GR,37.8933,24.0165,
GR,37.8933,24.0331,Ερωτοσπηλιά
GR,37.8938,24.9512,Αχλα
GR,37.8948,23.0112,
GR,37.8952,20.6463,
GR,37.8957,24.7105,Παραλία Φελού
GR,37.8963,23.7174,
GR,37.8974,23.4851,Πέρανι
GR,37.9002,23.4893,Κύριζα
GR,37.9003,24.8924,Ρόζος
GR,37.9005,20.6523,Παραλία Σελίνας Φιλίππων
GR,37.9007,23.4942,Δημήτρανι
GR,37.9011,20.6538,Ατσίγγανος
GR,37.9011,24.9064,Πλατανιστός
GR,37.9012,23.5128,Ντουλάπι
GR,37.9021,23.4086,Παραλία Κανάκια
GR,37.9025,23.5023,Γυάλα
GR,37.9025,24.8738,Βόρη
GR,37.9028,24.045,Παραλία Αράχνες
GR,37.9033,23.7183,
GR,37.9037,23.5137,Χαρουπιάς
GR,37.904,23.0124,
GR,37.9046,20.7088,Madrakia Beach
GR,37.905,23.5148,Πόρτο Φίνο
GR,37.906,24.8546,Λεύκα
GR,37.9068,24.6979,
GR,37.9069,23.7149,Ακτή του Ήλιου
GR,37.9075,20.7057,Agios Nikolaos-Volimes beach
GR,37.9091,23.7124,Α’ Πλαζ Αλίμου «Στολίδι»
GR,37.9101,24.8396,Ατένι
GR,37.912,24.8365,Ατένι
GR,37.9128,23.5123,Κακή Βίγλα
GR,37.9139,23.0083,Κρυφή
GR,37.9149,24.6978,Πίσω Λιμνιώνας
GR,37.9161,24.0357,
GR,37.9187,24.6956,
GR,37.9194,23.6983,Παραλία Έδεμ
GR,37.9197,23.0108,Καλαμάκι
GR,37.9203,24.0307,
GR,37.9215,23.6954,Παραλία Μπάτη
GR,37.9218,23.0126,
GR,37.9218,24.0139,Παραλία Χαμολιά
GR,37.922,24.6944,Λιμανάκι
GR,37.9222,23.6941,Παραλία Μπάτη
GR,37.9229,24.02,
GR,37.9233,23.6926,Παλμύρα
GR,37.9234,24.0285,Μικρή Χαμολιά
GR,37.9239,24.8338,
GR,37.9253,23.6909,Παραλία Φλοίσβου
GR,37.9259,23.6901,
GR,37.9286,24.0078,
GR,37.9287,24.0072,
GR,37.9288,24.0078,
GR,37.929,24.0086,
GR,37.929,24.6918,
GR,37.9291,24.0068,
GR,37.9291,24.0071,
GR,37.9292,23.5389,
GR,37.9299,21.1255,
GR,37.9301,23.5378,
GR,37.9304,21.1266,
GR,37.9304,23.6474,Παραλία Φρεαττύδος
GR,37.9309,23.5369,
GR,37.9312,23.1469,
GR,37.9322,23.6272,"πλαζ ""Καλαμπάκα"""
GR,37.9325,23.5361,
GR,37.9326,22.9,Κανταρέ
GR,37.9327,24.6942,Καλαμίτσι
GR,37.9344,21.1267,
GR,37.9347,23.1495,Παραλία Αγίων Θεωδώρων
GR,37.9347,24.0129,
GR,37.9353,23.6551,Βοτσαλάκια
GR,37.936,24.8256,Γίδες
GR,37.937,24.0134,Beach Vravrona
GR,37.9375,24.6941,Καμινάκι
GR,37.9379,21.1453,
GR,37.9383,21.1294,
GR,37.9383,24.8256,Βιτάλι
GR,37.9385,22.9161,Καλάμια
GR,37.9397,23.1545,Παραλία Αγίων Θεωδώρων
GR,37.9408,23.6208,Κράκαρης
GR,37.941,23.6671,
GR,37.9411,23.5393,
GR,37.9416,24.6933,Βλυχάδα
GR,37.9428,22.9282,
GR,37.943,24.6921,Βλυχάδα
GR,37.9434,22.9254,
GR,37.9436,22.9302,
GR,37.9451,24.6873,Πύργος
GR,37.947,23.1647,
GR,37.9508,23.1779,
GR,37.9515,24.4955,
GR,37.9522,23.1809,
GR,37.9533,23.1912,
GR,37.9537,22.8323,
GR,37.9538,24.8293,Αρτεμίδι
GR,37.9543,24.5168,
GR,37.9547,24.0111,
GR,37.9553,23.1996,
GR,37.956,24.5195,
GR,37.9574,24.5197,
GR,37.9582,22.966,
GR,37.9604,24.3859,
GR,37.9609,22.9681,
GR,37.9616,24.387,
GR,37.962,24.3874,Σπίθα
GR,37.9633,24.386,
GR,37.9635,24.5267,
GR,37.9643,23.2171,
GR,37.9647,24.0068,
GR,37.965,24.4773,Λευκή Ακτή
GR,37.965,24.6976,
GR,37.9652,22.8023,
GR,37.9652,22.9709,
GR,37.9652,24.3744,
GR,37.9656,23.5562,Παραλία Περάματος
GR,37.9657,24.5274,
GR,37.9667,24.3848,
GR,37.968,24.5307,
GR,37.9682,24.0076,
GR,37.9685,24.3853,Αγία Παρασκευή
GR,37.9686,22.9729,
GR,37.9693,24.3732,
GR,37.9698,24.7914,Ζορκος
GR,37.97,22.9736,
GR,37.97,24.3852,
GR,37.9708,22.974,
GR,37.9712,24.4754,Λουτράκι Μπούρου
GR,37.9715,24.009,
GR,37.9716,24.3909,
GR,37.9717,24.3661,Πηνελόπη
GR,37.9717,24.3878,Λάκα Σαραβάνου
GR,37.9733,23.2908,
GR,37.9733,24.5375,
GR,37.9739,22.9753,
GR,37.9744,23.2398,Παραλία Κινέτας
GR,37.975,23.2856,
GR,37.9752,23.3874,
GR,37.9757,24.5387,
GR,37.976,24.7263,Μικρά Πέζα
GR,37.9762,23.3213,
GR,37.9764,21.2579,
GR,37.9764,24.3957,Μνήματα
GR,37.9768,23.3233,Βαρδάρι
GR,37.9773,23.3306,
GR,37.9774,24.3922,
GR,37.9775,23.3424,
GR,37.9776,24.5461,Πλατύς Γιαλός
GR,37.9783,24.7302,Μεγάλα Πέζα
GR,37.9785,24.3567,
GR,37.9789,24.3526,
GR,37.9791,22.9751,
GR,37.9797,24.4726,Αγία Ειρήνη
GR,37.9799,24.3556,Καλαμίτσι
GR,37.9801,24.3899,
GR,37.9803,22.9738,
GR,37.9807,22.9731,
GR,37.9815,24.0128,Άρτεμις
GR,37.9818,22.9726,
GR,37.9818,24.388,
GR,37.9825,24.3873,
GR,37.9827,24.7849,Μικρογιάλι
GR,37.9832,24.2515,
GR,37.9833,22.9682,
GR,37.9838,24.3864,
GR,37.9842,22.9655,
GR,37.9851,23.435,
GR,37.9851,23.4387,
GR,37.9853,23.4357,
GR,37.9854,23.4361,
GR,37.9854,23.4369,
GR,37.9854,23.438,
GR,37.9855,23.4365,
GR,37.9855,24.3856,
GR,37.9862,24.345,
GR,37.9874,24.5574,Λιβάδι
GR,37.9874,24.7435,Λεφκιβάρι
GR,37.9887,24.4667,
GR,37.9889,24.4663,
GR,37.989,24.0206,
GR,37.9893,24.3854,Ελιά
GR,37.9896,24.5597,Μεγάλη Συκιά
GR,37.9897,24.3385,
GR,37.9905,24.0252,
GR,37.9905,24.0259,
GR,37.9906,24.0244,
GR,37.9916,24.4637,Κάβος
GR,37.9917,24.2337,
GR,37.9944,24.0291,
GR,37.9949,24.3864,Πέρα Κατσούλι
GR,37.9978,24.3891,Κατσούλι
GR,37.9981,23.4791,
GR,37.9994,24.4574,Ακρωτήρι
GR,38.0,24.0247,
GR,38.0021,24.4545,
GR,38.0027,24.3342,
GR,38.0031,24.3348,
GR,38.004,24.3919,Λιβαδάκι
GR,38.0058,24.4441,Μάρμαρα
GR,38.0071,24.5673,Ποτάμι
GR,38.0074,24.4394,Άγιος Αθανάσιος
GR,38.008,24.4365,Άγιος Αντώνιος
GR,38.0084,24.4352,
GR,38.0092,24.402,Γαλλίδα
GR,38.0093,23.4343,Ακρογιάλι
GR,38.0119,24.4111,Κρεμάλα
GR,38.0122,24.4232,
GR,38.0123,22.7518,
GR,38.0123,24.3311,
GR,38.0126,24.4224,
GR,38.0126,24.4248,
GR,38.0127,24.4213,
GR,38.0127,24.4267,Ψιλή Άμμος
GR,38.0136,22.7507,
GR,38.014,22.9163,
GR,38.0141,22.9167,
GR,38.0141,24.3165,Μικρή Κεφάλα
GR,38.0146,22.7497,
GR,38.0147,24.3171,Κεφάλα
GR,38.0159,24.3245,
GR,38.0194,24.0119,Πλαζ Ραφήνας
GR,38.0198,23.4466,
GR,38.0205,22.7403,
GR,38.0233,23.4507,
GR,38.0241,24.5786,
GR,38.0245,24.3063,
GR,38.0257,24.5784,Λινάρι
GR,38.0259,24.3052,Ζάστανα
GR,38.0263,24.0091,´Ορμος Ληδάκι
GR,38.027,22.8729,Πλαζ Λίμνης Ηραίου
GR,38.028,22.8528,
GR,38.0296,24.3048,
GR,38.0302,22.73,
GR,38.0303,24.3047,
GR,38.0332,24.3063,Μεγάλη Άμμος
GR,38.0334,24.0004,Κόκκινο Λιμανάκι
GR,38.036,22.7248,
GR,38.0364,22.7234,
GR,38.0385,24.001,
GR,38.0399,24.0014,
GR,38.0422,23.5812,
GR,38.0454,24.3215,Steni Beach
GR,38.0457,24.5818,
GR,38.0464,21.3181,
GR,38.0506,23.997,
GR,38.052,22.8903,Στέρνα
GR,38.0548,21.3234,Μπρινιά
GR,38.0549,23.0263,Αγία Σωτήρα
GR,38.0553,22.9098,
GR,38.0553,23.0695,
GR,38.0554,23.0204,
GR,38.0555,23.9978,
GR,38.0564,22.9109,Μυλοκοπή
GR,38.0575,23.0744,
GR,38.0598,20.784,Mouda nudist beach
GR,38.0601,22.9159,Μικρή Μυλοκοπή
GR,38.0601,23.0986,
GR,38.0602,22.6657,
GR,38.0604,22.6651,
GR,38.0605,22.6642,
GR,38.0606,22.6635,
GR,38.0627,21.328,Φάλαρι
GR,38.0632,20.7939,Σπίθι
GR,38.064,20.7497,Κατελειός
GR,38.0642,20.7779,Παραλία Καμίνια
GR,38.0654,23.9989,
GR,38.0658,22.9378,
GR,38.0664,20.7536,Παραλία Αγία Βαρβάρα
GR,38.0667,22.9391,Παραλία Σκαλωσιά
GR,38.0668,22.6573,Συκιά
GR,38.0675,22.9916,Πλαζ Αλκυονίδας
GR,38.0676,20.7686,Καμίνια
GR,38.0694,23.9975,DIVERS BEACH
GR,38.0705,24.3007,παραλία Φηγιά
GR,38.0709,20.7993,Σκάλα
GR,38.0709,22.6529,
GR,38.0711,23.9964,LA COSTA
GR,38.0716,22.9891,
GR,38.0723,22.6489,
GR,38.0728,22.6474,
GR,38.0733,22.6456,
GR,38.0744,22.6428,
GR,38.0765,22.9469,
GR,38.0773,22.639,
GR,38.0784,22.9579,
GR,38.0785,22.9586,Λευκή
GR,38.0789,22.6285,
GR,38.0789,22.629,
GR,38.0789,22.6294,
GR,38.079,22.6278,
GR,38.079,22.6296,
GR,38.079,22.6299,
GR,38.0791,22.6305,
GR,38.0792,22.6272,
GR,38.0793,22.631,
GR,38.0794,22.6337,
GR,38.0796,20.8016,
GR,38.0804,20.6903,Κορώνι
GR,38.0818,22.6219,
GR,38.0829,24.2841,Αγία Ειρήνη
GR,38.0867,24.279,Τριανταφυλλένια
GR,38.0876,23.9841,
GR,38.0891,23.1878,
GR,38.0895,23.1851,
GR,38.0895,23.1853,
GR,38.0896,23.1852,
GR,38.0901,24.2663,Λημνιώνας
GR,38.0903,20.6734,Λεύκα
GR,38.0911,23.9825,
GR,38.0914,20.8038,
GR,38.0916,20.559,Νιψιάς
GR,38.0925,24.5782,Αρχάμπολη
GR,38.0926,23.1993,
GR,38.0927,23.9818,
GR,38.0948,23.9813,
GR,38.095,21.3405,Κουνουπελάκι
GR,38.096,24.2476,Porto Lafia
GR,38.0964,20.6594,
GR,38.0965,20.6563,
GR,38.0967,20.5462,Paliolinos beach
GR,38.0976,20.8079,
GR,38.0986,20.5436,Avithos South (nudist)
GR,38.0987,20.6537,
GR,38.1004,23.9807,
GR,38.1009,20.5398,Παραλια Αβυθος Avithos Beach
GR,38.1025,20.6478,
GR,38.1026,21.3502,Κουνουπέλι
GR,38.1028,20.5751,Σπαρτιάς
GR,38.1033,20.533,Λυγιά
GR,38.1037,20.5227,Άγιος Χέλης
GR,38.1045,20.5774,
GR,38.1053,20.5863,Pessada Beach
GR,38.1067,24.206,
GR,38.107,20.5867,
GR,38.1083,23.2171,Ψάθα
GR,38.1091,20.5099,Άμμες
GR,38.1114,20.6367,Λουρδάτα
GR,38.1114,24.2076,
GR,38.1145,23.2184,
GR,38.1155,23.2183,
GR,38.1158,20.6238,Κανάλι
GR,38.1159,20.6001,Άγιος Θωμάς
GR,38.116,20.6025,
GR,38.1161,23.9883,
GR,38.1163,23.2179,
GR,38.1173,23.2168,
GR,38.1175,20.615,Trapezaki naturist beach
GR,38.1177,23.2158,
GR,38.1178,20.6111,Trapezaki port bridge
GR,38.1179,20.6088,Τραπεζάκι
GR,38.1182,23.9917,Παραλία Μαραθώνα
GR,38.123,23.9992,
GR,38.126,24.5824,
GR,38.1265,20.4916,Megali Ammos
GR,38.1266,20.8011,Κάκό Λαγκάδι
GR,38.1268,20.801,
GR,38.1282,24.2006,
GR,38.1306,20.7934,Cronidis Beach
GR,38.1309,20.4934,
GR,38.1312,24.0109,
GR,38.133,20.7917,Λιμένια
GR,38.1343,22.4245,
GR,38.1343,22.4939,
GR,38.1345,22.4936,
GR,38.1348,22.4931,
GR,38.1349,22.4252,
GR,38.1352,22.4255,
GR,38.1354,22.4257,
GR,38.1355,21.3651,Παραλία Καλόγριας
GR,38.1355,22.4847,
GR,38.1357,22.4261,
GR,38.1357,22.4863,
GR,38.1359,22.4264,
GR,38.136,22.4898,παραλία Λυκοποριάς
GR,38.1361,22.4267,
GR,38.1363,22.4272,
GR,38.1364,22.4275,
GR,38.1364,22.4277,
GR,38.1397,24.0349,Παραλία Σχινιά
GR,38.1411,24.4795,Παραλία Καλλιανού
GR,38.1412,23.1848,
GR,38.1412,23.1849,
GR,38.1414,20.4917,
GR,38.142,22.3745,
GR,38.142,24.448,Σχοινοδαύλεια
GR,38.1434,23.2144,
GR,38.1435,23.1933,
GR,38.1435,23.2145,
GR,38.1444,23.2075,
GR,38.1444,23.2076,
GR,38.1451,24.4239,
GR,38.1464,23.2236,Παραλία Πόρτο Γερμενό 2
GR,38.1471,20.7872,
GR,38.1491,22.3572,
GR,38.1494,20.4848,Άσπρος Βράχος
GR,38.1498,23.2247,Παραλία Πόρτο Γερμενό
GR,38.1512,20.7762,Central Square Beach
GR,38.1517,20.4844,Πλατύς Γιαλός
GR,38.1523,23.225,
GR,38.154,20.4805,
GR,38.1543,20.3904,Κουνόπετρα
GR,38.1552,21.5571,
GR,38.1559,20.4027,
GR,38.1564,23.2228,
GR,38.157,26.0085,Παραλία Βρουλίδια
GR,38.1584,24.3422,Παραλία Ακταίου
GR,38.1587,24.3976,Γιαννίτσι
GR,38.1592,20.4767,
GR,38.1603,20.4146,Ξι
GR,38.1603,23.2116,Προσήλι
GR,38.1604,20.4787,Παλιοσταφίδα
GR,38.1605,20.7682,Ράγια
GR,38.1613,20.4278,Μεγας Λακος
GR,38.1622,20.3775,Βραχινάρι
GR,38.1622,22.345,Παραλία Ακράτας
GR,38.1628,21.3665,Sandhill
GR,38.1641,20.4804,Γραδάκια
GR,38.1641,25.9951,Παραλία Αυλωνιά
GR,38.1642,20.3762,Βάτσα
GR,38.1643,24.2107,
GR,38.1645,20.4798,Γραδάκια
GR,38.1664,24.2101,
GR,38.1665,21.3644,
GR,38.1669,24.3288,Βαρελλαίων
GR,38.1684,20.4798,
GR,38.1688,24.2088,
GR,38.1695,20.4799,
GR,38.1711,24.2082,
GR,38.1712,20.4811,Καλάμια
GR,38.1718,26.0243,
GR,38.1722,22.316,
GR,38.1749,22.3362,
GR,38.1761,21.3668,Παραλία Γιανισκάρη
GR,38.1764,20.3512,Λαγκαδάκια
GR,38.1767,20.3502,
GR,38.1768,22.9636,
GR,38.1773,22.9705,
GR,38.1778,20.4398,
GR,38.1781,22.2447,
GR,38.1782,21.4908,
GR,38.1786,24.2076,
GR,38.179,20.7555,
GR,38.1793,23.0484,Λαιμός
GR,38.1795,22.2343,Παραλία Πούντα
GR,38.1799,22.2175,
GR,38.1821,23.1428,
GR,38.183,21.3672,Μικρό Γιανισκάρι
GR,38.1839,22.2125,Παραλία Εγκάλη
GR,38.1847,26.029,Μαύρα Βόλια
GR,38.1848,24.2009,
GR,38.1854,20.4727,
GR,38.1875,23.0397,
GR,38.1886,20.4702,Παραλία Κόλπος Κορμοράνων
GR,38.1902,24.0639,Θέρετρο Αξιωματικών Ναυτικού
GR,38.1904,20.47,
GR,38.1911,25.9516,Karynta beach
GR,38.1919,20.4725,
GR,38.1925,23.0909,Παρ. Κορομίλι
GR,38.1933,23.0511,
GR,38.1945,21.4261,
GR,38.1946,25.9529,Παραλία Καρύντα
GR,38.1947,21.3719,
GR,38.1949,20.3438,Παραλία Γιαλισκάρι
GR,38.1956,20.4401,
GR,38.1957,22.2038,
GR,38.198,22.2013,
GR,38.1981,24.2716,
GR,38.2005,26.0427,Κώμη
GR,38.2011,22.1779,Τρυπιά
GR,38.2025,22.184,
GR,38.2027,20.4873,
GR,38.2028,22.1909,
GR,38.2028,23.0373,
GR,38.2036,22.1873,
GR,38.206,21.3735,
GR,38.2061,26.0608,Lilikas
GR,38.2064,25.9266,Παραλία Κάτω Φανά
GR,38.2067,23.1128,Παραλία Λιβαδόστρας
GR,38.2106,23.0261,Άγιος Νικόλαος
GR,38.2127,25.9123,Αγία Δύναμη
GR,38.2146,25.9135,agia dinami
GR,38.216,21.3772,
GR,38.2174,20.3546,Πλατιά Άμμος
GR,38.2207,25.9083,
GR,38.2211,20.3564,
GR,38.2211,25.9033,Paralia Traxyli
GR,38.2215,25.9147,Σαλάγωνα
GR,38.2217,20.439,
GR,38.2218,24.0302,
GR,38.2223,24.0296,
GR,38.2226,25.9085,
GR,38.2228,22.1485,Νικολαίικα
GR,38.2239,25.894,Παραλία Αυλωνία
GR,38.2241,24.0277,
GR,38.2254,22.8759,
GR,38.227,20.7102,
GR,38.2284,22.8289,
GR,38.2295,22.8173,
GR,38.2298,22.1466,
GR,38.2314,20.4704,Λυγιά
GR,38.2325,22.1435,
GR,38.2325,22.8048,
GR,38.2327,22.8619,
GR,38.2327,22.8662,
GR,38.2332,22.8641,
GR,38.2343,22.1422,
GR,38.2347,22.7921,
GR,38.2358,22.8943,
GR,38.2363,22.1406,
GR,38.2365,22.8888,
GR,38.2367,20.3576,
GR,38.2368,22.1401,
GR,38.2371,22.1398,
GR,38.2371,22.8896,Παραλία Σαράντη
GR,38.2384,22.1385,
GR,38.2404,24.2458,
GR,38.2411,25.8881,
GR,38.2425,24.2472,Λιμνιώνα
GR,38.2429,24.0017,Μικρό Σέσι
GR,38.2435,25.8861,
GR,38.2445,22.1353,Τέμενη
GR,38.2446,25.8844,Αποθήκα
GR,38.2452,22.7703,
GR,38.2476,20.4601,Λίθος
GR,38.2482,23.9953,
GR,38.2515,20.6388,Καραβόμυλος
GR,38.2517,20.6448,
GR,38.255,22.0766,
GR,38.2553,22.0901,
GR,38.2559,22.7853,
GR,38.2562,22.1231,Διγελιώτικα
GR,38.2577,22.0945,
GR,38.2585,22.0959,
GR,38.2594,20.457,Αγία Σωτήρα
GR,38.2601,20.3682,
GR,38.2602,22.0981,
GR,38.2603,20.3674,Αγία Ελένη
GR,38.2604,22.0747,
GR,38.2605,22.0991,
GR,38.2607,20.675,Αντίσαμος
GR,38.261,20.3761,Πετανι
GR,38.2614,24.2517,Αλμυρίχι
GR,38.2616,22.1151,
GR,38.2631,22.074,
GR,38.2632,23.9773,
GR,38.2634,22.1066,Αλυκή
GR,38.264,20.3783,
GR,38.2643,22.1112,Παραλία Αλυκή
GR,38.2691,21.7387,
GR,38.2705,22.0674,
GR,38.2721,20.3856,
GR,38.2722,22.7983,Ζάλτσα
GR,38.274,20.3873,
GR,38.2752,20.6155,Paralia Agia Paraskevi
GR,38.2755,22.0451,Άκολη
GR,38.2763,24.1388,
GR,38.277,20.3881,
GR,38.2771,22.0529,Άκολη
GR,38.2787,20.4494,Κουμαριά
GR,38.2795,21.7457,
GR,38.281,24.1481,
GR,38.2817,21.7503,Πλάζ
GR,38.2833,22.0329,
GR,38.284,22.0294,
GR,38.2843,22.7692,
GR,38.2852,22.0266,
GR,38.2853,22.7679,
GR,38.2853,26.1209,Αγία Φωτεινή
GR,38.2858,21.7602,
GR,38.2859,22.0263,
GR,38.2865,25.9029,
GR,38.2873,22.5785,Γυαλίν Άμμος
GR,38.2877,20.6107,Ελληνικά
GR,38.2878,21.7621,
GR,38.2879,23.9359,
GR,38.2893,22.026,
GR,38.2898,26.1295,Watchtower Beach
GR,38.2921,23.926,Παραλία Αγκώνα
GR,38.2926,22.0262,
GR,38.2926,22.5862,
GR,38.2932,25.9532,Ποταμοί
GR,38.2944,20.6066,Ψαμούσα
GR,38.2951,21.7676,
GR,38.2954,25.9652,Αγία Ειρήνη
GR,38.2969,25.9359,
GR,38.2985,21.1694,Παλιοπόταμος
GR,38.3,26.1418,Megas Limnionas Beach
GR,38.3004,26.1418,Megas Limnionas Beach
GR,38.3024,21.215,Λούρος
GR,38.3026,22.0241,
GR,38.303,22.0237,
GR,38.3036,20.6025,Ελιές
GR,38.3041,22.0229,
GR,38.3046,22.5886,Παραλία Αγίου Ανδρέα
GR,38.3067,21.7776,
GR,38.3069,20.6058,Λιθοβάτης
GR,38.3078,20.7238,
GR,38.3089,22.0195,
GR,38.3095,20.4806,
GR,38.3096,20.6115,
GR,38.3098,21.1401,
GR,38.3104,22.0177,
GR,38.3105,22.0159,
GR,38.3108,20.4881,Αγια Κυριακη
GR,38.3114,21.9907,
GR,38.3115,21.99,
GR,38.3116,21.7964,
GR,38.3119,21.7808,
GR,38.3119,21.9873,
GR,38.3127,22.0118,
GR,38.3132,21.1404,
GR,38.3137,22.0096,
GR,38.314,22.5379,
GR,38.3141,20.6209,
GR,38.3156,21.8073,
GR,38.3158,24.2335,
GR,38.316,20.4717,Βουτη
GR,38.316,24.2266,
GR,38.3161,24.2324,Σούρζα Μπουτ
GR,38.3167,24.2324,
GR,38.3175,20.47,
GR,38.3185,21.8152,
GR,38.3209,26.1544,Καρφάς
GR,38.3217,20.5053,
GR,38.3224,20.6259,
GR,38.3228,20.4537,
GR,38.3244,20.4506,
GR,38.3249,21.8784,
GR,38.3251,21.8792,
GR,38.3251,23.8043,
GR,38.3254,21.4194,Παραλία Τουρλίδας
GR,38.3254,21.8796,
GR,38.3255,21.8905,
GR,38.3258,21.8799,
GR,38.3262,21.8815,
GR,38.3273,20.7453,Πέρα Πηγάδι
GR,38.3275,21.7651,
GR,38.3279,21.7663,
GR,38.328,20.4469,
GR,38.3283,26.1601,
GR,38.3284,22.6864,
GR,38.3284,26.1601,Αγ.Ελένη
GR,38.3294,20.7432,Παραλία Πέρα Πηγάδι
GR,38.3306,20.5164,
GR,38.3307,25.9853,
GR,38.3311,21.758,
GR,38.3319,23.7779,Παραλία Αγίου Κωνσταντίνου
GR,38.3348,21.5813,
GR,38.3359,20.4106,Αθέρας Port Atheras
GR,38.3361,23.7523,Παραλία Αγίας Παρασκευής
GR,38.3363,22.1927,Βάθη
GR,38.3365,22.3629,
GR,38.3371,23.7641,Παραλία Ακρωτηρίου
GR,38.3373,20.4083,
GR,38.3375,21.8633,
GR,38.3377,23.7306,
GR,38.3379,21.1188,
GR,38.338,23.722,
GR,38.3382,21.8602,
GR,38.3389,20.6237,
GR,38.339,20.7385,Παραλία Καμίνια
GR,38.3392,21.8494,Kite Surfing
GR,38.3398,23.6892,Παραλία Αγριλέζας
GR,38.34,21.8486,Drepano Kite Surfer's Paradise Beach
GR,38.3408,24.2046,
GR,38.3413,25.9933,Παραλία Λιθί
GR,38.3422,21.6107,
GR,38.3428,21.6164,Παραλία Λιμνοπούλα
GR,38.3429,22.2077,
GR,38.343,21.6168,
GR,38.3431,21.5877,
GR,38.3436,20.5355,Μύρτος
GR,38.3444,21.5955,
GR,38.3447,20.7373,
GR,38.3449,20.4413,Amidi Beach
GR,38.3468,21.1009,
GR,38.3469,20.6219,
GR,38.3475,22.3587,Άγιος Βασίλειος
GR,38.3476,21.1013,Παραλία Διόνι
GR,38.3491,22.3533,
GR,38.3492,21.7039,Παραλία Ρίζας
GR,38.3504,22.6306,
GR,38.3505,21.6252,
GR,38.3523,21.6639,
GR,38.3528,22.5952,
GR,38.353,21.6628,
GR,38.3541,20.5442,
GR,38.3542,20.621,
GR,38.3575,22.227,
GR,38.3577,20.5465,
GR,38.3584,22.0837,Κόκκινα Χαλίκια
GR,38.3588,22.0831,
GR,38.3588,22.2284,
GR,38.3592,22.0822,
GR,38.3594,22.0811,
GR,38.3608,22.6152,Άγιος Ισήδωρος
GR,38.3612,22.072,Άσπρα Χαλίκια
GR,38.3612,22.2538,
GR,38.3616,20.5478,
GR,38.3629,26.1437,Bella Vista
GR,38.3631,20.547,
GR,38.3632,22.6204,
GR,38.3638,25.9919,Τραχήλι
GR,38.3644,20.6155,
GR,38.3645,22.3831,
GR,38.3649,20.736,
GR,38.3655,20.7372,Παραλία Σαρακήνικο
GR,38.3656,22.0658,Καψάλες
GR,38.366,25.9939,
GR,38.3665,24.2139,Κόσκινα
GR,38.3677,20.744,
GR,38.3677,20.7511,
GR,38.368,20.7451,
GR,38.368,22.064,
GR,38.3688,24.2107,Άγιος Νικόλαος
GR,38.3692,22.0778,
GR,38.3696,22.0803,
GR,38.3708,20.7027,Παραλία Δεξά
GR,38.3714,20.6127,Αγιά Σοφία
GR,38.3717,22.078,
GR,38.3718,20.7418,Παραλία Φιλιατρό
GR,38.3719,20.7419,Filiatro
GR,38.3719,22.0782,
GR,38.3724,25.9949,Γυαλί
GR,38.3725,22.0615,Μονόλιθος
GR,38.3732,21.7863,Παραλία Πλατανίτη
GR,38.3733,20.6122,
GR,38.3742,20.7093,Λούτσα
GR,38.3746,20.7422,
GR,38.3762,22.3942,Γιάννακης
GR,38.3765,22.5072,Παραλία Αγίου Μηνά
GR,38.3772,20.5379,
GR,38.3774,22.3903,Skoules Mikri Megali
GR,38.3778,20.5393,
GR,38.3778,22.3906,
GR,38.3783,22.3906,Monia
GR,38.3785,20.5367,
GR,38.3786,22.3849,
GR,38.3791,25.9891,
GR,38.3798,22.3951,Κεντρί
GR,38.3798,22.3952,Κεντρί
GR,38.3806,20.7177,Παραλία Μνήματα
GR,38.3807,22.3937,
GR,38.3818,21.8153,
GR,38.382,21.8183,
GR,38.3821,20.7374,
GR,38.3822,22.3832,
GR,38.3845,23.8012,
GR,38.3846,21.8461,
GR,38.3847,20.7232,Παραλία Σκίνος
GR,38.3852,23.894,
GR,38.3853,20.7355,
GR,38.3855,22.6518,
GR,38.3855,23.9053,
GR,38.3857,20.7319,Παραλία Γιδάκι
GR,38.386,22.3761,Καλαφάτης
GR,38.3868,23.9325,
GR,38.3869,22.0638,Παραλία Σεργούλας
GR,38.3875,21.8237,Ψανή
GR,38.3883,21.9159,
GR,38.3888,23.7999,
GR,38.3891,23.8014,
GR,38.3892,23.7994,
GR,38.3893,23.8872,
GR,38.3895,21.8406,
GR,38.3895,23.799,
GR,38.3898,24.0306,
GR,38.39,22.0098,
GR,38.39,22.4933,
GR,38.3903,24.0274,
GR,38.3904,23.8023,
GR,38.3908,22.0009,
GR,38.3909,23.7751,
GR,38.3909,24.022,
GR,38.3913,25.9903,Ελίντα
GR,38.3916,23.7777,
GR,38.3918,21.8287,
GR,38.3918,21.8354,Γρίμποβο
GR,38.3921,24.1834,Παραλία Δήμητρα - Paralía Dímitra
GR,38.3924,22.0158,Μαραθιάς
GR,38.3927,23.7694,
GR,38.3928,23.7828,
GR,38.3929,20.6554,
GR,38.3934,23.7677,
GR,38.3937,23.766,
GR,38.3938,24.1821,Λιανή Άμμος
GR,38.394,24.0432,
GR,38.3942,23.7635,
GR,38.3943,22.0521,
GR,38.3945,21.9221,Παραλία Χιλιαδού
GR,38.3949,20.654,
GR,38.3952,23.7621,
GR,38.3958,23.7609,
GR,38.3979,23.8113,
GR,38.398,21.9948,Σκάλωμα
GR,38.3982,22.3795,
GR,38.3997,21.9943,
GR,38.4007,25.9719,Μακριά Άμμος
GR,38.4008,23.7361,
GR,38.4029,20.5971,
GR,38.4037,25.966,Τηγάνι
GR,38.4039,23.8355,
GR,38.4043,24.1854,Κλιμάκι
GR,38.4045,23.9974,Αράλιμος
GR,38.4049,20.5952,
GR,38.4051,21.933,Παραθάλασσο
GR,38.4059,21.9445,
GR,38.4079,24.1885,
GR,38.4086,23.7257,Πρώην Εύα Κάμπινκ
GR,38.4097,23.7241,
GR,38.41,24.1935,
GR,38.4106,22.4064,Παραλία Αστέρι
GR,38.4107,22.4672,
GR,38.4119,20.5948,
GR,38.4135,20.6949,
GR,38.4142,24.203,
GR,38.4143,24.2027,Κακολίμανο
GR,38.4171,20.5954,
GR,38.4202,22.4611,
GR,38.4217,20.5937,
GR,38.4241,20.5457,
GR,38.4251,20.5447,Παραλία Αγία Ιερουσαλήμ
GR,38.4252,22.4573,Ακτή Βραχάκια
GR,38.426,22.4561,Ακτή Βραχάκια
GR,38.4268,20.7006,
GR,38.4271,22.4378,
GR,38.4271,24.1875,Στόμιο
GR,38.4272,22.4548,
GR,38.4277,22.4409,
GR,38.4278,24.1895,
GR,38.4279,22.4326,
GR,38.4279,22.442,
GR,38.4282,20.5862,
GR,38.4283,24.1844,Χερόμυλος
GR,38.4309,20.7031,
GR,38.4315,25.9583,
GR,38.4318,20.5876,
GR,38.4325,22.4179,
GR,38.4338,22.4176,
GR,38.4338,26.1424,Παραλία Μυρσινίδι
GR,38.4347,24.181,Μάγειρας
GR,38.4377,20.5843,
GR,38.4389,20.6338,Little Polis Beach
GR,38.4391,20.6418,
GR,38.4398,20.536,Παραλία Αλατιές
GR,38.4405,20.6402,Πόλη
GR,38.4434,20.5822,
GR,38.4441,26.1436,Παραλία των Γλάρων
GR,38.4444,20.6972,Φιλιατρό
GR,38.4455,24.1836,
GR,38.4479,20.6288,
GR,38.4483,24.1833,Κακιά
GR,38.4496,24.1842,Beach Κάλαμος
GR,38.4526,20.5766,Beach
GR,38.454,20.6794,
GR,38.4544,20.6884,
GR,38.4559,20.674,Τρίτα Κουρβούλια
GR,38.4568,20.6708,Δεύτερα Κουρβούλια
GR,38.4582,20.6696,Πρώτα Κουρβούλια
GR,38.4588,20.5773,
GR,38.4617,25.9383,Managros Beach
GR,38.4662,20.6668,Λιμένια
GR,38.4663,20.573,Emblisi Beach
GR,38.4664,23.5882,"Plaz ""Asteria"""
GR,38.4669,20.6692,
GR,38.4672,20.6426,Αφάλες
GR,38.4687,23.5956,Σουβάλα
GR,38.4689,23.5943,
GR,38.4695,23.59,
GR,38.4701,23.5974,
GR,38.4705,23.6171,Λιανή Άμμος
GR,38.4706,23.5986,Καναπίτσα
GR,38.4708,24.1897,
GR,38.4709,26.1417,Παραλία Άγιος Ισίδωρος
GR,38.4711,25.9149,Λευκάθια
GR,38.4714,20.6703,
GR,38.4716,20.5484,Dafnoudi beach
GR,38.4716,20.5625,Kimilia Beach
GR,38.4716,23.6025,Κουρέντι
GR,38.4726,20.5619,
GR,38.4734,23.6083,Συκιές
GR,38.4739,23.603,Παραλία Φάρου
GR,38.4746,23.6057,Παπαθανασίου
GR,38.4747,20.6722,
GR,38.475,25.9022,
GR,38.4753,20.6705,
GR,38.4759,23.5878,Ροδιές
GR,38.4765,26.1252,
GR,38.4767,20.8069,
GR,38.4773,23.5839,Ροδιές
GR,38.4782,20.8139,
GR,38.4801,20.6706,Παραλία Μάρμακα
GR,38.4808,24.1882,Κορασίδα
GR,38.4819,20.6714,
GR,38.4833,23.5768,Πέλαγος
GR,38.4834,20.8197,Kontosouvli beach
GR,38.4837,23.5758,Πέλαγος
GR,38.485,23.5736,Άγιος Μηνάς
GR,38.4866,23.5728,Άγιος Μηνάς
GR,38.4907,23.5686,Βαλοπούλα
GR,38.4922,26.1453,
GR,38.4984,23.5313,Αλυκές
GR,38.4993,23.5583,Μπουρνόντας
GR,38.5013,24.2009,Καλάμι
GR,38.5016,23.3504,
GR,38.5068,21.0317,Μαραθιάς
GR,38.507,23.5476,Παραλία Σκιάθου
GR,38.5094,23.5373,Γάιδαρος
GR,38.5129,26.1504,
GR,38.5129,26.1506,Beach
GR,38.5174,26.2123,Κακοπετριά
GR,38.5181,26.1507,
GR,38.5185,26.2065,Φασόλι
GR,38.5197,26.1504,Beach
GR,38.5197,26.2093,Μπιλάλι
GR,38.5215,26.2035,Απήγανου
GR,38.5221,21.067,
GR,38.5245,26.2017,Φώκια
GR,38.5255,26.1532,
GR,38.5288,23.6296,Ζέφυρος
GR,38.5289,23.6297,
GR,38.5319,25.5215,
GR,38.5324,25.5112,
GR,38.5324,25.5176,Ψιλή
GR,38.5333,21.0807,
GR,38.5339,26.2142,Χόχλακας
GR,38.5342,26.193,Χατζαλή
GR,38.5363,21.0148,Ασπρογιάλι
GR,38.5363,24.2087,
GR,38.5383,26.1872,
GR,38.5384,26.2078,Κατσίκα
GR,38.5389,25.5617,
GR,38.5398,25.5792,Λήμνος
GR,38.5416,25.5206,
GR,38.5421,25.5655,Κατσούνι
GR,38.5446,25.5695,Λαζαρέτα
GR,38.5446,25.5724,
GR,38.545,24.1978,
GR,38.5483,26.1082,
GR,38.5495,25.5575,
GR,38.5509,20.7142,
GR,38.5512,24.1883,
GR,38.5515,25.5622,
GR,38.5545,25.5632,Λάκκα
GR,38.5555,20.9,Βαθιά Βάλη
GR,38.5556,20.8997,Βαθιά Βάλη
GR,38.5563,26.103,
GR,38.5569,26.1336,
GR,38.5571,25.5651,
GR,38.5583,26.0949,
GR,38.5591,26.0835,Ναγός
GR,38.5598,20.9063,Athiki
GR,38.5622,24.1675,
GR,38.5643,20.8538,
GR,38.5645,26.0806,
GR,38.5646,20.8526,
GR,38.5651,20.9091,Abelakia
GR,38.5663,20.9127,Mylos beach
GR,38.5666,25.5611,Αρχοντίκι
GR,38.5677,20.9113,
GR,38.5682,20.9109,
GR,38.5718,20.914,Vali
GR,38.5775,20.5508,
GR,38.5776,23.5299,
GR,38.5791,23.5336,
GR,38.5821,23.5551,
GR,38.5839,21.0202,Βελά
GR,38.5857,20.9273,
GR,38.5876,25.9348,
GR,38.5876,25.9387,
GR,38.5892,20.9297,
GR,38.5896,21.0232,
GR,38.591,20.8721,
GR,38.5912,26.0574,Beach
GR,38.5923,20.9306,
GR,38.5949,20.9312,
GR,38.5964,20.886,
GR,38.5965,20.5499,
GR,38.5967,20.7936,
GR,38.5971,25.9802,Παραλία Κάμπια
GR,38.5974,25.9906,
GR,38.5981,25.9931,
GR,38.5982,20.574,
GR,38.5986,20.6175,
GR,38.5991,26.0192,
GR,38.5995,21.0215,
GR,38.5997,20.6193,
GR,38.6,20.8836,
GR,38.6009,20.55,Πόρτο Κάτσικι
GR,38.6011,21.0216,
GR,38.6018,20.6244,
GR,38.6023,20.6264,Αμμούσα
GR,38.6025,20.6325,
GR,38.6053,20.6128,Αγιοφύλλι
GR,38.6054,20.6129,Aghiofili Beach
GR,38.6069,20.677,
GR,38.6076,20.8796,
GR,38.6086,20.6115,
GR,38.6087,20.8965,
GR,38.6102,20.8782,
GR,38.6106,20.6561,Αφτέλι
GR,38.6112,20.5539,
GR,38.6112,20.5806,
GR,38.6112,20.9004,
GR,38.6118,20.9086,
GR,38.6121,20.9034,
GR,38.6146,20.9203,Agrapidia
GR,38.6165,20.9283,
GR,38.6202,20.5557,
GR,38.6206,20.6075,
GR,38.6218,20.6077,
GR,38.6223,20.7608,
GR,38.6225,20.6078,
GR,38.6229,21.007,
GR,38.6232,20.6072,
GR,38.6244,20.7577,
GR,38.6245,20.6841,
GR,38.6261,20.753,
GR,38.6269,20.9349,Mirtia Strand
GR,38.6274,21.0057,
GR,38.6286,23.4946,Παραλία Δάφνης
GR,38.6299,20.9401,Μυρτιά
GR,38.6302,20.6009,Βασιλική
GR,38.631,20.6927,
GR,38.6319,21.0044,
GR,38.6327,23.1276,Παραλία Τραγάνας
GR,38.6334,23.4922,Παραλία Δάφνης
GR,38.6335,21.0014,Χιόνι
GR,38.6335,23.1251,Τραγάνα
GR,38.6337,20.7565,
GR,38.6347,23.131,Αγιόνερο
GR,38.6362,20.5579,Εγκρεμνοί
GR,38.6388,20.9952,Αγριλιά
GR,38.6389,24.132,
GR,38.6394,20.6956,Μικρός Γιαλός
GR,38.6409,24.1335,Σουτσίνι
GR,38.6428,20.7592,
GR,38.6433,20.7807,
GR,38.6451,20.7372,
GR,38.6459,20.7875,
GR,38.6465,20.7639,
GR,38.6476,20.7892,
GR,38.6481,20.9601,
GR,38.6494,20.9112,
GR,38.6498,20.7214,
GR,38.6513,20.7947,
GR,38.654,20.9896,
GR,38.655,20.7192,Kamari Beach
GR,38.6552,20.99,
GR,38.6576,20.7343,
GR,38.6591,20.7385,
GR,38.6592,20.7624,
GR,38.6609,23.955,Παραλία Μετοχίου
GR,38.6611,20.7596,
GR,38.6616,23.9531,Παραλία Μετοχίου
GR,38.6625,23.9456,
GR,38.663,20.8056,
GR,38.6637,24.1289,
GR,38.6643,23.9379,
GR,38.6644,23.9374,
GR,38.6649,20.5576,Γιαλός
GR,38.6653,20.7778,
GR,38.6663,20.9443,
GR,38.6664,20.944,
GR,38.6664,23.1738,Παραλία Βουγιουκλάκη
GR,38.6665,20.8059,
GR,38.6667,20.9452,
GR,38.6668,20.8077,
GR,38.6669,20.9438,
GR,38.6673,23.1725,
GR,38.6674,24.1022,
GR,38.6678,20.8072,
GR,38.6679,20.9435,
GR,38.6688,20.9434,
GR,38.6691,23.9246,Χιλιαδού
GR,38.6702,20.9515,
GR,38.6711,20.985,
GR,38.6716,23.9187,
GR,38.6719,23.8625,
GR,38.6719,23.9165,
GR,38.672,20.9564,
GR,38.672,23.9165,Hiliadou Nudist Beach
GR,38.6723,23.9114,Ανεμάκι
GR,38.6724,23.9118,Ανεμάκι
GR,38.6726,20.9792,
GR,38.6728,20.96,
GR,38.673,20.7134,Desimi Beach
GR,38.673,23.073,
GR,38.6733,20.7158,
GR,38.6733,20.9633,
GR,38.6735,20.9703,
GR,38.6737,20.722,
GR,38.6737,23.9049,
GR,38.6739,24.0059,
GR,38.6741,23.9033,
GR,38.6745,24.0127,Θαψά
GR,38.6754,23.8982,Λιβαδάκια
GR,38.6755,23.9824,Ναυτικό
GR,38.6769,23.2014,Φλοισβος Πλαζ
GR,38.6773,24.0281,Τσίλαρος
GR,38.6785,23.8922,Κοκκινιάς
GR,38.6853,20.9097,
GR,38.6857,20.5593,
GR,38.6876,23.8201,Βύθουρη
GR,38.688,20.7416,Νότια Παραλία Σκορπιού (Ζακλίν Κέννεντυ)
GR,38.6891,20.7461,Ανατολική παραλία Σκορπιού
GR,38.6905,20.7461,Ανατολική παραλία Σκορπιού
GR,38.6912,20.9063,
GR,38.6931,20.9045,Μαραθακη
GR,38.6949,23.7977,Πετάλη
GR,38.6954,20.5664,
GR,38.6991,23.7726,Ακτή (Βουβάλι)
GR,38.7038,20.7089,
GR,38.7045,20.7139,
GR,38.7083,20.7129,
GR,38.7097,20.7147,
GR,38.7108,20.7159,
GR,38.7112,20.717,
GR,38.7116,20.7178,
GR,38.7118,23.7539,Λιμνιωνάκι
GR,38.7126,20.7167,
GR,38.7145,20.7161,
GR,38.7146,23.7513,Λιμνιώνας
GR,38.7152,20.576,Ανώνυμη Παραλία (Κομηλιό)
GR,38.7161,20.7173,
GR,38.7165,23.3651,Γαλατάκι
GR,38.717,20.7186,
GR,38.7171,20.7204,
GR,38.7172,20.7194,
GR,38.719,20.8955,
GR,38.7214,20.7252,
GR,38.7241,20.7297,Passa Beach
GR,38.7249,23.0611,Άι Γιάννης
GR,38.726,23.746,Σγούρα
GR,38.7285,20.5813,
GR,38.7347,23.0498,Σχοινιά
GR,38.7352,20.5833,
GR,38.737,20.732,
GR,38.741,20.5844,
GR,38.7445,22.9735,Παραλία Αγίου Νικολάου
GR,38.7452,22.9666,Παραλία Τριανταφυλλιάς
GR,38.7455,20.5851,
GR,38.746,22.993,Κέδρος
GR,38.7481,20.5865,
GR,38.7512,20.884,
GR,38.7514,23.6692,Παραλία Βλαχιάς
GR,38.7519,20.7221,Lydia's Hotel beach
GR,38.7524,20.5883,Καβαλικευτά
GR,38.7525,23.6823,Μακρύς Γιαλός
GR,38.7529,20.7217,Breath of Zorbas beach
GR,38.7529,24.6154,Γλυφάδα
GR,38.7532,23.6777,Ποτάμι
GR,38.7533,23.0319,
GR,38.7533,23.0353,Μικρή Σουβάλα
GR,38.7533,23.6625,
GR,38.7537,23.6737,Βαθυχάντακο
GR,38.7545,23.0298,Μεγάλη Σουβάλα
GR,38.7545,23.6568,
GR,38.7546,22.868,
GR,38.7548,20.7207,
GR,38.7552,22.9347,Παραλία Καναπίτσα
GR,38.7562,20.7202,
GR,38.7571,20.768,Φτέρη
GR,38.7579,20.7634,
GR,38.7579,20.7635,
GR,38.758,20.7207,Nikiana South Beach
GR,38.7582,20.7206,Nikiana South beach
GR,38.7587,20.7767,
GR,38.7616,20.5937,Αβάλι
GR,38.7617,20.7188,
GR,38.7627,23.6992,Σαρακήνικο
GR,38.7631,23.7011,
GR,38.7635,20.7889,Vathiavali Beach
GR,38.7641,23.3194,
GR,38.7643,22.8527,
GR,38.7656,20.7937,
GR,38.7657,23.5951,
GR,38.7658,20.7953,
GR,38.7658,23.5906,
GR,38.766,20.8794,
GR,38.7661,23.5985,
GR,38.7666,23.3067,
GR,38.767,23.6021,
GR,38.7674,23.2841,
GR,38.7676,23.2829,
GR,38.7681,23.2918,
GR,38.7685,23.2818,
GR,38.769,20.8797,
GR,38.7694,20.597,Γάϊδαρος
GR,38.7695,23.2949,
GR,38.7702,23.2961,Παραλια
GR,38.7705,23.2985,
GR,38.7722,20.8796,
GR,38.7756,22.8982,
GR,38.7758,24.6386,Ρένες
GR,38.7762,20.5994,Κάθισμα
GR,38.7764,20.8235,Παραλία Αγίου Ιωάννη
GR,38.7776,22.7809,
GR,38.778,22.7741,
GR,38.7781,20.8806,
GR,38.7789,22.7837,
GR,38.7789,23.5743,Ατάλαντος
GR,38.7803,20.8786,
GR,38.7824,20.6036,
GR,38.783,22.7941,
GR,38.7831,22.7885,
GR,38.7857,20.7219,Limni / Strofi
GR,38.7865,20.7537,Λυγιά
GR,38.7866,20.7526,Λυγιά
GR,38.7868,20.6075,Μύλος
GR,38.7875,22.8222,
GR,38.7887,20.7508,
GR,38.7902,20.6133,
GR,38.7903,20.616,
GR,38.7907,20.842,
GR,38.7932,20.74,Ασπρογιαλός
GR,38.7933,20.74,Ασπρογιαλός
GR,38.7934,23.5603,
GR,38.7957,20.8553,
GR,38.7964,20.8673,
GR,38.8026,23.5304,Δαφνοπόταμος
GR,38.8031,23.2316,
GR,38.8082,20.6315,Πευκούλια
GR,38.8096,23.5186,
GR,38.8116,24.4928,
GR,38.812,23.516,
GR,38.8194,20.6377,Σκάλα Γιαλού
GR,38.8227,22.8211,
GR,38.8304,22.7065,Παραλία Αγίου Σεραφείμ
GR,38.8312,22.8314,
GR,38.8316,20.6699,Άι Γιάννης
GR,38.8329,20.6657,Κρυονέρι
GR,38.8338,20.6617,Καμίνια
GR,38.8339,22.9375,Γρεγολίμανο
GR,38.834,22.6531,
GR,38.8343,22.9375,
GR,38.8351,22.9439,
GR,38.8351,22.9465,Χρυσή ακτή
GR,38.8384,23.4676,
GR,38.8413,24.5617,Καλαμίτσα
GR,38.8419,20.6806,Άγιος Ιωάννης
GR,38.8421,23.4639,Παραλία Κρύας Βρύσης
GR,38.8441,23.1138,
GR,38.8454,24.5358,
GR,38.8461,24.5263,
GR,38.847,24.5272,Φωκιοτρύπα
GR,38.8471,20.718,Κάστρο
GR,38.8474,20.7208,Αμμόγλωσσα
GR,38.8493,20.701,Γύρα (Άννα)
GR,38.8497,24.5347,Αχερούνες
GR,38.8502,24.5326,
GR,38.8504,22.988,Παραλία Γιάλτρων
GR,38.852,22.9903,
GR,38.8529,20.7345,Πλάκα (Βαγιά)
GR,38.8529,23.0475,
GR,38.8534,23.0489,
GR,38.8541,22.992,
GR,38.8546,24.5105,
GR,38.8558,22.9919,
GR,38.857,24.5102,Πεύκος
GR,38.8587,22.9928,
GR,38.8619,22.9923,
GR,38.862,23.4497,Αγκάλη
GR,38.8642,22.9911,
GR,38.8651,22.9907,
GR,38.8658,22.9895,
GR,38.8661,21.0768,Παραλία Αγ. Σπυρίδωνα Λουτρακίου
GR,38.8672,22.9878,
GR,38.8678,21.175,Παραλία Αμφιλοχίας
GR,38.8679,24.5763,Αχίλλι
GR,38.8696,21.074,Παραλία Λουτρακίου
GR,38.8707,22.981,
GR,38.8726,21.1592,
GR,38.8726,24.4787,
GR,38.8736,24.4737,
GR,38.8742,24.4771,Άγιος Φωκάς
GR,38.8744,20.7835,
GR,38.876,21.089,Παραλία Βλυχά
GR,38.8761,24.5686,
GR,38.8772,22.9483,Πόρτο πεύκο
GR,38.8773,21.0909,Γιάννιτσα
GR,38.8774,22.7824,
GR,38.8814,23.4397,Σαρακήνικο
GR,38.8831,23.4438,Άγιος Βασίλειος
GR,38.8844,21.0914,
GR,38.8868,22.7112,Καραβόμυλος
GR,38.8878,22.9607,
GR,38.8891,24.5745,
GR,38.8928,23.4319,Πρασίδι
GR,38.8954,21.1311,
GR,38.8955,21.0242,Παλιονήσι
GR,38.897,24.5712,Μπάσαλες
GR,38.9035,23.4279,Παραλία Αχλαδίου (Φραγκάκη)
GR,38.9053,21.1219,Παραλία Κατεργάκι
GR,38.9071,21.1146,Παραλία Κουλούρι
GR,38.9072,21.1152,Παραλία Κουλούρι
GR,38.9077,21.1147,Παραλία Κουλούρι
GR,38.9085,22.8376,Λιασίκι
GR,38.9094,23.0062,
GR,38.9094,24.4604,Πετρίτσα
GR,38.9102,24.5709,Μαγαζιά
GR,38.9146,24.5738,Μώλος
GR,38.9203,20.9972,Παραλία Ρούγας
GR,38.9205,20.8952,
GR,38.9205,20.8959,
GR,38.9206,24.5805,
GR,38.9207,20.897,
GR,38.9209,20.8914,
GR,38.921,20.898,
GR,38.9212,20.9971,Παραλία Ρούγας
GR,38.9214,20.8989,
GR,38.9218,20.8996,
GR,38.9222,20.9001,
GR,38.9237,22.8852,παραλία Αγίου Γεωργίου Πελασγίας
GR,38.9239,24.582,Πουριά
GR,38.9262,24.5778,
GR,38.9267,22.9229,
GR,38.9284,21.1404,Bouka Beach
GR,38.9291,20.8486,Μυρτάρι
GR,38.9305,24.5707,Γυρίσματα
GR,38.9313,24.4649,Καλογρηά
GR,38.9343,20.9383,
GR,38.9367,23.4278,Παραλία Κοτσικιάς
GR,38.9397,23.0658,
GR,38.94,23.4327,
GR,38.941,23.058,Νησιώτισσα
GR,38.9417,24.5523,
GR,38.9444,22.9881,
GR,38.9444,22.9907,
GR,38.9458,23.4311,
GR,38.9459,24.5416,Καρεφλού
GR,38.9465,20.7478,Κυανή Ακτή
GR,38.9474,20.751,
GR,38.948,20.7333,Παντοκράτορας
GR,38.9485,23.4298,
GR,38.9498,23.4295,
GR,38.9502,23.0868,
GR,38.9525,22.9722,
GR,38.9525,24.4569,
GR,38.9528,23.4287,Παραλία τσιρμοκόκκαλα
GR,38.9535,23.4218,
GR,38.9545,20.724,Αλωνάκι
GR,38.9545,23.4127,Παραλία Μουρτιάς
GR,38.9545,23.4177,Παραλία Ροδάκι
GR,38.9567,22.9952,
GR,38.9572,23.4035,
GR,38.958,22.9943,Dermária
GR,38.96,24.4605,Μικρή Αγαλίπα
GR,38.9625,24.5095,Παλαμάρι
GR,38.9631,24.4605,Αγαλίπα
GR,38.9637,26.4265,"παραλία ""Πάτος"""
GR,38.9641,26.3979,
GR,38.966,22.9944,ΦΑΠΡΙΚΕΖΑΙΝΑ
GR,38.9671,26.4377,Αυλάκι
GR,38.9678,26.3911,Άγιος Ισίδωρος
GR,38.968,24.4693,Άγιος Πέτρος
GR,38.9685,26.4469,
GR,38.9691,26.4545,Ελεύκος
GR,38.9696,23.0921,
GR,38.9716,26.3814,
GR,38.9718,24.4716,Μαρκέσι
GR,38.9719,23.3834,Παραλία Ψαροπούλι/Βασιλικών
GR,38.9722,26.4697,
GR,38.9724,26.3795,
GR,38.9728,23.0038,
GR,38.9731,24.4731,
GR,38.9749,26.4996,Ντάλαντος
GR,38.975,26.4829,Φαρά
GR,38.9753,23.0932,
GR,38.9761,24.4802,
GR,38.9763,26.3645,Αμμουδέλι
GR,38.9763,26.4968,Τσάφι
GR,38.9766,26.4905,Παραλία Τάρτι
GR,38.9774,26.3576,
GR,38.9778,26.5062,Λιγονάρι
GR,38.9785,23.0917,Τσοκαΐτι
GR,38.9805,26.514,Τσίλια
GR,38.9868,26.3132,
GR,39.001,26.2868,
GR,39.0011,20.7073,
GR,39.0032,26.2806,Παραλία Δρότας
GR,39.0038,23.1884,
GR,39.0041,23.1995,
GR,39.0048,23.0188,
GR,39.0068,22.9645,
GR,39.0079,26.2651,Απεργούσα
GR,39.0081,23.0219,
GR,39.0099,22.9578,
GR,39.0099,23.3538,Μαύρικας
GR,39.0101,26.2571,
GR,39.0113,20.9257,
GR,39.0114,20.9257,Φράχτης
GR,39.0114,23.2123,Παραλία Πευκί
GR,39.0115,23.0241,
GR,39.0128,23.3486,
GR,39.0129,21.0018,Παραλία Πλατανάκι
GR,39.0132,20.9159,
GR,39.0144,23.3463,
GR,39.0148,23.3421,Παραλία Αγίου Νικολάου
GR,39.0155,26.2162,Βατερά
GR,39.0157,23.3384,
GR,39.0164,23.3365,
GR,39.0165,26.5427,Άγιος Ερμογένης
GR,39.0169,26.161,
GR,39.0171,26.5707,Χαραμίδα νησέλι
GR,39.0175,26.5584,Χαραμίδα
GR,39.0177,20.9129,
GR,39.0177,26.5454,Μπάκερος
GR,39.018,23.3354,
GR,39.0182,23.0531,Άγιος Δημήτριος
GR,39.0185,23.2236,
GR,39.0315,26.6142,
GR,39.0329,22.963,
GR,39.0331,20.8581,Παραλία Σαλαώρας
GR,39.0339,20.8895,
GR,39.0354,22.9911,Ακτή Παναγιά
GR,39.0365,26.511,
GR,39.0367,26.5106,
GR,39.0379,26.14,
GR,39.0383,26.1401,
GR,39.0438,26.6126,
GR,39.044,26.5048,
GR,39.0464,26.5295,
GR,39.0467,26.5288,
GR,39.0475,26.5018,
GR,39.0483,26.6085,
GR,39.0484,20.6806,Μονολίθι
GR,39.0515,26.4961,Χαλατσές
GR,39.0525,22.9885,
GR,39.0569,26.6022,ΚΟΧΥΛΙΑ
GR,39.0635,22.9925,
GR,39.0665,26.4707,Ξέρες Ευρειακής
GR,39.0724,26.5893,
GR,39.0769,26.5815,
GR,39.0792,26.58,
GR,39.0834,23.7112,
GR,39.0836,26.5746,
GR,39.0854,23.7537,Βελανιό
GR,39.0856,23.7495,Στάφυλος
GR,39.087,23.118,
GR,39.0873,23.118,
GR,39.0875,26.0732,Μάκαρα
GR,39.0893,23.6981,Limnonari
GR,39.0895,23.6595,Τραχηλι
GR,39.0902,26.0597,
GR,39.0908,26.1037,Παραλία Αμμούδι
GR,39.091,26.1239,Παραλία Νυφίδας
GR,39.0923,26.5608,
GR,39.0932,26.0504,
GR,39.0937,26.5601,
GR,39.0939,26.5598,
GR,39.0978,26.0378,Βατραχιά
GR,39.101,23.1666,
GR,39.1018,20.6298,
GR,39.1029,26.0872,Βαθύ Κριτήρι
GR,39.1047,26.0128,Ποδαράς
GR,39.1051,25.9551,
GR,39.1064,26.5633,
GR,39.1065,25.9606,Χρούσος
GR,39.1067,25.9647,Παραλία Γυμνιστών Χρούσος
GR,39.1076,26.5642,
GR,39.1083,25.9897,
GR,39.1086,25.9924,
GR,39.1089,26.5653,
GR,39.1093,26.5657,
GR,39.1096,26.5667,
GR,39.1097,22.934,παραλία Νηές
GR,39.1101,23.0619,
GR,39.1107,23.1304,
GR,39.1107,23.6627,Παραλία Πανόρμου Σκοπέλου
GR,39.1113,26.5003,
GR,39.112,26.5659,Φυκιότρυπα
GR,39.1124,23.6611,
GR,39.1126,23.6515,
GR,39.1126,23.6532,
GR,39.1126,26.5563,
GR,39.1126,26.5583,
GR,39.1127,23.6554,
GR,39.1132,26.559,
GR,39.1157,23.6527,Μηλιά
GR,39.117,26.553,
GR,39.1182,20.6036,Artolithia Beach
GR,39.1185,23.6545,Μηλιά
GR,39.1195,26.4855,
GR,39.1211,23.4953,Παραλία Λαλάριας
GR,39.1216,23.655,Καστάνη
GR,39.1248,23.7296,Πλάκα
GR,39.1248,25.9454,Περιστεριά
GR,39.1256,23.6516,Νερακι
GR,39.1259,23.209,
GR,39.1265,23.1628,Tzasteni beach
GR,39.1269,23.6502,Φτελια
GR,39.1277,23.2311,
GR,39.1279,23.2114,
GR,39.1281,23.497,Παραλία Τσουγκριάς
GR,39.1285,23.6484,Ftelia
GR,39.1286,23.2447,
GR,39.1296,23.4525,
GR,39.1297,23.4554,Παραλία Διαμάντι
GR,39.1303,23.6471,Εκατοπενηνταρι
GR,39.1308,23.7223,Γλυφονέρι
GR,39.1312,23.4636,
GR,39.1315,25.9351,
GR,39.1319,23.2223,Χονδρή Άμμος
GR,39.1326,23.498,
GR,39.1327,23.8518,
GR,39.1331,25.9334,
GR,39.1334,23.2574,
GR,39.1335,23.6452,Χόβολο
GR,39.1336,20.5845,
GR,39.1336,23.4625,
GR,39.1337,23.8499,
GR,39.1345,25.9308,
GR,39.1355,23.8572,Plakes
GR,39.1361,25.9269,
GR,39.1364,23.2636,Μικρό
GR,39.1365,23.446,Βρωμόλιμνος
GR,39.1365,23.862,
GR,39.1367,23.6447,Έληος
GR,39.1367,25.925,
GR,39.137,23.8474,Παραλία Βύθισμα
GR,39.1371,23.4605,Καναπίτσα
GR,39.1373,25.923,Παραλία Γυμνιστών
GR,39.1376,23.8644,Elias Cove
GR,39.138,20.2411,Σπιάντζα στα  Σφουγγάρια
GR,39.1385,25.9185,
GR,39.1387,23.2798,
GR,39.1393,23.2858,
GR,39.1396,23.276,
GR,39.1396,23.4577,Τζανεριά
GR,39.1398,23.2698,
GR,39.1398,23.6411,
GR,39.1401,23.4189,Τρούλος
GR,39.1404,23.8448,Παραλία Μεγάλος Μουρτιάς
GR,39.1409,23.4454,Κολιός
GR,39.1411,23.2934,Φτελιά
GR,39.1411,23.8652,
GR,39.1412,23.0744,
GR,39.1414,20.2393,Σαρακίνικο
GR,39.1417,23.8425,
GR,39.1418,23.4389,Αγία Παρασκευή
GR,39.1418,25.8986,
GR,39.142,20.2479,Φύκι
GR,39.1425,23.0929,Izgoud
GR,39.1428,20.2352,Καλαμίτσα
GR,39.1428,23.3064,Καστρί
GR,39.143,23.4113,Katharina Beach
GR,39.1431,23.7176,
GR,39.1433,23.838,Παραλία Μικρός Μουρτιάς
GR,39.1434,23.8636,Patitiri town beach
GR,39.1442,23.0817,
GR,39.1447,20.5735,
GR,39.1449,23.392,
GR,39.1453,23.309,
GR,39.1455,20.2422,Σκίδι
GR,39.1458,23.4095,Παραλία Μαραθά
GR,39.1459,23.3978,Mystique beach
GR,39.1463,23.3125,Λεπετούς
GR,39.1463,23.6272,Ανεμόπετρα
GR,39.1466,23.3924,Μεγάλη Μπανάνα
GR,39.1468,23.4646,Αχλαδιές
GR,39.147,23.399,
GR,39.1476,23.3162,
GR,39.1479,23.4068,
GR,39.1481,23.8697,Ρουσούμ Γυαλός
GR,39.1482,23.4026,Παραλία Κουκουναριές
GR,39.1488,20.2387,Μικρό Αγνί
GR,39.1489,23.3917,Μικρή Μπανάνα
GR,39.1501,23.8755,Paraglia Votsi
GR,39.1507,20.238,Μεγάλο Αγνί
GR,39.1509,23.3203,
GR,39.1509,23.5161,
GR,39.1511,23.4986,
GR,39.1512,25.8826,Μάλαθρα
GR,39.1513,23.7028,Βαθιασ
GR,39.1514,20.2176,Ροδοβάνι
GR,39.1522,23.3231,
GR,39.1523,23.4683,
GR,39.1524,23.8795,Λένα
GR,39.1528,20.2371,Καράβι
GR,39.153,20.2326,Αγριαπιδιά
GR,39.1534,23.3905,Αγία Ελένη
GR,39.1536,20.2166,Ροδοβανόπουλο
GR,39.1543,23.8778,Σπαρτίνες
GR,39.155,20.2304,Πλάκκα
GR,39.1557,23.8474,ΒΡΥΣΙΤΣΑ
GR,39.1562,23.8513,ΓΥΑΛΙΑ
GR,39.1565,23.8789,
GR,39.1578,20.2276,Βουτούμι
GR,39.1585,23.389,Παραλία Κρυφή Άμμος
GR,39.159,23.5009,
GR,39.1594,23.4877,
GR,39.1601,20.2254,Μεσαβρίκα
GR,39.1604,23.4771,Megali Ammos
GR,39.1605,20.5594,
GR,39.1609,23.4886,
GR,39.1612,20.2231,Βρίκα
GR,39.1617,23.8852,Μηλιά
GR,39.1624,23.8952,Χρυσή Μηλιά
GR,39.1628,23.8979,
GR,39.1638,23.9065,
GR,39.1639,23.3339,Βρωμονέρι
GR,39.1639,23.9037,Κοκκινόκαστρο
GR,39.1645,23.613,
GR,39.1646,23.6133,
GR,39.1646,23.6135,
GR,39.1646,23.904,Κοκκινοκαστρο
GR,39.1652,23.9047,
GR,39.1661,23.6127,
GR,39.1662,22.8934,Sykitsa beach
GR,39.1668,23.3985,
GR,39.167,23.9001,Κατερίνας Βάλα
GR,39.1676,23.3371,Βλαχόρεμα
GR,39.1679,23.4041,Παραλία Μανδράκι Ελιάς
GR,39.168,23.4094,Παραλία Άγκιστρο
GR,39.1681,25.8651,Τσιχλιώτα
GR,39.1697,23.871,Τσουκαλιά
GR,39.1697,23.8989,ΤΖΩΡΤΖΗ
GR,39.1704,23.9812,Strand
GR,39.1715,23.9701,
GR,39.1715,26.5155,Νησέλια
GR,39.1718,25.8581,Τηλέγραφος
GR,39.1726,23.343,
GR,39.1728,23.6499,Άγιος Ιωάννης
GR,39.1734,23.4244,Μεγάλος Ασέληνος
GR,39.1734,23.9072,Λεφτό Γυαλός
GR,39.1745,26.5078,Πλαζ Κανόνι
GR,39.1759,23.6453,Σπηλιά
GR,39.1761,23.4325,Μικρός Ασέληνος
GR,39.1762,23.8783,Άγιοι Ανάργυροι
GR,39.1766,23.88,Τουρκονέρι
GR,39.1778,23.88,
GR,39.1797,23.5125,Psarochoma
GR,39.1799,20.5415,
GR,39.1808,23.2227,Βαθιά Σπηλιά
GR,39.1811,23.4428,Παραλία Λιγαριές
GR,39.1816,23.8783,Μεγάλη Άμμος
GR,39.1818,20.2019,Οζιάς
GR,39.1818,23.5107,
GR,39.1821,20.2055,Mongonisi
GR,39.1822,23.9205,Κεντρόρεμα
GR,39.1826,20.1777,
GR,39.1835,23.9233,Σπλιθάρι
GR,39.1844,26.1574,
GR,39.1847,23.4449,Κεχριά
GR,39.1848,23.5105,Στυγερό
GR,39.1857,23.2194,Olive Bay
GR,39.186,26.2932,
GR,39.1862,23.9245,Νικόλα Βάλα
GR,39.1864,20.2014,
GR,39.1866,23.5081,Ξάνεμο
GR,39.1874,20.1653,Γαλάζιο
GR,39.188,20.2007,Μπάλος
GR,39.188,23.2182,
GR,39.1886,23.9251,Άγιος Πέτρος
GR,39.1909,20.1994,Αυτιά Γαϊδάρου
GR,39.1913,20.1974,Σουλάνενα
GR,39.1914,20.5277,
GR,39.1916,20.1654,Αυλάκι
GR,39.1917,25.8548,Λίμενας
GR,39.1922,23.3438,Θεοτόκος
GR,39.1922,23.4997,Megas Gialos
GR,39.1926,26.2867,
GR,39.1929,20.5258,
GR,39.1932,23.4959,Μέγα Γυαλός
GR,39.1935,20.1939,
GR,39.1936,26.4909,
GR,39.1938,20.1928,Δεύτερη Σπιάντζα
GR,39.1943,23.2073,
GR,39.1945,26.1659,
GR,39.1948,20.1583,
GR,39.1949,23.2061,Παραλία Κορνέλια
GR,39.1949,23.9266,Γλυφά
GR,39.1954,20.1898,Γιάννας
GR,39.1954,23.6217,
GR,39.1964,23.8767,
GR,39.1968,23.6163,Angeletou beach
GR,39.1971,26.2782,
GR,39.1974,25.8539,
GR,39.1978,23.6145,Perivoliou Beach
GR,39.1995,23.4901,Νικοτσάρα
GR,39.2021,23.3375,Λύρη
GR,39.2034,23.1963,
GR,39.2049,26.4853,Πεταλίδι
GR,39.2056,23.9311,Καλύβια Αλεξίου
GR,39.206,20.5045,Αλωνάκι
GR,39.2066,23.4788,Λαλάρια
GR,39.2066,23.9317,Βασίλη Μπαμπακιές
GR,39.2069,23.1933,
GR,39.2075,23.4631,Παραλία Κάστρου
GR,39.2078,20.1829,Κλωνί Γουλή
GR,39.2079,25.8539,
GR,39.2086,20.143,Ερημίτης
GR,39.2087,20.1811,Κλωνί Γουλή
GR,39.2087,23.9814,
GR,39.2099,23.3332,Μουρτιάς
GR,39.21,20.1779,Καkή Λαγкάδα
GR,39.2105,23.936,Βαμβακιές
GR,39.211,23.19,
GR,39.2116,20.4947,
GR,39.2116,23.3322,
GR,39.2117,20.4902,Σκάλα
GR,39.212,20.4918,
GR,39.2123,20.4928,
GR,39.2123,26.4767,
GR,39.2126,23.9384,Στου Μαλαθρίτη Μπαμπακιές
GR,39.2142,20.1728,Αλάτι
GR,39.2161,20.4863,Όρμος του Οδυσσέα
GR,39.2164,23.1878,
GR,39.2173,20.1695,Κιπιάδι
GR,39.2199,23.9447,
GR,39.2215,20.1691,Κήπος
GR,39.2215,23.1867,
GR,39.222,25.8553,Λαμπρίνη ή Ουζούν Σοκάκ
GR,39.2231,20.1689,Κήπος
GR,39.2237,26.4718,
GR,39.224,20.1666,Μαρμάρι
GR,39.2249,23.9467,Μουρτίτσα
GR,39.2254,20.1647,Λεβρεχιό
GR,39.2259,20.1627,
GR,39.2265,23.9492,Καλύβια Σταματίου
GR,39.2266,23.1826,
GR,39.2267,20.1609,
GR,39.2294,23.9091,
GR,39.2299,20.1551,Γλυφάδα
GR,39.2313,23.9114,
GR,39.2315,20.1521,Μоνoδένδρι
GR,39.2315,23.9529,Στη Μεγάλη Άμμο
GR,39.232,20.1274,
GR,39.2327,20.1274,
GR,39.2328,23.9129,
GR,39.2332,25.8552,Ανδρομάχη
GR,39.2333,23.9544,
GR,39.2346,20.1474,Λάκκος
GR,39.235,20.1262,Πλάνος
GR,39.2351,20.1333,
GR,39.2351,23.9567,Στροβίλι
GR,39.2356,23.1794,
GR,39.236,20.1315,Χαράμι
GR,39.2366,20.1433,Ορκός
GR,39.2371,23.3156,Πάλτση
GR,39.2381,26.4444,Πυραμιές
GR,39.2383,20.1399,Αρκουδάκι
GR,39.2389,20.1316,Κανόνι
GR,39.2391,20.4792,Παραλία Αμμουδιά
GR,39.2392,20.1295,Missorachi Beach
GR,39.2394,20.1314,
GR,39.2409,25.8604,Φανερωμένη
GR,39.2412,20.4768,
GR,39.2436,26.4299,
GR,39.2438,23.9148,
GR,39.2466,23.1824,Γούρνα
GR,39.2482,23.3142,
GR,39.2492,23.1817,Λεφόκαστρο
GR,39.2513,25.8587,
GR,39.2523,26.4203,
GR,39.2554,23.3053,
GR,39.2565,23.1758,Αγιά Θυμιά
GR,39.2565,23.304,
GR,39.2576,23.175,Αγιά Θυμιά
GR,39.2576,23.3019,
GR,39.2599,23.1733,Ραζή
GR,39.2604,23.297,Μελανή
GR,39.2628,23.2941,
GR,39.2651,23.2921,Ποτιστικά
GR,39.2653,22.8165,
GR,39.2668,22.8169,
GR,39.2671,23.1664,Αμποβός
GR,39.2674,23.9767,
GR,39.2682,22.8173,
GR,39.2688,23.2888,Μορτίτσα
GR,39.2704,22.8178,Νέα Αγχίαλος
GR,39.2707,23.2863,Κομός
GR,39.2715,23.9437,
GR,39.2719,23.2849,
GR,39.273,22.8188,Νέα Αγχίαλος
GR,39.2735,23.1617,
GR,39.2736,26.3792,
GR,39.2744,23.1602,Λαγούδι
GR,39.2745,23.2829,Ποτόκι
GR,39.2749,22.8199,
GR,39.2761,20.4248,
GR,39.2767,25.8929,
GR,39.2772,23.157,Καλλιφτέρη
GR,39.2776,20.4638,
GR,39.2778,25.9946,
GR,39.2788,25.9937,Κάμπος
GR,39.2795,20.4662,Άη Γιαννάκης
GR,39.2799,25.9761,
GR,39.2802,25.9228,Λάψαρνα
GR,39.2812,20.4374,Παραλία Λχυνός
GR,39.282,20.4071,Πίσω Κρυονέρι
GR,39.2821,20.4027,
GR,39.283,20.4043,Κρυονέρι
GR,39.2836,20.3924,Παραλία Βάλτου
GR,39.2847,20.3584,Σπαρτίλα
GR,39.2851,20.3544,Άγιος Σώστης
GR,39.2873,20.3395,Σαρακήνικο
GR,39.2878,22.8578,
GR,39.2889,26.038,
GR,39.2891,23.1431,Koropi Beach
GR,39.2893,26.0126,Καταβάθρα
GR,39.2914,22.903,
GR,39.2926,26.0444,
GR,39.293,26.0623,Μπαλίνη
GR,39.2937,26.0417,Καλό Λιμάνι
GR,39.2939,22.9111,
GR,39.2943,22.9205,
GR,39.2944,22.905,Παραλία Κριθάρια
GR,39.2949,22.9268,
GR,39.297,23.2759,
GR,39.2984,22.9414,
GR,39.3059,26.1164,Τσιχράντα
GR,39.3074,23.1098,
GR,39.3087,26.1283,Αμπέλια
GR,39.3092,23.1082,
GR,39.3113,23.0931,
GR,39.3119,23.0537,
GR,39.3126,24.0668,
GR,39.313,26.1308,
GR,39.3137,23.0509,
GR,39.3163,24.0662,
GR,39.3174,26.1435,
GR,39.3184,23.2686,Κλωσσού
GR,39.3185,26.4096,Beach Tokmakia
GR,39.3192,23.016,Καρνάγιο
GR,39.3194,26.147,
GR,39.3203,23.0148,Καλαμιές
GR,39.3232,26.1578,
GR,39.3241,22.927,Αλυκές
GR,39.3242,24.0921,
GR,39.3245,20.2929,Πράπα Μάλι
GR,39.3258,23.0141,Σουτραλί
GR,39.3281,26.4193,
GR,39.3282,23.2588,
GR,39.3302,24.0509,
GR,39.332,24.3238,
GR,39.3329,26.1791,
GR,39.335,22.9355,
GR,39.3382,20.2876,Καραβοστάσι
GR,39.3395,23.2379,
GR,39.3397,23.0047,
GR,39.3398,23.0036,
GR,39.3398,23.0059,
GR,39.3398,23.0076,
GR,39.3398,23.0093,
GR,39.3398,23.0104,
GR,39.3399,23.0085,
GR,39.3416,26.1723,
GR,39.3422,23.0003,
GR,39.3422,26.367,Λαγκάδα
GR,39.3435,24.0647,
GR,39.3449,22.9989,
GR,39.3452,22.9989,
GR,39.3452,26.1703,
GR,39.3459,22.9988,
GR,39.3471,23.2282,
GR,39.3486,23.2264,Παραλία Καλαμάκι
GR,39.349,22.9683,
GR,39.3494,20.2863,Σταυρολιμένας
GR,39.3496,26.1715,
GR,39.3501,22.9627,Άναυρος
GR,39.3521,22.9581,
GR,39.3536,26.1735,Naturist beach
GR,39.3544,26.35,
GR,39.3559,20.2876,Αρίλλα
GR,39.3562,26.1742,
GR,39.3567,23.2202,Λίθος
GR,39.3609,23.2131,Παραλία Λαμπινού
GR,39.363,26.1745,Μόλυβος
GR,39.3641,23.2075,Λημνιώνας
GR,39.3658,20.101,Παραλία Αρκουδίλα
GR,39.3669,20.2766,
GR,39.3679,26.3576,Παραλία Τσόνια
GR,39.3682,26.1723,
GR,39.3685,26.1713,
GR,39.3687,26.1706,
GR,39.3689,26.1696,
GR,39.3692,26.1665,
GR,39.371,20.0746,Παραλία Κάνουλας
GR,39.3725,20.278,Παραλία Κατσονήσι
GR,39.3741,26.3126,Παραλία Καγιά
GR,39.3743,23.2042,
GR,39.3751,26.1934,Τσιπούρια
GR,39.3753,23.2031,Μυλοπόταμος
GR,39.3756,20.0654,Παραλία Άγιος Γόρδης
GR,39.3757,26.1819,
GR,39.3758,23.2025,Μυλοπόταμος
GR,39.3784,26.213,
GR,39.3785,20.2817,Σοφάς
GR,39.3786,26.1871,Λιμαντζίκι
GR,39.3796,26.2163,
GR,39.3808,26.2197,
GR,39.3826,20.1192,Κάβος
GR,39.3827,26.2239,
GR,39.3834,20.278,Καμίνι
GR,39.3835,20.2758,Αγκάλη
GR,39.3839,20.0477,skalia beach
GR,39.3869,20.274,Αγία Παρασκευή
GR,39.3897,23.1935,Φακίστρα
GR,39.3924,20.2695,Μικρό Ντράφι
GR,39.3928,20.0253,Παραλία Γαρδένο
GR,39.3934,20.2682,Μέγα Ντράφι
GR,39.3964,20.2631,Μικρή Άμμος
GR,39.3982,20.2569,Μέγα Άμμος
GR,39.3987,20.2338,Μουρτεμένο
GR,39.3993,20.2462,
GR,39.3994,20.2356,Μπέλλα Βράκα
GR,39.4002,20.2356,Μπέλα Βράκα
GR,39.4006,20.2346,
GR,39.4006,20.25,Ζαβία
GR,39.4007,20.2343,
GR,39.4012,20.2331,
GR,39.4012,24.1831,
GR,39.4014,24.1828,
GR,39.4017,20.2237,
GR,39.4019,20.2252,
GR,39.402,20.1006,Παραλία Αγ. Πέτρος
GR,39.4022,20.2252,
GR,39.4023,20.225,
GR,39.4025,20.2247,Διαπόρι
GR,39.4028,20.2322,
GR,39.4035,20.2301,Πάνα
GR,39.4036,23.1814,Νταμούχαρη
GR,39.404,20.2196,Πισίνα
GR,39.4042,20.2345,Κάρβουνο
GR,39.4044,20.099,Capo di Corfu
GR,39.4051,20.2254,
GR,39.4052,23.1794,
GR,39.4056,19.9949,
GR,39.4062,20.2247,
GR,39.4064,20.2387,
GR,39.4065,20.2384,
GR,39.4066,20.2391,
GR,39.4069,20.0979,Παραλία Παρακλάδι
GR,39.4081,19.9931,Maltas beach
GR,39.4097,23.1694,Παπά Νερό
GR,39.4107,20.2366,Γαλλικός Μώλος
GR,39.4108,20.2365,
GR,39.4113,19.9881,Santa Barbara beach
GR,39.4131,20.2344,Ζέρη
GR,39.4134,23.1664,
GR,39.4136,20.233,Ζέρη
GR,39.4142,19.9836,Marathias beach
GR,39.4159,20.2309,Δεή
GR,39.416,23.1633,Άγιος Ιωάννης
GR,39.4167,20.0957,Παραλία Σκάλομα
GR,39.417,19.9778,
GR,39.4172,20.2296,Δεή πλους
GR,39.4183,23.1606,Άγιος Ιωάννης
GR,39.4208,20.2304,
GR,39.4223,19.9634,Παραλία Λακκιές
GR,39.423,23.1566,Πλάκα
GR,39.4243,19.9566,
GR,39.4249,19.9527,
GR,39.426,20.2277,
GR,39.4277,20.2277,
GR,39.4292,20.2276,
GR,39.4294,19.9272,Issos Beach
GR,39.43,20.2273,
GR,39.4338,20.0211,Καλυβιώτης
GR,39.4345,20.0868,Παραλία Μπούκα
GR,39.4359,23.1437,Παραλία Μπάνικας
GR,39.4371,20.0369,Μώλος
GR,39.4376,23.1409,Παραλία Μπριάνου
GR,39.4412,23.1367,Άγιοι Σαράντα
GR,39.4416,23.1368,Άγιοι Σαράντα
GR,39.4421,20.2291,
GR,39.4442,20.2513,Παραλία Γαλάζιος Κόλπος
GR,39.4445,20.2639,
GR,39.445,20.2555,Παραλία Ναυτίλος
GR,39.4461,20.2741,Παραλία Πλαταριάς
GR,39.4475,19.8867,Παραλία Χαλικούνα
GR,39.4483,23.1316,
GR,39.4484,20.0044,Νότος
GR,39.4495,20.2758,Παραλία Πλαταριάς
GR,39.4512,20.0026,Πετριτή
GR,39.4544,23.1238,Χορευτό
GR,39.4566,19.8703,Alonaki Bay
GR,39.4592,20.2622,Παραλία Έλενα
GR,39.4595,19.9775,Μπουκάρη
GR,39.4598,20.2598,Παραλία Plataria Beach Hotel
GR,39.4602,19.9801,Μπουκάρη
GR,39.4611,23.1163,Παρίσαινα
GR,39.4642,20.2518,Παραλία Κόκκινος Βράχος
GR,39.467,23.1132,Παραλία Τουρκοπηγής
GR,39.4687,20.2471,Παραλία Ελιά
GR,39.4688,23.1119,Παραλία Ανάληψης
GR,39.469,24.9822,Ροδοκάλι
GR,39.4709,20.2447,
GR,39.4714,23.1112,
GR,39.4728,24.9824,παραλία Τρυπητή
GR,39.4732,20.2402,Παραλία Καλάμι
GR,39.4761,23.1096,παραλία Ελίτσα
GR,39.4762,20.2337,Παραλία Γάτα
GR,39.4763,19.8624,
GR,39.4763,19.9351,
GR,39.4786,19.9348,
GR,39.479,19.86,Prasoudi
GR,39.4812,19.9331,
GR,39.4829,24.9771,παραλία Φράγκου
GR,39.485,19.9301,Moraitika Beach
GR,39.4939,24.177,
GR,39.4941,24.9739,παραλία Γουρνιά
GR,39.4958,25.0229,
GR,39.4965,19.9271,
GR,39.4974,24.9727,παραλία Άγιος Νικόλαος
GR,39.4993,19.9258,
GR,39.5022,19.8528,Paramonas
GR,39.5044,20.2623,
GR,39.5048,24.9727,παραλία Φτελιό
GR,39.5077,23.0798,
GR,39.5085,19.9242,"Αγ, Γιάννης"
GR,39.5089,25.0331,
GR,39.5101,20.2572,
GR,39.5103,20.2166,Παραλία Δρέπανο
GR,39.5133,24.9735,παραλία Λιδαριό
GR,39.5163,20.2062,Παραλία Δρέπανο
GR,39.5178,20.1705,Παραλία Κέρκυρα
GR,39.5181,20.1944,Παραλία Μακρυγιάλι
GR,39.5182,24.975,παραλία Τρηγάρη
GR,39.519,20.1859,Παραλία Μακρυγιάλι
GR,39.5212,19.9232,
GR,39.5219,24.9758,Άγιος Δημήτριος
GR,39.522,19.9231,
GR,39.5287,20.1575,Παραλία Μπούκα
GR,39.5294,24.9786,παραλία Άγιος Αντώνιος
GR,39.535,25.0475,παραλία Αλονίτσι
GR,39.5366,19.8456,
GR,39.5366,19.9172,
GR,39.5384,23.0087,
GR,39.5385,24.9878,
GR,39.54,19.917,
GR,39.5427,19.915,Benitses beach
GR,39.5461,24.9927,παραλία Μουρούλια
GR,39.5462,19.8489,Παραλία Αγίου Γορδίου
GR,39.5464,19.9137,
GR,39.5507,24.9938,
GR,39.5516,19.8465,Black Rocks Beach
GR,39.5518,19.9127,
GR,39.5747,22.9352,
GR,39.5803,19.9142,
GR,39.5807,19.8223,
GR,39.5837,19.819,Κοντογιαλός
GR,39.5857,22.9268,Paralia Ai Giannis
GR,39.5913,19.8078,Παραλία Γλυφάδας
GR,39.5913,19.9195,Κανόνι
GR,39.5955,19.7994,Παραλία Μυρτιώτισσας
GR,39.5965,19.7964,
GR,39.6032,19.9268,Καρδάκι
GR,39.6086,19.9268,
GR,39.6096,19.9275,
GR,39.6099,19.9277,
GR,39.611,19.7774,Παραλία Έρμονες
GR,39.6141,19.7688,
GR,39.6209,19.7558,Παραλία Γυαλί
GR,39.6209,19.9247,Παραλία ΝΑΟΚ
GR,39.6246,19.9299,Μανδράκι
GR,39.6246,19.9325,
GR,39.626,19.9253,
GR,39.6272,19.9237,
GR,39.6276,20.1781,Παραλία Σαγιάδας
GR,39.6291,19.7417,Κρούζα
GR,39.6342,20.1711,
GR,39.636,19.7401,Κόλιας
GR,39.6371,19.8749,Αγία Αικατερίνη
GR,39.639,19.7385,Ἀντύψος
GR,39.6392,20.1567,Keramidi Beach
GR,39.6399,19.918,
GR,39.6403,22.899,
GR,39.6406,19.7375,Μικρό Στελάρι
GR,39.6409,19.9182,
GR,39.641,20.141,
GR,39.6422,19.9208,Τραμουντάνα
GR,39.6435,22.8978,
GR,39.6439,22.8974,Παραλία Ρακοποτάμου
GR,39.644,19.9234,Μαΐστρος
GR,39.6455,19.7349,Παραλία Στέλάρι
GR,39.6458,19.861,Σωτηριώτισσα
GR,39.6475,19.7331,Καμάρι
GR,39.6489,19.8608,
GR,39.6503,19.8608,Παραλία Κοντοκαλίου
GR,39.6511,19.8608,
GR,39.652,19.7286,Παραλία Χωμοί
GR,39.6537,19.8454,
GR,39.6554,22.8942,Παραλία Παπακώστα
GR,39.656,19.7239,Ηλιόδωρος
GR,39.6565,19.8444,
GR,39.6575,19.8443,
GR,39.6579,19.7261,Κόλιας
GR,39.6655,19.7239,Παραλία Λίμνη
GR,39.6659,19.8614,
GR,39.6662,19.8601,
GR,39.6663,19.7246,
GR,39.6665,19.8589,
GR,39.6672,19.8546,
GR,39.6677,19.8518,
GR,39.6701,20.0814,
GR,39.6706,19.7278,Ροβινιά
GR,39.6708,20.0773,
GR,39.6713,19.8495,Dafnila Beach
GR,39.672,19.7032,Παραλία Άγιος Σπυρίδωνας
GR,39.6726,19.7006,Παραλία Αμπελάκι
GR,39.6729,19.707,Alipa beach
GR,39.6733,19.715,
GR,39.6737,19.7295,Παραλία Λιαπάδων
GR,39.6737,20.0695,
GR,39.6743,19.8466,Παραλία Άγιος Νικόλαος
GR,39.6778,19.6834,
GR,39.6801,20.029,
GR,39.6807,20.0194,
GR,39.6826,20.0513,
GR,39.6827,19.8426,Dassia Beach
GR,39.6829,20.0591,
GR,39.6831,20.041,
GR,39.6834,20.0153,
GR,39.6845,20.0447,
GR,39.6899,19.8444,
GR,39.6995,19.84,
GR,39.7053,19.8433,
GR,39.708,19.8515,
GR,39.7088,19.8547,
GR,39.709,19.8569,
GR,39.7139,19.6552,
GR,39.7152,19.6579,Πόρτο Τιμόνι
GR,39.7158,19.868,Barbati Beach
GR,39.7177,19.6736,Παραλία Άγιος Γεώργιος Πάγων
GR,39.7198,19.8744,
GR,39.7227,19.8812,
GR,39.7235,19.884,Glyfa Beach
GR,39.7236,19.8875,
GR,39.724,19.894,
GR,39.724,19.897,Nissaki Beach
GR,39.7242,19.9028,
GR,39.7251,22.8744,
GR,39.7284,19.9142,Kaminaki Beach
GR,39.7303,19.9193,Κρουζερή
GR,39.7363,19.9295,Agni Beach
GR,39.739,19.9317,Galiskari Beach
GR,39.7432,19.6473,Αρίλλας
GR,39.7435,19.9339,Παραλία Καλάμι
GR,39.7461,19.9387,Παραλία Χουχούλιο
GR,39.748,19.9405,
GR,39.7516,19.9399,
GR,39.7543,19.9417,Παραλία Κερασιά
GR,39.7556,19.9452,
GR,39.7564,19.9453,
GR,39.7581,19.6427,Άγιος Στέφανος
GR,39.7587,19.945,
GR,39.7611,22.8606,
GR,39.7622,19.946,
GR,39.7637,19.9494,
GR,39.7655,19.6473,
GR,39.7672,19.9533,
GR,39.7694,19.9539,Κορφοβόνια
GR,39.7715,19.9538,
GR,39.7728,22.8594,
GR,39.7735,19.9554,Βρωμολίμνη
GR,39.775,19.5236,Παραλία Πορτέλο
GR,39.7767,19.9547,Άκολη
GR,39.7791,19.9525,Κακό Κεφάλι
GR,39.7799,19.9401,Παραλία Αυλάκι
GR,39.78,19.9487,
GR,39.7802,19.5191,
GR,39.7817,19.9353,
GR,39.7817,19.9492,Μοσχοφίλι
GR,39.7822,25.3519,
GR,39.7823,19.9431,
GR,39.7829,25.3435,
GR,39.7831,19.948,Τζουφάκα
GR,39.7835,19.9312,Kogevina Beach
GR,39.784,25.3562,
GR,39.7846,25.3363,
GR,39.7848,19.9469,
GR,39.7849,19.947,Βουβαλομάντρια
GR,39.7856,19.9448,Βραχλή
GR,39.7872,25.3277,
GR,39.7876,19.6664,Παραλία Λογγάς
GR,39.7882,19.9116,Imerolia Beach
GR,39.7888,19.9181,Kalamionas Beach
GR,39.7893,25.3205,
GR,39.7894,19.7133,
GR,39.7896,19.9255,Karavi Beach
GR,39.79,19.7109,
GR,39.7906,19.925,Karavi Beach
GR,39.7913,19.7096,
GR,39.7914,19.7889,Παραλία Ρόδας
GR,39.7915,25.3123,
GR,39.792,19.9085,
GR,39.793,19.9193,
GR,39.793,25.3057,
GR,39.7931,25.3498,Skandali Beach
GR,39.7934,19.9214,
GR,39.7935,19.8963,Παραλία Σύκι
GR,39.7937,19.9205,Kanoni Beach
GR,39.7938,19.7057,Παραλία Σιδάρι
GR,39.7938,25.3022,
GR,39.7944,19.764,
GR,39.7948,19.7594,Acquasanta Beach
GR,39.7953,19.7408,
GR,39.7957,19.7012,
GR,39.7957,19.7816,Robolla Beach
GR,39.7959,19.7,
GR,39.7959,25.3001,
GR,39.7964,19.7552,Αστρακερή
GR,39.7966,19.6951,Αποτρυπητή
GR,39.7967,19.6989,
GR,39.7967,19.8086,Παραλία Αχαράβης
GR,39.7971,19.6982,Κανάλι του Έρωτα
GR,39.7986,25.2279,
GR,39.7988,25.1922,
GR,39.7988,25.2976,
GR,39.7988,25.3503,Louri Beach
GR,39.7991,25.2169,
GR,39.7994,25.1621,
GR,39.7995,25.1592,
GR,39.7997,25.1809,
GR,39.7998,25.1842,
GR,39.8001,25.2123,
GR,39.8002,25.1577,
GR,39.8007,25.2966,
GR,39.8012,25.1584,
GR,39.802,25.1578,
GR,39.8022,25.226,
GR,39.8025,25.2952,
GR,39.8028,25.1573,
GR,39.8035,19.8795,
GR,39.8036,25.1569,
GR,39.804,25.2244,
GR,39.8043,25.1381,
GR,39.8043,25.1564,
GR,39.8066,25.1374,
GR,39.8069,25.3656,
GR,39.8074,25.1395,
GR,39.8075,25.1446,
GR,39.8076,25.222,
GR,39.8077,25.1538,
GR,39.8087,22.831,Παραλία Παλιουριάς
GR,39.8087,25.1413,
GR,39.8093,25.1412,
GR,39.8094,25.1382,
GR,39.8095,22.8295,
GR,39.8101,25.2186,
GR,39.8108,25.1437,
GR,39.8109,19.8339,Αλμυρός
GR,39.8109,25.2173,
GR,39.8127,25.2153,
GR,39.8137,25.1466,
GR,39.8154,25.2125,
GR,39.8156,19.8695,
GR,39.8157,19.8611,Agios Spiridon Beach
GR,39.8157,19.8655,Agios Spyridon Beach
GR,39.8157,19.8667,
GR,39.8172,25.2108,
GR,39.8175,25.148,Κόκκινα
GR,39.8183,19.8562,Παραλία Γιαλισκάρι
GR,39.8186,25.2093,
GR,39.8202,19.8458,
GR,39.8208,22.8068,Παραλία Κουτσουπιάς
GR,39.8212,25.364,
GR,39.8217,25.2939,Skidi Beach
GR,39.823,25.2064,
GR,39.8236,22.806,
GR,39.8255,25.2066,
GR,39.8262,25.3541,Limani Aghias Bay
GR,39.8272,25.2071,
GR,39.8287,25.207,
GR,39.8287,25.3532,
GR,39.8288,25.284,Parthenomythos Beach
GR,39.8297,25.3519,
GR,39.8299,25.1551,
GR,39.8318,25.2054,
GR,39.8321,22.7987,
GR,39.8327,25.0527,
GR,39.8329,25.2665,
GR,39.8342,25.0568,
GR,39.8348,25.0467,
GR,39.8349,25.2049,
GR,39.8361,25.2056,
GR,39.8364,25.052,
GR,39.8366,25.05,
GR,39.8369,25.2068,
GR,39.8374,25.0627,
GR,39.8377,25.2026,
GR,39.8385,22.7885,Παραλία Τσιλιγιώργος
GR,39.8389,22.7885,
GR,39.8394,25.0862,
GR,39.8398,25.2634,Χαβούλι
GR,39.8402,19.4079,Αγία Τριάδα
GR,39.8404,25.0787,παραλία Θάνους
GR,39.8409,25.1431,
GR,39.8412,25.0665,παραλία Στίβι ή Πλαγίσος Μώλος
GR,39.8416,19.4032,Μόλος
GR,39.8422,19.3832,Άσπρη άμμος
GR,39.8425,22.7825,Πλατιά Άμμος
GR,39.843,25.3459,Παραλία Μακρύς Γυαλός
GR,39.8435,25.1473,
GR,39.8443,25.1322,
GR,39.8468,25.1053,
GR,39.8474,22.7777,Παραλία Καλύβι
GR,39.8476,22.7777,
GR,39.8482,25.1061,
GR,39.8492,22.7757,Παραλία Πηγάδι
GR,39.8493,22.7759,Παραλία Πηγάδι
GR,39.8499,25.1206,παραλία Εβγάτης
GR,39.85,25.1083,
GR,39.85,25.1095,
GR,39.8502,25.1115,
GR,39.8506,25.0651,
GR,39.8518,25.1542,
GR,39.8524,25.2398,Katanopodhi Beach
GR,39.8527,22.7707,Παραλία Ψαρόλακας
GR,39.8528,22.7707,Παραλία Ψαρόλακας
GR,39.8537,25.1704,Διαπόρι
GR,39.8545,25.2384,Μεγάλο Φαναράκι
GR,39.855,25.2425,Μικρό Φαναράκι
GR,39.8552,25.1621,
GR,39.8555,25.1862,
GR,39.8563,22.7641,Παραλία Παναγία
GR,39.8567,25.0611,παραλία Πλατύ
GR,39.8576,25.2408,Φαναράκι
GR,39.8584,22.7607,
GR,39.8591,19.3744,
GR,39.8593,25.2423,Μικρό φανάρι
GR,39.8595,25.1908,
GR,39.86,25.2483,
GR,39.8628,22.7497,Αγία Παρασκευή
GR,39.8651,22.744,
GR,39.8651,22.748,
GR,39.8657,25.3432,
GR,39.8696,22.7362,Παραλία Στομίου
GR,39.8696,25.1974,
GR,39.8727,25.0607,Τουρκικος Γιαλος
GR,39.873,25.0609,
GR,39.8784,19.5865,
GR,39.8792,25.2245,
GR,39.8793,19.5808,Πόρτο
GR,39.8798,25.2125,
GR,39.8812,25.0619,Ρωμαίικος Γυαλός
GR,39.8842,19.5953,
GR,39.8843,25.352,
GR,39.8847,25.3529,
GR,39.8855,25.0624,Ρηχά νερά
GR,39.8917,25.3572,Κέρος
GR,39.894,25.0602,
GR,39.8958,25.355,Κέρος
GR,39.8962,25.2154,Καλλιθέα
GR,39.8964,22.7211,
GR,39.8974,25.0654,Αυλώνας
GR,39.8977,22.72,Παραλία Αλεξανδρινής
GR,39.8989,25.3543,Κέρος
GR,39.9033,25.3547,Κέρος
GR,39.9056,25.0664,
GR,39.908,25.3573,Κέρος
GR,39.9099,23.7045,
GR,39.9117,25.3784,Κέρος
GR,39.9123,25.368,Κέρος
GR,39.9129,23.7252,
GR,39.9146,23.7312,
GR,39.9154,23.6502,Παρ. Αυλάκι
GR,39.9204,22.7148,Παραλία Στρίντζος
GR,39.9212,23.607,
GR,39.9213,23.5999,
GR,39.9215,23.6015,
GR,39.9216,23.5946,Παραλία Γυμνιστών
GR,39.9218,23.5961,Παραλία Γυμνιστών
GR,39.9219,25.0703,
GR,39.9232,25.3841,
GR,39.9236,23.5905,
GR,39.927,23.586,
GR,39.9283,23.5845,
GR,39.9285,25.0637,Άγιος Ιωάννης
GR,39.931,25.0552,
GR,39.9317,23.7007,
GR,39.9317,23.7426,
GR,39.9322,23.7296,
GR,39.9347,23.5563,
GR,39.9351,23.5546,
GR,39.9375,25.052,
GR,39.9385,23.9322,
GR,39.9387,23.9313,
GR,39.9392,23.6879,
GR,39.9401,25.2892,
GR,39.941,22.7153,
GR,39.942,23.9348,
GR,39.9422,25.2973,
GR,39.9433,25.0516,
GR,39.9446,25.2786,Παραλία Κότσινα
GR,39.9454,23.5306,
GR,39.9455,25.0513,
GR,39.9471,23.9332,
GR,39.9492,22.7111,
GR,39.9512,25.0481,
GR,39.9521,25.4016,
GR,39.9522,25.0475,
GR,39.9536,22.7076,
GR,39.9536,25.2838,
GR,39.9559,25.2805,
GR,39.9564,25.0458,
GR,39.9574,23.3584,Μύτη
GR,39.9585,25.2723,
GR,39.9588,23.3585,Παραλία Γυμνιστών Μύτη
GR,39.9591,25.3219,Τηγάνι
GR,39.9602,23.4048,
GR,39.9605,23.9269,
GR,39.9611,25.2685,
GR,39.9616,23.4946,
GR,39.9619,23.3868,
GR,39.962,23.6786,Παραλία Χρουσώ
GR,39.962,23.9082,
GR,39.963,23.4212,
GR,39.9632,25.265,
GR,39.9641,23.967,Παρ. ΄Αμπελος
GR,39.9652,23.9241,Πόρτο Κουφό
GR,39.9659,25.413,
GR,39.9662,23.9788,
GR,39.9673,25.3288,
GR,39.9673,25.3452,Σαράβαρη
GR,39.9675,23.6767,
GR,39.968,23.4358,
GR,39.9692,25.3315,
GR,39.9709,23.3693,
GR,39.9709,25.2644,
GR,39.9731,25.0492,
GR,39.9733,23.6746,
GR,39.9735,25.2626,
GR,39.9738,22.6658,παραλία γυμνιστών
GR,39.9769,25.05,
GR,39.9782,23.6668,
GR,39.9794,25.2647,
GR,39.9805,25.0472,
GR,39.9806,25.2653,
GR,39.9812,23.6662,Παραλία Γυμνιστών Γλαρόκαβος
GR,39.9816,23.6609,
GR,39.9823,22.6459,
GR,39.9824,23.6506,
GR,39.9835,23.8996,Παραλία Τορώνης
GR,39.984,25.0508,
GR,39.9848,23.9874,Πλαζ Θάλατα
GR,39.985,25.0458,
GR,39.9851,25.3513,Νεφτίνα
GR,39.9852,25.2702,
GR,39.9854,25.2641,
GR,39.986,23.628,
GR,39.987,25.0378,
GR,39.9875,25.254,
GR,39.9876,25.2567,
GR,39.9882,23.622,Πευκοχώρι Yalla-Flegra
GR,39.9892,25.2534,
GR,39.9893,23.6181,
GR,39.9894,25.4425,
GR,39.9898,23.6159,
GR,39.9898,25.251,
GR,39.9902,25.2476,
GR,39.9903,25.1698,Κατάλακκο
GR,39.9904,23.9912,
GR,39.9904,23.9919,Kalamitsi
GR,39.9906,23.6138,
GR,39.9909,22.6288,
GR,39.9912,23.9935,
GR,39.9912,25.0835,
GR,39.9913,23.8929,Κόρακας
GR,39.9913,23.9966,Παραλία Γυμνιστιών Καλαμίτσι
GR,39.9913,25.1023,Βάθρακας
GR,39.9919,25.1675,
GR,39.992,25.2439,
GR,39.9925,23.6079,Παραλία Πευκοχωρίου
GR,39.9929,23.3801,
GR,39.9936,23.8926,Παραλία Γυμνιστιών Δεστινίκα
GR,39.9939,25.1787,
GR,39.994,22.6216,
GR,39.994,25.3592,
GR,39.9944,23.8903,Παραλία Δεστενίκα
GR,39.9945,25.2416,Φαρακλού
GR,39.9955,22.6188,
GR,39.9955,23.8796,Παραλία Τριστινίκα
GR,39.9961,25.1903,
GR,39.9962,22.6168,
GR,39.9966,25.235,
GR,39.9968,23.5925,
GR,39.9973,25.1212,
GR,39.9974,25.1944,
GR,39.9979,25.215,
GR,39.9984,25.4398,
GR,39.9988,25.1511,
GR,39.9991,23.3826,
GR,39.9991,25.2189,Trygi Beach
GR,39.9995,23.8693,Κρυφός Παράδεισος Παραλία Γυμνιστών
GR,39.9997,25.2013,
GR,40.0003,25.1268,
GR,40.0009,23.5792,παραλία Χανώτη Grecotel
GR,40.0013,25.2224,
GR,40.0018,25.1467,
GR,40.0019,25.2334,
GR,40.0027,25.3714,Zematas Beach
GR,40.0031,23.8693,Παραλία Αρετές
GR,40.0032,23.5731,παραλία Χανιώτη
GR,40.0034,25.1463,
GR,40.0036,25.4372,Μαντρί
GR,40.0044,22.6046,
GR,40.0049,25.2346,
GR,40.005,25.1428,
GR,40.0054,23.3808,
GR,40.0056,25.3991,
GR,40.006,23.8691,Μικρές Αρετές
GR,40.0063,22.602,
GR,40.0063,23.5643,Xanioti Beach
GR,40.007,25.3933,
GR,40.0079,23.8673,Παραλία
GR,40.0082,23.8238,
GR,40.0083,22.5989,
GR,40.0087,25.3712,
GR,40.0102,25.3901,
GR,40.0104,23.8628,Παραλία Αζάπικο
GR,40.0119,23.5496,Hanioti Beach
GR,40.0131,25.3709,
GR,40.0134,23.8599,Παραλία
GR,40.0137,23.3742,
GR,40.0138,25.4353,Πλάκα
GR,40.014,22.5947,Παραλία Παντελεήμονα
GR,40.0142,25.3822,
GR,40.015,23.8225,
GR,40.0167,23.8243,
GR,40.0172,23.8268,
GR,40.0173,23.847,
GR,40.019,23.5283,
GR,40.0192,25.4327,
GR,40.0193,23.8448,
GR,40.0199,23.8285,
GR,40.0207,23.8421,
GR,40.021,25.4171,
GR,40.0218,23.8183,
GR,40.0228,24.0202,
GR,40.0229,23.826,
GR,40.023,23.817,
GR,40.0232,24.0191,
GR,40.0233,23.8349,Παρ. Αζάπικο
GR,40.0238,23.8149,
GR,40.0239,23.3634,Αγιος Νικόλαος
GR,40.0243,24.0175,Kristina Beach
GR,40.0245,22.5896,Σκοτίνα
GR,40.025,23.8135,
GR,40.0255,23.511,
GR,40.0262,24.0177,Παραλία Κριαρίτσι
GR,40.0266,23.3618,Παραλία Γυμνιστών Κατεργόπετρα
GR,40.0275,23.8138,
GR,40.0279,25.4458,
GR,40.0285,25.4293,
GR,40.0297,25.4463,
GR,40.03,23.5018,
GR,40.0308,24.0194,
GR,40.0315,25.4459,
GR,40.0316,22.588,
GR,40.0318,24.0191,
GR,40.0323,24.0186,Τηγανιά
GR,40.0332,25.4465,
GR,40.0336,23.4951,
GR,40.0339,24.0095,Klimataria Beach
GR,40.034,23.3588,
GR,40.0348,24.0041,
GR,40.0349,23.9968,
GR,40.0352,23.9907,
GR,40.0352,23.9918,
GR,40.0362,24.0162,Prassou Beach
GR,40.0365,23.9997,
GR,40.0384,23.4877,
GR,40.0402,22.5847,
GR,40.0415,23.9875,Παραλία Συκιάς
GR,40.0425,23.4815,
GR,40.0428,23.8121,
GR,40.0442,23.3511,Παραλία Γυμνιστών
GR,40.0483,23.4747,
GR,40.0483,23.9889,
GR,40.0485,23.9891,
GR,40.0487,23.8071,
GR,40.0492,23.8018,
GR,40.0494,23.3481,Παραλία Ελάνη
GR,40.05,23.8029,
GR,40.05,23.9911,
GR,40.0502,23.4717,Agora Beach Bar & Restaurant
GR,40.0508,23.8005,
GR,40.0516,23.7995,
GR,40.0517,23.7995,
GR,40.052,23.9993,Paralia Valti
GR,40.0527,23.4695,
GR,40.0529,23.798,
GR,40.0537,23.7974,
GR,40.054,23.4682,
GR,40.0545,23.7957,
GR,40.058,23.794,
GR,40.0582,24.0042,Αγριδιά
GR,40.0587,22.5709,
GR,40.0592,23.7933,
GR,40.0601,23.4636,
GR,40.0609,23.7917,
GR,40.0641,23.7897,
GR,40.0666,23.337,
GR,40.0694,23.7902,
GR,40.0712,23.9947,
GR,40.0718,23.7891,
GR,40.0734,23.9919,
GR,40.0736,22.5673,
GR,40.0745,23.7898,
GR,40.075,23.9879,
GR,40.0758,23.9853,
GR,40.0778,23.9828,
GR,40.0786,23.4485,Καλλιθέα
GR,40.0799,23.7917,
GR,40.0811,23.4474,Καλλιθέα
GR,40.0862,23.7922,
GR,40.0882,23.9804,Sarti Beach
GR,40.09,23.7908,
GR,40.0909,23.7878,
GR,40.0918,23.786,
GR,40.092,23.4422,Λιόση
GR,40.094,23.3099,Blue Dream
GR,40.0947,23.784,
GR,40.0954,23.4413,
GR,40.0966,23.4409,Μουδουνού
GR,40.0979,23.4407,
GR,40.0986,23.3084,
GR,40.0996,23.3067,
GR,40.0997,23.981,
GR,40.1009,23.4388,
GR,40.1015,23.9821,Achlada Beach
GR,40.1022,23.7752,Παραλία Παράδεισος
GR,40.1027,23.3072,Μπούσουλας
GR,40.103,23.4365,
GR,40.1031,23.9846,
GR,40.1032,23.4357,Βάρκες
GR,40.1037,23.4352,
GR,40.1046,23.4347,
GR,40.1065,23.9886,
GR,40.1071,23.9971,Wiggi Beach
GR,40.1095,23.991,
GR,40.111,23.3129,Παραλία Γυμνιστών
GR,40.1128,23.3136,
GR,40.1183,23.9807,Παραλία Πλατανίτσι
GR,40.1209,23.4207,
GR,40.1211,23.9799,
GR,40.1246,23.9772,Παραλία Γυμνιστών Πλατανίτσι
GR,40.1248,23.7645,Castello beach
GR,40.1265,23.9703,Καβουρότρυπες
GR,40.1267,23.9689,Παραλία Πορτοκάλι
GR,40.1268,23.9713,Παραλία Γυιμνιστών Πορτοκάλι Καβουρότρυπες
GR,40.1272,23.321,
GR,40.1272,23.9658,Παραλία Μεγάλο Πορτοκάλι
GR,40.1274,23.7629,
GR,40.1287,23.413,
GR,40.129,23.9595,Μικρός Παράδεισος παραλία γυμνιστιών
GR,40.1296,23.9589,Παραλία Παράδεισος
GR,40.1301,23.7603,
GR,40.1317,23.4067,Small beach
GR,40.1321,23.7566,
GR,40.1337,23.7508,Παραλία Λαγομάνδρα
GR,40.1338,23.402,
GR,40.1342,23.4009,
GR,40.1352,23.7466,Παρ. Λαγομάδρα
GR,40.1369,23.3985,
GR,40.1377,23.7441,
GR,40.1379,23.9352,
GR,40.1391,22.5488,
GR,40.1402,23.7414,
GR,40.1414,23.74,
GR,40.1426,23.7356,
GR,40.1463,23.7334,Παραλία Ανθέμου
GR,40.1483,23.9236,
GR,40.1529,22.5489,
GR,40.1549,23.9166,Παραλία Αρμενιστής
GR,40.1577,23.321,Καβούρι
GR,40.1599,23.9001,Παραλία
GR,40.1601,23.896,Παραλία ονείρου
GR,40.1626,23.8909,Παραλία Ρόμπινσον
GR,40.1642,23.7256,
GR,40.1676,23.8771,Παραλία Μπανάνα
GR,40.17,23.8697,Παραλία
GR,40.1702,23.7209,Παραλία Σπαθιών
GR,40.1704,23.8712,
GR,40.1708,23.3248,Ηλιοβασίλεμα
GR,40.1712,23.8648,Παραλία Ζωγράφου
GR,40.1724,23.7197,
GR,40.1724,23.8606,Παραλία
GR,40.1739,23.8532,Παραλία Κουτλουμούση
GR,40.1767,23.7145,Ακτή Καλογριάς
GR,40.1782,23.8331,Παραλία Μπάρα
GR,40.1782,23.8352,
GR,40.1782,23.8361,
GR,40.1793,23.8299,Παραλία Μπάρα
GR,40.1795,22.5615,
GR,40.182,23.7098,Παραλία Κοβιού
GR,40.1838,23.8203,Παραλία Φάβα
GR,40.1847,23.8196,Παραλία Φάβα
GR,40.1856,23.8194,Παραλία Μάνου
GR,40.1861,23.8193,Παραλία Μάνου
GR,40.1867,23.819,Παραλία Μάνου
GR,40.1871,23.8182,Brounou Beach
GR,40.1873,23.8183,
GR,40.1879,23.7889,
GR,40.1889,23.7824,
GR,40.1889,23.817,
GR,40.1899,23.7794,
GR,40.1906,23.799,Βουρβουρού
GR,40.1906,24.3741,
GR,40.1911,23.7772,
GR,40.1919,23.6933,Παραλία Αγίου Ιωάννη
GR,40.1919,23.8105,Παραλία Μικρό Καρύδι
GR,40.1924,23.3374,
GR,40.1928,23.8104,Παραλία Γυμνιστών
GR,40.1935,23.686,Παραλία Καστρί
GR,40.1935,23.8083,Παραλία Καρύδι
GR,40.1936,23.7743,Παραλία Βουρβουρού
GR,40.194,23.8064,
GR,40.1961,23.683,Παραλία Μικρό Καστρί
GR,40.1997,23.769,Παραλία Λιβάρι
GR,40.201,23.7914,
GR,40.2011,23.7938,
GR,40.2026,23.7867,
GR,40.204,23.7749,
GR,40.2043,23.7645,Παραλία Φτερωτή
GR,40.2049,23.3194,
GR,40.2054,23.7786,
GR,40.2057,23.773,
GR,40.2057,23.7804,
GR,40.2057,23.7823,
GR,40.2072,24.3403,
GR,40.2075,23.6743,Παραλία Νικήτης
GR,40.208,23.7638,Παραλία Φτερωτή
GR,40.2082,23.7727,
GR,40.2094,23.7622,Παραλία Φτερωτή
GR,40.2111,23.775,
GR,40.2115,23.7858,White beach
GR,40.2125,23.3177,
GR,40.2144,23.7731,
GR,40.215,23.6671,Παραλία Νικήτης
GR,40.2165,23.7729,
GR,40.2173,23.3156,Πόρτες
GR,40.2173,23.3336,Παραλία Γυμνιστών
GR,40.2182,23.7861,
GR,40.2193,23.7855,
GR,40.2211,23.3409,
GR,40.2221,23.7903,Παραλία Αγίου Ισιδώρου
GR,40.2231,23.7748,
GR,40.2233,23.7767,
GR,40.2243,23.75,
GR,40.2244,23.7538,
GR,40.2245,23.7596,
GR,40.2248,23.7552,Παραλία Γαλήνη
GR,40.2256,22.5864,
GR,40.2261,23.5876,
GR,40.227,23.6297,
GR,40.227,23.7572,Παραλία Γαλήνη
GR,40.2271,24.2128,
GR,40.2273,23.5805,
GR,40.2275,23.6049,
GR,40.2276,23.7657,
GR,40.2277,23.577,
GR,40.2279,23.7467,
GR,40.2279,23.7599,
GR,40.2299,23.738,Παραλία Λατούρα
GR,40.2299,23.7464,Παραλία Λαγονήσι
GR,40.2303,23.7723,
GR,40.2306,23.7722,
GR,40.2312,24.2076,
GR,40.2313,23.7747,
GR,40.2316,23.7749,
GR,40.2317,23.5674,
GR,40.2326,22.587,
GR,40.2328,23.7457,
GR,40.2336,23.7457,
GR,40.234,23.5619,
GR,40.2343,23.732,Παραλία Όρμος Παναγίας
GR,40.2358,23.541,
GR,40.2362,23.7412,
GR,40.2363,23.7412,
GR,40.2365,23.5483,
GR,40.2374,23.7418,
GR,40.2374,23.7419,
GR,40.2374,23.7444,
GR,40.2375,24.3033,
GR,40.2379,22.5881,Olympic Beach
GR,40.2423,23.7267,Τρανή Αμμούδα
GR,40.2443,23.2647,
GR,40.2451,24.2888,
GR,40.2473,23.7232,
GR,40.2484,23.3585,agjio mama
GR,40.2491,23.2489,
GR,40.2499,23.7227,Παραλία Πύργου
GR,40.2502,23.2406,
GR,40.2505,22.5929,
GR,40.2537,23.7179,Παραλία Πύργου
GR,40.2549,23.2134,Παραλία Πλάγια-Φλογητά
GR,40.2578,23.4934,Παραλία Ψακούδια
GR,40.2599,23.4788,
GR,40.2601,23.4815,
GR,40.2603,23.4833,
GR,40.2616,23.7076,Παραλία Σχοινιά
GR,40.2624,23.4636,
GR,40.2651,23.4554,
GR,40.2664,23.45,
GR,40.2671,23.7046,Παραλία Σχοινιά
GR,40.2686,23.4455,
GR,40.269,23.7038,Παραλία Σχοινιά
GR,40.2707,23.7029,Παραλία Σχοινιά
GR,40.2717,23.1704,
GR,40.2726,23.1628,
GR,40.2734,23.1513,
GR,40.2741,23.7011,
GR,40.2748,23.425,
GR,40.2752,22.6022,Παραλία
GR,40.2767,23.698,
GR,40.2804,23.6967,Παραλία Ελαιώνα
GR,40.2818,24.1596,
GR,40.2859,23.694,Παραλία Σαλονικιού
GR,40.2906,23.1231,Παραλία Βεργιάς
GR,40.2909,23.1209,
GR,40.293,23.695,Παραλία Σαλονικιού
GR,40.2939,22.612,
GR,40.2944,23.1137,
GR,40.299,23.0981,παραλία Ανθούπολης
GR,40.2997,22.6151,
GR,40.3005,23.696,
GR,40.3013,23.0869,Παραλία Γυμνιστών Μυκονιάτικα
GR,40.3016,23.6953,
GR,40.3049,23.6952,
GR,40.3057,22.6187,
GR,40.3088,23.9547,
GR,40.3093,23.9541,
GR,40.3096,23.0634,Παραλία Νέας Καλλικράτειας
GR,40.3097,23.9568,Δρένια
GR,40.3098,23.0637,
GR,40.31,23.9356,
GR,40.3115,23.9631,
GR,40.3119,23.6974,
GR,40.3122,23.9644,
GR,40.3125,23.9455,Μεγάλη Άμμος
GR,40.3143,24.003,
GR,40.3153,23.9998,
GR,40.3156,23.9394,Άγιος Γεώργιος
GR,40.3169,23.9334,Μουσιού
GR,40.3172,23.9357,Μουσιού
GR,40.3173,23.9279,Πόρτο Άγιο
GR,40.3176,23.9963,Παραλία Τρίμη
GR,40.318,23.038,
GR,40.3181,24.2297,
GR,40.3185,24.2284,
GR,40.3187,23.9159,Παραλία Αλυκές
GR,40.3189,23.9245,Λιμάνι
GR,40.3189,24.2249,
GR,40.3203,23.699,
GR,40.3221,23.9107,Καλοπήγαδο
GR,40.3221,23.9908,
GR,40.3231,23.9887,
GR,40.3233,23.9862,
GR,40.3239,23.8987,
GR,40.3246,23.9813,Παραλία Ουρανούπολης
GR,40.3251,23.8955,Καραγάτσια
GR,40.3262,23.9794,
GR,40.3275,23.9793,
GR,40.3293,23.978,Παραλία Ουρανούπολης
GR,40.3294,23.9235,Λιμανάκι
GR,40.3303,23.0242,
GR,40.3303,23.8856,Φάκα
GR,40.3311,23.9228,
GR,40.3315,23.9751,
GR,40.332,23.8879,
GR,40.3322,23.7059,
GR,40.3323,23.9735,
GR,40.3337,23.8904,
GR,40.3338,23.7073,
GR,40.3341,23.9201,
GR,40.3346,23.8942,
GR,40.3349,23.7144,
GR,40.3355,23.9179,
GR,40.336,23.7197,
GR,40.3375,23.9073,Τσάσκα
GR,40.3377,24.1905,
GR,40.3385,23.9085,
GR,40.3392,23.9689,
GR,40.3395,23.7284,
GR,40.34,23.9683,
GR,40.342,23.9673,
GR,40.3431,23.9664,
GR,40.3448,23.9652,Καμπούδι / Άκραθως
GR,40.3462,23.7631,
GR,40.3462,23.9639,Καμπούδι 2/Θεοξένια
GR,40.3464,23.7668,
GR,40.3468,23.963,
GR,40.3473,23.9623,Καμπούδι 1/Ακτή Ουρανούπολη
GR,40.3475,23.7586,
GR,40.3481,23.0093,
GR,40.3482,23.9611,Ουρανούπολη 3/Aristoteles
GR,40.3501,23.7486,
GR,40.3508,23.732,Παραλία Κάμπος (Πυργαδίκια)
GR,40.3597,24.1037,
GR,40.3599,24.1174,
GR,40.3616,24.0986,
GR,40.3627,23.8264,Παραλία Δεβελίκι
GR,40.364,24.0852,
GR,40.3642,23.8892,
GR,40.3643,24.0934,
GR,40.3646,24.0754,
GR,40.3652,24.0729,
GR,40.3684,23.8533,
GR,40.3698,24.0649,
GR,40.3754,24.061,
GR,40.3771,22.6317,Παραλία Αλυκές Κίτρους
GR,40.3776,23.9707,Κομίτσα
GR,40.3787,22.8924,Παραλία Γυμνιστών Αγίου Νικολάου
GR,40.3788,22.9054,Παραλία Γτμνιστών Αμμόλοφοι
GR,40.3798,23.9472,
GR,40.3801,24.0545,
GR,40.3812,22.9218,Ποταμός
GR,40.3814,23.9293,wet dream beach
GR,40.3815,22.9271,Akti Siamo
GR,40.3817,22.6254,Αλυκή
GR,40.3817,23.9404,Βουλίτσα
GR,40.3845,23.9947,komitsa
GR,40.3848,23.9206,
GR,40.3855,22.6209,Άμμος
GR,40.386,24.048,
GR,40.387,22.6203,
GR,40.3898,23.9109,
GR,40.3915,23.9061,
GR,40.3937,24.0423,
GR,40.3945,25.5887,
GR,40.3945,25.5907,
GR,40.3948,22.6178,Pydna
GR,40.3954,25.5803,Παχιά Άμμος
GR,40.3956,25.5936,
GR,40.3964,23.8873,Πλαζ Ιερισσός
GR,40.3968,25.5621,
GR,40.3969,25.6064,Βάτος
GR,40.3984,23.8842,Πλαζ Ιερισσός
GR,40.3993,25.6138,
GR,40.3997,23.8824,Δημοτική Πλαζ 3
GR,40.4003,25.6175,
GR,40.4012,23.8804,Πλαζ Ιερισσός
GR,40.4025,23.8786,Δημοτική Πλαζ 2
GR,40.4056,23.8747,Δημοτική Πλαζ 1
GR,40.4084,25.6448,
GR,40.4099,22.8906,
GR,40.4104,24.0269,
GR,40.4124,23.8668,Κακούδια
GR,40.4197,23.859,
GR,40.4237,25.5172,Παραλία Μακρυλιές
GR,40.4239,25.6918,Παραλία Κήπου
GR,40.4249,22.6058,
GR,40.4273,23.8527,
GR,40.4274,22.8804,
GR,40.4275,22.6056,
GR,40.4311,23.8506,Lyra Bay
GR,40.433,22.8683,
GR,40.435,24.0019,
GR,40.4434,22.8651,
GR,40.4531,22.5964,
GR,40.4655,22.8557,
GR,40.4655,22.8558,Παραλία Νέας Μηχανιώνας
GR,40.4712,25.4494,
GR,40.4724,25.4692,
GR,40.4758,23.822,
GR,40.4775,25.4726,
GR,40.4788,22.8149,
GR,40.4843,23.8205,
GR,40.4924,25.6579,
GR,40.4936,22.8178,
GR,40.4973,22.8162,
GR,40.501,22.8763,
GR,40.5028,25.6005,
GR,40.5034,22.8963,
GR,40.5037,25.6064,
GR,40.5054,22.9067,
GR,40.5065,22.8296,Παραλία Γυμνιστών
GR,40.5072,23.8245,
GR,40.5115,22.9312,Παραλία Περαίας
GR,40.5118,23.8279,Παραλία Στρατώνι
GR,40.5205,23.8838,Λιβάδι
GR,40.5245,23.9044,
GR,40.5255,23.9088,
GR,40.5274,23.9125,
GR,40.5321,23.9167,
GR,40.5497,22.9811,
GR,40.5566,23.8611,
GR,40.5577,23.8475,
GR,40.561,23.8313,Παραλία Ζέπκου
GR,40.5719,24.6435,Σαλονικίός
GR,40.5728,23.8213,Babylon beach
GR,40.5766,22.9433,Πλαζ Αρετσούς
GR,40.58,23.8086,Βοριάς Λιμάνι
GR,40.5806,24.6417,
GR,40.5816,23.8019,Βίνα
GR,40.5827,24.6674,Καλάμι
GR,40.5831,24.6389,Αστρίς
GR,40.5835,24.6358,Αγία Παρασκευή
GR,40.584,24.6307,Ψιλή Άμμος
GR,40.5845,23.7976,
GR,40.586,23.7965,Πρώτη Αμμουδιά
GR,40.5868,24.6243,Αγία Άννα
GR,40.5872,22.9395,
GR,40.5884,23.7949,Κεφάλας
GR,40.5892,22.9433,
GR,40.5912,23.7955,Στάγεια
GR,40.5913,23.7914,Συκιά
GR,40.5931,23.7842,
GR,40.5937,24.6203,Νότος
GR,40.5949,24.6189,Ρωσογκρεμός
GR,40.5967,24.6987,
GR,40.5979,24.6921,Λιβάδι
GR,40.598,24.6958,Αρσανάς
GR,40.6,24.6088,
GR,40.6001,23.7815,Τσιφλίκι
GR,40.6011,24.6088,
GR,40.6039,24.6092,Άγιος Αντώνιος
GR,40.6039,24.7411,
GR,40.6044,24.7288,Σκίδια
GR,40.6046,24.7407,Αλυκές
GR,40.6048,24.7259,Κεκές
GR,40.6056,24.7423,Αλυκές
GR,40.6057,24.7214,Θυμωνιά
GR,40.6068,24.7451,
GR,40.608,24.6065,Ποτός
GR,40.6083,24.6073,
GR,40.6092,23.7808,Χρυσή αμμουδιά
GR,40.6121,24.6039,
GR,40.6143,24.6012,
GR,40.6152,23.7801,
GR,40.6153,24.5992,Αλεξάντρα
GR,40.616,23.804,
GR,40.6172,24.7643,
GR,40.6173,23.7777,
GR,40.6174,24.5969,Πευκάρι
GR,40.6185,24.7616,
GR,40.6194,23.7749,
GR,40.6204,24.5913,Μικρή παραλία
GR,40.6213,23.773,
GR,40.6218,24.5899,
GR,40.6224,24.5352,
GR,40.6225,24.5391,
GR,40.623,24.5399,
GR,40.6232,24.5426,Τρυπητή
GR,40.6235,23.7708,
GR,40.6237,24.5826,Μεταλλεία
GR,40.6238,24.5811,
GR,40.6239,24.547,
GR,40.6251,24.5617,Λιμενάρια
GR,40.6252,24.5289,
GR,40.6255,24.5781,
GR,40.6256,24.5769,
GR,40.6259,24.5692,Λιμενάρια
GR,40.6266,23.7687,Πάτωμα
GR,40.6271,24.528,
GR,40.635,23.7561,Τραπέζι
GR,40.6352,24.5244,Φαρι
GR,40.6361,23.7547,Μικρή Παραλία
GR,40.6372,24.5203,Σμαραγδένια Παραλία
GR,40.6392,24.5158,Atspas Beach
GR,40.6393,24.5158,Ατσπάς
GR,40.6401,23.7507,Κρουστάλη
GR,40.6426,24.5155,Σκάλα Μαριών
GR,40.6452,24.7671,Παραδείσος
GR,40.6454,24.5149,Πλάτανα
GR,40.6462,23.7473,Γιατρού Τσαΐρι
GR,40.651,23.7451,
GR,40.6532,23.7428,
GR,40.655,24.7669,paradise beach
GR,40.6601,23.7261,
GR,40.6607,23.7244,
GR,40.661,24.7652,
GR,40.6629,23.7162,παραλία Μηλιές
GR,40.6641,23.708,παραλία Πλατάνια
GR,40.6659,23.7036,παραλία Σταυρού
GR,40.667,24.7638,Κοίνυρα
GR,40.6714,23.6956,
GR,40.6741,24.5173,Κλίσμα
GR,40.6748,24.5175,Κλίσμα
GR,40.6778,24.5206,Κλίσμα
GR,40.6779,24.5206,Κλίσμα
GR,40.6915,24.5255,
GR,40.6916,23.6967,
GR,40.7063,23.7023,παραλία Νέων Βρασνών
GR,40.708,24.5336,
GR,40.7088,24.7607,Χρυσή Ακτή
GR,40.7109,24.5336,Σκάλα Καλλιράχης
GR,40.7183,24.5382,
GR,40.7187,24.0691,
GR,40.7192,24.7575,Αναψυκτήριο
GR,40.7194,24.0561,
GR,40.7202,24.7599,Χρυσή Ακτή
GR,40.7204,24.0774,Παραλία Γυμνιστών
GR,40.7207,23.7109,
GR,40.7255,24.0283,
GR,40.7269,24.1005,
GR,40.7277,24.0196,
GR,40.7279,24.5464,Σκάλα Σωτήρος
GR,40.7298,24.1079,
GR,40.7306,24.761,Χρυσή Αμμουδιά
GR,40.7309,24.5495,
GR,40.7313,24.5501,
GR,40.7322,24.1139,
GR,40.7336,24.1183,
GR,40.7337,23.7197,
GR,40.7345,24.7735,Agios Ioannis
GR,40.7347,26.0314,
GR,40.7363,23.9789,Παραλία Κάριανης
GR,40.7386,24.1405,Παραλία Φώλιας
GR,40.7444,24.7676,Βάθη
GR,40.7446,23.7288,Σερραϊκή Ακτή
GR,40.7472,24.7517,Πόρτο Βαθύ
GR,40.7474,23.9433,
GR,40.7475,24.5613,
GR,40.7495,24.5613,
GR,40.7505,24.7482,Σαλιάρα
GR,40.754,23.7399,
GR,40.755,24.5611,Ilio Mare
GR,40.7591,24.5752,
GR,40.7597,24.5819,
GR,40.7606,24.5623,Σκάλα Πρίνου
GR,40.7609,24.5686,Δασύλλιο
GR,40.7614,24.1806,
GR,40.7626,24.5873,
GR,40.7631,23.7728,Κυανή Ακτή
GR,40.7656,23.8981,Παραλία Οφρυνίου
GR,40.7688,24.5918,Hara
GR,40.77,24.1959,
GR,40.7703,24.7262,Makriammos beach
GR,40.7745,24.5957,
GR,40.7769,24.6981,Άγιος Βασίλειος
GR,40.7774,24.6935,Ταρσανάς
GR,40.7775,24.2169,
GR,40.7794,24.6106,Σκάλα Ραχώνι
GR,40.7802,24.6846,Νιστέρι
GR,40.7808,23.8279,
GR,40.7819,24.6767,Γλυφάδα
GR,40.783,24.7142,Λιμανάκι
GR,40.7837,24.6688,Παπαλιμάνι
GR,40.7837,24.6721,La Scala
GR,40.7853,24.7156,Καρνάγιο
GR,40.7862,24.6649,Παπαλιμάνι
GR,40.7876,24.2361,
GR,40.7902,24.6275,Παχύς
GR,40.7904,24.628,Παχύς
GR,40.7912,24.2425,
GR,40.7924,24.2453,
GR,40.793,24.6327,Γλυφονέρι
GR,40.7933,24.6577,Γλυκάδι
GR,40.7943,24.2494,
GR,40.7977,24.258,
GR,40.8013,24.2665,
GR,40.8082,24.2806,
GR,40.8138,24.2973,Αμμόλοφοι
GR,40.8229,24.3236,
GR,40.8267,24.3076,
GR,40.8274,24.3345,Βρασίδας
GR,40.8281,24.3067,
GR,40.8295,24.3061,
GR,40.8316,24.3056,
GR,40.8341,24.3052,
GR,40.8358,24.3055,
GR,40.8369,24.3054,
GR,40.8383,24.3054,
GR,40.8396,24.3056,
GR,40.8404,25.8793,
GR,40.8417,24.3063,
GR,40.8418,25.8753,
GR,40.8429,25.8622,
GR,40.844,24.3074,
GR,40.8451,25.8551,
GR,40.8465,24.309,
GR,40.8471,25.8466,
GR,40.8476,25.8365,Paralia Alexander
GR,40.8478,25.7201,
GR,40.8482,25.7575,Aya Yorgi
GR,40.8483,25.831,Orizont Beach
GR,40.849,25.8287,Nea Chili Beach
GR,40.8492,25.8274,Cavo Beach
GR,40.8494,25.8223,
GR,40.8494,25.8263,Janeiro Beach
GR,40.8499,25.8231,Bikini Beach
GR,40.8503,25.7895,
GR,40.8503,25.7998,
GR,40.8504,25.8074,
GR,40.8533,25.6827,
GR,40.8544,24.3319,
GR,40.8549,24.7078,
GR,40.8585,24.7497,Monastiraki Beach
GR,40.8596,25.5537,Synaxi
GR,40.8631,24.3263,Ψάθα
GR,40.8634,25.6307,
GR,40.8643,24.3247,
GR,40.8645,25.6199,
GR,40.865,24.3214,Ρέμβη
GR,40.8666,25.6069,
GR,40.8675,25.597,
GR,40.8683,25.5275,
GR,40.8685,25.5274,Μαρμαρίτσα
GR,40.8686,25.5272,
GR,40.8751,24.3185,
GR,40.8861,25.4887,Παχυνάμμος
GR,40.8889,24.6081,
GR,40.8907,24.3345,
GR,40.8922,24.3353,
GR,40.8937,24.3354,
GR,40.8954,24.337,
GR,40.8989,25.4476,
GR,40.8996,24.3433,
GR,40.9025,24.3491,
GR,40.9027,24.3552,
GR,40.9029,24.354,
GR,40.9032,24.3514,
GR,40.9032,25.4252,
GR,40.9047,24.364,
GR,40.9079,24.3672,Bomo Tosca Beach
GR,40.9134,25.3751,
GR,40.9149,24.3791,Μπάτης
GR,40.916,24.9,
GR,40.9205,24.3851,Παραλία Καλαμίτσας
GR,40.9227,24.3899,
GR,40.9246,24.3904,
GR,40.9296,25.2571,
GR,40.9297,24.9468,Παραλία Μυρωδάτου
GR,40.9307,24.4127,
GR,40.9345,24.3969,Ραψάνη
GR,40.938,25.3518,Παραλία Ίμερου
GR,40.9394,25.2224,
GR,40.9411,25.2056,
GR,40.9415,25.1829,
GR,40.944,24.4621,
GR,40.9453,24.4549,
GR,40.9458,24.4374,
GR,40.9466,25.1656,
GR,40.9534,25.1493,
GR,40.9556,25.1354,
GR,40.9582,24.5117,Νέα Καρβάλη
GR,40.963,25.1251,
GR,40.9637,25.1242,
HR,42.3881,16.2721,
HR,42.3918,16.2612,Velo žalo - Zora
HR,42.3937,16.2543,Malo žalo - Stara vlaka
HR,42.3952,18.5301,
HR,42.4016,18.5185,Prevlaka plaža
HR,42.4068,18.5109,
HR,42.4072,18.5088,Sunset Beach
HR,42.5134,18.3209,Pasjača
HR,42.538,18.2716,Luka
HR,42.578,18.213,Južna Plaža
HR,42.5784,18.2121,Južna Plaža nudistička
HR,42.5801,18.2132,Sustjepan Plaža
HR,42.5816,18.2207,Gradska Plaža
HR,42.5854,18.2248,Žal
HR,42.5859,18.2154,Rat
HR,42.5864,18.2135,Ključiće
HR,42.5872,18.2116,Kamen Mali
HR,42.5876,18.2263,
HR,42.5898,18.227,Obod Plaža
HR,42.5914,18.2267,Čista Luka
HR,42.5923,18.2245,
HR,42.5925,18.2243,
HR,42.5933,18.2241,Iza Ponte nudist
HR,42.5946,18.2261,Tiha nudist
HR,42.5959,18.2266,
HR,42.5995,18.2301,
HR,42.6003,18.2303,
HR,42.6047,18.228,
HR,42.6063,18.2264,
HR,42.6071,18.2249,
HR,42.6082,18.2246,
HR,42.611,18.2241,
HR,42.6144,18.2153,
HR,42.6162,18.213,Nudistička plaža Beterina
HR,42.6187,18.2108,
HR,42.6198,18.1925,Plaža Kupari
HR,42.6214,18.208,Plaža Astarea
HR,42.6221,18.1263,Plaža
HR,42.6225,18.1201,
HR,42.6227,18.1202,
HR,42.6227,18.1204,
HR,42.6229,18.2022,Plaža Mlini
HR,42.6231,18.1985,Plaža Srebreno
HR,42.6322,18.133,
HR,42.6342,18.1307,
HR,42.6351,18.1309,Plaža Sv. Jakov
HR,42.6387,18.1267,
HR,42.6412,18.1063,
HR,42.6416,18.1036,Plaža Šulić
HR,42.6416,18.1163,Banje
HR,42.6417,18.1037,
HR,42.6455,18.0963,Boninovo
HR,42.6463,18.0923,Plaža Bellevue
HR,42.6536,18.0674,
HR,42.6551,18.0703,
HR,42.6552,18.07,
HR,42.6623,18.058,Plaža President
HR,42.6634,18.0595,Cava Beach
HR,42.664,18.0651,Copacabana
HR,42.6641,18.0692,
HR,42.6643,18.0705,Mandrač
HR,42.6704,18.0175,
HR,42.6709,18.0161,
HR,42.6773,18.0045,Plaža Ingalo
HR,42.6774,17.9928,
HR,42.6782,17.9991,
HR,42.6799,17.952,Šunj
HR,42.6803,18.0566,
HR,42.6807,18.0056,
HR,42.6813,17.9533,
HR,42.683,18.0529,Plaža Tri brata
HR,42.6866,18.0388,Gof
HR,42.6883,18.0498,
HR,42.6888,18.0417,
HR,42.6897,18.0488,
HR,42.6902,17.9423,
HR,42.6908,17.742,Blaca
HR,42.6915,17.9407,
HR,42.6924,18.041,
HR,42.6928,17.9415,
HR,42.6948,18.0152,
HR,42.6955,18.0119,
HR,42.6963,17.7412,Mala Saplunara
HR,42.6967,18.0035,
HR,42.6977,18.0025,
HR,42.6998,17.74,Velika Saplunara
HR,42.7018,17.994,secret beach
HR,42.7081,17.9131,
HR,42.7108,17.9099,
HR,42.712,17.9126,
HR,42.7207,17.9643,
HR,42.7228,17.9597,
HR,42.7287,17.9539,Pláž Brsečine
HR,42.7315,16.8839,
HR,42.7347,17.9363,Mali žali
HR,42.7371,16.8876,
HR,42.7374,16.8794,
HR,42.7405,17.9275,Veliki Žal
HR,42.7418,17.4992,Sutmiholjska
HR,42.7525,17.4568,
HR,42.7562,16.8114,
HR,42.7593,16.8201,
HR,42.7629,17.3847,
HR,42.7653,16.8129,
HR,42.7655,16.8127,
HR,42.766,16.8218,
HR,42.7668,16.8024,
HR,42.7733,17.8835,
HR,42.7738,17.7541,Plaža Pržina
HR,42.7741,17.3733,
HR,42.7761,17.3687,
HR,42.7762,17.4653,
HR,42.7772,17.3523,Natutist / FKK Beach
HR,42.7794,16.9854,
HR,42.7807,17.8866,Kosmatovica
HR,42.783,17.3509,
HR,42.7836,17.8806,
HR,42.7837,17.8783,Grgurići
HR,42.7838,17.3477,
HR,42.7842,17.8592,
HR,42.7865,17.8539,
HR,42.7869,17.8885,
HR,42.787,17.3766,Paljevina
HR,42.7875,17.8853,
HR,42.7876,17.8877,
HR,42.7958,17.789,
HR,42.802,17.8446,
HR,42.8025,17.8445,
HR,42.803,17.8444,
HR,42.8035,17.8442,
HR,42.8039,17.8439,
HR,42.8049,17.8401,
HR,42.807,17.8041,
HR,42.8168,17.6756,Beach Prapratno
HR,42.8233,17.7179,
HR,42.8706,17.4476,
HR,42.8708,17.4474,
HR,42.872,17.4438,
HR,42.8745,17.645,
HR,42.8758,17.4371,
HR,42.8765,17.4375,
HR,42.8778,17.6386,
HR,42.8781,17.4378,
HR,42.884,17.4498,Nudist beach FKK
HR,42.8859,17.4511,Vučine
HR,42.8861,17.4451,
HR,42.8868,17.4505,
HR,42.8869,17.4501,
HR,42.8871,17.4496,
HR,42.8875,17.4479,
HR,42.8884,17.4498,
HR,42.8885,17.4501,
HR,42.8892,17.451,
HR,42.8914,17.4539,
HR,42.8932,17.4533,
HR,42.8937,17.451,
HR,42.8937,17.4519,
HR,42.8939,17.4497,
HR,42.8955,17.4465,
HR,42.8964,16.8634,
HR,42.8968,17.4438,Grdni do
HR,42.8971,17.4434,
HR,42.8993,16.8822,
HR,42.9022,17.4297,Lučica
HR,42.9033,16.8227,
HR,42.9033,16.8229,
HR,42.9056,16.7961,Javna plaža
HR,42.9062,16.861,Žal
HR,42.9079,16.7618,
HR,42.9097,16.8578,Istruga
HR,42.9098,17.4209,
HR,42.9099,17.4207,
HR,42.9099,17.4209,Vodice
HR,42.9117,17.413,
HR,42.9119,17.4113,
HR,42.9119,17.4135,Nudist beach
HR,42.9119,17.4136,Nudist beach
HR,42.9119,17.4137,Nudist beach
HR,42.9125,17.1037,Pavija Luka
HR,42.9132,17.4779,Luka Dubrava beach
HR,42.9152,17.399,
HR,42.9154,17.4077,
HR,42.9158,16.94,Žitna
HR,42.9158,17.084,
HR,42.9158,17.4057,
HR,42.9164,17.0796,
HR,42.917,17.4003,
HR,42.9179,17.1865,Pržina
HR,42.9189,16.9519,
HR,42.9205,16.7139,
HR,42.921,17.1975,Lenga
HR,42.9222,17.1844,Bilin Žal
HR,42.9228,17.1717,
HR,42.9232,16.9593,Plaža Plavina
HR,42.9236,17.3451,
HR,42.9239,17.0467,
HR,42.924,17.177,
HR,42.9243,16.6843,
HR,42.925,17.1733,
HR,42.925,17.3441,
HR,42.9279,17.0026,
HR,42.9418,17.5388,Plaza Popova Luka
HR,42.9423,17.5651,
HR,42.9425,16.6691,
HR,42.9427,17.5769,
HR,42.9436,17.5631,
HR,42.9441,17.5328,Plaza Komarna
HR,42.9442,16.6708,Plaža Lučica
HR,42.9459,17.2868,
HR,42.951,17.1641,
HR,42.9526,17.1443,Aminess Vival Port9 beach
HR,42.9555,17.1681,
HR,42.9568,17.1371,Gradska plaža Banje
HR,42.9583,17.1562,
HR,42.9585,16.8628,Blaca
HR,42.9587,17.1117,Plaža Žrnovska banja
HR,42.9608,17.1344,
HR,42.9611,17.2486,
HR,42.9615,17.1316,Plaža Dom sam.
HR,42.9617,17.1233,Plaža Medvinjak
HR,42.9623,16.7102,City beach Vranac
HR,42.9628,17.136,
HR,42.9645,17.0942,Tri žala
HR,42.9646,17.0912,Tri žala
HR,42.9649,17.0902,Tri žala
HR,42.9651,17.2436,Ovrata
HR,42.9653,17.0892,Tri žala
HR,42.9659,16.8079,
HR,42.9664,17.3902,
HR,42.9665,17.2421,
HR,42.9666,16.8124,Javna plaža
HR,42.9673,17.2411,
HR,42.9677,17.2384,
HR,42.9679,17.5002,
HR,42.9681,16.704,Dogs friendly beach
HR,42.9684,17.5036,
HR,42.9685,16.701,
HR,42.9691,16.6878,
HR,42.9691,17.0622,
HR,42.971,17.2318,
HR,42.9738,17.1768,
HR,42.9739,17.1651,
HR,42.974,17.1829,
HR,42.9741,17.1612,
HR,42.9742,16.9951,Samograd
HR,42.9743,17.1574,
HR,42.9743,17.1623,
HR,42.9744,17.1394,
HR,42.9744,17.1562,
HR,42.9747,17.1687,
HR,42.9748,17.1731,
HR,42.9751,17.0042,Vaja
HR,42.9751,17.0044,Vaja
HR,42.976,17.0415,
HR,42.9762,17.2259,
HR,42.9763,17.1298,Plaža Zamošće
HR,42.9771,17.4927,
HR,42.9778,16.7455,
HR,42.9779,17.2228,
HR,42.9784,17.1928,Plaža Trstenica
HR,42.979,17.1037,
HR,42.9812,17.2002,
HR,42.9818,17.3567,
HR,42.982,17.2049,
HR,42.983,16.0046,Porat
HR,42.9836,17.0733,
HR,42.9851,17.0663,
HR,42.9852,16.6111,Donji Bili Bok
HR,42.9862,17.0661,
HR,42.9863,16.0034,Salbunara
HR,42.9865,16.6133,Srednji Bili Bok
HR,42.9866,16.6163,Veli Bili Bok
HR,42.9883,16.6667,
HR,42.9901,17.0605,
HR,43.0008,17.4803,
HR,43.0015,17.4799,
HR,43.0025,17.0386,
HR,43.0042,17.2839,Luka
HR,43.0067,15.8001,
HR,43.0074,17.0073,
HR,43.0084,16.1038,
HR,43.0084,16.113,Pritiscina
HR,43.0088,17.2647,
HR,43.0089,16.1097,
HR,43.0101,17.4696,
HR,43.0103,17.2728,
HR,43.0106,17.2694,
HR,43.012,17.2469,
HR,43.0135,17.4685,Plaža Ušće
HR,43.0166,17.0235,
HR,43.0169,16.156,
HR,43.0171,17.2009,Divna
HR,43.0179,16.2113,Bili bok
HR,43.018,16.2048,Bili Bok Plaža
HR,43.0193,17.4645,
HR,43.0194,17.0767,
HR,43.0195,17.0847,
HR,43.0195,17.4471,Kite Surf Spot
HR,43.0198,16.212,Teplus
HR,43.0204,16.2054,Srebrna
HR,43.0204,17.0885,
HR,43.0211,16.2301,
HR,43.0212,16.09,Kupinovac Mali
HR,43.0213,16.1859,Velo Travna
HR,43.0214,16.1716,Stiniva
HR,43.0226,16.2037,Mala Srebrna
HR,43.0229,17.1732,
HR,43.0239,17.1568,Plaža Jezero
HR,43.0241,17.0348,
HR,43.0242,17.156,Nudist beach
HR,43.0246,17.1515,
HR,43.0247,16.0931,Velu Zolo
HR,43.0268,16.2384,
HR,43.0269,16.2401,
HR,43.0278,16.2424,
HR,43.0283,16.0936,Pizdica
HR,43.0311,17.023,
HR,43.0327,16.2285,Zaglav
HR,43.0343,17.0132,
HR,43.0345,16.0935,Templuz FKK
HR,43.0359,16.0933,Novo Pošta FKK
HR,43.0359,17.0155,
HR,43.0364,17.0398,
HR,43.037,17.0181,
HR,43.0383,16.092,Kamenice
HR,43.0384,17.0331,
HR,43.0392,16.0914,Vartalac
HR,43.04,16.2305,Milna
HR,43.04,17.0141,
HR,43.0402,16.091,Mlin
HR,43.0413,17.0158,
HR,43.0419,17.0146,
HR,43.0421,17.0134,
HR,43.0421,17.0135,
HR,43.0424,17.0115,
HR,43.043,16.0888,Lucica
HR,43.0432,16.2405,
HR,43.0442,16.064,Knezica
HR,43.0456,16.0888,
HR,43.0458,17.0109,
HR,43.0466,16.0599,Pol Borcića
HR,43.0471,16.0863,
HR,43.0472,16.0789,Bele Stine
HR,43.0478,16.0849,Gusarica
HR,43.0488,16.0596,Perna
HR,43.0515,16.0561,Barjosko
HR,43.0548,17.4295,
HR,43.0582,16.2523,
HR,43.059,16.0598,Zukamice
HR,43.0642,16.1891,PRIROVO BEACH
HR,43.0646,16.2418,Stončica
HR,43.0658,16.2414,
HR,43.0658,16.2489,
HR,43.0684,16.2062,Grandovac
HR,43.0703,16.24,
HR,43.0713,16.2206,
HR,43.0714,16.2289,
HR,43.0715,16.2225,
HR,43.0721,16.2373,
HR,43.0732,16.1317,
HR,43.0788,16.1864,
HR,43.0995,17.348,
HR,43.1031,17.3443,
HR,43.1046,17.3413,
HR,43.1093,17.3366,
HR,43.1136,16.9525,
HR,43.1137,16.9425,
HR,43.1138,16.9512,
HR,43.114,16.948,
HR,43.1141,16.9572,
HR,43.1141,16.9585,
HR,43.1144,16.9374,
HR,43.1147,16.9659,
HR,43.1147,17.005,
HR,43.1152,16.9325,
HR,43.1158,16.92,
HR,43.1163,16.9158,
HR,43.1163,16.9719,
HR,43.1165,16.9164,
HR,43.1171,16.9019,
HR,43.1179,16.8946,
HR,43.1183,16.8981,
HR,43.1184,16.8817,
HR,43.1185,16.897,
HR,43.1186,16.8626,
HR,43.1186,16.8636,
HR,43.1187,16.8721,
HR,43.1191,16.8595,
HR,43.1197,17.3204,
HR,43.1201,17.3191,
HR,43.1202,17.3184,
HR,43.1203,17.3179,
HR,43.1208,17.3155,
HR,43.121,16.8396,
HR,43.1211,16.6824,Nautilus-Bay (Gorma Bay)
HR,43.1219,16.6649,
HR,43.1219,16.6807,Petarčica
HR,43.1219,17.1675,
HR,43.1219,17.3081,
HR,43.1221,16.6865,Skalinada
HR,43.1222,16.6871,Skalinada
HR,43.1222,16.6877,Skalinada
HR,43.1223,16.6902,Molva
HR,43.1224,16.6612,Eva
HR,43.1226,16.6956,Zavala Port
HR,43.1231,16.831,
HR,43.1234,16.6964,Zavala
HR,43.1238,16.6971,Zavala
HR,43.1238,16.6987,Nudist Beach Zavala - FKK
HR,43.124,16.6516,
HR,43.124,16.7054,
HR,43.1241,16.7045,Rarog
HR,43.1245,16.6472,
HR,43.1246,16.7125,Žutica
HR,43.1248,16.6466,
HR,43.1251,16.7084,
HR,43.1252,16.6455,
HR,43.1252,17.1826,Plaža Česminica
HR,43.1257,16.719,Hobotnica
HR,43.1261,16.6443,
HR,43.1267,16.7297,
HR,43.1269,16.7342,
HR,43.127,16.6391,
HR,43.1271,16.6375,
HR,43.1271,16.7442,
HR,43.1313,16.6099,
HR,43.1313,16.6117,Jagodna
HR,43.1346,16.596,
HR,43.1347,16.5914,Žalo Zogon
HR,43.1375,17.2818,
HR,43.1379,17.143,Mlaska Beach
HR,43.1398,16.5462,
HR,43.1402,17.0141,
HR,43.1407,17.275,Babićeva plaža
HR,43.1422,16.5653,
HR,43.1442,17.2682,
HR,43.1449,16.9998,
HR,43.1458,17.2659,
HR,43.1459,16.5346,Dubovica
HR,43.1481,16.8847,
HR,43.1482,17.2611,
HR,43.1494,16.8889,
HR,43.1498,17.2616,
HR,43.1502,16.5132,
HR,43.1508,17.2604,
HR,43.1515,17.2575,
HR,43.1525,16.5097,Malo Zaraće
HR,43.154,17.2492,
HR,43.1551,16.8401,
HR,43.1553,17.2467,
HR,43.1557,16.5053,
HR,43.1558,16.4132,
HR,43.156,16.8138,
HR,43.1566,16.7198,Zenčišće
HR,43.1566,16.8141,
HR,43.1569,16.8734,
HR,43.1571,16.4164,Ždrilca
HR,43.158,16.7911,
HR,43.1582,16.4262,
HR,43.1585,16.7481,
HR,43.1588,16.7127,Velo Grebišće
HR,43.159,16.4348,
HR,43.1592,16.4344,FKK Kordovon
HR,43.1593,16.4667,Mekićevica
HR,43.1594,16.7108,Malo Grebišće
HR,43.1596,16.4315,
HR,43.16,16.4349,
HR,43.1602,16.4656,Mekićevica
HR,43.1613,16.4792,Mala Borča
HR,43.1614,16.6961,
HR,43.1616,16.7034,Plaža Mina
HR,43.1623,16.4867,
HR,43.1625,16.4835,
HR,43.1629,16.4006,
HR,43.1629,16.4793,
HR,43.1636,16.4555,
HR,43.1639,17.2219,
HR,43.1647,16.3669,
HR,43.1662,16.4435,
HR,43.1666,16.4452,
HR,43.168,16.6947,
HR,43.1687,16.4432,
HR,43.169,17.1922,Lučica
HR,43.1694,17.1861,
HR,43.1695,17.1888,Blato
HR,43.1701,17.1844,
HR,43.1707,17.183,
HR,43.1713,17.1823,
HR,43.1718,16.4339,
HR,43.1724,16.6835,
HR,43.1724,16.6903,
HR,43.1725,16.6882,
HR,43.1726,16.69,Hrvojeve Stine
HR,43.1728,16.6887,
HR,43.1733,16.43,Majerovica
HR,43.1734,17.1812,Velika Duba
HR,43.1741,16.4284,Podstine
HR,43.1751,17.1724,Jukići
HR,43.1765,17.169,Mala Duba
HR,43.1773,16.5677,
HR,43.1776,16.4239,
HR,43.1781,17.166,
HR,43.1791,16.6881,Soline
HR,43.1792,16.4248,
HR,43.1796,16.5695,
HR,43.1799,17.1643,
HR,43.1807,16.5809,
HR,43.181,16.5718,
HR,43.183,16.5859,
HR,43.1831,16.6913,
HR,43.1832,16.6873,
HR,43.1837,17.1625,
HR,43.1844,16.4046,
HR,43.1844,16.4105,
HR,43.1845,16.5503,
HR,43.186,17.1618,
HR,43.1862,16.5899,
HR,43.1884,16.4172,
HR,43.1888,16.5842,
HR,43.1889,16.6728,Maslinica
HR,43.1894,16.6725,Maslinica
HR,43.1895,16.54,
HR,43.191,17.1546,
HR,43.1911,16.3988,
HR,43.1921,16.4308,Vira
HR,43.1937,17.1389,Punta
HR,43.1939,17.1403,Porat
HR,43.194,17.1493,
HR,43.1944,17.137,
HR,43.1955,17.1421,Igrane
HR,43.1964,16.6631,
HR,43.1964,16.6675,
HR,43.1966,16.6629,
HR,43.1975,17.1329,Jarsan
HR,43.1976,16.4484,
HR,43.1994,16.5271,
HR,43.1998,17.1286,Ratac
HR,43.2017,16.5749,
HR,43.2018,16.522,
HR,43.2023,16.6644,Dubinica
HR,43.2025,16.5738,
HR,43.2036,16.5146,
HR,43.2039,16.5003,
HR,43.2049,16.5801,
HR,43.2067,16.4887,
HR,43.207,17.115,
HR,43.2073,17.1142,
HR,43.212,17.1113,Tila Lučica
HR,43.2147,17.1111,Izbitac
HR,43.2167,17.109,Soline
HR,43.2174,17.1085,Soline
HR,43.218,17.1078,
HR,43.2188,17.1079,Vodice
HR,43.2195,17.1079,
HR,43.2214,17.1085,Rat
HR,43.225,16.5235,
HR,43.2279,17.0963,
HR,43.2285,17.1014,Plaža Klokun
HR,43.23,17.09,Vruja
HR,43.2325,17.0842,Čaklje
HR,43.2329,17.0799,Čaklje
HR,43.2357,17.0767,Sutikla
HR,43.2462,17.0673,Pliševac
HR,43.2488,17.0632,Garma
HR,43.2532,17.063,Dračevac
HR,43.2553,17.0615,Dog Beach
HR,43.257,16.6345,Zlatni rat
HR,43.2583,16.6467,Mali Rat
HR,43.2586,16.632,Paklina
HR,43.2587,16.6313,
HR,43.2587,16.696,
HR,43.259,16.6494,
HR,43.259,16.65,
HR,43.2591,16.6415,
HR,43.2591,16.6501,
HR,43.2591,17.0603,Kraj
HR,43.2593,16.629,
HR,43.2595,16.6286,
HR,43.2599,16.6279,
HR,43.2605,16.6716,Grabov Rat plaža
HR,43.2608,16.6638,
HR,43.2609,16.6644,
HR,43.2609,16.6655,
HR,43.2611,16.668,Martinica
HR,43.2613,16.6579,
HR,43.2613,16.7087,
HR,43.2614,16.661,
HR,43.2614,16.6617,
HR,43.2615,16.6693,
HR,43.262,16.7117,
HR,43.2622,16.6013,
HR,43.2622,16.6026,
HR,43.2622,16.7203,
HR,43.2626,16.6001,
HR,43.263,16.7854,
HR,43.2631,16.7847,
HR,43.2643,16.5889,
HR,43.2643,16.5941,Murvica
HR,43.2657,16.5854,
HR,43.2658,16.5793,Plaža Slatina
HR,43.2665,17.0558,Ratac
HR,43.2667,16.57,Mali zagradac
HR,43.2677,16.5504,
HR,43.2677,16.5534,
HR,43.268,16.5606,Veliki Zagradac
HR,43.2682,16.5496,Vela Planica
HR,43.2688,16.5471,
HR,43.2698,16.5384,
HR,43.2699,16.5372,
HR,43.2706,17.0501,Dračevice
HR,43.2732,17.044,Jadran
HR,43.2736,17.0426,
HR,43.2739,17.0418,
HR,43.2751,17.0392,
HR,43.2793,17.0338,Nugal
HR,43.2805,16.8617,
HR,43.2824,16.8659,
HR,43.2828,16.8658,Santa Barbara
HR,43.2828,16.8798,
HR,43.2859,16.8623,
HR,43.2867,16.8673,
HR,43.2904,17.0188,
HR,43.293,16.497,
HR,43.2943,17.0093,Sv. Petar Svjetionik
HR,43.2965,16.4831,
HR,43.2982,17.0122,
HR,43.3043,17.0049,
HR,43.3053,17.0024,Biloševac
HR,43.3093,16.9995,
HR,43.3111,16.9983,Cvitačka FKK
HR,43.3133,16.9961,Plaža Ramova
HR,43.315,16.9939,Blaca plaža
HR,43.3202,16.4123,
HR,43.3219,16.9853,
HR,43.3232,16.9823,
HR,43.3261,16.8627,
HR,43.327,16.8621,
HR,43.327,16.9791,
HR,43.33,16.4352,
HR,43.3351,16.9701,
HR,43.3371,16.9665,
HR,43.3379,16.7962,
HR,43.3384,16.7958,
HR,43.3389,16.7958,
HR,43.3391,16.8382,
HR,43.3394,16.9625,
HR,43.34,16.8314,
HR,43.3427,16.9595,
HR,43.3455,16.9564,
HR,43.3481,16.7371,Macel
HR,43.3499,16.7372,Sv. Rok
HR,43.3517,16.9517,
HR,43.3528,16.7377,Prve Lučice
HR,43.3563,16.7407,
HR,43.3568,16.9486,
HR,43.3615,16.9409,
HR,43.3664,16.9338,
HR,43.3671,16.9308,Punta Soline
HR,43.3673,16.9288,
HR,43.3678,16.4506,
HR,43.3688,16.9276,
HR,43.3693,16.6664,Lovrečina
HR,43.3709,16.9238,Punta Rata
HR,43.3722,16.6605,Lovrecina
HR,43.3727,16.3523,
HR,43.374,16.3491,Veli Dolac
HR,43.375,16.621,
HR,43.375,16.6456,
HR,43.3751,16.6215,
HR,43.3752,16.6392,Mala Lozna
HR,43.3753,16.6217,
HR,43.3763,16.6275,
HR,43.3764,16.6268,
HR,43.3765,16.623,Žalo
HR,43.3771,16.631,
HR,43.3773,16.5968,
HR,43.3776,16.6239,Punta Vrilo
HR,43.3777,16.6067,
HR,43.3783,16.6294,
HR,43.3798,16.5873,
HR,43.3804,16.5794,
HR,43.3835,16.5381,Plaža Vela Luka
HR,43.3839,16.5638,
HR,43.384,16.5297,Plaža Mutnik
HR,43.3841,16.5356,
HR,43.3843,16.5213,
HR,43.3847,16.5589,
HR,43.3849,16.903,
HR,43.3852,16.5224,
HR,43.3852,16.5385,
HR,43.3853,16.5507,
HR,43.3856,16.4819,Bunta
HR,43.3858,16.5499,
HR,43.3859,16.557,Acapulco
HR,43.386,16.5491,
HR,43.3865,16.5413,
HR,43.3867,16.547,Banj
HR,43.3868,16.477,
HR,43.3871,16.4724,
HR,43.3878,16.4605,
HR,43.3882,16.4686,
HR,43.3895,16.8957,
HR,43.3901,16.4522,Naturist Beach
HR,43.3902,16.8948,
HR,43.3927,16.8922,
HR,43.3972,16.2046,
HR,43.399,16.8607,
HR,43.3991,16.8619,
HR,43.3994,16.8596,
HR,43.3998,16.2023,
HR,43.4001,16.8817,
HR,43.4005,16.8308,
HR,43.4005,16.8313,
HR,43.4006,16.8302,
HR,43.4006,16.8321,
HR,43.4009,16.8848,
HR,43.401,16.8269,
HR,43.4012,16.8494,Medovača Cove
HR,43.4013,16.8407,Plaža Borak
HR,43.4013,16.8414,Plaža Borak
HR,43.4014,16.8398,Plaža Borak
HR,43.4036,16.8128,Kutleša
HR,43.404,16.2083,
HR,43.4048,16.807,Juto
HR,43.405,16.7957,
HR,43.4061,16.7794,
HR,43.4076,16.7543,
HR,43.4096,16.7433,
HR,43.4116,16.7379,
HR,43.4145,16.7239,
HR,43.4184,16.7168,
HR,43.4198,16.7121,
HR,43.4207,16.7102,
HR,43.4227,16.7093,
HR,43.4281,16.707,Plaža Lara
HR,43.4303,16.1171,
HR,43.4312,16.1389,
HR,43.4315,16.1349,
HR,43.4344,16.1124,
HR,43.435,16.7016,
HR,43.4358,16.1449,
HR,43.4363,16.1104,
HR,43.4388,16.1533,
HR,43.439,16.6752,
HR,43.4391,16.6454,
HR,43.4391,16.666,
HR,43.4393,16.664,
HR,43.4393,16.6683,
HR,43.4393,16.671,
HR,43.4397,16.6473,
HR,43.4397,16.6802,Plaža Galeb
HR,43.4399,16.6829,
HR,43.4401,16.6627,
HR,43.4402,16.6483,
HR,43.4406,16.659,
HR,43.4409,16.6897,Velika plaža
HR,43.441,16.6501,
HR,43.4411,16.6545,
HR,43.4414,16.1754,
HR,43.4414,16.6516,
HR,43.4422,16.6928,
HR,43.445,16.6375,
HR,43.4459,16.6321,
HR,43.446,16.6295,
HR,43.4467,16.6288,
HR,43.4479,16.6282,
HR,43.4492,16.6275,
HR,43.4498,16.6269,
HR,43.4515,16.6253,
HR,43.4522,16.6246,
HR,43.4528,16.6236,
HR,43.4533,16.6224,
HR,43.4534,16.6218,
HR,43.454,16.6206,
HR,43.4542,16.6194,
HR,43.4542,16.62,
HR,43.4567,16.6138,
HR,43.4569,16.6125,
HR,43.4605,16.6026,
HR,43.4613,16.5938,
HR,43.4638,16.5897,
HR,43.4645,16.5816,
HR,43.4645,16.5876,
HR,43.4654,16.5798,
HR,43.4664,16.5786,
HR,43.4668,16.5782,
HR,43.4695,16.5746,
HR,43.473,16.5695,
HR,43.4736,16.1175,
HR,43.4747,16.5651,
HR,43.4805,16.2427,
HR,43.4806,16.2451,
HR,43.4814,16.2456,Labadusa
HR,43.4815,16.242,Konoba Duga beach
HR,43.4819,16.5531,Plaža Grljevac
HR,43.4827,16.2387,
HR,43.4834,16.2466,Labadusa II beach
HR,43.4834,16.3582,
HR,43.4837,16.2361,
HR,43.4842,16.114,
HR,43.4843,16.3045,
HR,43.4844,16.1263,
HR,43.4845,16.1571,
HR,43.4846,16.2326,
HR,43.4849,16.2607,
HR,43.4855,16.0667,
HR,43.4859,16.2553,Beach Tatijna
HR,43.4861,16.1675,
HR,43.4862,16.226,
HR,43.4869,16.2973,
HR,43.4871,16.0189,
HR,43.4872,16.2898,Mala Draga
HR,43.4875,15.998,
HR,43.4878,16.1101,
HR,43.4879,16.3776,Unofficial nudist / FKK
HR,43.488,16.3766,Unofficial nudist / FKK
HR,43.488,16.3783,Unofficial nudist / FKK
HR,43.4881,16.3753,
HR,43.4881,16.3758,Unofficial nudist / FKK
HR,43.4882,16.1143,
HR,43.4883,16.0445,
HR,43.4883,16.3793,Unofficial nudist / FKK
HR,43.4884,16.2209,
HR,43.4884,16.2835,Vela Draga
HR,43.4884,16.374,Public beach
HR,43.4885,16.3736,Public beach
HR,43.4888,16.1114,
HR,43.4888,16.5424,
HR,43.489,16.2707,Uvala Bočići
HR,43.4891,16.3829,Unofficial nudist / FKK
HR,43.4893,16.3722,Only PUBLIC beach
HR,43.4895,16.3844,Unofficial nudist / FKK
HR,43.49,16.2708,
HR,43.49,16.3699,Unofficial beach
HR,43.4902,16.0432,
HR,43.4903,16.5403,
HR,43.4912,16.2074,Unofficial nudist / Public
HR,43.4914,16.3627,Unofficial beach
HR,43.4915,16.364,Unofficial beach
HR,43.4917,16.3581,
HR,43.4919,16.2076,
HR,43.4925,16.3647,Unofficial beach
HR,43.4926,16.2081,
HR,43.4927,16.2553,
HR,43.4931,16.5368,
HR,43.4932,16.2545,
HR,43.4936,16.2727,Mavarštica
HR,43.494,16.1743,
HR,43.494,16.2578,
HR,43.494,16.3493,
HR,43.4951,15.9982,
HR,43.4974,16.3424,Plaža Lumbrelin
HR,43.4985,16.2163,Plaža Stari Porat
HR,43.4991,16.5344,
HR,43.4992,16.0015,
HR,43.4995,16.2596,Copacabana
HR,43.4999,16.3389,
HR,43.4999,16.455,
HR,43.5002,16.4515,Ovčice
HR,43.5004,16.4532,Firule
HR,43.5005,16.4505,Ovčice
HR,43.5006,16.3388,
HR,43.5009,16.4743,
HR,43.5011,16.4681,
HR,43.5013,16.4724,
HR,43.5014,16.3371,
HR,43.5014,16.4691,Mistral
HR,43.5014,16.4924,
HR,43.5015,16.4931,
HR,43.5016,16.4653,Trstenik
HR,43.5016,16.4758,
HR,43.5017,16.331,Garma
HR,43.5017,16.471,
HR,43.5017,16.4814,
HR,43.5018,16.4806,
HR,43.502,16.4469,Bačvice
HR,43.502,16.4947,
HR,43.5021,16.4794,Žnjan
HR,43.5023,16.0123,
HR,43.5023,16.4779,Žnjan
HR,43.5024,16.4471,Bačvice
HR,43.5025,16.5268,
HR,43.5027,16.4235,
HR,43.503,16.4134,
HR,43.5031,16.5293,
HR,43.5031,16.5321,
HR,43.5032,16.4149,Plaža Obojena
HR,43.5032,16.422,Zvončac
HR,43.5036,16.4167,Plaža Ježinac
HR,43.5039,16.3248,
HR,43.5039,16.4181,Ježinac
HR,43.5048,16.2567,
HR,43.5048,16.4016,Beach for dogs
HR,43.5062,16.3216,
HR,43.5064,16.2593,Plaża Okrug
HR,43.5065,16.3997,Kašjuni
HR,43.5069,16.2591,
HR,43.5073,16.4348,Matejuška
HR,43.508,16.3964,
HR,43.5085,16.1915,
HR,43.5088,16.3164,
HR,43.5092,16.3887,
HR,43.5102,16.3136,
HR,43.5106,16.2065,
HR,43.5107,16.1189,
HR,43.5107,16.2098,
HR,43.5107,16.2513,Šaldun
HR,43.5107,16.3112,
HR,43.5109,16.2514,Šaldun
HR,43.5116,16.3069,
HR,43.5119,16.1811,
HR,43.5126,16.2126,
HR,43.5127,15.9748,
HR,43.5127,15.9751,Varoš
HR,43.5129,16.1778,
HR,43.513,15.9803,
HR,43.5132,16.3023,
HR,43.5136,16.286,
HR,43.5136,16.2901,
HR,43.5137,16.2796,
HR,43.5138,16.2887,
HR,43.5139,16.2913,
HR,43.5142,15.9826,
HR,43.5143,16.2925,
HR,43.5143,16.4015,Bene
HR,43.5149,16.414,
HR,43.5152,16.2728,
HR,43.5163,16.2682,Beach bar Music
HR,43.5164,16.1172,
HR,43.5165,16.2602,
HR,43.5174,16.1184,
HR,43.5187,15.9901,
HR,43.5198,16.2596,Gradska plaža
HR,43.5218,15.986,
HR,43.523,15.9842,
HR,43.5234,16.271,Pantana
HR,43.5238,15.9682,
HR,43.524,15.9741,Kopara
HR,43.5252,15.963,Gradina
HR,43.5261,15.9728,Račice
HR,43.5262,15.9634,Gradina
HR,43.5274,15.959,
HR,43.5282,15.972,Art
HR,43.5283,15.9818,
HR,43.5305,16.3024,Plaža Divulje
HR,43.5336,15.9617,Miline
HR,43.5338,15.9622,
HR,43.534,15.9636,
HR,43.5358,16.3073,
HR,43.5361,16.4713,Mramorna
HR,43.5366,15.959,
HR,43.539,15.9596,
HR,43.5405,16.3152,
HR,43.5471,16.3316,
HR,43.5473,16.3978,
HR,43.5475,15.9378,Plaža Drmač
HR,43.5478,16.39,
HR,43.5483,16.3873,
HR,43.5483,16.3922,
HR,43.5485,16.3795,
HR,43.5496,16.3722,
HR,43.5498,16.3701,
HR,43.5498,16.3711,
HR,43.5499,16.3693,
HR,43.55,16.3687,
HR,43.5503,16.367,
HR,43.5507,16.3474,Đardin
HR,43.5508,16.361,
HR,43.551,16.3519,Zeničko
HR,43.551,16.3544,Palac
HR,43.5511,16.357,Miljenko i Dobrila
HR,43.5802,15.9322,
HR,43.5838,15.9313,Plaža Porat
HR,43.585,15.9228,Plaža Popožo
HR,43.5856,15.9257,Plaža Lokvice
HR,43.5863,15.9201,Plaža Rosi
HR,43.5893,15.9204,Plaža Mala Raduča
HR,43.591,15.9202,Plaža Velika Raduča
HR,43.5936,15.9252,Plaža Dagna
HR,43.5985,15.925,
HR,43.6063,15.9193,
HR,43.6075,15.9241,
HR,43.6084,15.926,
HR,43.6093,15.926,Beach Rtić
HR,43.6124,15.9271,Dolac
HR,43.6138,15.9251,
HR,43.615,15.9233,
HR,43.6301,15.9182,
HR,43.6311,15.9564,
HR,43.6315,15.972,
HR,43.6332,15.9689,
HR,43.6333,15.9669,Plaža Dumići
HR,43.6341,15.6767,
HR,43.6341,15.962,
HR,43.6341,15.9643,
HR,43.6366,15.9582,
HR,43.637,15.6876,Plaža Stupica
HR,43.6431,15.9381,
HR,43.6513,15.9495,
HR,43.6525,15.9504,
HR,43.6593,15.9425,
HR,43.6598,15.9404,
HR,43.6624,15.9393,
HR,43.6648,15.9394,beach Žaborić
HR,43.6738,15.8629,
HR,43.6752,15.9207,
HR,43.6756,15.914,Spongiola
HR,43.6759,15.9103,
HR,43.6767,15.9192,
HR,43.6794,15.9148,
HR,43.6807,15.9142,
HR,43.6828,15.8658,
HR,43.6833,15.9117,
HR,43.6846,15.9101,
HR,43.686,15.9098,
HR,43.6891,15.9061,
HR,43.6925,15.9016,Rezalište
HR,43.6941,15.8857,
HR,43.6951,15.8888,
HR,43.6954,15.8906,
HR,43.6971,15.8792,
HR,43.6979,15.8331,
HR,43.698,15.8328,
HR,43.698,15.8916,
HR,43.6983,15.8323,
HR,43.6985,15.8318,
HR,43.6985,15.8773,
HR,43.6986,15.8315,
HR,43.6989,15.831,
HR,43.699,15.8948,
HR,43.7001,15.8352,
HR,43.7012,15.8352,Banje
HR,43.7017,15.8354,Banje
HR,43.7027,15.8344,Vila
HR,43.7045,15.8342,Bućina
HR,43.719,15.8589,
HR,43.7193,15.86,
HR,43.7218,15.8043,
HR,43.7218,15.8052,
HR,43.7219,15.8037,
HR,43.7221,15.803,
HR,43.7222,15.806,
HR,43.7225,15.7978,
HR,43.7225,15.8021,
HR,43.7235,15.8618,
HR,43.7236,15.8002,
HR,43.7237,15.7964,
HR,43.7265,15.4328,
HR,43.7288,15.789,Plaža Trstevica
HR,43.7297,15.7894,
HR,43.7307,15.7883,plažice
HR,43.731,15.7878,
HR,43.7316,15.7874,
HR,43.7337,15.8217,
HR,43.7352,15.7846,
HR,43.7355,15.7843,
HR,43.7356,15.7838,
HR,43.7361,15.783,
HR,43.7384,15.7805,
HR,43.7387,15.8754,
HR,43.7389,15.8118,Beach for dogs
HR,43.7394,15.8102,
HR,43.741,15.7812,
HR,43.7414,15.8841,Banj
HR,43.7418,15.8062,
HR,43.7419,15.7817,
HR,43.7424,15.782,
HR,43.7435,15.805,
HR,43.7439,15.8032,
HR,43.7446,15.7988,plaža Mulo Dvorine
HR,43.7453,15.8001,
HR,43.752,15.7577,Plaža Plitka Punta
HR,43.7535,15.7867,
HR,43.7536,15.7657,Plava plaža (The blue beach)
HR,43.7547,15.7843,
HR,43.7577,15.74,Zamalin
HR,43.7631,15.7293,Sovlja
HR,43.7669,15.6612,Vrtiluka
HR,43.7749,15.6579,
HR,43.7768,15.6226,
HR,43.7782,15.6545,
HR,43.7827,15.6487,Lučica
HR,43.7852,15.6494,
HR,43.7922,15.6479,
HR,43.793,15.6051,Nudist beach
HR,43.7937,15.6065,
HR,43.794,15.6058,
HR,43.7943,15.6285,
HR,43.796,15.6029,
HR,43.796,15.6316,
HR,43.7965,15.6014,
HR,43.797,15.6097,
HR,43.7978,15.5976,Mali dolac nudist
HR,43.7989,15.6466,
HR,43.7993,15.6474,
HR,43.7995,15.6586,Vortex Beach Bar
HR,43.8018,15.5939,
HR,43.8025,15.6825,
HR,43.8029,15.593,
HR,43.803,15.2641,
HR,43.806,15.2549,
HR,43.8064,15.2715,
HR,43.8064,15.5902,
HR,43.807,15.5903,
HR,43.8075,15.6795,
HR,43.8102,15.6302,
HR,43.8145,15.2927,
HR,43.815,15.6763,
HR,43.8153,15.6723,
HR,43.8158,15.6791,
HR,43.8159,15.6056,
HR,43.8162,15.5787,Slanica
HR,43.8167,15.6055,
HR,43.8172,15.6623,
HR,43.8174,15.6056,
HR,43.8179,15.6056,
HR,43.8183,15.6619,
HR,43.8185,15.6054,
HR,43.819,15.6623,
HR,43.8195,15.6628,
HR,43.8196,15.6051,Betina
HR,43.8203,15.6612,
HR,43.8206,15.2505,
HR,43.8208,15.2843,
HR,43.8208,15.6587,
HR,43.8213,15.6573,
HR,43.822,15.5849,Luke
HR,43.8222,15.6568,
HR,43.8229,15.6558,
HR,43.8238,15.5736,Podvrške
HR,43.8241,15.6554,
HR,43.8243,15.5974,
HR,43.8253,15.2309,
HR,43.8254,15.6537,
HR,43.8268,15.6504,
HR,43.8271,15.5692,
HR,43.8285,15.5912,
HR,43.8285,15.6474,
HR,43.8297,15.6453,
HR,43.8325,15.6414,
HR,43.8332,15.595,
HR,43.8333,15.2275,
HR,43.8341,15.6396,
HR,43.8482,15.2383,
HR,43.8495,15.5104,Plaža Kranje
HR,43.8575,15.4948,
HR,43.8613,15.5002,
HR,43.8623,15.2541,
HR,43.8624,15.2709,
HR,43.8685,15.2226,
HR,43.8708,15.221,
HR,43.8711,15.2212,
HR,43.8714,15.2216,
HR,43.8716,15.2227,
HR,43.8717,15.2231,
HR,43.8781,15.5443,
HR,43.8787,15.1803,
HR,43.8807,15.5363,Zakanj
HR,43.8842,15.5351,
HR,43.8855,15.5308,
HR,43.8871,15.532,
HR,43.8917,15.2137,
HR,43.898,15.4121,
HR,43.9042,15.515,Pod vruljom
HR,43.9051,15.5127,
HR,43.9058,15.5101,Janice
HR,43.909,15.4372,FKK Sovinje
HR,43.9098,15.4341,
HR,43.9112,15.4325,FKK Poljane
HR,43.9113,15.4324,
HR,43.913,15.4935,Ciuleanu-Veres Beach
HR,43.9139,15.4301,Klanac beach
HR,43.9143,15.4861,FKK Nudist Beach
HR,43.9159,15.4736,FKK Nudist beach
HR,43.9164,15.4706,Slanica
HR,43.9244,15.2198,
HR,43.9264,15.2212,
HR,43.9286,15.4513,
HR,43.9295,15.4511,
HR,43.9301,15.4495,
HR,43.9301,15.4511,Soline
HR,43.9317,15.4466,
HR,43.9337,15.444,
HR,43.9386,15.1601,Sašćica jug plaža
HR,43.9406,15.1618,Sašćica sjever plaža
HR,43.9469,15.1462,Sitno
HR,43.9483,15.4429,Bošana
HR,43.952,15.4389,Trstike
HR,43.9522,15.3863,
HR,43.954,15.4348,
HR,43.9553,15.4336,
HR,43.9564,15.4324,
HR,43.9576,15.4293,
HR,43.9577,15.3801,
HR,43.9584,15.4295,
HR,43.9599,15.4271,
HR,43.9604,15.4262,
HR,43.9629,15.4203,
HR,43.9638,15.4171,
HR,43.9645,15.4147,
HR,43.9658,15.4108,Plaža Morovička
HR,43.9672,15.407,
HR,43.9694,15.3696,
HR,43.97,15.4043,
HR,43.9701,15.3643,
HR,43.9875,15.3303,
HR,43.99,15.3269,
HR,43.9915,15.3256,
HR,43.9963,15.3166,
HR,44.0095,15.3645,Nudistička plaža Sv.Petar
HR,44.0097,15.2876,
HR,44.0111,15.2787,
HR,44.0126,15.3622,Nudistička plaža Sv.Petar
HR,44.0135,15.2715,
HR,44.0176,15.13,
HR,44.0198,15.2503,
HR,44.0239,15.243,V. Sabuša
HR,44.0269,15.235,M. Sabuša
HR,44.0313,15.1369,
HR,44.0314,15.2321,FKK Jelenica
HR,44.0321,15.1316,
HR,44.0321,15.2526,
HR,44.0333,15.3375,Plaža Tustica
HR,44.0334,15.2507,
HR,44.0337,15.1307,
HR,44.0341,15.1307,
HR,44.0343,15.0128,
HR,44.0349,15.2531,Zelena punta
HR,44.0353,15.322,Plaža tratice
HR,44.0355,15.3319,Plaža Makarska
HR,44.0359,15.3245,Plaža tratice
HR,44.036,15.3204,Plaža
HR,44.0361,15.1294,
HR,44.0362,15.3188,Plaža Vodotič
HR,44.0364,15.1289,
HR,44.0364,15.3144,Plaža Soline
HR,44.0366,15.2535,Zelena punta
HR,44.0366,15.3157,Plaža
HR,44.0366,15.3177,Plaža
HR,44.0368,15.1287,
HR,44.0368,15.3118,Plaža Barbir
HR,44.0372,15.317,Plaža
HR,44.0393,15.3079,Plaža Dječji raj
HR,44.0411,15.3077,Plaža Dječji raj
HR,44.0434,15.2994,
HR,44.0447,15.3048,Plaža Punta
HR,44.0457,15.3018,
HR,44.0464,15.2366,Kostanj
HR,44.0493,15.2122,Mala Lamjana
HR,44.0517,15.3016,Plaža na marini
HR,44.052,15.3092,Plaža Zlatna Luka
HR,44.0526,15.295,
HR,44.0546,14.9875,
HR,44.0548,15.2257,Plaža Otrić
HR,44.0555,14.9925,
HR,44.0565,14.9921,Brbišćica
HR,44.0622,15.2823,Padrele
HR,44.0628,15.0236,
HR,44.0628,15.2104,
HR,44.0644,15.2815,Punta Rožica
HR,44.0711,15.1514,Željina vela
HR,44.0812,15.2766,
HR,44.0842,15.1865,Magazin
HR,44.0844,15.1839,Jaz
HR,44.0846,15.1873,Galovac
HR,44.0859,14.983,
HR,44.086,15.1843,Kasun
HR,44.0892,15.185,Plaža Čerenac
HR,44.0903,15.1847,Plaža Poljana
HR,44.092,15.1862,Plaža Petar
HR,44.0949,15.2493,Punta Bajlo
HR,44.0957,15.2528,
HR,44.0961,15.1678,
HR,44.0962,15.2527,
HR,44.0971,15.1723,
HR,44.0979,14.9262,Veli žal
HR,44.0979,15.2448,
HR,44.1017,15.2381,
HR,44.1032,14.9461,
HR,44.1047,15.2349,Kolovar
HR,44.1065,15.1164,Prtljug
HR,44.1071,15.1061,dog beach
HR,44.1108,14.9398,
HR,44.1224,15.2235,Jadran Beach
HR,44.124,15.0792,
HR,44.1279,15.2126,Uskok
HR,44.1294,15.1075,
HR,44.13,15.2046,
HR,44.13,15.207,
HR,44.1317,15.2034,Puntamika
HR,44.1329,15.0701,Južna luka
HR,44.1332,15.205,Puntamika
HR,44.1337,14.872,Sakarun
HR,44.1337,15.2098,Borik
HR,44.1343,15.1046,Mostir
HR,44.1347,15.0691,
HR,44.1362,15.2102,Borik
HR,44.1379,15.2125,
HR,44.1417,15.0703,lučica Skrača
HR,44.1427,15.211,
HR,44.1444,15.2113,
HR,44.148,15.2079,
HR,44.1481,15.6004,
HR,44.1483,15.2074,
HR,44.1513,14.8216,
HR,44.1516,15.6007,
HR,44.1518,15.6007,
HR,44.1599,15.1925,
HR,44.1686,15.1817,
HR,44.1761,15.5247,
HR,44.1812,15.1609,Petrčane Public Beach
HR,44.1841,15.6052,
HR,44.1846,15.5049,
HR,44.1978,15.1506,
HR,44.2049,15.4706,
HR,44.2106,15.4835,
HR,44.2147,15.5087,
HR,44.2167,15.1661,Plaža Pliša
HR,44.2178,15.1616,
HR,44.2186,14.8791,
HR,44.2265,15.1664,
HR,44.2277,15.1661,
HR,44.2296,14.8326,
HR,44.2308,15.1638,Zaton Holiday Resort Beach
HR,44.2323,15.161,
HR,44.2346,15.1535,Plaža Bilotinjak
HR,44.238,14.8384,
HR,44.2383,14.8394,
HR,44.2404,15.1456,Plaža Škrapavac
HR,44.2451,14.8274,
HR,44.2455,14.8274,
HR,44.2458,15.2892,
HR,44.2461,15.5344,
HR,44.247,15.1959,
HR,44.2476,15.1854,Plaža Ždrijac
HR,44.2476,15.2004,Plaža Prodorica
HR,44.2484,15.5092,
HR,44.2514,15.1742,Kraljičina plaža
HR,44.2523,15.4781,
HR,44.2523,15.4815,
HR,44.2525,15.4789,
HR,44.2528,15.4775,
HR,44.254,15.4174,
HR,44.2549,15.3,
HR,44.2557,15.2668,
HR,44.2565,15.4078,
HR,44.2573,15.1676,Queen's Beach
HR,44.2601,15.2943,
HR,44.2614,15.1636,
HR,44.2616,15.2933,
HR,44.2662,15.1588,Plaža Sabunike FKK
HR,44.2686,15.4901,
HR,44.2688,15.2461,Duboka draga
HR,44.269,15.4812,Pisak beach
HR,44.27,15.2871,
HR,44.2706,15.1518,Plaža Sabunike - FKK
HR,44.2734,15.4767,
HR,44.2735,14.7861,
HR,44.274,14.7839,Podgrad
HR,44.2782,14.7428,Mavrela
HR,44.2789,15.2965,Brači
HR,44.2801,15.457,Kulana
HR,44.2802,15.4577,
HR,44.2805,15.4589,
HR,44.2806,15.2074,
HR,44.2817,15.4596,
HR,44.2819,15.2054,
HR,44.2825,15.1361,Školjić
HR,44.2839,15.2234,
HR,44.2843,15.4491,
HR,44.285,15.4473,
HR,44.285,15.4483,
HR,44.2853,15.0585,Plaža Pedinka
HR,44.2859,15.3425,
HR,44.2864,15.0745,
HR,44.2865,15.2177,
HR,44.288,15.043,
HR,44.288,15.0762,
HR,44.2891,14.7,
HR,44.2901,15.0756,
HR,44.2911,15.4423,
HR,44.2916,15.4415,
HR,44.2918,15.1243,Plaža Sarina
HR,44.2932,15.1092,Miljkovica
HR,44.2935,15.0759,Plaža Sapavac
HR,44.2945,15.0769,
HR,44.2945,15.1219,Plaža gornja Prezida
HR,44.2949,15.1939,
HR,44.2953,15.1936,
HR,44.2953,15.437,
HR,44.2958,15.0798,
HR,44.2961,15.4352,
HR,44.2965,15.3305,
HR,44.2971,15.0824,Plaža Jadro Zapad
HR,44.2973,15.0869,Plaža jadro istok
HR,44.2976,15.0345,
HR,44.2978,15.0936,Plaža Radovanjica
HR,44.2978,15.1189,Soldatica Beach
HR,44.2978,15.119,Plaža Soldatica
HR,44.2989,15.2902,
HR,44.3014,15.1143,Plaža Straža
HR,44.3031,15.0261,Lanterna beach
HR,44.3042,15.1101,Plaža Lakirka
HR,44.3071,15.1028,Plaža žitna
HR,44.3081,15.0931,Plaža Lucica
HR,44.3084,15.09,
HR,44.3097,15.0834,Mala Slatina
HR,44.3144,15.021,
HR,44.3146,15.0209,
HR,44.3157,15.1953,
HR,44.3165,15.0734,Plaža Velika Slatina
HR,44.3171,15.0559,Plaža Biskupljača
HR,44.3178,15.1874,
HR,44.3179,15.0602,
HR,44.3184,15.1897,
HR,44.3197,15.0519,Bura
HR,44.3202,15.2124,
HR,44.3239,15.0371,
HR,44.324,15.0354,
HR,44.3263,15.0321,
HR,44.3266,15.1313,
HR,44.3276,15.1524,
HR,44.3283,15.3745,
HR,44.3288,15.1511,
HR,44.3291,15.1323,Ričina
HR,44.3298,15.1462,
HR,44.3307,15.3618,Kozjača
HR,44.3311,15.1423,
HR,44.3321,15.1395,
HR,44.3322,15.1388,
HR,44.3366,14.5951,
HR,44.3374,15.1018,
HR,44.3399,15.1059,
HR,44.3433,15.1065,Plaža Perilo
HR,44.3487,15.1008,Mali Dubrovnik
HR,44.3489,14.7178,
HR,44.3512,15.0977,beach Dubrovnik
HR,44.3528,15.3123,Duboka Kruščica
HR,44.3531,15.0954,
HR,44.3532,15.0957,
HR,44.3562,15.1918,
HR,44.3564,15.0925,
HR,44.3573,14.7067,
HR,44.358,14.7217,
HR,44.3594,14.7025,
HR,44.3633,14.6928,
HR,44.3633,15.2898,
HR,44.3652,14.7553,
HR,44.3685,14.6939,
HR,44.3696,14.6938,
HR,44.3717,14.7034,
HR,44.372,14.7021,
HR,44.3736,15.2688,
HR,44.3742,14.6919,Žalić
HR,44.3749,15.2673,
HR,44.3752,14.6914,
HR,44.376,14.6913,Tratica
HR,44.376,15.2667,
HR,44.3772,15.2646,
HR,44.3854,14.7936,
HR,44.3875,14.6854,Bujsin
HR,44.3892,14.6824,
HR,44.391,14.6792,Papranica
HR,44.3981,14.6629,
HR,44.3998,14.661,
HR,44.4036,14.6657,
HR,44.405,14.6981,
HR,44.4337,15.1975,
HR,44.4362,15.1928,
HR,44.4371,15.0055,
HR,44.4402,15.1119,
HR,44.4418,15.0481,Gradska plaža
HR,44.4422,15.0439,Mađarica
HR,44.4429,14.5519,
HR,44.4445,14.9953,
HR,44.4447,14.5741,
HR,44.4466,15.0401,
HR,44.4467,14.9941,
HR,44.4472,14.9937,
HR,44.4474,15.039,Tri glave
HR,44.4476,14.5585,
HR,44.4484,15.052,
HR,44.4503,15.1794,
HR,44.452,15.0344,
HR,44.4547,14.5642,
HR,44.4549,15.0322,
HR,44.458,15.029,Janjeće vode
HR,44.4599,14.5357,
HR,44.4599,15.0271,
HR,44.4606,15.0257,
HR,44.4614,15.0241,
HR,44.4615,14.9702,
HR,44.4617,14.5386,
HR,44.4625,15.0221,Mlakarova plaža
HR,44.4637,14.9551,Nudist beach
HR,44.4647,14.9596,Simuni
HR,44.4647,14.9641,
HR,44.4659,15.0469,
HR,44.4665,15.0181,
HR,44.4691,15.0614,
HR,44.47,15.0608,Plaža Gomilica
HR,44.472,15.0113,Dubrava
HR,44.4763,14.5251,Pećina
HR,44.4778,15.0044,Konjsko
HR,44.478,14.917,
HR,44.4785,14.9159,
HR,44.4785,15.0027,plaža Dubrava
HR,44.4794,14.5331,
HR,44.4849,15.0573,Beach Malin
HR,44.4859,14.9065,
HR,44.4873,14.9054,
HR,44.4885,14.5071,Plieski
HR,44.4916,14.5384,
HR,44.492,14.5045,Balvanida
HR,44.4969,15.0505,Slana
HR,44.4973,14.9185,Plaža Girenica
HR,44.4984,15.0319,Beritnica
HR,44.5005,15.0087,
HR,44.5009,15.0209,Ručica
HR,44.5013,14.4956,
HR,44.5018,14.5234,Jamna
HR,44.5027,15.0507,
HR,44.5029,15.0056,
HR,44.5044,14.4912,
HR,44.5052,14.2964,
HR,44.5058,15.0064,
HR,44.5061,14.3153,Uvala Tijesni
HR,44.5061,15.0089,
HR,44.5062,14.4904,
HR,44.507,15.0102,
HR,44.508,14.3166,Bok
HR,44.508,14.5211,Kriška
HR,44.5103,14.3089,Spjaža
HR,44.511,14.4829,
HR,44.5125,14.4805,
HR,44.5134,14.5169,Javorna
HR,44.5139,14.4753,
HR,44.5143,14.9152,Kolanjsko blato
HR,44.5152,14.9577,Sveti Duh
HR,44.5168,15.039,
HR,44.517,14.2898,
HR,44.5182,14.2961,
HR,44.5183,14.4616,Borik FKK
HR,44.5185,14.9485,Bay Bok
HR,44.5189,14.4609,
HR,44.5202,14.2866,Punta valica
HR,44.5206,14.9875,Plaža Plat
HR,44.5207,14.9467,Čista
HR,44.5208,15.0271,
HR,44.5212,14.5092,Rovenska
HR,44.5219,14.9748,
HR,44.5272,14.4802,Valdarke
HR,44.5277,15.0693,
HR,44.5288,14.8946,Braničevica
HR,44.5294,14.94,Prnjica
HR,44.5298,14.4812,Male Valdarke
HR,44.5328,14.8861,
HR,44.5328,14.8872,
HR,44.5331,14.8846,Straško
HR,44.5333,15.0672,Tatinja
HR,44.5339,14.9345,
HR,44.5343,14.4474,
HR,44.5345,14.9843,Plaža Velika Luka
HR,44.5361,14.4451,
HR,44.5367,14.4737,Zagazinjine
HR,44.5367,14.9271,Blato
HR,44.5389,14.9469,
HR,44.5391,14.88,Straško
HR,44.5393,14.9162,Zrće
HR,44.5405,14.9436,
HR,44.5416,14.4444,
HR,44.543,14.4656,Kadin
HR,44.5438,14.935,
HR,44.5446,14.9338,
HR,44.5453,14.8751,Straško
HR,44.5456,14.461,privlaka
HR,44.5462,14.8732,
HR,44.5463,14.5841,
HR,44.5466,14.9304,seagulls
HR,44.5468,14.8723,
HR,44.5469,14.928,
HR,44.5475,14.9259,
HR,44.5477,14.8712,
HR,44.5477,14.9161,Caska
HR,44.5482,14.581,
HR,44.5486,14.8705,
HR,44.549,14.8704,
HR,44.549,14.9224,
HR,44.5493,14.8704,
HR,44.5497,14.8705,
HR,44.5499,14.4314,
HR,44.55,14.8706,
HR,44.5504,14.8708,
HR,44.551,14.871,
HR,44.5513,14.8819,
HR,44.5522,14.4483,Poljana
HR,44.5531,14.8779,Dog beach
HR,44.5548,15.0343,
HR,44.5562,15.0334,
HR,44.5571,14.4446,Poljana (a/c Poljana)
HR,44.5589,14.3946,
HR,44.5589,14.3947,
HR,44.5592,14.3864,
HR,44.5592,14.3944,
HR,44.5598,14.3941,
HR,44.5608,14.4012,
HR,44.5609,14.8722,
HR,44.5615,14.3985,
HR,44.562,14.8699,
HR,44.5622,14.8693,
HR,44.5627,14.8683,
HR,44.5631,14.8677,
HR,44.5635,14.8669,
HR,44.5639,14.8659,
HR,44.5641,14.865,
HR,44.5648,14.863,
HR,44.5665,14.8639,
HR,44.5675,14.8661,Babe Beach
HR,44.5695,14.3694,
HR,44.5714,14.8881,Planjka
HR,44.5723,14.9939,
HR,44.5739,14.4033,
HR,44.5739,14.4128,
HR,44.5751,14.4059,
HR,44.5751,14.4083,
HR,44.5753,14.3763,Liska slatina
HR,44.5763,14.8582,Novalja Gaj
HR,44.5785,14.8529,
HR,44.5791,14.8478,
HR,44.58,14.8474,
HR,44.58,14.8872,
HR,44.5802,14.8871,
HR,44.5819,14.8485,
HR,44.5841,14.8439,
HR,44.5852,14.842,
HR,44.5869,14.8675,
HR,44.5871,14.417,
HR,44.5924,14.8354,
HR,44.5926,14.835,
HR,44.595,14.859,
HR,44.5962,14.8576,
HR,44.5982,14.3926,
HR,44.5984,14.8309,
HR,44.6022,14.8241,
HR,44.6049,14.8394,
HR,44.6066,14.8187,
HR,44.6072,14.4989,Veli žal
HR,44.6083,14.8745,Jadra
HR,44.6116,14.8148,
HR,44.6133,14.4004,
HR,44.6134,14.8143,
HR,44.6157,14.5087,Baldarin
HR,44.6163,14.8098,
HR,44.6174,14.8096,
HR,44.62,14.8064,
HR,44.6232,14.8006,
HR,44.6242,14.7998,
HR,44.6266,14.7982,
HR,44.6273,14.7949,
HR,44.6287,14.5273,
HR,44.6297,14.5281,
HR,44.6297,14.7913,
HR,44.6298,14.5307,
HR,44.6332,14.7885,
HR,44.6335,14.5374,
HR,44.6336,14.5386,
HR,44.6357,14.3939,
HR,44.6367,14.2472,Janijeva
HR,44.6384,14.2461,Centrala
HR,44.6392,14.7828,
HR,44.6405,14.5338,Menula beach
HR,44.6422,14.2426,
HR,44.643,14.7797,Plaža Babinjak
HR,44.6432,14.7797,
HR,44.6442,14.7778,
HR,44.6444,14.7798,
HR,44.6447,14.7785,
HR,44.6451,14.7749,
HR,44.6464,14.241,
HR,44.6466,14.4451,
HR,44.6477,14.775,
HR,44.6497,14.3998,
HR,44.6509,14.2599,
HR,44.6524,14.7731,Uvala Slatina
HR,44.6542,14.3993,
HR,44.6544,14.7708,
HR,44.6563,14.3996,
HR,44.6572,14.7633,
HR,44.6582,14.3984,
HR,44.6594,14.7613,
HR,44.6614,14.7583,
HR,44.6633,14.7561,
HR,44.6645,14.3991,
HR,44.6647,14.399,
HR,44.6648,14.2499,Zasmokve
HR,44.6653,14.5798,
HR,44.6662,14.7561,
HR,44.6665,14.3976,
HR,44.6737,14.3963,
HR,44.6744,14.3965,
HR,44.6748,14.3964,
HR,44.6757,14.396,
HR,44.679,14.7467,
HR,44.6804,14.3412,
HR,44.681,14.3989,
HR,44.6825,14.7433,Budunalva
HR,44.6842,14.3988,
HR,44.6852,14.9094,
HR,44.69,14.7524,Furnje
HR,44.693,14.3853,
HR,44.6931,14.6835,
HR,44.6938,14.3915,
HR,44.6953,14.3691,
HR,44.6965,14.7346,
HR,44.6966,14.395,
HR,44.698,14.7344,
HR,44.6983,14.7342,
HR,44.6988,14.734,plaža podvodu
HR,44.699,14.8326,
HR,44.7001,14.9035,
HR,44.7022,14.8373,
HR,44.7036,14.8362,Valsabana beach
HR,44.7037,14.8286,
HR,44.7044,14.8964,
HR,44.7046,14.8344,
HR,44.7053,14.8336,
HR,44.7057,14.8958,
HR,44.706,14.833,Plaža Edvina
HR,44.7076,14.8316,Pudarica
HR,44.7083,14.8255,
HR,44.7091,14.8304,
HR,44.7096,14.8298,
HR,44.71,14.8291,
HR,44.7109,14.8286,Plaža Valentina (FKK)
HR,44.7114,14.8283,
HR,44.7117,14.8281,FKK beach
HR,44.7119,14.8278,
HR,44.7122,14.8275,
HR,44.713,14.8262,
HR,44.7133,14.8258,
HR,44.7134,14.8257,
HR,44.7142,14.8257,
HR,44.7145,14.8254,
HR,44.7147,14.8251,
HR,44.715,14.825,
HR,44.7156,14.8621,
HR,44.7159,14.824,
HR,44.7163,14.8232,Plaža Ribon
HR,44.717,14.8221,
HR,44.7176,14.8214,
HR,44.72,14.8188,
HR,44.721,14.8074,
HR,44.7228,14.8162,
HR,44.7233,14.816,
HR,44.7236,14.8157,
HR,44.7238,14.8152,
HR,44.7251,14.8127,
HR,44.7288,14.1755,
HR,44.7312,14.8084,
HR,44.7312,14.8537,
HR,44.7331,14.8038,
HR,44.7331,14.804,
HR,44.734,14.8016,
HR,44.7341,14.8012,
HR,44.7342,14.8008,
HR,44.7343,14.8004,
HR,44.7345,14.7998,
HR,44.7348,14.7993,
HR,44.7348,14.8471,
HR,44.7351,14.7988,
HR,44.7352,14.8468,
HR,44.7361,14.3983,
HR,44.7361,14.8466,
HR,44.7369,14.7975,
HR,44.7371,14.7974,
HR,44.7387,14.4702,
HR,44.7401,14.4736,
HR,44.7422,14.792,
HR,44.7424,14.7915,
HR,44.7426,14.7912,
HR,44.7428,14.8992,
HR,44.7433,14.7905,
HR,44.7436,14.79,
HR,44.7437,14.7897,
HR,44.7438,14.398,
HR,44.744,14.7894,
HR,44.7444,14.7891,
HR,44.7459,14.7873,
HR,44.7464,14.395,
HR,44.7468,14.7859,Plaža Banjol
HR,44.7478,14.8957,
HR,44.7481,14.3916,
HR,44.7483,14.7805,Monty's dog beach
HR,44.7489,14.7757,Plaža Petrac
HR,44.7504,14.8927,
HR,44.751,14.7746,Plaža Padova III
HR,44.751,14.7748,Padova II
HR,44.7537,14.7703,
HR,44.754,14.7695,Padova II
HR,44.7544,14.8915,
HR,44.7553,14.7035,
HR,44.7557,14.7599,Gradsko Kupaliste
HR,44.7559,14.7448,
HR,44.7561,14.7232,
HR,44.7563,14.7665,
HR,44.7565,14.7588,
HR,44.7569,14.7007,
HR,44.7574,14.7244,
HR,44.7576,14.8239,
HR,44.7577,14.7224,
HR,44.7577,14.742,
HR,44.7578,14.7418,
HR,44.7589,14.8904,
HR,44.759,14.7295,
HR,44.7595,14.7065,
HR,44.7596,14.7204,
HR,44.7597,14.7362,FKK Frkanj
HR,44.7601,14.8193,
HR,44.7603,14.6943,
HR,44.7603,14.7339,FKK Kandarola
HR,44.7609,14.7531,
HR,44.761,14.7293,
HR,44.7615,14.7286,
HR,44.7616,14.7175,
HR,44.7617,14.7078,
HR,44.7621,14.6996,Kristofor
HR,44.7623,14.889,
HR,44.7624,14.7024,Plaža Dundo
HR,44.7625,14.6922,Sitovica beach
HR,44.763,14.6889,
HR,44.7635,14.7105,
HR,44.7636,14.712,Ćifnata beach
HR,44.7642,14.8883,
HR,44.7666,14.6899,Valsika
HR,44.7675,14.6861,Armata
HR,44.7679,13.9215,Sv. Mikule Dražica
HR,44.768,13.9151,Velika Kolombarica
HR,44.7685,13.9081,Kršine
HR,44.7687,14.8885,
HR,44.7688,13.9119,Mala Kolombarica
HR,44.7691,14.8881,
HR,44.7695,13.9244,Franina
HR,44.7705,14.6795,
HR,44.7708,14.6757,
HR,44.7718,14.6726,
HR,44.7718,14.8854,
HR,44.7721,13.9172,Debeljak
HR,44.7723,13.9078,Radovica
HR,44.7727,14.6718,
HR,44.7729,14.6778,Planka
HR,44.7732,13.9065,Toreta
HR,44.7749,13.9213,Škara
HR,44.775,13.9128,Veliki Portić
HR,44.776,14.6712,Perla
HR,44.7761,14.8848,
HR,44.7769,13.9063,Njive
HR,44.7773,14.7963,
HR,44.7778,14.3715,
HR,44.7789,13.9167,Mali Portić
HR,44.7791,14.8851,
HR,44.7803,14.7925,Plaža Mundanije
HR,44.781,14.6689,Sv. Mara
HR,44.7815,13.9049,Plovanije
HR,44.7821,14.6691,Sv. Mara
HR,44.7827,14.4499,
HR,44.7834,14.6652,
HR,44.7842,14.4496,
HR,44.7843,13.917,Školjić
HR,44.7847,14.7063,Veli Mel
HR,44.7852,13.9175,
HR,44.7852,14.6614,
HR,44.7855,13.9164,Školjić
HR,44.7858,14.4476,
HR,44.7859,14.3663,
HR,44.786,13.9166,Školjić
HR,44.7863,13.9069,Polje
HR,44.7864,14.4475,
HR,44.7866,14.4476,
HR,44.7868,14.4477,
HR,44.7869,13.9061,
HR,44.7871,14.6597,Rasatovica
HR,44.7885,14.6981,
HR,44.7888,14.6574,Pincinovica
HR,44.7892,13.9143,Dražice
HR,44.7895,13.9036,Pinižule
HR,44.7896,14.7082,Plaža Melić
HR,44.7898,14.6552,
HR,44.7903,14.6942,
HR,44.7909,14.3676,
HR,44.7919,13.9142,Podlokva
HR,44.7919,14.7037,
HR,44.7924,14.703,
HR,44.7925,14.7026,
HR,44.7937,13.925,
HR,44.794,14.7033,Plaža Miral
HR,44.7944,14.6576,
HR,44.7948,14.88,
HR,44.7954,14.6871,
HR,44.7956,14.6594,Pošta beach
HR,44.7957,14.6757,
HR,44.7963,14.6795,
HR,44.7964,13.9192,
HR,44.7964,14.6596,
HR,44.7965,14.6599,
HR,44.7966,14.6847,
HR,44.7969,14.6735,
HR,44.7975,13.92,Školjić
HR,44.7976,14.6606,
HR,44.7987,14.6706,
HR,44.7987,14.8807,
HR,44.8007,14.6988,
HR,44.8015,14.8832,
HR,44.8018,14.7122,
HR,44.8024,14.3688,
HR,44.8027,13.9242,Bijela
HR,44.8027,14.6997,
HR,44.8042,14.3675,
HR,44.8043,13.9553,
HR,44.8051,13.9205,plaža Munte
HR,44.8054,14.3648,
HR,44.8056,14.3638,
HR,44.8059,13.8782,FKK / Naturist Beach Crvene Stjene
HR,44.8063,13.9186,
HR,44.8073,14.8825,
HR,44.8074,14.3641,
HR,44.8091,14.7002,
HR,44.8094,13.9161,Runke
HR,44.8097,14.7062,
HR,44.8098,14.7048,
HR,44.8106,14.7049,
HR,44.8116,14.3442,
HR,44.8116,14.7007,
HR,44.8118,13.9182,Mugli
HR,44.8121,14.7016,
HR,44.8124,14.7012,
HR,44.8126,14.8802,
HR,44.8127,13.9312,Camping Medulin Beach
HR,44.8128,14.6976,
HR,44.8129,13.9143,Tašalera
HR,44.813,14.6976,
HR,44.8133,13.9347,Bijeca
HR,44.8133,14.6941,
HR,44.8133,14.697,
HR,44.8145,14.8826,
HR,44.8147,14.7429,
HR,44.8162,13.8989,Ščuza
HR,44.8163,14.3419,Tiha
HR,44.8167,14.3416,
HR,44.8173,14.3563,
HR,44.8179,13.8991,Pomer
HR,44.818,13.8694,
HR,44.818,13.9752,Bura Bura
HR,44.8181,13.8536,
HR,44.8183,14.3394,
HR,44.8186,14.3521,
HR,44.8187,14.3486,
HR,44.819,14.3497,
HR,44.8196,13.8647,
HR,44.8197,14.7107,Kozica beach
HR,44.8205,14.7103,
HR,44.8208,13.8564,Beach Centinera
HR,44.8209,14.7462,
HR,44.8209,14.8815,
HR,44.821,14.746,
HR,44.8211,14.7419,Rajska plaža
HR,44.8214,13.8464,
HR,44.8215,14.7463,
HR,44.8216,14.708,
HR,44.8218,13.8692,Lijom
HR,44.8221,14.7069,
HR,44.8222,14.7058,
HR,44.8232,14.3388,Slatina
HR,44.8234,13.9787,Matićev pisak
HR,44.8236,13.9802,
HR,44.825,14.3372,FKK beach Kamp Slatina
HR,44.825,14.7529,Kastelina
HR,44.8251,14.8846,
HR,44.8255,13.8466,
HR,44.8256,14.3362,
HR,44.8257,14.3355,
HR,44.8257,14.8848,
HR,44.8269,14.7556,
HR,44.828,14.462,Lukovac 2
HR,44.8286,13.8561,
HR,44.8287,13.8599,
HR,44.8292,14.8846,
HR,44.8294,13.8625,
HR,44.8296,14.332,
HR,44.8296,14.4595,Lukovac 1
HR,44.83,14.8848,Plaža Donja Klada
HR,44.8301,13.8613,
HR,44.8304,14.7541,Stolac II (FKK)
HR,44.8317,14.7542,
HR,44.8317,14.7543,
HR,44.8319,14.724,
HR,44.8322,14.754,Stolac FKK
HR,44.8327,13.8556,Velika Kava
HR,44.8328,14.8244,
HR,44.833,14.6893,
HR,44.833,14.7545,Stolac FKK
HR,44.8331,14.7255,
HR,44.8332,13.8345,
HR,44.8336,14.7546,
HR,44.834,14.8185,
HR,44.8343,14.7554,
HR,44.8347,14.4586,Jelovica
HR,44.8349,13.8356,Kayak Centar Pula
HR,44.8352,13.836,
HR,44.8353,13.8303,Havajka
HR,44.8353,13.8449,
HR,44.8355,14.7166,
HR,44.8356,14.7549,Potpećina
HR,44.8362,14.7126,
HR,44.8373,13.8467,
HR,44.8377,14.7564,
HR,44.8378,14.8279,
HR,44.8384,14.7599,
HR,44.8386,13.8291,Brioni
HR,44.8386,14.7111,Pošta beach
HR,44.8393,13.8318,Ambrela Beach
HR,44.8393,14.8054,
HR,44.8398,14.7078,
HR,44.8405,14.7066,
HR,44.8407,14.7594,
HR,44.8408,14.7202,
HR,44.8408,14.7529,Sahara
HR,44.8408,14.7562,Sahara (FKK)
HR,44.8409,13.8331,
HR,44.8412,14.719,
HR,44.8414,14.6998,
HR,44.8414,14.7222,
HR,44.8414,14.7568,Sahara (FKK)
HR,44.8416,14.6964,
HR,44.8416,14.7185,
HR,44.8417,14.6921,
HR,44.8417,14.6953,
HR,44.8418,14.8033,
HR,44.842,14.6846,Sveti Nikola
HR,44.8426,14.7515,
HR,44.8426,14.8029,
HR,44.8428,14.7221,
HR,44.8433,14.6922,
HR,44.8436,14.8852,
HR,44.8437,13.8348,
HR,44.844,14.6866,
HR,44.844,14.7226,
HR,44.8445,14.6824,
HR,44.8453,14.3302,
HR,44.8454,14.7389,Dubac
HR,44.8455,14.7405,
HR,44.8456,14.7337,Sturić
HR,44.8461,14.7416,
HR,44.8463,14.7469,Podšilo
HR,44.8466,14.7315,Sturić
HR,44.8467,14.7355,
HR,44.8474,14.7383,
HR,44.8475,14.802,
HR,44.8475,14.8872,
HR,44.8478,14.7225,
HR,44.8479,14.7199,
HR,44.8479,14.7324,
HR,44.848,14.7326,
HR,44.848,14.7425,
HR,44.8481,14.7213,
HR,44.8481,14.7217,
HR,44.8481,14.7328,
HR,44.8482,14.733,
HR,44.8482,14.8155,
HR,44.8485,14.8015,
HR,44.8486,14.7421,
HR,44.8488,14.7202,
HR,44.8488,14.7332,
HR,44.8488,14.7483,
HR,44.8489,14.7426,
HR,44.8489,14.7445,
HR,44.849,14.743,
HR,44.8491,14.7289,
HR,44.8491,14.7335,
HR,44.8491,14.7483,
HR,44.8491,14.7485,
HR,44.8494,14.7472,
HR,44.8494,14.8012,
HR,44.8495,14.7499,
HR,44.8496,14.7501,
HR,44.8497,13.8361,
HR,44.8497,14.7269,
HR,44.8498,14.8011,
HR,44.85,14.7254,Ciganka
HR,44.8502,13.8366,
HR,44.8502,14.8009,
HR,44.8503,14.8008,
HR,44.8506,14.7514,
HR,44.8512,14.7258,
HR,44.8529,14.7271,Kinjka FKK
HR,44.8531,14.3337,
HR,44.8534,14.7261,
HR,44.8536,13.9808,
HR,44.8541,13.8299,
HR,44.8541,14.4525,
HR,44.8542,14.8889,
HR,44.8545,14.8903,
HR,44.8564,14.7777,
HR,44.8567,14.7585,
HR,44.8575,13.822,FKK / Naturist Beach Valkane
HR,44.8576,13.8153,
HR,44.858,13.8264,
HR,44.8583,14.3315,
HR,44.86,13.814,
HR,44.8604,14.8945,
HR,44.8614,13.8068,
HR,44.8625,14.7784,Zadbadnja
HR,44.863,14.3283,
HR,44.8641,14.8945,
HR,44.8647,14.7449,
HR,44.8648,14.8954,
HR,44.8655,14.7439,
HR,44.8658,14.7436,
HR,44.8666,14.7429,
HR,44.8669,14.3277,
HR,44.8669,14.7428,
HR,44.8674,14.8958,
HR,44.8682,14.7414,
HR,44.8711,14.7388,
HR,44.8716,14.739,
HR,44.8723,14.324,Plaža Plava Grota
HR,44.8746,14.7474,
HR,44.8752,14.4455,Mali Bok
HR,44.8792,14.7464,
HR,44.8797,14.3223,
HR,44.8819,14.7473,
HR,44.8823,14.3215,
HR,44.8828,14.3214,
HR,44.8837,14.3217,
HR,44.8859,14.3216,Plaža Sv. Ivan
HR,44.8863,14.3207,
HR,44.8915,14.318,
HR,44.8929,13.8057,Lost Beach
HR,44.8958,14.3165,
HR,44.8959,14.8085,
HR,44.8961,13.8027,
HR,44.8975,14.3158,
HR,44.8975,14.8045,
HR,44.8983,13.8048,
HR,44.8985,13.787,
HR,44.8985,14.8016,
HR,44.8986,13.7882,
HR,44.8987,13.8072,
HR,44.8995,14.0103,Uvala Kavran
HR,44.8995,14.9035,
HR,44.9,14.7986,
HR,44.9015,14.0122,
HR,44.9015,14.826,
HR,44.9017,14.7962,
HR,44.9019,13.8087,Puntižela beach
HR,44.9019,14.3903,
HR,44.902,14.3849,
HR,44.9024,13.8001,
HR,44.9029,14.3928,
HR,44.9032,14.3636,Zdovice
HR,44.9043,13.7684,Plaža Kosir
HR,44.9043,14.7849,
HR,44.9043,14.7875,
HR,44.9044,14.3789,
HR,44.9045,14.7887,
HR,44.9046,14.7831,
HR,44.9046,14.7897,
HR,44.9053,14.3115,
HR,44.9055,14.7817,Njivica
HR,44.9056,14.3976,
HR,44.906,14.3754,
HR,44.9061,14.4576,
HR,44.9064,13.8112,Emily Beach
HR,44.9064,14.3745,
HR,44.9064,14.3988,
HR,44.9068,14.7805,
HR,44.9071,14.3576,Raca
HR,44.9073,14.7796,
HR,44.9081,14.4568,
HR,44.9084,14.3558,
HR,44.9088,13.8112,
HR,44.9088,14.7763,
HR,44.9104,14.4004,
HR,44.9109,14.7725,
HR,44.9117,14.7708,
HR,44.9122,14.4022,
HR,44.9142,14.7702,
HR,44.9161,14.7704,
HR,44.917,14.9145,Plaža Rača
HR,44.9172,13.7781,Plaža Saluga
HR,44.9172,13.8053,
HR,44.9174,14.4584,
HR,44.9182,13.7754,Plaža Jupiter
HR,44.9184,14.0222,
HR,44.9185,14.3046,
HR,44.9213,14.4553,Zela beach
HR,44.9216,14.7686,
HR,44.9223,14.7683,
HR,44.9231,13.8014,
HR,44.9234,14.34,
HR,44.9236,13.8019,Batana Beach
HR,44.9247,13.8017,Batana Beach
HR,44.9253,13.802,Dog Beach Fazana
HR,44.926,14.457,Arcić
HR,44.9261,14.7682,
HR,44.9263,14.0267,Duga Uvala
HR,44.9265,14.7686,
HR,44.9275,14.3042,
HR,44.9275,14.769,
HR,44.9286,14.7688,
HR,44.9286,14.9179,
HR,44.9294,14.7685,
HR,44.9306,14.769,
HR,44.9311,13.7999,
HR,44.9313,14.7688,
HR,44.9329,14.7707,
HR,44.9354,14.9215,
HR,44.9355,13.7962,
HR,44.9358,14.7328,
HR,44.937,14.7354,
HR,44.9371,14.7364,
HR,44.9371,14.7372,
HR,44.9378,14.7514,Mudraki
HR,44.9379,14.7269,
HR,44.9379,14.7412,Vela Draga
HR,44.9379,14.7492,Mrna
HR,44.9389,14.757,
HR,44.9391,14.3922,
HR,44.9394,14.7201,
HR,44.9402,14.76,
HR,44.9404,14.4616,Plaža Banja
HR,44.9409,14.3085,Grabrovica beach
HR,44.9412,14.9222,
HR,44.9414,14.761,Baškotića porat
HR,44.9415,14.3095,Grabrovica beach
HR,44.9421,14.7151,
HR,44.9424,14.7094,
HR,44.9425,14.7121,
HR,44.9433,14.7062,
HR,44.9436,14.7058,
HR,44.9441,14.7057,
HR,44.9456,14.9251,
HR,44.9459,14.7061,"Surbova beach, Sunset beach"
HR,44.9474,14.9241,
HR,44.9475,14.701,
HR,44.9478,14.6965,
HR,44.9479,14.7005,
HR,44.9482,14.3911,
HR,44.9488,14.6994,Zala
HR,44.9493,14.6949,
HR,44.9495,14.694,
HR,44.9498,14.7568,Škrinjica
HR,44.9498,14.9266,
HR,44.9511,14.4069,
HR,44.9512,14.9278,Beach Kalić
HR,44.9514,14.0369,
HR,44.9518,14.4048,
HR,44.9519,14.6874,
HR,44.9523,14.3918,
HR,44.9525,14.4144,
HR,44.9526,14.4611,Plaža Krušćica
HR,44.9529,14.402,
HR,44.953,14.4143,
HR,44.9533,14.4142,
HR,44.9537,14.4141,
HR,44.954,14.6895,Town beach
HR,44.9541,14.4006,
HR,44.9541,14.4722,
HR,44.9544,14.4137,
HR,44.9548,14.5446,
HR,44.9555,14.6888,
HR,44.9559,14.4825,
HR,44.956,14.4128,
HR,44.9563,14.4831,
HR,44.9565,14.4124,
HR,44.9566,14.6881,
HR,44.9567,14.476,
HR,44.9574,14.4829,
HR,44.9574,14.5339,
HR,44.9574,14.6873,
HR,44.9574,14.7485,
HR,44.9577,14.6868,
HR,44.9587,14.6858,Plaža Barčica
HR,44.9589,14.7466,
HR,44.9591,14.5528,
HR,44.9594,14.6845,Plaža Barčica
HR,44.9595,14.9252,Plaža Planikovac
HR,44.9606,14.6835,
HR,44.9612,14.6831,
HR,44.9612,14.9228,
HR,44.9613,14.5267,
HR,44.9614,14.3921,
HR,44.9618,14.6824,
HR,44.9619,14.6821,
HR,44.9625,14.3927,
HR,44.9627,14.6806,
HR,44.9633,14.5491,
HR,44.9637,14.7943,
HR,44.9641,14.5193,
HR,44.9641,14.8011,Dubna
HR,44.9647,14.6577,
HR,44.9648,14.1387,
HR,44.9649,14.6562,
HR,44.9649,14.6772,Nudist beach (FKK)
HR,44.9653,14.6749,Skrila Sunny beach
HR,44.9655,14.6732,Romantic beach
HR,44.9655,14.7844,Vrženica
HR,44.9658,14.6603,
HR,44.966,14.6679,
HR,44.9661,14.6719,Dog beach
HR,44.9661,14.7815,Malo Storišće
HR,44.9662,14.7803,Mali raj
HR,44.9664,14.6669,
HR,44.9668,14.6638,Oprna FKK
HR,44.9668,14.7689,Kricin
HR,44.9669,14.8065,Konjska
HR,44.9671,14.6627,Oprna
HR,44.9673,14.7764,
HR,44.9674,14.6476,Drenova beach
HR,44.9674,14.7776,Jablanova
HR,44.9675,14.5462,
HR,44.9678,14.1212,
HR,44.9678,14.1365,
HR,44.9678,14.7757,
HR,44.9681,14.9215,Plaža Ujča
HR,44.9682,14.9207,
HR,44.9683,14.8079,Mala Konjska
HR,44.9684,14.7726,Bunculuka
HR,44.969,14.5446,
HR,44.969,14.7632,Macel
HR,44.9692,14.3921,Stara Gavza
HR,44.9693,14.5443,
HR,44.9693,14.9197,
HR,44.9694,14.1189,
HR,44.9694,14.7554,
HR,44.9695,14.0964,
HR,44.9695,14.7539,
HR,44.9695,14.7546,
HR,44.9695,14.7558,
HR,44.9695,14.7562,
HR,44.9696,14.5441,
HR,44.9696,14.7568,
HR,44.9697,14.7577,
HR,44.9698,14.7582,
HR,44.97,14.1182,
HR,44.97,14.6418,
HR,44.9703,14.5437,
HR,44.9703,14.6413,
HR,44.9709,14.6382,
HR,44.9711,14.637,Rajta beach
HR,44.9712,14.5434,
HR,44.9714,14.5433,
HR,44.9715,14.1159,
HR,44.9718,14.1093,
HR,44.9722,14.5428,
HR,44.9729,14.6361,Fox bay
HR,44.9733,14.8073,Gnjilova
HR,44.9737,14.9194,Plaža Spasovac
HR,44.9741,14.3895,
HR,44.9743,14.5395,
HR,44.9744,14.5385,
HR,44.9745,14.5383,
HR,44.9749,14.538,
HR,44.9755,14.5381,
HR,44.9759,14.4742,
HR,44.9759,14.629,Rajla
HR,44.9762,14.5365,
HR,44.9779,14.0645,
HR,44.9793,14.0746,
HR,44.9793,14.1657,
HR,44.9795,14.6181,
HR,44.9798,14.508,
HR,44.9803,14.5094,
HR,44.9809,14.4303,
HR,44.981,14.5112,
HR,44.9812,14.4686,
HR,44.9814,14.5307,
HR,44.9814,14.5312,
HR,44.9815,14.5147,
HR,44.9817,14.9082,
HR,44.982,14.9074,
HR,44.9823,14.4672,
HR,44.9825,14.5164,
HR,44.9826,14.8047,
HR,44.9832,14.5174,
HR,44.9837,14.7995,
HR,44.9846,14.8005,Vela Luka
HR,44.9848,14.8019,
HR,44.986,13.7482,Barbariga Beach
HR,44.9861,13.7446,FKK / Naturist Beach Barbariga
HR,44.9864,13.7599,Beach Barbariga
HR,44.9871,13.7565,
HR,44.9881,14.6244,
HR,44.9883,14.6248,
HR,44.9893,14.6278,
HR,44.9896,14.8969,
HR,44.9898,14.1703,
HR,44.9898,14.8968,
HR,44.9918,14.7977,Mala Jurandvor
HR,44.9928,14.899,Skver
HR,44.9936,14.8994,
HR,44.9937,14.8,Mala Luka
HR,44.994,14.7956,Jurandvor beach
HR,44.9941,14.1707,
HR,44.9958,14.8998,
HR,44.9973,14.1689,
HR,44.9982,14.4114,
HR,44.9991,14.899,Prva Draga
HR,45.0006,14.4103,
HR,45.0019,14.8969,
HR,45.0026,14.3531,
HR,45.0027,14.6258,
HR,45.0032,14.4088,
HR,45.0043,14.6251,
HR,45.0055,13.7218,
HR,45.0058,14.8952,
HR,45.0064,14.4049,
HR,45.0066,14.351,Sv. Blaž
HR,45.0069,14.7824,
HR,45.007,14.7826,
HR,45.0071,14.7795,
HR,45.0076,14.4036,
HR,45.0085,14.4032,
HR,45.0091,13.7149,
HR,45.0095,14.623,
HR,45.0096,14.4019,
HR,45.01,14.8922,
HR,45.0104,14.4011,
HR,45.0113,13.7139,
HR,45.0121,14.3997,
HR,45.0128,14.3992,
HR,45.0128,14.5615,
HR,45.013,14.3993,
HR,45.0134,14.5593,
HR,45.0139,13.7129,
HR,45.0139,14.399,
HR,45.014,14.6187,
HR,45.0141,14.542,
HR,45.0141,14.5438,
HR,45.0141,14.5636,
HR,45.0141,14.8905,
HR,45.0142,14.6179,
HR,45.0143,14.6189,
HR,45.0144,14.1622,
HR,45.0144,14.5528,
HR,45.0144,14.5555,
HR,45.0145,14.6161,
HR,45.0148,14.5488,
HR,45.0149,14.6132,
HR,45.0151,14.538,
HR,45.0153,14.5657,
HR,45.0153,14.613,
HR,45.0158,13.7118,
HR,45.0161,14.5299,
HR,45.0162,14.3966,
HR,45.0165,13.712,
HR,45.0166,14.5348,
HR,45.0166,14.6065,
HR,45.0167,14.5666,
HR,45.0168,14.53,
HR,45.0174,13.713,
HR,45.0174,14.5667,Plav
HR,45.0182,14.3958,
HR,45.0182,14.6022,
HR,45.0184,14.5303,
HR,45.0184,14.57,
HR,45.0185,14.5264,
HR,45.019,14.3958,
HR,45.0191,13.7143,
HR,45.0192,14.5276,
HR,45.0196,14.5723,Camp Ježevac
HR,45.0198,14.3955,
HR,45.0202,14.5217,
HR,45.0203,14.5946,Politin
HR,45.0206,14.593,
HR,45.0208,14.1588,
HR,45.021,13.7147,
HR,45.0212,14.5918,
HR,45.0216,14.5068,
HR,45.0218,14.5001,
HR,45.0218,14.501,
HR,45.0218,14.5071,
HR,45.0219,14.5733,Porporela - Ježevac
HR,45.022,14.5907,Beach Politin
HR,45.0224,13.7131,
HR,45.0224,14.5902,Beach Politin
HR,45.0226,14.5137,
HR,45.0226,14.5898,
HR,45.0226,14.5901,
HR,45.0231,13.7116,
HR,45.0234,14.6161,Sv. Mikul
HR,45.0235,14.5747,Porporela - Ježevac
HR,45.0236,14.5857,Koralj
HR,45.0241,14.3924,
HR,45.0245,14.5072,
HR,45.0247,13.7003,
HR,45.0247,14.5883,
HR,45.025,14.5855,
HR,45.0251,14.5791,Punta di Galetto
HR,45.0252,14.3916,
HR,45.0255,14.8858,
HR,45.0256,14.4911,
HR,45.0262,14.8856,
HR,45.0266,14.5792,
HR,45.0274,14.5786,Portapisana
HR,45.0283,14.1549,Guboka
HR,45.0298,13.6926,
HR,45.0298,14.489,
HR,45.0305,14.487,
HR,45.0315,14.1589,
HR,45.0315,14.16,
HR,45.0323,14.1606,
HR,45.0324,14.3892,
HR,45.0333,13.6909,
HR,45.0338,14.1554,
HR,45.0352,14.4804,
HR,45.0372,14.6158,
HR,45.0376,14.6164,
HR,45.0377,14.4761,Beach Sveti Fuska
HR,45.0382,14.6181,
HR,45.0388,13.6911,Cisterna
HR,45.0392,14.3865,
HR,45.0392,14.6197,
HR,45.0393,14.8781,
HR,45.0401,14.4736,Jert
HR,45.0409,14.3853,
HR,45.041,14.4736,Jert
HR,45.0438,14.3845,
HR,45.0441,14.8771,Plaža Sveti Ilija jug
HR,45.0445,14.4706,
HR,45.0455,14.8768,Plaža Sveti Ilija sjever
HR,45.0459,14.3832,
HR,45.046,14.4694,Beach Torkul
HR,45.0463,14.4681,
HR,45.0474,14.4603,
HR,45.0478,14.459,
HR,45.0495,14.3809,
HR,45.0496,14.4579,
HR,45.0498,14.4573,
HR,45.0501,14.7424,
HR,45.0514,14.3799,
HR,45.052,14.7421,
HR,45.0533,14.4539,
HR,45.0543,14.3772,
HR,45.0549,13.6229,
HR,45.0551,14.1436,
HR,45.0551,14.1559,
HR,45.0552,14.155,Plaža Mali Portluk
HR,45.0566,14.7366,
HR,45.0567,14.8697,
HR,45.0569,14.3757,
HR,45.0573,14.4528,Mala Jana
HR,45.0581,13.6264,
HR,45.0583,14.4487,
HR,45.0584,14.7333,
HR,45.0585,13.6255,
HR,45.0618,14.4502,
HR,45.062,13.6635,Beach Villas Rubin
HR,45.0628,14.3732,
HR,45.0633,14.7268,Uvala Sršćica
HR,45.0636,14.7285,
HR,45.0641,13.6593,FKK / Naturist Beach
HR,45.0645,14.4406,
HR,45.0646,14.4394,
HR,45.0649,14.7268,
HR,45.065,13.6574,
HR,45.065,14.702,Potovošće
HR,45.065,14.7266,
HR,45.0651,13.6387,Škaraba
HR,45.0652,13.6384,Škaraba
HR,45.0652,13.6434,Koronsun nudist
HR,45.0652,13.6547,
HR,45.0653,14.7093,Sv. Juraj plaža
HR,45.0653,14.7242,
HR,45.0655,13.6299,
HR,45.0658,14.7096,Sv. Juraj mala plaža
HR,45.0659,13.6528,
HR,45.0675,14.1476,Šeničina
HR,45.0679,14.3718,
HR,45.0682,14.7313,
HR,45.0683,14.6927,
HR,45.0687,14.3714,
HR,45.0704,13.632,
HR,45.0715,13.6379,
HR,45.0723,14.6838,Kozica
HR,45.0729,14.1658,Plaža Lanterna
HR,45.0731,13.635,
HR,45.0732,14.1646,
HR,45.0742,14.1634,
HR,45.075,14.1677,
HR,45.0754,14.4333,
HR,45.0756,14.6789,Zgribnica
HR,45.0764,13.6267,
HR,45.0764,14.1691,Maro Family Beach
HR,45.0766,14.1696,
HR,45.0768,14.4331,Magneli Beach
HR,45.0774,14.1708,
HR,45.0783,14.6717,
HR,45.0783,14.6741,Pod Kovač / Secret Beach
HR,45.0786,14.1526,Maslenica
HR,45.0791,14.1586,
HR,45.0827,13.6297,Plaža Baluota
HR,45.0836,14.6691,
HR,45.0853,14.3621,
HR,45.0861,14.8503,
HR,45.0864,14.179,Plaža Prižinja
HR,45.0866,14.2991,
HR,45.0877,14.1815,
HR,45.0903,14.4344,Strand Glavotok
HR,45.0906,14.4341,
HR,45.0921,14.6633,
HR,45.0931,14.3592,
HR,45.0941,14.4398,
HR,45.0941,14.6621,Plaža Mala Javna
HR,45.0949,14.3596,
HR,45.0951,14.4401,
HR,45.0953,14.4503,
HR,45.0955,14.452,
HR,45.0956,14.6625,Plaža Javna
HR,45.0957,14.4423,
HR,45.0968,13.6396,
HR,45.0973,14.3584,
HR,45.0975,14.8414,
HR,45.0978,14.4625,
HR,45.0982,14.842,
HR,45.0988,14.4691,
HR,45.1005,13.628,
HR,45.1006,14.6613,Melska Uvala
HR,45.1007,13.6256,
HR,45.1022,13.6219,
HR,45.1028,14.3572,
HR,45.1046,14.3566,
HR,45.1053,14.665,Sveti Marek Uvala
HR,45.1062,13.614,dog beach
HR,45.1062,13.616,Amarin
HR,45.1073,14.357,Beli
HR,45.1094,13.6121,
HR,45.1114,14.3583,
HR,45.1125,14.4683,
HR,45.1129,13.61,FKK Punta Križa
HR,45.1143,14.8267,
HR,45.1145,14.8206,
HR,45.1147,14.8153,
HR,45.1149,13.6077,FKK Punta Križa
HR,45.1156,14.8169,
HR,45.116,14.818,
HR,45.1161,14.82,
HR,45.1166,14.5143,
HR,45.1167,14.8343,
HR,45.1169,13.6163,
HR,45.117,14.6593,Beach Supovica
HR,45.1171,14.5103,
HR,45.1174,14.5091,
HR,45.1182,13.6173,
HR,45.1185,14.5171,
HR,45.1185,14.812,
HR,45.1191,14.5003,
HR,45.1193,14.4971,
HR,45.1199,14.5225,Draga
HR,45.1204,14.5187,
HR,45.122,13.6269,
HR,45.1226,14.6589,Plaža Mala Petrina
HR,45.1227,14.5248,
HR,45.1232,14.7974,Beach Rivica Novi Vinodolski
HR,45.1233,14.6595,Beach Petrina
HR,45.1236,13.6239,
HR,45.1236,14.7961,
HR,45.1239,14.5249,Portić
HR,45.1245,14.4912,
HR,45.125,14.4878,FKK Porat
HR,45.1257,14.4862,
HR,45.1259,13.6221,
HR,45.1259,14.6647,Plaža Veterna
HR,45.126,14.4795,
HR,45.1267,13.6218,
HR,45.1278,14.6684,
HR,45.1283,14.7795,Bribirska beach
HR,45.1284,14.4761,
HR,45.1299,14.5264,Grota
HR,45.1306,14.7666,
HR,45.132,13.7335,
HR,45.1324,14.216,Mala Plaža
HR,45.1325,13.609,
HR,45.1331,14.1803,
HR,45.134,13.6003,
HR,45.1346,13.5996,
HR,45.1347,14.2164,Plaža Bobina
HR,45.1356,13.6022,
HR,45.1356,14.2903,Stara Porozina
HR,45.1362,14.677,
HR,45.1363,13.6388,
HR,45.1365,14.6754,
HR,45.1373,14.6746,
HR,45.1391,14.7395,Pekna plaz
HR,45.1393,13.5994,
HR,45.1406,14.5277,FKK Rajska cesta
HR,45.1415,14.6709,Uvala Murvenica
HR,45.1426,14.364,
HR,45.1428,14.3642,
HR,45.1434,13.6007,
HR,45.1435,14.3672,
HR,45.1435,14.7368,
HR,45.1436,14.3683,Plaža Važminec
HR,45.1455,14.6726,
HR,45.1458,14.529,
HR,45.1469,14.668,
HR,45.147,13.5985,
HR,45.1476,14.5272,
HR,45.1478,14.6632,
HR,45.1479,14.6629,
HR,45.1484,14.6691,
HR,45.1486,14.7279,Nudistička plaža FKK
HR,45.1487,14.6735,
HR,45.1489,14.6566,Uvala Konjin
HR,45.1505,14.6074,
HR,45.1506,14.5284,
HR,45.1509,14.6089,
HR,45.1509,14.6096,
HR,45.1509,14.6689,
HR,45.151,14.5329,
HR,45.1513,14.6718,
HR,45.1518,14.6689,
HR,45.1521,14.6691,
HR,45.1523,14.5343,
HR,45.1524,14.5264,FKK Njivice Kijac
HR,45.1527,14.6148,Komoriška
HR,45.1533,13.6043,Gradska plaža
HR,45.1536,14.226,Stupova beach
HR,45.1536,14.6158,Slamni
HR,45.1538,14.6704,
HR,45.1541,14.6703,
HR,45.1547,14.717,
HR,45.155,14.6175,
HR,45.1551,14.6168,
HR,45.1561,14.6689,
HR,45.1573,14.5997,
HR,45.1585,14.6012,
HR,45.1594,14.6264,
HR,45.1594,14.6419,Uvala Lešić
HR,45.1598,14.6391,
HR,45.16,14.6387,
HR,45.1601,14.6382,
HR,45.1602,14.6025,
HR,45.1608,14.3629,
HR,45.1615,14.5375,
HR,45.162,14.5383,
HR,45.1623,14.5389,
HR,45.1628,14.5398,
HR,45.1637,14.5404,
HR,45.1661,14.6074,
HR,45.1666,14.3529,
HR,45.167,14.3098,
HR,45.1672,14.3511,
HR,45.1688,14.615,
HR,45.1689,14.6989,
HR,45.169,14.7003,
HR,45.1695,14.6957,Podvorska
HR,45.1695,14.6979,
HR,45.1711,14.6946,
HR,45.1713,14.6939,
HR,45.1715,14.5435,Beach for childs (no dogs)
HR,45.172,14.69,
HR,45.1732,14.5425,Dogfriendly Beach
HR,45.1737,14.6879,
HR,45.1743,14.6869,
HR,45.175,14.5411,FKK beach Njivice
HR,45.1752,14.6861,
HR,45.1757,14.6855,
HR,45.1778,14.6838,Crni beach
HR,45.1795,14.6821,
HR,45.1807,13.603,Fuente Beach
HR,45.181,14.6808,Crni molo
HR,45.1836,13.5984,Polidor Beach
HR,45.1837,14.2442,Plaža Brseč
HR,45.1859,13.5912,
HR,45.186,13.5962,
HR,45.1865,13.5954,
HR,45.1869,13.5945,
HR,45.1869,14.6745,Plaža Omorika
HR,45.1875,13.59,
HR,45.1876,14.5373,
HR,45.1876,14.6128,Uvala Slivanjska
HR,45.1877,14.5373,
HR,45.1882,14.6732,
HR,45.1884,14.6731,
HR,45.1889,14.6726,
HR,45.1913,14.5364,
HR,45.1922,14.6661,
HR,45.1923,14.5358,
HR,45.1934,14.665,
HR,45.1983,14.534,
HR,45.1986,13.5899,
HR,45.1991,14.6567,
HR,45.2008,14.6491,Kačjak FKK Beach
HR,45.2031,13.593,
HR,45.2045,14.648,
HR,45.2053,14.6464,
HR,45.2072,14.5503,Pesja
HR,45.2082,13.589,Plava Laguna Poreč
HR,45.2082,13.5933,
HR,45.2113,14.2446,
HR,45.2118,14.5509,
HR,45.212,14.5506,
HR,45.2121,14.551,
HR,45.2133,14.2456,
HR,45.2151,14.6226,Vodna
HR,45.2182,14.5515,
HR,45.2192,14.615,Plaža Havišće
HR,45.2217,14.611,
HR,45.2223,13.5874,
HR,45.2249,14.6126,Tunera
HR,45.2286,14.5918,
HR,45.2296,14.2545,Sipar sveti Ivan
HR,45.2311,14.6111,
HR,45.2314,14.2548,
HR,45.2321,14.6118,
HR,45.2341,14.5404,
HR,45.2341,14.5405,
HR,45.2346,14.577,
HR,45.236,14.2547,Sipar
HR,45.2363,14.5485,
HR,45.2508,14.2623,Krajska Lučica
HR,45.2521,13.5954,Plaze u Uvali sveti Martin
HR,45.2548,13.5881,
HR,45.2554,13.5905,
HR,45.2563,13.5815,
HR,45.2606,13.5805,
HR,45.2644,14.2653,Cesarova
HR,45.2657,13.5749,
HR,45.2694,14.2692,
HR,45.2712,14.2701,
HR,45.2747,13.5825,
HR,45.2804,14.2725,Mini Beach
HR,45.283,13.5942,
HR,45.2844,13.5913,
HR,45.2868,14.2735,
HR,45.2904,14.2779,
HR,45.2923,13.5766,
HR,45.2924,14.5065,
HR,45.2931,14.2777,
HR,45.2937,13.5749,
HR,45.2937,14.2774,
HR,45.2942,14.5028,Kostrena
HR,45.2943,14.4999,Doričići dog beach
HR,45.2957,14.2773,Hotel-Lovran-Beach
HR,45.296,13.5718,
HR,45.2973,14.2773,
HR,45.2978,14.2781,
HR,45.298,14.4955,
HR,45.2981,13.5901,
HR,45.2983,13.5697,
HR,45.2983,13.5821,
HR,45.2991,13.5795,
HR,45.2999,13.5771,
HR,45.3004,14.281,
HR,45.3035,14.2828,
HR,45.3063,14.2819,Plaža Ika
HR,45.312,14.2866,
HR,45.3123,14.4735,Grčevo
HR,45.3124,14.4728,
HR,45.3131,14.2873,
HR,45.3141,13.5724,
HR,45.3157,14.469,Glavanovo
HR,45.3166,13.5578,
HR,45.317,14.4665,Villa Olga
HR,45.318,14.4658,Sablićevo
HR,45.3187,14.2919,
HR,45.3194,14.2936,
HR,45.3204,14.4604,Brajdica
HR,45.3234,13.5597,
HR,45.324,13.558,
HR,45.3334,14.3055,
HR,45.3379,14.3816,Kantrida dog beach
HR,45.3382,14.3824,Plaža Kantrida
HR,45.3394,14.3108,
HR,45.3402,14.3741,Plaža Villa Nora
HR,45.3408,14.3711,Plaža Ploče
HR,45.3417,14.3665,
HR,45.3428,14.3617,
HR,45.3433,14.3629,Razbojna
HR,45.344,14.3158,Plaža Lipovica
HR,45.3454,14.3555,Bivio
HR,45.3462,14.3504,
HR,45.3464,14.3493,
HR,45.3471,14.3479,
HR,45.3493,14.3428,
HR,45.3505,14.3213,Plaža Črnikovica
HR,45.3518,14.3371,Zavoj S
HR,45.3523,14.3326,
HR,45.3544,14.3321,
HR,45.3558,14.3273,
HR,45.4012,13.5369,
HR,45.4252,13.524,Gradska plaža Pozioi
HR,45.4282,13.519,
HR,45.4441,13.5111,
HR,45.447,13.5156,
HR,45.4493,13.5177,
HR,45.454,13.517,Plaža Stella Maris
HR,45.4679,13.5097,Polynesia Beach
HR,45.4687,13.5077,Zambratija Fkk beach
HR,45.4751,13.5081,Plaža Zambratija
HR,45.4753,13.5068,
HR,45.4754,13.5062,
HR,45.4759,13.5044,
HR,45.483,13.571,
HR,45.4849,13.4924,
HR,45.4921,13.4984,
HR,45.4932,13.499,
HR,45.495,13.4981,
HR,45.502,13.5172,
IT,35.4988,12.5992,
IT,35.4991,12.6089,
IT,35.5001,12.5942,
IT,35.5014,12.6054,
IT,35.5016,12.5921,
IT,35.5016,12.5934,
IT,35.5028,12.6047,
IT,35.5034,12.5905,
IT,35.5045,12.6223,
IT,35.5131,12.5574,Spiaggia dei Conigli
IT,35.515,12.5519,Cala Pulcino
IT,35.8634,12.8548,
IT,36.6496,15.0816,Spiaggia Isola delle Correnti
IT,36.659,15.0667,Spiaggia Carratois
IT,36.6733,15.053,
IT,36.6827,15.0472,
IT,36.6929,14.969,
IT,36.6932,14.9741,
IT,36.6941,15.0323,
IT,36.6942,14.9632,
IT,36.6945,14.978,
IT,36.6957,14.9809,
IT,36.6957,14.9815,
IT,36.6961,14.9841,
IT,36.6963,14.9895,
IT,36.702,15.005,Spiaggia di Granelli
IT,36.7087,14.7801,Porto Salvo
IT,36.7168,14.8164,Spiaggia Maganuco
IT,36.7169,14.9184,Spiaggia Santa Maria del Focallo
IT,36.7182,14.7469,Spiaggia di Sampieri
IT,36.7212,14.7296,
IT,36.7212,14.8351,Spiaggia Raganzino
IT,36.7279,14.6851,Spiaggia di Cava D'Aliga
IT,36.7288,14.8544,Pietre Nere
IT,36.7304,14.8749,Spiaggia Primo Scivolo
IT,36.7351,12.022,
IT,36.738,14.6742,
IT,36.7449,11.985,Cala di Nikà
IT,36.7461,14.6628,Lido Spinasanta
IT,36.755,14.6481,Spiaggia Pezza Filippa
IT,36.7602,14.6401,Spiaggia Micenci
IT,36.7642,14.6318,Spiaggia Donnalucata
IT,36.7706,14.6041,Playa Grande
IT,36.7748,14.5916,
IT,36.7787,14.5724,
IT,36.7806,14.5646,
IT,36.7816,14.5425,
IT,36.782,14.5557,
IT,36.7832,14.5274,
IT,36.7863,14.5173,
IT,36.7866,14.4978,Spiaggia di Anticaglie
IT,36.7874,14.5065,Spiaggia di Caucana
IT,36.7878,15.0961,
IT,36.7898,14.491,Spiaggia di Punta Secca
IT,36.7933,12.0524,
IT,36.7936,14.4869,Spiaggia di Punta Secca - Palmento
IT,36.7997,12.0447,Sutta Mattè
IT,36.801,15.0965,Spiaggia di Vendicari
IT,36.8014,14.4799,
IT,36.8034,14.4804,
IT,36.8039,14.4797,Spiaggia di Torre di Mezzo
IT,36.816,14.4644,Spiaggia Vigliena
IT,36.8192,12.0174,Cala Cottóne
IT,36.8332,14.4579,
IT,36.8354,11.9698,Harúçia
IT,36.8362,11.946,San Leonardo
IT,36.8385,11.959,Bue Marino
IT,36.8387,11.9571,Bue Marino Alto
IT,36.8391,11.9544,Bue Marino
IT,36.8458,14.453,
IT,36.8527,14.4502,
IT,36.8604,14.4485,
IT,36.8674,14.4453,
IT,36.8804,14.4376,
IT,36.887,14.4324,
IT,36.8891,14.4302,
IT,36.8913,14.4282,
IT,36.8922,14.4265,
IT,36.8997,14.4239,
IT,36.9015,15.1464,
IT,36.9062,15.1489,Spiaggia Pantanello
IT,36.9103,15.1512,
IT,36.9149,14.4137,
IT,36.9162,14.4128,
IT,36.9162,15.1549,
IT,36.9179,14.4114,
IT,36.9203,14.4078,
IT,36.9307,15.1759,
IT,36.9321,15.1766,
IT,36.9354,15.1772,Spiaggia di Gallina
IT,36.9356,14.3975,
IT,36.9405,15.1817,
IT,36.9419,15.1832,Spiaggetta di Punta Gallina
IT,36.9469,15.1878,Spiaggia del Gelsomineto
IT,36.9489,15.1922,
IT,36.9514,15.1958,
IT,36.9528,15.1978,
IT,36.953,15.2002,
IT,36.9618,15.2077,Spiaggia di Fontane Bianche
IT,36.9633,14.3764,
IT,36.9649,15.213,
IT,36.9773,15.2589,
IT,36.983,14.3583,Spiaggia Marina de Acate
IT,36.9913,15.2639,
IT,36.9922,14.3488,Spiaggia Pezza Fico
IT,36.9956,15.264,Arenella
IT,36.9978,15.265,
IT,36.9986,14.3417,
IT,36.9991,15.2655,
IT,37.0028,15.2681,Spiaggia Costa del Sole
IT,37.0039,14.336,
IT,37.0045,15.2706,
IT,37.0074,15.2761,Spiaggia della Fanusa
IT,37.0249,14.3106,Bulala
IT,37.0326,15.2884,
IT,37.0362,15.2929,Spiaggia Punta del Pero
IT,37.0398,15.3063,Spiaggia della Pillirina
IT,37.0402,15.3043,
IT,37.0403,15.2978,Spiaggia di Punta Carrozza
IT,37.0403,15.3071,
IT,37.0407,15.302,Spiaggia del Minareto
IT,37.0408,15.3069,
IT,37.0429,15.2756,
IT,37.0538,15.2703,
IT,37.0542,15.2953,
IT,37.057,15.2707,
IT,37.0571,15.295,Spiaggetta di Cala Rossa
IT,37.0577,14.2609,
IT,37.0579,15.2922,Spiaggetta di Aretusa
IT,37.058,15.2965,
IT,37.0585,14.2589,
IT,37.0611,14.2518,
IT,37.0611,15.274,
IT,37.065,14.2427,
IT,37.0695,15.2921,
IT,37.0703,15.2926,
IT,37.072,15.2943,
IT,37.0727,14.2152,
IT,37.0888,14.1735,
IT,37.0965,13.9079,
IT,37.097,13.9116,
IT,37.0971,13.9138,
IT,37.0977,13.8979,
IT,37.0978,13.9229,Spiaggia di Marianello
IT,37.0986,13.947,
IT,37.0988,14.1356,
IT,37.1025,13.8801,Spiaggia di Mollarella
IT,37.1042,14.1049,
IT,37.1046,13.8757,Spiaggia Poliscia
IT,37.1048,13.962,
IT,37.1075,14.0267,
IT,37.1077,15.2597,
IT,37.108,13.9764,Spiaggia della Playa
IT,37.1082,14.0462,
IT,37.1089,14.0102,
IT,37.1095,13.8685,
IT,37.1095,14.0539,
IT,37.1098,13.9955,
IT,37.1098,15.2568,
IT,37.1107,13.8641,Spiaggia di Cala Paradiso
IT,37.1153,15.2376,
IT,37.1292,13.8384,
IT,37.132,15.2202,
IT,37.1352,15.2196,
IT,37.1355,15.2196,
IT,37.1382,15.2197,
IT,37.1461,15.2221,
IT,37.1716,13.7187,Spiaggia Marina di Palma
IT,37.189,13.6821,Cala Vincenzina
IT,37.1967,13.6618,Spiaggia di Barbarossa
IT,37.212,15.224,
IT,37.2226,15.224,
IT,37.2293,15.2246,
IT,37.2306,13.6355,
IT,37.2343,13.623,
IT,37.2346,15.2219,
IT,37.2353,15.2214,
IT,37.236,15.2045,
IT,37.236,15.205,
IT,37.2362,15.2046,
IT,37.2395,13.6163,
IT,37.2406,15.2362,
IT,37.2415,15.2345,
IT,37.252,13.6006,
IT,37.2585,15.2404,Costa Pergola
IT,37.2599,13.5885,Spiaggia di San Leone Libera Accessibile
IT,37.2612,13.5806,
IT,37.2625,13.5767,
IT,37.2704,13.573,
IT,37.2729,15.221,
IT,37.2849,15.1957,
IT,37.2869,13.5514,Spiaggia del Caos
IT,37.2869,15.1965,
IT,37.288,13.4777,Spiaggia di Scala dei Turchi
IT,37.288,15.1974,
IT,37.2884,13.5125,Lido Azzurro
IT,37.2886,13.485,Spiaggia di Punta Grande
IT,37.2892,15.1636,
IT,37.2897,15.1785,
IT,37.2903,13.4947,Spiaggia di Marinella
IT,37.2907,15.1979,
IT,37.2908,15.1598,
IT,37.2912,13.4719,
IT,37.2913,15.1671,
IT,37.2922,13.4708,
IT,37.2927,15.1696,
IT,37.2929,15.1563,
IT,37.2939,13.4678,
IT,37.2944,13.4562,Spiaggia di Capo Rossello
IT,37.2947,13.4565,Spiaggia di Capo Rossello
IT,37.2948,15.1546,
IT,37.2949,13.4658,
IT,37.2954,13.4637,
IT,37.2965,15.152,
IT,37.2995,15.147,
IT,37.3011,15.147,
IT,37.302,15.1451,
IT,37.3023,13.4352,Spiaggia di Pergole
IT,37.303,15.1431,
IT,37.3058,13.4271,
IT,37.309,15.1258,
IT,37.309,15.1324,
IT,37.3093,15.1315,
IT,37.3094,15.1238,
IT,37.3101,15.1159,
IT,37.3102,15.114,
IT,37.3103,15.1175,
IT,37.3104,15.1064,
IT,37.3113,15.1113,
IT,37.3118,13.4246,La Spiaggetta
IT,37.319,13.4162,Spiaggia Giallonardo I
IT,37.3274,15.0986,
IT,37.3342,13.3944,
IT,37.3343,13.3901,
IT,37.3417,13.3812,Spiaggia di Siculiana Marina
IT,37.3532,13.3594,Siculiana
IT,37.36,13.3375,
IT,37.363,13.3275,Torre Salsa
IT,37.3652,15.0909,
IT,37.3912,13.2872,
IT,37.393,15.0899,
IT,37.3968,13.2702,Eraclea Minoa
IT,37.4035,15.09,
IT,37.4038,13.2657,
IT,37.4066,15.0916,
IT,37.4266,13.2497,
IT,37.4475,15.0876,Spiaggia della Plaia
IT,37.4871,13.1755,Spiaggia San Giorgio
IT,37.4924,13.1682,
IT,37.4935,13.1645,
IT,37.4965,13.1549,Spiaggia Timpi Russi
IT,37.4967,13.1188,
IT,37.497,13.1464,Spiaggia Lumia
IT,37.5017,13.0491,Spiaggia Foggia
IT,37.5046,13.0596,Spiaggia Lido
IT,37.5049,13.0671,
IT,37.5052,13.0739,
IT,37.5108,13.0118,
IT,37.5194,15.1091,Spiaggia nera di San Giovanni Li Cuti
IT,37.5316,15.1123,Spiaggetta Lognina
IT,37.5319,15.1127,
IT,37.5319,15.1134,
IT,37.536,12.9931,Spiaggia Maragani
IT,37.5626,12.9567,
IT,37.5633,12.6702,Spiaggia di Katibubbo
IT,37.5658,12.708,Spiaggia Tre Fontane Lato Ovest
IT,37.5706,12.7368,Spiaggia di Puzziteddu
IT,37.5737,12.6569,
IT,37.5738,12.9367,
IT,37.5742,12.9348,
IT,37.5761,12.9195,
IT,37.5773,12.894,Le Solette
IT,37.5787,12.8831,
IT,37.5811,12.8721,
IT,37.5813,12.783,Spiaggia di Triscina
IT,37.5816,12.8104,
IT,37.5817,12.8382,
IT,37.5817,12.8397,
IT,37.5821,12.8232,
IT,37.5822,12.8315,Spiaggia Lido Porta del Sole
IT,37.5826,12.8183,Spiaggia Ex Porto Antico Selinunte
IT,37.5827,12.8585,
IT,37.6148,15.1734,
IT,37.6188,15.1746,
IT,37.6232,15.1761,
IT,37.6275,15.1763,
IT,37.6324,15.1743,Le cocole
IT,37.6349,12.614,
IT,37.635,12.614,
IT,37.6354,12.6139,
IT,37.6373,12.6119,
IT,37.6387,12.6104,
IT,37.6497,12.5904,Spiaggia di Città
IT,37.6595,12.5272,Capo Feto Beach
IT,37.6614,12.5569,Tonnarella
IT,37.679,15.2004,Praiola
IT,37.7445,12.4678,
IT,37.7532,15.2139,Spiaggia di Fondachello
IT,37.7584,12.4607,
IT,37.7782,15.23,Spiaggia Marina di Cottone
IT,37.797,15.2472,Spiaggia di San Marco
IT,37.811,15.262,
IT,37.8165,15.2676,
IT,37.8185,15.271,Spiaggia dei Greci
IT,37.8272,15.2713,
IT,37.831,15.2695,
IT,37.8346,15.2721,
IT,37.8367,15.274,
IT,37.8399,15.2778,
IT,37.842,15.2802,
IT,37.8444,15.2824,
IT,37.8462,15.2974,Lido Conchiglie
IT,37.8478,15.2865,
IT,37.8518,15.3005,
IT,37.8555,15.3016,Mazzaro
IT,37.8578,15.3005,Spiaggetta delle Sirene
IT,37.861,15.2967,
IT,37.8625,15.2967,
IT,37.8641,15.297,Spisone
IT,37.8675,12.4721,
IT,37.8718,15.3015,
IT,37.8815,15.3102,
IT,37.889,15.3196,
IT,37.8973,15.3279,Spiaggia Fondaco Parrino
IT,37.907,15.3377,Spiaggia di Forza d'Agrò
IT,37.9074,12.4593,Spiaggia di San Teodoro
IT,37.9084,15.3397,Spiaggia naturista di Forza d'Agrò
IT,37.9091,12.3615,
IT,37.9091,15.3419,
IT,37.9116,12.4633,San Teodoro
IT,37.9152,12.3022,
IT,37.9171,15.3456,
IT,37.9171,15.9907,
IT,37.9176,15.7746,
IT,37.9183,12.3384,Lido Burrone
IT,37.9183,15.9792,
IT,37.9188,15.8159,
IT,37.9192,12.307,
IT,37.92,12.3331,Calamoni
IT,37.9227,15.75,
IT,37.9234,12.2843,
IT,37.9236,15.8641,
IT,37.924,12.2843,
IT,37.926,15.737,
IT,37.9261,12.4737,
IT,37.9269,15.7319,
IT,37.9293,12.3251,Praia
IT,37.9298,12.4774,
IT,37.9304,15.7261,
IT,37.9386,15.7114,
IT,37.9516,15.688,
IT,37.9528,12.0814,Plaia dei Nacchi
IT,37.962,16.101,
IT,37.9672,15.3917,
IT,37.9704,13.7461,
IT,37.9714,13.7418,
IT,37.9731,13.7723,
IT,37.9738,13.7701,
IT,37.9748,13.7371,
IT,37.9752,13.7337,
IT,37.9755,13.7224,
IT,37.9757,15.6602,
IT,37.9758,13.721,
IT,37.9763,13.7194,
IT,37.9868,12.33,
IT,37.9905,13.6996,
IT,37.9908,13.7048,Spiaggetta di Termini Imerese
IT,37.9917,13.8606,Spiaggia di Campofelice di Roccella
IT,37.9926,13.6902,
IT,37.9928,12.3503,Spiaggia di Cala Minnola
IT,37.9928,13.6882,
IT,37.9988,13.6507,
IT,38.0029,15.6395,
IT,38.0091,14.2525,Marina
IT,38.0103,14.2307,
IT,38.0103,14.236,
IT,38.0103,14.2431,Praja naturista Rocca Palumma
IT,38.0103,14.2448,Praja naturista Rocca Palumma
IT,38.0105,14.251,Lampare
IT,38.0105,14.262,
IT,38.0107,14.2476,
IT,38.0114,15.6357,
IT,38.0145,13.9168,
IT,38.0157,15.6347,
IT,38.0158,14.1981,
IT,38.0163,15.4382,
IT,38.0169,14.3529,
IT,38.0172,14.1271,Spiaggia di Santa Maria
IT,38.0175,14.1907,
IT,38.0176,12.5106,
IT,38.0186,15.4403,
IT,38.0187,14.0721,
IT,38.0189,12.4981,Caletta san Liberale
IT,38.0193,14.0837,
IT,38.0194,14.1792,Spiaggia Costa Turchina
IT,38.0197,15.6378,Punta Pellaro
IT,38.0205,14.1646,Spiaggia allo Scoglio Grande
IT,38.0207,12.5167,
IT,38.0209,14.137,Ai Pini
IT,38.0218,14.1614,Marina
IT,38.022,12.5194,
IT,38.022,15.642,
IT,38.0233,14.1424,Spiaggia Torre Conca
IT,38.0245,12.9009,Spiaggia Playa
IT,38.0246,13.6015,
IT,38.0255,14.1527,Spiaggia Rais Gerbi
IT,38.0263,14.1513,Caletta Rais Gerbi
IT,38.0266,15.6485,
IT,38.0268,14.1504,Caletta Rais Gerbi
IT,38.0274,13.5913,
IT,38.0283,12.929,
IT,38.0284,14.4045,
IT,38.0292,12.8834,
IT,38.0292,13.9811,
IT,38.0293,13.9791,
IT,38.0302,13.9907,
IT,38.0308,12.5283,
IT,38.0311,13.965,Spiaggia Settefrati
IT,38.0313,16.144,Spiaggia le Piscine
IT,38.0323,14.0043,
IT,38.0325,13.5842,
IT,38.033,14.459,Praia Petrarossa
IT,38.0334,14.039,
IT,38.0334,14.4635,
IT,38.0335,14.0099,
IT,38.0335,14.4722,Praia naturista Chiappe
IT,38.0343,13.5777,
IT,38.035,14.4814,
IT,38.0355,12.9627,
IT,38.036,14.0155,Spiaggia di Cefalù
IT,38.0368,14.4459,
IT,38.0384,12.5373,
IT,38.0397,15.6569,
IT,38.04,14.0196,Spiaggia del Porto Vecchio
IT,38.0417,15.6567,
IT,38.0418,14.5226,Chiappe
IT,38.0433,15.6552,
IT,38.0439,12.9873,Spiaggia di Balestrate
IT,38.0448,15.653,
IT,38.045,15.465,
IT,38.046,15.6522,
IT,38.0482,12.8594,
IT,38.0483,12.9985,
IT,38.0492,16.1457,
IT,38.0506,12.8631,
IT,38.0549,13.0096,
IT,38.0566,12.8419,Spiaggia di Guidaloca
IT,38.0575,13.5421,Spiaggia di Casteldaccia
IT,38.0579,13.0175,Spaggia Forgia
IT,38.0595,14.5743,
IT,38.0622,13.0274,
IT,38.0622,13.5392,
IT,38.0644,13.031,Spiaggia Lido Casello
IT,38.066,13.5372,
IT,38.0663,12.827,
IT,38.0666,12.5679,Spiaggia della Segheria
IT,38.0675,14.6053,
IT,38.0677,15.6489,
IT,38.0688,13.5361,
IT,38.0695,13.5361,Lido Fondachello
IT,38.0704,13.5369,Lido Porto di Spagna
IT,38.0705,12.6305,
IT,38.071,12.6308,
IT,38.0713,12.822,
IT,38.0713,13.5381,
IT,38.0717,13.0434,
IT,38.072,13.046,
IT,38.0735,15.6391,
IT,38.0755,13.0583,Spiaggia Ciammarita
IT,38.0773,12.8184,
IT,38.0779,14.6409,
IT,38.0787,12.645,
IT,38.0791,12.8129,Spiaggia Calamazzo
IT,38.0793,12.8116,
IT,38.0802,13.5376,Spiaggia dell'Aciddara
IT,38.0802,15.634,
IT,38.0845,13.538,Spiaggia dell'Olivella
IT,38.0866,16.1546,
IT,38.0868,13.0761,
IT,38.087,13.0767,Spiaggia di San Cataldo
IT,38.0875,15.5005,
IT,38.0877,12.8048,Cala Capreria
IT,38.0892,15.6317,
IT,38.0894,12.6568,
IT,38.0916,15.5033,
IT,38.0924,12.6605,
IT,38.0952,13.4445,
IT,38.0958,13.5394,Spiaggia di Sant'Elia
IT,38.0959,12.6631,
IT,38.0971,15.6306,
IT,38.0978,13.4732,Spiaggia della Crucicchia
IT,38.0983,13.4204,
IT,38.0984,13.4169,
IT,38.0995,13.5347,Spiaggia Kafara
IT,38.0996,12.7983,Cala della Disa
IT,38.1002,13.482,
IT,38.101,12.7968,Cala Berretta
IT,38.102,13.4889,
IT,38.1041,14.6791,
IT,38.1049,13.4974,
IT,38.1052,12.6917,Spiaggia Agliareddi
IT,38.1053,12.693,
IT,38.1062,13.5349,Lido del Carabiniere
IT,38.1067,13.5,
IT,38.1076,13.5049,Sarello
IT,38.1079,13.5371,
IT,38.1082,12.7085,Spaggia A' Chianca
IT,38.1092,15.6417,
IT,38.1103,13.5322,Tre Piscine Cala del Cuore
IT,38.1105,15.6436,
IT,38.111,12.7896,Cala dell'Uzzo
IT,38.1134,13.5208,Ipoocampo
IT,38.1145,15.647,
IT,38.1163,12.7188,Spiaggia Seno dell'Arena
IT,38.1163,13.0699,Caletta di Paternella
IT,38.1163,13.5075,Spiaggia dei francesi
IT,38.1193,12.7218,Spiaggia di Cala Bove
IT,38.1194,15.5178,
IT,38.1202,12.7876,Cala Tonnarella dell'Uzzo
IT,38.1205,16.1601,
IT,38.1206,15.0839,
IT,38.1207,15.0945,
IT,38.1216,15.0995,
IT,38.1219,12.7238,Spiaggia di Scaru Brucia
IT,38.1225,15.1026,
IT,38.1244,15.0729,
IT,38.1245,15.1079,
IT,38.1259,12.7287,Spiaggia di Santa Margherita
IT,38.1275,15.0656,
IT,38.1291,15.1172,Spiaggia di Tonnarella
IT,38.1309,15.0587,
IT,38.1339,12.7301,
IT,38.1396,12.7836,Cala Grottazza
IT,38.1397,15.0561,
IT,38.14,15.6551,
IT,38.1405,12.7377,Cala Bue Marino
IT,38.145,15.1543,
IT,38.1465,15.047,
IT,38.148,15.0467,
IT,38.1499,12.7319,
IT,38.1499,15.0079,
IT,38.1504,15.0318,Valle Tindari
IT,38.1505,14.9864,
IT,38.1505,15.0278,
IT,38.1509,15.0268,
IT,38.151,14.9768,
IT,38.151,15.0249,
IT,38.151,15.0255,
IT,38.1511,15.0368,
IT,38.1513,15.0405,
IT,38.1515,15.0436,
IT,38.1515,15.0459,
IT,38.1517,15.0443,
IT,38.1518,13.3753,
IT,38.1521,13.3751,
IT,38.1523,14.7837,
IT,38.1533,14.7828,
IT,38.1535,13.3752,Spiaggia dell'Arenella
IT,38.1535,14.7923,
IT,38.1547,13.0807,La Praiola
IT,38.1552,14.8049,
IT,38.1554,14.8039,
IT,38.1555,14.8014,
IT,38.1555,14.8034,
IT,38.1556,14.767,Spiaggia di Bagnoli
IT,38.1567,14.8107,
IT,38.1568,14.7622,
IT,38.1571,14.812,
IT,38.1573,14.8127,
IT,38.1577,14.8135,
IT,38.1594,14.8198,
IT,38.1598,13.0838,Spiaggia di Magaggiari
IT,38.1615,14.8305,
IT,38.1616,14.7531,
IT,38.1633,15.5463,
IT,38.1641,14.9596,
IT,38.1659,13.3691,
IT,38.1659,14.8478,
IT,38.1673,12.7689,Tonnara del Secco
IT,38.1673,13.368,Spiaggia di Vergine Maria
IT,38.1675,15.1903,
IT,38.169,13.1814,
IT,38.1706,15.5518,
IT,38.1709,14.9507,
IT,38.1721,13.3667,
IT,38.1754,12.741,Spiaggia Attrezzata per disabili
IT,38.1765,14.8952,
IT,38.1766,16.2103,
IT,38.1767,15.5571,
IT,38.1789,12.7389,Spiaggia San Vito lo Capo
IT,38.1796,14.9397,Brigantino
IT,38.1836,14.9297,
IT,38.184,15.6375,Lido di Catona
IT,38.1845,13.1525,
IT,38.1857,13.2375,Lido Polizia di Stato Capaci
IT,38.1864,13.2346,Spiaggia de Isola delle Femmine
IT,38.1883,14.9109,
IT,38.1902,14.9208,
IT,38.1902,14.921,Spiaggia del Bue
IT,38.1916,13.3466,
IT,38.1924,15.6333,
IT,38.1934,13.3422,
IT,38.1954,13.3398,
IT,38.2016,13.3306,Mondello
IT,38.2052,13.2793,
IT,38.2062,15.2898,
IT,38.2063,15.2838,
IT,38.2066,15.2806,
IT,38.2071,15.2763,
IT,38.2074,15.2703,
IT,38.2079,15.3013,
IT,38.2092,13.2844,
IT,38.2095,15.3102,
IT,38.2098,13.2827,
IT,38.2101,15.2563,
IT,38.2102,15.3126,
IT,38.2107,15.6334,
IT,38.211,15.3152,
IT,38.2116,13.3279,
IT,38.2134,15.3284,
IT,38.2137,15.5638,
IT,38.2142,13.3226,
IT,38.2143,15.2254,Spiaggia di Ponente
IT,38.216,15.6323,
IT,38.2164,15.3465,
IT,38.2194,15.3593,
IT,38.2198,15.2438,
IT,38.2221,15.3679,
IT,38.2242,15.2434,
IT,38.2266,15.3824,
IT,38.2269,16.2605,
IT,38.2287,15.2461,
IT,38.2298,15.5704,
IT,38.2308,15.2488,
IT,38.2318,15.3995,
IT,38.2332,15.2497,
IT,38.235,15.5755,
IT,38.2352,15.4084,
IT,38.2382,15.6651,
IT,38.2387,15.6668,
IT,38.239,15.4178,
IT,38.2392,15.2494,
IT,38.2394,15.6691,
IT,38.2406,15.6711,
IT,38.241,15.4248,
IT,38.2418,15.4273,
IT,38.2418,15.5807,
IT,38.2426,15.6737,
IT,38.2455,15.4363,
IT,38.2458,16.2779,
IT,38.2473,15.5854,
IT,38.2482,15.6873,Cala Costa Viola
IT,38.25,15.4472,
IT,38.2519,15.5968,
IT,38.2529,15.7108,Spiaggia delle Sirene
IT,38.2552,15.6064,
IT,38.2559,15.6087,
IT,38.2561,15.2497,
IT,38.2564,15.6105,
IT,38.2566,15.4577,Spiaggia di Orto Luizzo
IT,38.2568,15.6117,
IT,38.2569,15.6121,
IT,38.257,15.6125,
IT,38.2572,15.6132,
IT,38.2587,15.6209,
IT,38.2591,15.7538,
IT,38.2605,15.2377,
IT,38.2612,15.2444,Spiaggia Cala dei Liparoti
IT,38.2618,15.7583,
IT,38.2622,15.4658,
IT,38.2622,15.6354,
IT,38.2627,16.2944,
IT,38.2628,15.2443,
IT,38.2635,15.7624,
IT,38.264,15.2369,
IT,38.264,15.2431,
IT,38.2645,15.6429,
IT,38.265,15.4698,Spiaggia di Marmora
IT,38.2686,15.6446,
IT,38.2698,15.2375,Spiaggia di Rinella
IT,38.2712,15.4797,
IT,38.2742,15.6189,
IT,38.282,15.5837,
IT,38.2844,16.3161,
IT,38.2869,15.5041,
IT,38.2872,15.8024,
IT,38.293,15.8087,Spiaggia di Marinella
IT,38.2949,15.5162,
IT,38.297,15.5213,
IT,38.2985,15.5293,
IT,38.2988,15.5533,
IT,38.2991,16.3345,Spiaggia di Gioiosa
IT,38.3006,15.5419,
IT,38.3009,15.8166,
IT,38.3161,15.8255,
IT,38.3178,16.3985,
IT,38.3237,15.8295,Spiaggia di Marinella
IT,38.3264,15.8301,
IT,38.3269,16.4351,
IT,38.3294,16.4394,
IT,38.3343,16.4519,
IT,38.3414,16.4677,
IT,38.3514,15.8354,Spiaggia della Marinella
IT,38.3634,16.4999,
IT,38.3641,15.8385,
IT,38.3648,15.841,
IT,38.3664,15.8434,
IT,38.3673,14.9903,
IT,38.3686,15.8463,
IT,38.3704,14.9984,Spiaggia dell'Asino
IT,38.3711,15.8491,
IT,38.372,16.5106,Spiaggia nudista di Stignano
IT,38.3735,15.0032,Spiaggia del Cannitello
IT,38.3745,16.5138,
IT,38.3798,15.8581,Spiaggia di Trachini
IT,38.3822,14.9562,
IT,38.3849,15.8609,
IT,38.3907,15.8626,
IT,38.3907,16.5326,
IT,38.4064,15.8689,
IT,38.4131,14.9611,
IT,38.4145,16.5589,
IT,38.4157,14.9471,
IT,38.4179,14.9594,Spiaggia delle Acque Calde
IT,38.4195,14.9551,Spiaggia delle Sabbie nere
IT,38.4196,16.564,
IT,38.42,14.9621,
IT,38.4212,14.9553,
IT,38.4218,16.5663,
IT,38.4247,16.569,
IT,38.43,15.8836,
IT,38.4326,16.5739,
IT,38.4406,16.5776,
IT,38.4411,14.9513,Spiaggia di Vinci
IT,38.449,16.5807,
IT,38.4508,14.9608,Spiaggia de La Forbice
IT,38.4584,14.9343,Spiaggia Valle Muria
IT,38.4754,15.907,
IT,38.4779,14.9728,
IT,38.4883,14.9658,
IT,38.4933,14.9623,
IT,38.4961,16.5794,
IT,38.4984,14.9618,Spiaggia bianca
IT,38.5016,14.9629,Spiagga della Papesca
IT,38.5151,16.5759,
IT,38.5159,15.9231,
IT,38.5181,14.9604,
IT,38.5197,14.9444,
IT,38.5203,14.9326,Spiaggia Acquacalda
IT,38.5225,14.9562,
IT,38.5341,16.5725,
IT,38.5382,15.9298,
IT,38.5395,14.8704,
IT,38.5419,14.8694,
IT,38.5429,14.8695,
IT,38.5438,16.5715,
IT,38.5446,14.8692,
IT,38.5478,14.8234,Spiaggia della Nonna
IT,38.5478,14.8298,Spiaggia di Rinella
IT,38.5495,14.8203,Spiaggia di Prà Venezia
IT,38.5502,14.3661,Spiaggia Bazzina
IT,38.5529,16.5721,
IT,38.5552,14.5837,Spaggia delle Punte
IT,38.5594,14.8728,
IT,38.5599,14.5847,Spiaggia di Contrada Porto
IT,38.5621,14.5807,
IT,38.5794,16.5703,
IT,38.5816,14.5714,Spiaggia delle piramidi
IT,38.5824,14.8345,Spiaggia dello Scarico
IT,38.5893,15.8752,Spiaggia Spinoso
IT,38.6022,15.8582,
IT,38.6025,15.8577,Spiaggia di Coccorino
IT,38.6051,15.8544,
IT,38.6051,16.5664,ISCA BEACH
IT,38.6059,16.5657,
IT,38.6098,15.8471,Santa Maria
IT,38.6134,15.8394,
IT,38.6157,15.8366,Grotticelle
IT,38.6179,15.8334,
IT,38.6183,15.8321,
IT,38.6185,15.8286,
IT,38.6193,16.5619,
IT,38.6206,15.8277,
IT,38.622,15.8279,Praia i focu
IT,38.623,15.8272,
IT,38.6252,15.0637,
IT,38.6254,15.0594,
IT,38.6256,15.0631,Spiaggetta di Cala junco
IT,38.6258,15.0614,
IT,38.6285,15.0658,Spiaggetta degli Zimmari
IT,38.6293,15.0696,Spiaggetta di Drautto
IT,38.6313,15.8311,
IT,38.64,15.8348,
IT,38.6446,15.8365,
IT,38.6454,15.0749,Spiaggia Fumarole
IT,38.6471,15.838,
IT,38.6521,15.8424,Torre marino
IT,38.654,15.8447,
IT,38.6554,15.8469,
IT,38.6593,15.8504,Spiaggia Formicoli
IT,38.6629,15.8552,
IT,38.6638,15.8567,
IT,38.664,15.8574,
IT,38.6681,15.8656,
IT,38.6719,15.8707,Spiaggia di Riaci
IT,38.6725,15.8787,Spiaggia l'Occhiale
IT,38.6728,15.8822,Spiaggia della Mandorla
IT,38.673,15.8759,
IT,38.6731,16.5577,
IT,38.6769,15.8901,Spiaggia del Convento
IT,38.6797,15.8964,Mare Piccolo
IT,38.6802,15.898,
IT,38.6805,15.8954,Spiaggia Santa Maria dell'Isola
IT,38.6806,15.8958,
IT,38.6807,15.8993,Spiaggia della Rotonda
IT,38.6807,15.9008,Spiaggia del Cannone
IT,38.6821,15.9106,
IT,38.6839,15.9165,Spiaggia Vardanello
IT,38.6848,15.9198,Spiaggia Michelino
IT,38.6866,16.5498,spiaggia della Galleria
IT,38.6919,15.9494,
IT,38.6933,15.9516,
IT,38.6944,15.9533,
IT,38.6947,15.9541,
IT,38.6961,15.9559,
IT,38.6977,15.9581,
IT,38.7002,13.1549,
IT,38.7024,16.5377,
IT,38.7063,15.9656,
IT,38.7095,16.5345,
IT,38.7139,16.106,
IT,38.7145,16.0921,
IT,38.7146,15.9731,
IT,38.7148,16.1133,Spiaggia del Pennello
IT,38.7149,15.9747,Spiaggia Marinella
IT,38.716,15.9758,
IT,38.7167,16.1167,
IT,38.717,16.1331,
IT,38.719,16.1378,Spiaggia Timpa Janca
IT,38.7191,16.0746,
IT,38.7203,16.0687,
IT,38.7204,16.1222,
IT,38.7204,16.1401,
IT,38.7231,16.0071,
IT,38.7232,16.0577,
IT,38.7237,15.9968,
IT,38.7246,16.5439,
IT,38.7248,16.0142,
IT,38.7248,16.0457,
IT,38.7255,16.0164,
IT,38.7258,16.017,
IT,38.726,16.0431,
IT,38.7262,16.0236,
IT,38.7265,16.0211,
IT,38.7266,16.042,Spiaggia libera del porticciolo
IT,38.7268,16.0395,
IT,38.7268,16.0412,Spiaggetta del vecchio mulino
IT,38.7283,16.1518,
IT,38.7304,16.154,
IT,38.7323,16.1559,
IT,38.7329,16.1565,
IT,38.734,16.1574,
IT,38.7359,16.159,
IT,38.7375,16.1633,Spiaggia della Seggiòla
IT,38.739,16.5562,
IT,38.7441,16.1769,Spiaggia di Piedigrotta
IT,38.7467,16.1809,
IT,38.7488,16.561,Spiaggia Caminia
IT,38.7496,16.184,
IT,38.7523,16.186,
IT,38.7525,16.5639,
IT,38.7527,16.5644,
IT,38.7532,16.1864,
IT,38.7563,16.1884,
IT,38.7568,16.569,
IT,38.7664,16.1942,
IT,38.7673,16.5684,
IT,38.7725,15.2144,
IT,38.7745,15.2193,
IT,38.7863,15.2299,
IT,38.7896,15.2323,Spiaggia Forgia Vecchia
IT,38.7922,16.2059,
IT,38.7928,16.5896,
IT,38.7957,15.2377,
IT,38.801,15.2412,Spiaggia Scari
IT,38.8028,16.2109,Private Lodge
IT,38.8058,15.2404,Spiaggia Puntalena
IT,38.8062,15.2381,Spiaggia Ficogrande
IT,38.8075,15.2348,Spiaggia Villaggio Stromboli
IT,38.8092,15.2317,Scalo dei Balordi
IT,38.8096,15.2311,
IT,38.8098,15.23,
IT,38.811,15.2238,Spiaggia Lunga
IT,38.8187,16.6142,
IT,38.8228,16.217,
IT,38.8248,16.6245,
IT,38.8429,16.2208,Marina di Curinga
IT,38.8532,16.2214,
IT,38.8689,16.2217,
IT,38.8775,16.7351,
IT,38.8788,8.8547,Cala Cipolla
IT,38.88,8.8408,
IT,38.8819,8.8296,Cala Ferraglione
IT,38.8826,16.2214,
IT,38.8839,8.8628,Su Giudeu
IT,38.8888,8.8711,Campana
IT,38.8889,16.7613,
IT,38.889,8.8303,Antoni Areddu
IT,38.8907,8.827,
IT,38.891,8.798,
IT,38.8915,8.8746,Cala del morto
IT,38.8922,8.8222,Sa perda longa
IT,38.893,8.8221,
IT,38.894,8.7989,Capo Malfatano
IT,38.8945,8.8798,Sa Colonia
IT,38.8949,8.8126,Tuerredda
IT,38.8959,16.2208,
IT,38.8971,8.8865,Spiaggia di Chia
IT,38.8973,8.6541,
IT,38.8986,8.8898,
IT,38.8989,8.8904,
IT,38.8992,8.8907,
IT,38.9007,17.0995,
IT,38.9009,8.8933,
IT,38.9027,17.0996,Mare degli uomini
IT,38.9045,16.8021,
IT,38.9053,17.0935,
IT,38.9059,17.1037,Spiaggia Grande
IT,38.9067,8.7797,
IT,38.9071,17.0925,
IT,38.9076,17.022,
IT,38.9079,17.0219,
IT,38.9083,17.1088,
IT,38.9096,17.1105,
IT,38.9102,17.0181,Spiaggia dell'Annunziata
IT,38.9106,17.0869,Seleno
IT,38.9109,17.0129,
IT,38.912,17.1146,Capo Bianco
IT,38.9124,8.7809,Pixinnì/Piscinnì
IT,38.9131,8.6651,
IT,38.9141,8.7783,
IT,38.9151,17.0715,Capo Piccolo
IT,38.9153,8.9102,
IT,38.9156,8.7756,
IT,38.9156,17.0311,
IT,38.9157,17.0063,
IT,38.9159,8.9107,
IT,38.9161,8.7677,Campionna
IT,38.9161,8.911,
IT,38.9168,17.0062,
IT,38.9169,17.0334,
IT,38.917,17.0648,Vurga
IT,38.917,17.1183,
IT,38.9171,8.912,Spiaggia di Pinus Village
IT,38.9178,8.9127,
IT,38.9183,16.8493,
IT,38.9184,17.0398,Santa Domenica
IT,38.9186,17.0053,
IT,38.9187,16.2177,
IT,38.9189,17.0504,Parmentella
IT,38.9189,17.1205,
IT,38.9195,17.0052,
IT,38.9205,17.0048,
IT,38.9206,8.9153,Spiaggia di Su Pilastru
IT,38.9209,17.1228,
IT,38.9214,8.7062,S'ortixeddu - Spiaggia Degli Americani
IT,38.9224,17.1246,
IT,38.9232,17.1259,
IT,38.924,8.711,Spiaggia Portu Tramatzu
IT,38.9269,17.1309,Oasi
IT,38.927,8.9233,Spiaggia di Santa Margherita di Pula
IT,38.9274,16.8872,
IT,38.9284,8.9271,Spiaggia di Santa Margherita di Pula
IT,38.9291,17.1329,Cavallucci
IT,38.9312,8.72,Portu Tramatzu
IT,38.9317,17.1361,Chiancolilli
IT,38.9333,17.1376,
IT,38.9336,16.9237,
IT,38.9337,16.9902,
IT,38.9368,17.141,Curmo
IT,38.938,16.9523,
IT,38.9387,16.9707,
IT,38.9393,17.144,
IT,38.9404,8.9436,
IT,38.9415,16.1844,
IT,38.9448,17.1518,Le Cannella
IT,38.9522,8.6129,Is Arenas Biancas
IT,38.9585,8.4154,
IT,38.9586,8.9714,Spiaggia di Cala d'Ostia
IT,38.9622,8.5986,Prima Spiaggia di Porto Pino
IT,38.9624,8.4342,
IT,38.9628,8.6022,
IT,38.9629,16.1509,
IT,38.9639,8.5891,Spiaggia di Porto Pineddu
IT,38.965,17.1634,
IT,38.9662,8.9808,
IT,38.9672,8.4379,
IT,38.9685,8.4404,Turri
IT,38.9705,17.1605,
IT,38.9716,8.5821,Spiagga dei Francesi
IT,38.9724,16.1457,
IT,38.975,17.1609,Meolo
IT,38.9785,17.1607,
IT,38.9802,8.4424,Spiaggia di Coaquaddus
IT,38.9818,8.4435,Coaquaddus
IT,38.9837,17.1608,Marinella
IT,38.9845,8.9979,
IT,38.9849,17.1614,
IT,38.9856,17.1623,
IT,38.9867,17.1631,Marinella
IT,38.9903,8.5723,Su Portu de Su Trigu
IT,38.992,9.0166,Is Figus
IT,38.9951,17.1646,
IT,38.999,8.4491,Spiaggia di Maladroxia
IT,38.999,17.1683,
IT,39.0023,17.1705,
IT,39.0031,9.0249,Su Stangioni Foxi Lino
IT,39.0034,16.1242,
IT,39.0037,9.0316,
IT,39.0044,8.4498,Portixeddu Accuau
IT,39.0064,8.3847,
IT,39.0068,17.1749,
IT,39.0086,8.3854,Spiaggia di Cala Sapone
IT,39.0091,9.0235,Su Stangioni Foxi Niedda
IT,39.0095,8.4492,Portixeddu
IT,39.0136,9.025,Spiaggia di Furcadizzu
IT,39.0147,17.1822,Baia Alfieri
IT,39.0164,8.4503,
IT,39.0169,17.1858,Baia di Scifo
IT,39.0183,16.1111,
IT,39.0195,17.1882,
IT,39.0196,9.0241,Spiaggia di Porto Columbu
IT,39.0212,8.5754,Spiaggia di Is Solinas
IT,39.0214,17.1906,
IT,39.0221,17.1942,
IT,39.0224,16.1065,
IT,39.0232,8.374,Spiaggia di Cala Lunga
IT,39.0244,9.0266,Porto Columbu
IT,39.0265,17.2001,
IT,39.0266,17.1963,
IT,39.0266,17.1978,
IT,39.0273,17.2023,Porticciolo
IT,39.0275,17.1948,
IT,39.0277,9.0285,
IT,39.0283,16.1007,
IT,39.0285,17.1928,
IT,39.0305,9.0314,Perd'e Sali
IT,39.0366,17.1662,Irto
IT,39.0394,17.16,
IT,39.0412,8.5685,Spiaggia di Porto Botte
IT,39.0431,16.0964,
IT,39.044,17.1522,
IT,39.0562,17.1391,
IT,39.065,17.1321,
IT,39.069,16.0891,
IT,39.0702,17.1309,
IT,39.0749,17.1303,
IT,39.0764,17.1316,
IT,39.0782,17.1334,
IT,39.0841,8.3557,Spiaggia Grande
IT,39.0843,16.0853,
IT,39.0897,17.1151,
IT,39.0913,16.0835,
IT,39.0958,16.0809,
IT,39.096,8.2947,Spiagga La Bobba
IT,39.0965,8.2822,Caletta di Geniò
IT,39.0968,8.2851,Spiaggia del Lucchese
IT,39.0976,8.3585,Spiaggia le Saline
IT,39.0982,9.5223,Cala Burroni
IT,39.0988,9.5165,Cala Burroni
IT,39.1008,8.2989,Spiagga Guidi
IT,39.1023,16.0786,
IT,39.1035,17.109,
IT,39.106,9.5185,Spiaggia di Capo Carbonara - Cava Usai
IT,39.1063,17.1084,
IT,39.1067,9.51,Spiaggia di Cala Caterina
IT,39.1073,8.3072,Spiaggia Punta Nera
IT,39.1081,9.504,
IT,39.1085,8.3641,Spiaggia Sotto Torre
IT,39.1107,9.5051,
IT,39.111,9.5205,
IT,39.111,17.1078,
IT,39.1151,17.1085,
IT,39.1155,8.3092,Spiaggia Girin
IT,39.1161,8.2572,Spiaggia La Caletta
IT,39.1162,9.5205,Spiaggia di Porto Giunco
IT,39.1163,9.5052,Fortezza Vecchia
IT,39.1189,9.01,Litorale di Villa d'Orri
IT,39.1204,8.3087,Spiaggia Giunco
IT,39.1206,9.5092,Spiaggia del Riso
IT,39.1233,16.0721,
IT,39.1238,8.309,Spiaggia del Giunco
IT,39.1251,9.5279,Spiaggia di Villasimius
IT,39.1275,9.5067,Spiaggia di Campulongu
IT,39.1277,9.0115,
IT,39.1284,9.4648,
IT,39.1299,9.4557,Portu Sa Ruxi
IT,39.1301,9.5347,spiaggia di Is Traias
IT,39.1322,9.472,Spiaggia di Piscadeddus
IT,39.1327,9.4961,Spiaggia Cuccureddus
IT,39.1328,9.5385,Porto Luna
IT,39.1333,9.4299,Spiaggia di Solanas
IT,39.1336,9.5561,Punta Molentis
IT,39.1349,9.4238,
IT,39.1351,9.4869,Spiaggia di Campus
IT,39.1369,9.0152,
IT,39.1375,9.5585,
IT,39.1397,9.0161,
IT,39.1413,9.0168,
IT,39.1424,8.4366,Corongiuali
IT,39.1439,9.0172,
IT,39.1441,9.4059,Genn'e Mari
IT,39.1512,9.0216,
IT,39.156,9.3936,Cann'e Sisa
IT,39.1585,9.3861,
IT,39.1586,9.3869,
IT,39.1595,9.3849,
IT,39.161,9.3854,Spiaggia di Bacu Màndara
IT,39.161,17.1286,
IT,39.165,9.3815,Geremeas (Spiaggia Maròngiu)
IT,39.1686,9.3763,Kal'e Moru
IT,39.1698,16.0636,
IT,39.1722,9.5719,Spiaggia Cala Pira
IT,39.1728,9.3719,Spiaggia di Mari Pintau
IT,39.1731,8.3079,Spiaggia di Tacca Rossa
IT,39.175,9.3681,
IT,39.1774,9.3628,Is Canaleddus
IT,39.178,9.352,
IT,39.1791,9.3553,Cala Regina
IT,39.1811,16.0633,
IT,39.1818,9.1588,La Paillotte
IT,39.1829,16.0631,
IT,39.1837,9.0505,
IT,39.1844,16.0631,
IT,39.1848,9.3441,
IT,39.185,9.1496,
IT,39.1853,9.1447,
IT,39.1858,8.3088,Spiaggia de La Punta
IT,39.186,16.0631,
IT,39.1864,9.1424,
IT,39.1864,9.152,Spiaggia di Calamosca
IT,39.1867,9.3415,
IT,39.1879,16.0629,
IT,39.1894,8.3209,Sassi Piatti
IT,39.1903,8.3182,La Spiaggetta
IT,39.1932,9.1351,
IT,39.1953,9.0641,
IT,39.1959,9.333,
IT,39.1964,9.5639,Località Cala Sinzias
IT,39.1989,8.3886,Spiaggia di Portovesme
IT,39.1991,9.3255,Spiaggia di Is Mortòrius
IT,39.1997,9.0708,
IT,39.1997,9.1284,Spiaggia della Diga
IT,39.2031,9.5637,Spiaggia San Pietro
IT,39.2035,8.377,Sa Caletta
IT,39.205,9.3187,Spiaggia di Marina di Capitana
IT,39.2057,9.306,
IT,39.2075,9.5655,Spiagge San Pietro
IT,39.2076,9.3007,
IT,39.2083,9.1776,Poetto
IT,39.2094,8.3736,Spiaggia di Portopaglietto
IT,39.212,9.0916,Spiaggia di Giorgino
IT,39.2127,9.2868,Sant'Andrea
IT,39.2132,9.2975,Spiaggia di Santa Luria
IT,39.2154,9.2673,
IT,39.2157,9.5676,
IT,39.2175,17.1359,Spiaggia Pantano
IT,39.2179,9.2442,
IT,39.2206,9.2412,Spiaggia di Foxi
IT,39.2206,9.5688,Spiaggia Sant'Elmo
IT,39.2262,9.2135,
IT,39.229,9.5694,Costa Rei
IT,39.2348,17.12,Spiaggia di Santa Focà
IT,39.2358,9.571,Costa Rei
IT,39.2477,16.0565,
IT,39.2615,9.5839,Costa Rei
IT,39.2634,17.1106,
IT,39.2686,8.4238,Porto Paglia
IT,39.2745,8.429,Sa Punta e S'Arena
IT,39.276,9.5888,Spiaggia Rei Sole
IT,39.2811,8.4326,Plag'e Mesu / Spiaggia di mezzo
IT,39.2874,8.4361,Spiaggia di Fontanamare
IT,39.2908,9.6043,Spiaggia Piscina Rei
IT,39.2915,8.4371,
IT,39.2919,9.6033,Capo Ferato
IT,39.2968,9.6129,Spiaggia Capo Ferrato Porto Pirastu
IT,39.2984,9.6207,
IT,39.3006,17.1099,
IT,39.3058,9.627,
IT,39.3072,8.4336,Porto Raffa
IT,39.3073,9.6204,Cala Sa Figu
IT,39.308,8.4335,Porto Raffa
IT,39.3084,17.1102,
IT,39.3119,9.6127,Cala de portu s'Ilixi
IT,39.3134,9.6115,
IT,39.3156,9.608,
IT,39.3166,17.1115,
IT,39.3185,8.4266,Cala Portu Banda
IT,39.3253,17.1157,
IT,39.3275,9.6021,Spiaggia di Feraxi
IT,39.3278,9.5999,
IT,39.3321,8.4208,Portu Cauli
IT,39.3333,8.4195,Porto di Masua
IT,39.336,8.4163,Portu Bega sa Canna
IT,39.3408,17.124,
IT,39.3427,9.597,Spiaggia di Prumari
IT,39.3476,16.0335,
IT,39.3557,9.5991,Spiaggia di Cristolu Axedu
IT,39.3579,17.1311,
IT,39.3725,17.1354,
IT,39.3732,8.3806,Spiaggia Cala Domestica
IT,39.3756,8.3798,Sa Caleta
IT,39.3765,17.138,
IT,39.3827,9.607,Spiaggia San Giovanni
IT,39.3938,17.1364,
IT,39.4034,8.4012,Spiaggia di Buggerru
IT,39.4155,9.622,
IT,39.4161,17.0959,
IT,39.4189,8.4112,Spiaggia di San Nicolò
IT,39.4295,8.4124,Plaja Is Compinxius/Spiaggia I Pini
IT,39.434,9.6321,Spiaggia Prumari (Prima Spiaggia)
IT,39.4394,17.0581,
IT,39.44,8.4118,Spiaggia di Portixeddu
IT,39.4434,8.406,Spiaggia di Perdischedda
IT,39.4436,9.6402,Porto Corallino
IT,39.4485,9.6402,Porto Tramatzu
IT,39.4522,15.9882,
IT,39.4574,8.3834,
IT,39.4603,15.9816,
IT,39.4619,17.0353,
IT,39.4631,8.386,Cala Is Tramatzus
IT,39.4652,15.9766,
IT,39.4678,15.9739,
IT,39.4683,15.9726,
IT,39.4691,15.9712,
IT,39.4705,15.9688,
IT,39.4714,15.9669,
IT,39.4743,17.0298,
IT,39.4755,15.9627,
IT,39.4803,15.9588,
IT,39.4863,15.9551,
IT,39.488,8.4055,Scivu
IT,39.4902,16.9911,
IT,39.4939,8.4105,Scivu
IT,39.4969,15.9494,
IT,39.4981,15.9481,
IT,39.5012,8.4171,Àcua Durci
IT,39.5012,15.9459,
IT,39.5035,16.9432,
IT,39.5047,15.943,
IT,39.5053,16.9461,
IT,39.5058,16.946,
IT,39.5064,15.9421,
IT,39.5065,16.9442,
IT,39.5077,16.9403,
IT,39.5081,15.9406,
IT,39.5098,15.9393,
IT,39.51,16.9335,
IT,39.5117,15.9375,
IT,39.5128,15.9364,
IT,39.5159,15.9342,
IT,39.5181,8.4307,Piscinas
IT,39.5189,15.9319,
IT,39.5216,9.6387,Cala Murtas
IT,39.5221,15.9293,
IT,39.5252,15.9266,
IT,39.5253,15.9198,
IT,39.5278,15.9229,
IT,39.5322,15.9108,
IT,39.5337,8.4435,Piscinas beach nudist area
IT,39.5378,15.9007,
IT,39.5381,15.8992,
IT,39.5397,15.8916,
IT,39.5414,15.8888,
IT,39.5416,8.4466,Piscinas
IT,39.5454,15.8813,
IT,39.5525,15.8763,
IT,39.5604,9.6497,
IT,39.5648,16.83,
IT,39.5655,15.8706,
IT,39.5696,8.4594,Portu Maga
IT,39.5726,16.8245,
IT,39.5734,15.8684,
IT,39.5768,15.8667,
IT,39.5796,8.4643,Portu Maga
IT,39.5813,15.8639,
IT,39.5815,16.82,
IT,39.5864,16.8182,
IT,39.5902,8.4663,
IT,39.5909,16.8141,
IT,39.5924,15.8608,
IT,39.5936,8.4673,Spiaggia di Gutturu Flumini
IT,39.5959,8.4697,Spiaggia di Gùturu Flùmini
IT,39.5965,15.8597,
IT,39.5992,8.4706,Campu Sali
IT,39.5999,16.7994,
IT,39.6001,15.8586,
IT,39.605,16.7916,
IT,39.6065,15.8564,
IT,39.6099,16.7849,
IT,39.6136,8.4667,Spiaggia di Funtanazza
IT,39.6136,16.7819,
IT,39.6157,16.7312,
IT,39.6169,16.7778,
IT,39.6192,16.706,
IT,39.6197,15.8506,
IT,39.6201,8.4594,Cala di Tremolia
IT,39.6206,16.7698,
IT,39.6212,16.65,
IT,39.6222,16.7647,
IT,39.6226,16.7517,Faro
IT,39.6306,16.5922,
IT,39.6357,8.4495,
IT,39.6389,16.5725,
IT,39.6416,8.4537,Babari
IT,39.6432,8.454,
IT,39.6441,8.4521,
IT,39.6448,16.5604,
IT,39.6539,8.4526,Spiaggia di Riu Murtas
IT,39.6547,16.544,
IT,39.6598,15.8347,
IT,39.6622,9.6516,Foxi Murdegu
IT,39.6648,16.5307,
IT,39.6664,9.6559,
IT,39.6672,9.6576,
IT,39.6686,15.831,
IT,39.673,15.8256,
IT,39.6749,8.451,
IT,39.6781,8.4468,Cala Portu su Gaurru
IT,39.6788,15.8161,
IT,39.6802,16.526,
IT,39.6933,8.4517,"S'arena, s'acqua e s'ollastu"
IT,39.6936,16.5253,
IT,39.6944,9.6596,Foxi Manna
IT,39.6952,15.8124,
IT,39.6986,9.6608,
IT,39.6995,9.6613,
IT,39.7014,9.6685,
IT,39.7076,9.6716,
IT,39.7133,8.453,
IT,39.7253,9.6745,Coccorrocci
IT,39.7318,16.5166,
IT,39.7356,9.674,Cala 'e Luas
IT,39.7356,16.5097,
IT,39.7363,15.8061,
IT,39.7442,9.6742,Su Sirboni
IT,39.7446,9.6743,Cala Francese
IT,39.7465,16.4988,
IT,39.7552,9.6729,Cala Bacu Praidas
IT,39.7633,8.4506,
IT,39.7651,8.4612,
IT,39.7651,16.4885,
IT,39.7663,8.4509,
IT,39.7709,9.6682,Perd'e Pera
IT,39.7807,9.6694,Museddu
IT,39.7856,9.6697,Spiaggia della Marina di Cardedu
IT,39.7893,9.6702,Spiaggia di Foddini
IT,39.7897,16.4878,
IT,39.791,9.6709,Foddini
IT,39.7916,9.6706,Spiaggia di Foddini I
IT,39.7958,18.3539,Spiaggia libera Santa María di Leuca
IT,39.7975,15.7897,
IT,39.7991,8.5425,Spiaggia di Arborea
IT,39.8063,9.6738,
IT,39.8094,8.5524,
IT,39.8098,18.3194,Marina di Felloniche
IT,39.8148,18.311,
IT,39.8163,9.6755,Spiaggia di Planargia
IT,39.8177,16.5008,
IT,39.8202,15.7832,
IT,39.8229,9.678,
IT,39.8233,9.6784,Sa Marina
IT,39.8234,15.7763,
IT,39.8293,9.6814,
IT,39.8323,15.7772,Carpino
IT,39.8351,18.235,Spiaggia libera
IT,39.8354,18.2511,
IT,39.8356,18.232,Spiaggia libera
IT,39.8357,18.2548,Spiaggia di Pescoluse
IT,39.8362,18.2627,Spiaggia di Posto Vecchio
IT,39.8366,9.6839,
IT,39.8368,18.2222,Spiaggia di Torre Pali
IT,39.8396,18.2024,
IT,39.844,18.1948,
IT,39.8441,18.3855,Spiaggia del Ciolo
IT,39.8454,8.5545,Spiaggia di Abarossa
IT,39.8471,18.1898,
IT,39.8473,18.1882,
IT,39.8481,15.7831,
IT,39.8484,15.7845,
IT,39.8505,18.1772,Lido Marini
IT,39.8508,15.7882,Spiaggia della Marinella
IT,39.8519,18.1705,
IT,39.8535,18.3911,
IT,39.8536,9.6964,Punta su Mastixi
IT,39.8539,16.5256,Spiaggia di Trebisacce
IT,39.8549,15.7921,Spiaggia dell'Arcomagno
IT,39.8552,18.1674,
IT,39.8572,18.1653,
IT,39.8574,15.7912,
IT,39.8583,15.7908,Cala del Prete
IT,39.8596,8.4368,La Caletta
IT,39.8611,9.6932,Punta Niedda
IT,39.862,9.6877,
IT,39.8623,9.6869,Caletta di Cea
IT,39.8694,8.4387,Spiaggia Sa Codriola
IT,39.8695,9.6842,Baia Cea
IT,39.8701,16.5386,Spiaggia di Trebisacce
IT,39.8723,18.1411,
IT,39.8736,15.7825,Caporena
IT,39.8759,8.4386,Spiaggia di Galera Ècia
IT,39.8782,8.5441,
IT,39.8787,16.5465,
IT,39.8795,8.4417,Mare Morto
IT,39.8802,8.4369,Spiaggia di San Giovanni di Sinis
IT,39.8816,9.6819,Il Golfetto
IT,39.8819,8.4435,
IT,39.883,8.5409,
IT,39.8832,16.5503,
IT,39.8838,9.6807,Spiaggia di San Diego
IT,39.8843,16.5517,
IT,39.8866,8.4326,I Gradini
IT,39.8866,18.1129,
IT,39.8868,18.1169,
IT,39.8873,9.6813,
IT,39.8891,8.5386,Spiaggi della foce del Tirso
IT,39.89,16.5566,
IT,39.8911,9.6813,Spiaggia di Musculedda
IT,39.8912,15.7752,
IT,39.8929,8.4253,Funtana Meiga
IT,39.8933,8.5361,Spiaggia della Perlite
IT,39.8959,8.5335,Spiaggia del Pontile
IT,39.8971,16.5641,
IT,39.8994,16.5679,
IT,39.8998,8.4123,Sorgente D'acqua dolce (Funtana Medica)
IT,39.8999,8.5284,Spiaggia del Pontile
IT,39.9002,9.6818,Lido di Orrì
IT,39.9007,8.4101,Spiaggia Abbarossa
IT,39.9041,8.4851,Su Siccu
IT,39.9042,8.3991,
IT,39.9052,8.5151,Spiaggia di Torregrande
IT,39.9067,16.5757,
IT,39.9078,9.6849,Lido di Orri
IT,39.91,18.3924,
IT,39.9139,8.399,Maimoni
IT,39.9155,9.6893,
IT,39.9188,9.695,Spiaggia di San Gemiliano
IT,39.9219,9.7114,
IT,39.9226,8.3994,Su Tzinnibiri
IT,39.9239,9.7129,
IT,39.9242,9.7048,Porto Frailis
IT,39.9244,9.7081,
IT,39.9286,15.7523,Spiaggia d'a Gnola
IT,39.9312,8.401,S'Archeddu 'e Sa Canna
IT,39.9336,18.3974,
IT,39.9341,18.3961,
IT,39.9344,15.7431,Spiaggia La Secca
IT,39.9386,8.4014,Corrighias
IT,39.9392,9.7096,
IT,39.9421,8.4018,
IT,39.9424,15.7375,Spiaggia Sotto l'Orto
IT,39.9435,8.4027,S'Ungroni 'e Sa Palla
IT,39.9437,9.6909,Spiaggia Riva di Ponente
IT,39.945,15.739,Spiaggia di Valle d'Acqua
IT,39.9468,8.4019,Crastu Biancu
IT,39.9513,8.401,Is Arutas
IT,39.9536,9.6857,Spiaggia di Isula Manna
IT,39.9577,15.735,
IT,39.9578,8.4011,Su Bardoni
IT,39.9595,15.7341,Cala Ficarra
IT,39.9609,9.6846,Spiaggia di Iscrixedda
IT,39.9632,15.7327,Cala del Citro
IT,39.966,15.73,Macarro
IT,39.9664,9.6853,Lido delle Rose
IT,39.9665,8.3974,Mari Ermi
IT,39.9669,18.02,
IT,39.9673,18.0192,
IT,39.9678,18.0172,
IT,39.9684,18.0158,
IT,39.9704,18.0133,
IT,39.9718,15.723,Spiaggia nera
IT,39.9725,9.6867,Spiaggia di Pollu
IT,39.9764,8.3921,Su Tingiosu
IT,39.9801,9.6869,Spiaggia di Tancau
IT,39.9859,8.3025,
IT,39.9869,8.3039,
IT,39.9871,9.6893,Spiaggia di Santa Maria Navarrese
IT,39.9882,8.308,
IT,39.9886,8.3097,
IT,39.9894,9.6914,
IT,39.9899,8.311,
IT,39.9912,15.7032,
IT,39.9915,18.4139,Cala dell'Acquaviva
IT,39.9916,8.3118,
IT,39.9927,8.3117,
IT,39.9928,15.4159,Spiaggia degli Iscolelli
IT,39.9937,8.3083,
IT,39.9956,15.6991,
IT,39.9972,15.4076,Spiaggia Pozzallo
IT,39.9972,15.4134,spiaggia Cala Bianca
IT,39.9975,15.6994,Fiumicello
IT,39.9982,18.0092,Spiaggia del Pizzo
IT,39.9987,15.3867,
IT,39.9999,15.3841,Spiaggia Lentiscelle
IT,40.0005,15.3661,Spiaggia della Calanca
IT,40.0005,15.3791,Spiaggia Marine delle Barche
IT,40.0014,15.3538,Spiaggia Capo Grosso
IT,40.0032,15.3506,Spiaggia Cala d'Arconte
IT,40.0052,15.3484,Spiaggia Cala d'Arconte
IT,40.0061,15.3416,Spiaggia Del Troncone
IT,40.0066,15.3409,
IT,40.0081,15.3395,
IT,40.0096,15.6798,Spiaggia del Nastro
IT,40.0132,8.4138,
IT,40.0157,8.4143,
IT,40.0162,15.4424,Cala di Torre Mozza
IT,40.0173,8.4142,S'Arena Scoada
IT,40.0195,15.4455,Spiaggia di Marcellino o dei Francesi
IT,40.0197,18.0206,
IT,40.0211,15.4469,Spiaggia della Risima
IT,40.0222,15.3241,Spiaggia Cala del Céfalo
IT,40.0227,15.4485,Spiaggia della Sciabica
IT,40.0234,15.4497,Spiagia della Sciabichedda
IT,40.0256,15.4533,Spiaggia dei Gabbiani
IT,40.0273,15.2921,Buondormire di terra
IT,40.0285,9.7062,Cala di Pedralonga
IT,40.0286,15.4564,Spiagge Gemelle
IT,40.029,8.4041,Putzu Idu
IT,40.0292,15.4567,Spiaggie Gemelle
IT,40.0293,15.6779,Spiaggia Pietra caduta
IT,40.0295,15.2762,
IT,40.0296,15.2968,spiaggia Marinella
IT,40.0298,15.2786,Spiaggia del Porto
IT,40.0298,15.3002,La Molpa
IT,40.03,8.3913,Mandriola
IT,40.0303,15.6763,Spiaggia Portacquafridda
IT,40.0308,15.3078,Spiaggia dell'Arco Naturale
IT,40.0313,8.379,Cala Matta 'e sa Figu
IT,40.0314,15.3089,
IT,40.0318,8.3953,Mandriola
IT,40.0318,15.3113,
IT,40.032,18.0162,Baia Verde
IT,40.0322,8.3789,Cala dei Tedeschi
IT,40.0338,15.4604,Spiaggia della Carcarella
IT,40.0339,15.6717,Spiaggia Grotta della Scala
IT,40.0348,15.2855,Spiaggia Ficocella degli uomini
IT,40.0357,15.2854,Spiaggia Ficocella delle donne
IT,40.0363,15.6673,Spiaggia Luppa
IT,40.0366,15.2854,
IT,40.0368,18.0153,
IT,40.037,15.4708,Spiaggia della grotta dell'acqua
IT,40.0386,15.6656,Spiaggia Anginarra
IT,40.0402,15.4794,Spiaggia della Molara
IT,40.0416,15.2849,
IT,40.0416,15.6546,Spiaggia dei Crivi
IT,40.0423,18.0099,
IT,40.0429,15.4865,Porticello
IT,40.043,8.4177,Sa Rocca Tunda
IT,40.0431,15.6454,Cala di Mezzanotte
IT,40.0438,8.4073,Sa Marigosa
IT,40.0453,15.4879,Spiaggia di Garagliano
IT,40.0458,8.398,Sa Mesa Longa
IT,40.0464,18.0053,
IT,40.0475,15.4887,Spiaggia della Tragara
IT,40.0482,15.2837,
IT,40.0482,18.002,
IT,40.0506,15.2831,
IT,40.0512,8.403,Su Pallosu
IT,40.0514,8.4548,Is Benas
IT,40.0541,15.2826,Sunset Beach Club Palinuro
IT,40.0558,17.9741,
IT,40.0584,17.99,
IT,40.0601,15.5015,
IT,40.0616,15.5025,
IT,40.0647,15.277,
IT,40.0652,15.5069,
IT,40.0662,8.4671,Is Arenas
IT,40.0682,15.5173,
IT,40.0693,15.6322,
IT,40.0712,15.629,
IT,40.0718,15.6087,
IT,40.0723,15.5255,
IT,40.0731,15.5283,
IT,40.0734,15.6227,
IT,40.0736,15.5307,
IT,40.0741,15.5357,
IT,40.0742,15.5381,
IT,40.0745,15.5971,
IT,40.075,15.5404,
IT,40.075,15.5896,
IT,40.0755,15.5456,
IT,40.0758,15.5506,
IT,40.0758,15.5587,Capitello
IT,40.0759,15.5532,
IT,40.0772,15.5803,
IT,40.0774,18.4827,Caletta Porto Russo
IT,40.0777,15.2676,
IT,40.0815,18.4825,Spiaggia di Porto Badisco
IT,40.0817,18.0099,
IT,40.0823,15.263,
IT,40.0837,15.2597,
IT,40.0854,8.49,Spiaggia della Capanna
IT,40.0861,8.4907,Spiaggia della Balena
IT,40.0863,8.4922,Sa Capanna
IT,40.087,15.2535,
IT,40.0882,8.4926,Spiaggia dei Preti
IT,40.0885,18.0121,Spiaggia di Rivabella
IT,40.0891,8.492,
IT,40.091,8.4906,Spiaggia di S'Archittu
IT,40.0929,8.4892,
IT,40.095,8.4891,Spiaggetta dell'Arco
IT,40.0953,16.6184,
IT,40.0962,15.2369,
IT,40.1004,15.2316,
IT,40.1005,8.4899,Cala di Santa Caterina
IT,40.101,18.0113,
IT,40.1026,8.491,Spiaggia Sud
IT,40.1032,15.2265,
IT,40.1035,15.226,
IT,40.1046,8.49,Spiaggia di Santa Caterina
IT,40.1051,8.4892,
IT,40.1054,8.4886,
IT,40.1079,15.2226,
IT,40.108,9.6897,Cala Goloritzè
IT,40.1106,9.6865,Spiaggia delle Sorgenti
IT,40.1133,15.2169,
IT,40.1183,15.2121,
IT,40.1202,9.6799,Cala dei Gabbiani
IT,40.1206,16.6489,
IT,40.1211,15.2089,
IT,40.1231,15.2056,Pietracciaio
IT,40.1233,9.6767,Cala Mariolu
IT,40.1248,15.1844,
IT,40.125,15.1828,
IT,40.125,15.1936,Spiaggia Fiumicello
IT,40.1251,15.1864,
IT,40.1268,15.1793,
IT,40.1291,15.178,spiaggia di Ascea
IT,40.1307,17.9958,Spiaggia di Santa Maria al Bagno
IT,40.1331,16.6652,
IT,40.139,15.1683,
IT,40.1396,17.9856,Spiaggetta Santa Caterina
IT,40.1405,17.9871,Santa Caterina Beach
IT,40.1418,9.6577,Su Feilau
IT,40.1452,18.4938,
IT,40.1468,18.4892,
IT,40.1472,18.4885,
IT,40.1478,18.4877,
IT,40.148,9.6528,Cala Biriala
IT,40.1491,18.4873,Spiaggia dei Gradoni
IT,40.1522,15.1552,
IT,40.154,18.4903,
IT,40.1549,18.488,
IT,40.1561,15.151,
IT,40.158,18.4871,Lido della Staffa
IT,40.1595,15.1475,
IT,40.1627,15.1443,
IT,40.1649,15.1411,
IT,40.1672,15.1383,
IT,40.1682,15.1373,
IT,40.1689,15.1364,
IT,40.1694,15.1353,
IT,40.1701,15.0417,
IT,40.1718,15.0386,
IT,40.1722,15.1309,
IT,40.1733,15.1284,Spiaggia libera
IT,40.1738,15.0885,
IT,40.1738,15.0923,
IT,40.1746,15.1259,Spiaggia libera
IT,40.1751,15.1248,
IT,40.1751,15.1249,Spiaggia libera
IT,40.1755,15.1218,La spiaggetta
IT,40.1756,15.1235,Spiaggia libera
IT,40.1767,15.1177,Spiaggia sotto la torre
IT,40.1768,15.0308,
IT,40.1778,15.0291,
IT,40.1796,9.6341,Cala Sisine
IT,40.1818,16.7145,
IT,40.1901,8.4639,
IT,40.1916,8.4648,
IT,40.1927,8.4657,
IT,40.1952,18.4626,Baia dei Turchi
IT,40.2012,18.4592,Alimini
IT,40.2065,17.9226,Lido Frascone
IT,40.2098,8.4621,
IT,40.2102,17.9224,Lido dell' Ancora
IT,40.2124,14.9979,
IT,40.2141,8.4631,
IT,40.2162,8.4636,
IT,40.2164,18.4608,Alimini
IT,40.2171,14.9931,Agnone( Campania)
IT,40.2181,17.9252,Spiaggia di Sant'Isidoro
IT,40.2195,14.9893,
IT,40.22,14.9793,
IT,40.2204,14.9828,
IT,40.223,14.9679,
IT,40.224,14.9671,
IT,40.2255,14.9658,
IT,40.2264,9.6266,Cala Luna
IT,40.2277,14.9631,
IT,40.2305,8.4646,Sa Marinedda
IT,40.2305,14.9581,spiaggia di Case del Conte
IT,40.2329,18.4601,Frassanito
IT,40.233,14.9525,
IT,40.2331,14.9407,
IT,40.2335,14.9498,
IT,40.2337,14.9488,
IT,40.2356,17.912,Spiaggia di Torre Squillace
IT,40.2364,8.4697,
IT,40.2379,9.6229,Tziu Santoru
IT,40.2384,8.4707,
IT,40.2385,18.457,San Giorgio
IT,40.2452,8.4744,Spiaggia di Porto Alabe
IT,40.2529,8.4757,Cala degli Albatros
IT,40.2544,14.9082,
IT,40.2545,18.4449,
IT,40.2561,9.6249,Cala di Fuili
IT,40.2567,16.7593,
IT,40.2573,17.9021,
IT,40.2596,17.8971,
IT,40.2597,17.8949,Spiaggia La Triglia
IT,40.2604,9.6257,spiaggia di ziu martine
IT,40.2637,9.6274,
IT,40.2684,17.8832,
IT,40.2693,14.9366,
IT,40.2714,18.4323,Torre dell'Orso
IT,40.2717,17.8759,
IT,40.2719,9.6306,
IT,40.2729,8.484,Turas
IT,40.2731,17.8695,
IT,40.2743,17.8683,
IT,40.2756,9.6322,Spiaggia di Cala Gonone
IT,40.2758,8.484,
IT,40.2777,8.4839,
IT,40.2788,14.9439,Spiaggia Pozzillo San Marco
IT,40.2799,9.6355,Palmasera
IT,40.2799,17.8652,
IT,40.2826,17.842,
IT,40.2827,9.6368,Spiaggia Centrale
IT,40.2827,17.839,
IT,40.285,17.8524,Torre Lapillo
IT,40.2852,17.8267,
IT,40.2856,14.9462,
IT,40.286,17.8238,
IT,40.2874,8.4789,Spiaggia di Bosa Marina
IT,40.2879,18.4255,
IT,40.2896,17.8165,
IT,40.29,17.8095,
IT,40.2904,14.9465,
IT,40.2931,17.7905,
IT,40.2933,17.7872,
IT,40.2944,17.7766,
IT,40.295,18.4195,
IT,40.2956,17.752,
IT,40.2963,17.5356,Spiaggia della Commenda
IT,40.2965,18.4154,
IT,40.2968,16.7816,San Basilio
IT,40.2968,17.76,
IT,40.2971,8.4709,Cala 'e Moro
IT,40.2973,17.5048,
IT,40.2973,17.5474,Spiaggia d'Ayala
IT,40.2977,17.5554,Spiaggia d'Ayala
IT,40.2978,17.7481,
IT,40.2982,18.4101,
IT,40.2984,17.567,Spiaggia di Campomarino
IT,40.299,14.947,
IT,40.299,17.5753,Spiaggia presso le Dune di Campomarino
IT,40.2996,17.5769,Spiaggia Giannarelli
IT,40.3,17.7285,
IT,40.3038,17.6563,
IT,40.3039,17.6926,
IT,40.304,18.4017,
IT,40.3064,8.4682,Cala Rapina
IT,40.3066,14.9459,
IT,40.3072,16.7903,La Spiaggetta
IT,40.3106,18.3925,
IT,40.3118,16.7965,
IT,40.3125,8.4645,
IT,40.3138,8.4644,S'Abba Druche
IT,40.3145,18.3863,
IT,40.3157,17.464,
IT,40.3201,8.4567,
IT,40.3207,18.38,
IT,40.3209,8.4481,Sa Domo Rutta
IT,40.3211,8.4543,Cumpultittu
IT,40.322,8.4402,
IT,40.3232,18.3786,
IT,40.3238,14.9415,
IT,40.3241,18.3768,
IT,40.3244,9.6717,Cala Cartoe
IT,40.3249,8.4373,
IT,40.3254,9.6769,
IT,40.3292,17.4283,
IT,40.3297,9.6763,Cala Osalla
IT,40.3328,17.4201,Bologna Beach
IT,40.3333,17.4001,
IT,40.3374,8.4215,Porto Managu
IT,40.3377,8.4072,Cala Santa Maria
IT,40.3377,14.9535,Cala Blu
IT,40.3402,8.3965,Cala Bernardu
IT,40.3438,14.9717,Spiaggia di Trentova
IT,40.3453,17.3796,
IT,40.3473,17.3758,
IT,40.3479,9.696,Osala - Su Petrosu - Su Barone
IT,40.348,8.3876,Porto Baosu
IT,40.3486,17.3752,
IT,40.3494,8.3867,
IT,40.3496,14.9774,
IT,40.3506,14.979,
IT,40.3514,18.3513,
IT,40.3515,14.9854,
IT,40.3529,17.363,Montedarena
IT,40.354,14.9915,Spiagga Licina
IT,40.3543,14.9938,Spiaggia Testene
IT,40.3559,17.3551,
IT,40.356,14.996,
IT,40.3562,18.3407,Spiaggia delle Cesine
IT,40.3619,16.8386,
IT,40.3623,17.3408,
IT,40.3626,14.9987,Spiaggia di Agropoli
IT,40.3711,9.725,Marina di Orosei
IT,40.3716,15.0001,
IT,40.3721,8.389,
IT,40.3778,15.0014,
IT,40.379,18.3104,
IT,40.3795,17.2988,Spiaggetta libera Lido Gandoli
IT,40.3808,9.741,Spiaggia Foche Pizzinna
IT,40.3846,17.278,Baia di Porto Cupo
IT,40.3859,17.2768,Mon Reve
IT,40.3862,18.3048,
IT,40.3866,14.9997,Spiaggia Foce Acqua dei Ranci
IT,40.3885,18.3058,
IT,40.3914,17.2634,
IT,40.3921,18.3039,
IT,40.3927,16.8629,
IT,40.3958,17.2569,Conchetta di Posto Vecchio
IT,40.3973,14.9969,Spiaggia Torre di Paestum
IT,40.3998,18.2924,
IT,40.4056,16.8731,
IT,40.4068,17.2272,Conchetta
IT,40.4088,14.9915,Spiagga Licinella
IT,40.4091,17.2245,Spiagge libere Lido Bruno
IT,40.4094,8.4018,Porto Tangone
IT,40.4144,17.2046,Porticciolo
IT,40.4179,9.7714,Spiaggia Fuile 'e Mare
IT,40.4202,14.9855,Spiaggia Ponte di ferro
IT,40.4237,9.7721,Spiaggia Sas Linnas Siccas
IT,40.4237,17.2188,
IT,40.4259,9.7727,Spiaggia Sas Linnas Siccas
IT,40.4297,9.7763,Spiaggia Marzellinu
IT,40.4304,18.2541,
IT,40.431,17.243,Lido Chiapparo
IT,40.4316,9.7774,Spiaggia Cala Liberotto
IT,40.4325,14.978,Spiaggia Casina d'Amato
IT,40.4331,9.7786,Spiaggia Porto Corallo
IT,40.4354,18.2501,
IT,40.4357,9.7805,
IT,40.4372,9.7815,
IT,40.4403,9.7852,Spiaggia Sa Mattanosa
IT,40.4427,9.79,Spiaggia Cala Ginepro
IT,40.4432,18.2414,
IT,40.448,14.9672,Spiaggia La Laura
IT,40.4488,9.7954,Spiaggia Sa Curcurica
IT,40.4501,16.9292,
IT,40.4508,17.1625,
IT,40.4545,17.157,
IT,40.4577,9.8009,Biderosa
IT,40.4582,9.8005,Oasi # 1
IT,40.4596,18.2144,
IT,40.4602,9.8012,Oasi # 2
IT,40.4603,18.2139,
IT,40.4609,18.2132,Spiaggia del Conte
IT,40.4637,9.8035,Oasi # 3
IT,40.4644,18.2072,
IT,40.4658,17.2428,Lido Taranto
IT,40.4676,9.8052,Oasi # 4
IT,40.4679,18.1929,
IT,40.4681,14.9526,Spiaggia Varolato
IT,40.4682,18.1925,
IT,40.4682,18.1991,
IT,40.4684,9.8061,Biderosa
IT,40.4712,18.182,
IT,40.4783,9.8109,Spiaggia di Bérchida
IT,40.4794,18.1665,
IT,40.4866,9.8155,Mandra 'e Pische
IT,40.4906,16.9863,
IT,40.4921,9.8185,Cannazzellu
IT,40.495,8.3693,Spiaggia di Poglina
IT,40.4991,17.0036,
IT,40.5035,8.3504,Cala Griecas
IT,40.5038,17.0148,
IT,40.5081,8.3395,Spiaggia di Cala Burantino
IT,40.5088,17.1468,
IT,40.5092,8.3394,Caletta Villa Wanda
IT,40.5101,18.1079,
IT,40.5121,17.0583,
IT,40.5132,18.1013,
IT,40.5156,14.924,Spiaggia libera S8 Eboli
IT,40.516,18.0965,
IT,40.5168,17.1218,Spiaggia Verde Mare
IT,40.5184,18.0922,
IT,40.526,18.0802,
IT,40.5279,18.0788,
IT,40.5295,9.8277,
IT,40.5302,9.8268,
IT,40.5305,18.0787,
IT,40.5307,14.914,
IT,40.5308,9.8261,
IT,40.5312,9.8254,
IT,40.532,9.8242,
IT,40.5325,9.8233,
IT,40.5337,18.0771,
IT,40.5339,9.819,
IT,40.5361,9.8155,
IT,40.5411,18.0694,
IT,40.5428,9.8028,
IT,40.5429,8.3226,
IT,40.5435,14.2527,Da Luigi Ai Faraglioni
IT,40.545,14.2348,
IT,40.5451,14.235,
IT,40.5452,14.2343,Marina Piccola
IT,40.5465,8.3208,Spiaggia del Cavalcavia
IT,40.5492,18.0541,
IT,40.5509,9.7918,
IT,40.5512,8.3185,
IT,40.5558,14.2401,
IT,40.5561,8.3134,Platja de la Torre de l'Esperó
IT,40.5569,14.2373,
IT,40.5569,18.0444,Lido Cerano
IT,40.5576,14.2358,Spiaggia Libera di Marina Grande
IT,40.5592,14.228,
IT,40.5593,14.2296,
IT,40.5617,18.0395,
IT,40.5716,8.3153,Spiaggia di San Giovanni
IT,40.5741,14.3407,Spiaggia di Capitiello
IT,40.576,8.161,Cala Dragunara
IT,40.5797,8.2459,Cala Spinosa
IT,40.5802,8.2459,Cala Monica
IT,40.5821,8.2051,
IT,40.5821,8.2474,Spiaggia del Lazzaretto
IT,40.5829,14.3551,
IT,40.5832,8.2499,
IT,40.5833,14.3571,
IT,40.5834,8.2543,
IT,40.5839,8.1668,
IT,40.584,8.2504,
IT,40.584,8.2576,Spiaggia delle Bombarde
IT,40.5845,8.2512,
IT,40.5853,14.3635,Recommone
IT,40.5854,9.7669,Spiaggia di Santa Lucia
IT,40.5855,14.327,
IT,40.5868,8.2995,Spiaggia di Maria Pia
IT,40.5881,14.3226,
IT,40.5884,14.3228,
IT,40.5886,14.3228,
IT,40.5899,8.1694,
IT,40.5912,14.325,
IT,40.5931,14.3809,Spiaggia di Crapolla
IT,40.5936,8.2765,Punta Negra
IT,40.5948,8.2176,
IT,40.5961,14.8686,
IT,40.5964,18.0424,
IT,40.5981,9.7525,La Caletta
IT,40.5987,9.7552,
IT,40.6,8.2192,Baia delle ninfee
IT,40.6086,14.3347,
IT,40.612,8.2123,Baia delle Ninfe
IT,40.6135,14.5394,
IT,40.614,14.5205,Gavitella beach
IT,40.614,14.8524,
IT,40.6146,14.555,Fiordo di Furore
IT,40.6153,14.3394,Spiaggia di San Montano
IT,40.6153,14.3395,
IT,40.6161,14.4418,Lo Scaricatore
IT,40.6168,14.8495,
IT,40.6169,8.2002,Spiaggia Mugoni
IT,40.6172,14.5758,
IT,40.6182,14.3418,
IT,40.6184,14.342,
IT,40.6186,14.3421,
IT,40.6187,14.5775,Spiaggia della Vite
IT,40.6188,14.3422,
IT,40.6191,14.4522,Spiaggia grande di Tordigliano
IT,40.6195,14.4553,Tordigliano
IT,40.6198,14.4567,
IT,40.6222,14.8437,
IT,40.6223,14.507,Laurito
IT,40.6233,14.5029,San Pietro
IT,40.6242,14.4749,
IT,40.6243,14.4764,Remmese
IT,40.625,14.5854,
IT,40.6259,14.4804,Spiaggia libera Fornillo
IT,40.626,14.5883,Spiaggia Duoglio
IT,40.6261,14.4814,Spiaggia Fornillo
IT,40.6263,14.3421,
IT,40.6264,14.3447,
IT,40.6266,14.4833,
IT,40.6268,14.3462,Puolo
IT,40.6268,14.4958,Spiaggia d'Arienzo
IT,40.6269,14.3437,
IT,40.6271,14.4908,
IT,40.6273,14.49,
IT,40.6273,14.4944,Fiumicello
IT,40.6274,14.4922,La Porta
IT,40.6276,14.3659,
IT,40.6276,14.4879,Spiaggia Grande
IT,40.6278,14.3712,
IT,40.6279,14.3643,
IT,40.6284,14.3731,Spiaggia pubblica di San Francesco
IT,40.6286,14.3734,
IT,40.6288,14.3738,
IT,40.6288,14.3757,
IT,40.6288,14.3764,
IT,40.6291,8.1629,Cala Inferno
IT,40.6292,14.836,
IT,40.6295,14.3611,spiaggia La Tonnarella
IT,40.6299,14.3506,Spiaggia privata Relais Regina Giovanna
IT,40.6308,14.358,
IT,40.6334,14.603,Spiaggia libera Amalfi
IT,40.6335,14.831,
IT,40.6336,14.3512,
IT,40.6336,14.604,
IT,40.6341,9.7468,Spiaggia di Posada
IT,40.6342,8.1757,Cala del Gallo
IT,40.6342,14.3512,Bagni Regina Giovanna
IT,40.6349,14.3897,La Marinella
IT,40.6353,14.6091,
IT,40.6362,14.3927,
IT,40.6364,8.1845,Cala Viola
IT,40.6368,14.6109,Castiglione
IT,40.6368,18.0151,
IT,40.6369,8.183,Cala della Ghisciera
IT,40.6373,14.6942,
IT,40.6378,14.3995,Spiaggia di Santa Caterina
IT,40.6381,14.6957,Spiaggia di Cauco
IT,40.6399,14.6966,Spiaggia di Sovarano (Sgarrupo)
IT,40.64,14.4031,
IT,40.6414,14.6978,Spiaggia di Ciglio (I Limoni)
IT,40.6415,14.8216,
IT,40.6417,14.6624,Spiaggia del Cavallo Morto
IT,40.6421,18.0156,
IT,40.6434,8.188,Caletta
IT,40.6435,14.6983,Spiaggia della Collata
IT,40.6438,18.0059,
IT,40.6445,14.6499,Spiaggia Acquachiara
IT,40.6448,14.407,
IT,40.6448,14.7001,
IT,40.646,9.7425,Sos Iscràios
IT,40.646,14.4068,
IT,40.646,14.8161,
IT,40.6465,14.7028,
IT,40.6466,14.6434,
IT,40.647,14.4068,
IT,40.6478,14.8143,
IT,40.6479,17.9998,
IT,40.6484,14.638,
IT,40.6485,14.7039,Spiaggia del Lannio
IT,40.6491,14.628,
IT,40.6498,14.4088,
IT,40.6499,14.8113,
IT,40.6503,14.7048,Spiaggia del Tuoro Vecchio
IT,40.6511,14.7055,Spiaggia della Campana
IT,40.6527,14.8079,
IT,40.6528,14.7072,Spiaggia Scavatella
IT,40.6532,9.7457,Spiaggia di Orvile
IT,40.6537,14.708,Spiaggia della Vergola di Ferro
IT,40.6542,8.1921,Cala del Vino
IT,40.6544,14.7084,Spiaggia Addò Francesca
IT,40.6568,14.71,Spiaggia dei Travertini
IT,40.6571,14.8015,
IT,40.6578,14.712,Spiaggia Fuenti
IT,40.6595,14.4141,
IT,40.6596,14.4132,
IT,40.6596,14.4155,
IT,40.6597,14.4126,
IT,40.66,14.4166,
IT,40.6605,17.958,Cala Materdomini
IT,40.6605,17.9581,Spiaggia di Cala Materdomini
IT,40.6606,8.1941,Cala del Turco
IT,40.661,14.4192,
IT,40.661,14.7131,Spiaggia dell'Acqua della Fica
IT,40.6614,14.4208,
IT,40.6617,14.7949,
IT,40.6621,14.4218,
IT,40.6626,14.7142,
IT,40.663,14.7147,
IT,40.6631,17.9575,
IT,40.6634,14.4231,
IT,40.6636,14.7153,Spiaggia della Cartiera
IT,40.6636,14.7918,
IT,40.6637,17.9546,
IT,40.6638,8.193,Caletta del Turco
IT,40.6638,14.7159,Spiaggia di Marina d'Albori
IT,40.6639,17.9564,
IT,40.664,17.9532,
IT,40.6642,14.7166,Spiaggia della Torre di Albori
IT,40.6651,14.7893,Lido Scaramella beach
IT,40.6653,14.7177,Spiaggia dello Scoglione
IT,40.6656,14.4278,Marina di Vico
IT,40.666,14.7185,Spiaggia del Cancelluzzo
IT,40.6663,17.9497,
IT,40.6666,14.7188,Spiaggia della Carrubina
IT,40.6668,17.9493,
IT,40.6669,14.7192,Spiaggia dei Ninnilli
IT,40.6669,14.7861,
IT,40.6672,14.721,
IT,40.6674,14.7259,
IT,40.668,14.7291,
IT,40.6689,14.7823,
IT,40.669,17.9484,
IT,40.6693,14.7315,Spiaggia della Crestarella
IT,40.6697,17.947,
IT,40.6702,14.7791,
IT,40.6707,14.7348,
IT,40.6717,14.7756,
IT,40.6747,14.767,
IT,40.6772,9.7502,Riviera dei Pini
IT,40.6773,14.7562,Spiaggia Santa Teresa
IT,40.6809,17.9322,
IT,40.6821,17.903,case bianche
IT,40.6836,9.7465,Spiagge di Baia Sant'Anna
IT,40.6839,8.204,Porto Ferro
IT,40.6863,17.8661,Torre Testa
IT,40.687,14.4477,
IT,40.6879,8.2039,Dog Beach
IT,40.6882,14.4533,La Palombara
IT,40.6884,14.4517,
IT,40.6884,14.4543,Lido Moderno
IT,40.6887,14.4551,Bagno Conte
IT,40.6889,14.4558,Bagno Elena
IT,40.6891,14.4563,Garden Beach
IT,40.6892,8.2014,Porto Ferro
IT,40.6894,8.2008,Porto Ferro
IT,40.6895,8.1993,Porto Ferro
IT,40.6896,8.2,Porto Ferro
IT,40.6906,14.4582,
IT,40.6912,14.4624,
IT,40.6924,9.7406,
IT,40.6941,17.8314,Apani
IT,40.6945,9.7348,Spiagge Porto Ainu
IT,40.6962,13.8926,
IT,40.6962,13.8931,Spiaggia di Sant'Angelo
IT,40.6965,17.8253,Apani
IT,40.6993,9.7237,Spiaggia di Sant' Anna
IT,40.7001,14.4804,
IT,40.7004,13.8876,Cava Grado
IT,40.7004,13.9055,Spiaggia dei Maronti
IT,40.7019,17.814,Apani
IT,40.7063,13.9407,
IT,40.7067,9.7199,Spiaggia di Budoni
IT,40.7084,14.4806,
IT,40.7096,17.8014,Apani
IT,40.7151,14.4772,
IT,40.7158,17.7961,
IT,40.7162,17.7927,
IT,40.7166,17.7945,
IT,40.7172,13.8609,Spiaggia di Citara
IT,40.7175,17.7897,
IT,40.7204,9.7138,
IT,40.7206,17.7754,Spiaggia di Penna Grossa
IT,40.7207,13.8612,
IT,40.7224,17.7719,
IT,40.7229,13.8609,
IT,40.7237,13.9592,Spiaggia di Cartaromana
IT,40.7261,13.8594,Cava dell'isola
IT,40.7307,13.9596,
IT,40.733,14.4684,
IT,40.7343,9.7128,
IT,40.7346,13.9566,Spiaggia del Muro Rotto
IT,40.7351,13.9563,
IT,40.737,13.9556,Spiaggia dei Pescatori
IT,40.7383,13.8579,
IT,40.7383,13.8602,
IT,40.7392,8.1466,
IT,40.7392,13.9552,
IT,40.7395,13.8621,
IT,40.7397,13.955,
IT,40.74,14.4627,Le 7 Scogliere di Rovigliano
IT,40.7401,13.8625,
IT,40.7403,9.7116,
IT,40.7405,13.955,
IT,40.7407,8.1478,Cala dell'Argentiera
IT,40.7408,17.739,Spiaggia Specchiolla
IT,40.741,13.9545,
IT,40.7416,13.954,
IT,40.7418,13.954,
IT,40.7422,13.8645,Spiaggia della Chiaia
IT,40.7424,13.953,
IT,40.7425,13.9524,
IT,40.7426,13.952,
IT,40.7427,13.9516,
IT,40.7429,13.9508,
IT,40.7438,9.7144,Cala dei Tincsy
IT,40.7441,13.9476,Spiaggia di San Pietro
IT,40.7445,13.8658,
IT,40.7446,8.1477,
IT,40.745,13.8659,
IT,40.7453,13.866,
IT,40.7458,9.7119,Cala dei Francesi
IT,40.7459,13.9445,
IT,40.7462,13.9343,Spiaggia degli Inglesi
IT,40.7462,14.0091,
IT,40.7465,13.9406,
IT,40.7466,17.7297,Libo Sabbia D'Oro
IT,40.7469,14.4539,
IT,40.7485,14.0029,
IT,40.7487,8.1572,Porto Palmas
IT,40.7492,13.9139,
IT,40.7494,13.9148,
IT,40.7495,13.9048,
IT,40.7495,13.911,
IT,40.7498,17.722,Pantanagianni
IT,40.7505,8.1566,
IT,40.7508,13.8679,
IT,40.751,13.898,
IT,40.7511,14.0048,Ciracciello
IT,40.7517,14.4283,
IT,40.7518,13.8946,
IT,40.7524,13.8907,
IT,40.7527,13.8895,
IT,40.7532,14.4424,Marina del Sole
IT,40.7536,13.8873,
IT,40.7542,14.0069,
IT,40.7542,14.4351,
IT,40.7544,14.4385,
IT,40.7545,9.7012,
IT,40.7545,13.8856,
IT,40.7546,14.4471,
IT,40.7558,9.7008,
IT,40.7563,14.0208,Chiaia
IT,40.7571,17.7051,
IT,40.7572,13.8773,Spiaggia di San Montano
IT,40.7575,14.0087,Ciraccio
IT,40.7578,14.4023,
IT,40.7579,14.4016,
IT,40.7588,9.6988,
IT,40.7591,17.6975,Spiaggia Mezzaluna
IT,40.7593,14.0235,
IT,40.7604,17.6967,L'Isoletta
IT,40.7609,14.0269,
IT,40.7625,14.0082,Pozzo Vecchio
IT,40.763,8.1638,
IT,40.7637,8.1644,
IT,40.7638,9.6929,Spiaggia Isuledda
IT,40.7638,17.69,
IT,40.7651,14.3897,
IT,40.7655,14.0341,Spiaggia della Lingua
IT,40.7662,8.1668,Spiaggia La Frana
IT,40.7663,14.0223,Spiaggia delle Grotte
IT,40.7673,17.6747,Spiaggia Lamaforca
IT,40.7677,9.6855,Cala d'Ambra
IT,40.7691,8.1661,Li Nibarraggi
IT,40.7702,17.6628,Torre Pozelle
IT,40.7709,9.6824,
IT,40.7727,17.656,Torre Pozzelle - Spiaggia N.5
IT,40.7733,17.653,
IT,40.7743,9.6785,
IT,40.7751,17.6467,Spiaggia della Costa Merlata
IT,40.7762,17.6444,
IT,40.7763,9.6781,
IT,40.7821,17.6248,Spiaggia di Gorgognolo
IT,40.7862,14.0881,spiaggetta verde
IT,40.7868,14.0861,Spiaggetta di San Sossio
IT,40.7869,14.0757,Spiaggia di Miseno
IT,40.7874,17.5975,Baia di Camerini
IT,40.7881,14.0617,
IT,40.7884,14.081,Spiaggia della Sarparella
IT,40.7885,14.0642,
IT,40.7886,17.5943,
IT,40.7888,14.0543,
IT,40.789,13.424,
IT,40.7906,14.078,Spiaggia di Casevecchie
IT,40.7909,14.3584,La Scala
IT,40.7925,14.079,
IT,40.7926,14.1877,Spiaggia della Gaiola
IT,40.7927,14.3521,
IT,40.7951,9.6737,La Cinta/Su Cintura
IT,40.7953,14.0432,
IT,40.7955,13.4327,Spiaggia di Calanave
IT,40.7959,17.5683,Spiaggia di Monticelli
IT,40.7962,14.1673,
IT,40.7965,14.0848,Spiaggia del Poggio
IT,40.7976,17.5598,
IT,40.7978,13.4274,
IT,40.7978,14.1994,
IT,40.798,14.1991,
IT,40.7988,14.1749,
IT,40.799,17.5572,rosa marina
IT,40.7996,13.4305,Cala Rossano
IT,40.8005,17.5527,rosa marina
IT,40.8011,14.0815,
IT,40.8013,14.1731,
IT,40.802,14.0425,Chiaia dei Porci
IT,40.8022,14.2072,
IT,40.8043,14.3397,
IT,40.8056,17.5389,Spiaggia di Pilone 1
IT,40.8065,14.3357,Spiaggia delle Mortelle
IT,40.8071,9.6853,Cala Maurina
IT,40.8072,14.0807,
IT,40.8081,17.5336,Spiaggia di Pilone 2
IT,40.8082,9.6849,
IT,40.8086,14.0813,
IT,40.8086,14.2056,
IT,40.8087,9.6796,
IT,40.8089,9.683,
IT,40.8089,14.2057,
IT,40.8091,9.6755,
IT,40.8095,14.0817,
IT,40.8095,14.2063,
IT,40.8103,14.0447,Spiaggia di Torregaveta
IT,40.8104,17.5265,
IT,40.8116,14.0817,
IT,40.812,8.1876,Spiaggia di Lampianu
IT,40.8123,14.0812,
IT,40.8127,14.0788,Spiaggia Villa Ferretti
IT,40.8132,14.1646,
IT,40.8135,14.2087,
IT,40.8143,9.6895,
IT,40.8147,14.1627,
IT,40.8149,14.21,
IT,40.815,14.1626,
IT,40.815,17.5135,
IT,40.8155,14.1619,
IT,40.8177,14.2123,
IT,40.818,14.15,
IT,40.8183,9.6885,
IT,40.8186,8.1863,"Known as ""Cala del Turco"", ""Rena Bianca"" or ""Punta di lu Nibaru"""
IT,40.8186,14.2128,Spiaggia delle Monache
IT,40.8187,14.0469,
IT,40.8187,14.2131,
IT,40.819,14.0717,
IT,40.8193,14.2138,
IT,40.8198,9.6865,
IT,40.8204,14.1305,
IT,40.8205,14.0727,
IT,40.8213,14.2152,
IT,40.8228,8.5179,Bau Bau Beach
IT,40.8229,14.2191,Spiaggia Largo Sermoneta
IT,40.8251,17.4883,
IT,40.8252,9.6823,Spiaggia Lu Impostu
IT,40.8257,14.221,
IT,40.8258,8.1935,Spiaggia Rena Majori sud
IT,40.8262,14.0787,
IT,40.8279,14.0817,
IT,40.8282,8.1955,Rena Majori
IT,40.8282,14.3107,
IT,40.8289,14.0477,
IT,40.8314,14.2412,
IT,40.8315,14.0993,
IT,40.8316,14.231,Lido Mappatella
IT,40.832,8.527,
IT,40.8338,9.7058,Spiaggia Salinedda
IT,40.834,9.7015,
IT,40.8345,9.687,Cala Brandinchi
IT,40.8359,17.47,
IT,40.8374,9.6973,Spiaggia Salina Bamba
IT,40.838,8.4087,Scogliolungo
IT,40.8381,8.4172,Spiaggia di Balai
IT,40.8384,8.3928,
IT,40.8388,8.4066,
IT,40.8389,8.4131,Acquedolci
IT,40.841,9.7233,Capo Coda Cavallo
IT,40.8411,9.7058,Spiaggia delle Farfalle
IT,40.8442,17.4634,
IT,40.8452,9.7222,
IT,40.8461,9.6938,
IT,40.8501,9.6906,
IT,40.8504,8.6064,
IT,40.853,9.6653,
IT,40.853,9.6665,Cala Girgolu
IT,40.8542,14.0466,Spiaggia Libera Licola Mare
IT,40.8543,17.4434,Spiaggia della Forcatella
IT,40.8561,9.6864,Punta Molara
IT,40.8574,8.6162,
IT,40.8584,9.6734,Spiaggia delle vacche
IT,40.8589,9.6549,Porto Taverna
IT,40.8624,8.623,
IT,40.8648,14.0444,
IT,40.8686,8.219,Cala Unia
IT,40.8701,8.6274,
IT,40.8701,9.6535,
IT,40.8733,9.6428,
IT,40.8735,8.2183,Spiaggia Su Puntellu
IT,40.875,9.6391,
IT,40.8757,9.655,
IT,40.8767,9.6408,
IT,40.8774,9.6528,Spiaggia di Cala Finanza
IT,40.8777,8.2644,Spiaggia di Ezzi Mannu
IT,40.8784,8.6308,
IT,40.8792,9.6377,Tavolara
IT,40.8794,8.2173,
IT,40.8816,9.6358,
IT,40.883,9.6279,
IT,40.8838,9.6291,
IT,40.884,9.6337,
IT,40.8843,9.6258,
IT,40.8843,9.6329,
IT,40.8847,9.6308,
IT,40.8847,9.6315,
IT,40.8849,9.6404,
IT,40.8852,8.6415,Li Cantareddi
IT,40.8854,9.6262,
IT,40.8859,9.64,
IT,40.8864,9.6274,
IT,40.8867,9.6493,
IT,40.887,9.648,
IT,40.8873,9.6502,
IT,40.8875,9.6477,
IT,40.888,9.6551,
IT,40.8883,9.6484,
IT,40.8885,9.6234,
IT,40.8888,9.6527,
IT,40.8892,9.6497,
IT,40.8895,17.3909,
IT,40.8896,9.6197,
IT,40.8902,8.6475,
IT,40.8908,9.6745,Spiaggia Il Passetto
IT,40.8919,17.3889,
IT,40.892,9.6153,Spiaggia di Porto Istana
IT,40.8925,9.6787,
IT,40.8939,9.6831,Spiaggia dello Spalmatore
IT,40.8939,14.0337,
IT,40.894,12.9672,La parata
IT,40.8941,8.6576,
IT,40.8946,12.9536,Chiaia di Luna
IT,40.8946,12.9607,Spiaggia di Sant'Antonio
IT,40.8953,9.6852,Spiaggia di Villa Marzano
IT,40.8961,12.9593,
IT,40.8962,12.9509,Spiaggia dei nudisti
IT,40.8971,12.9592,
IT,40.8978,14.033,
IT,40.8982,12.9602,La marinella dei morti
IT,40.8995,8.6759,Spiaggia delle Celestine
IT,40.9,8.2206,Coscia di Donna
IT,40.9003,9.5854,Marina Maria
IT,40.9012,9.627,Sas Enas Appara
IT,40.9021,9.6277,Sas Enas Appara
IT,40.9033,17.3554,
IT,40.9038,8.6846,Spiaggia Lu Bagnu
IT,40.9043,9.6308,Spiaggia del dottore
IT,40.9055,17.3504,
IT,40.9058,9.5967,
IT,40.9059,8.2366,Le Saline
IT,40.9062,12.9599,Spiaggia di Frontone
IT,40.9064,9.5994,
IT,40.9065,8.6895,spiaggia di Ampurias
IT,40.9065,17.3494,Calette del Capitolo
IT,40.9067,9.576,Le Saline
IT,40.908,9.6019,Spiaggia Su Sarrale
IT,40.9105,17.3447,Capitolo
IT,40.9108,9.606,Li Cuncheddi
IT,40.9129,8.2323,
IT,40.9129,8.7216,
IT,40.9129,8.7241,
IT,40.9131,9.5675,Lido del Sole
IT,40.9133,8.729,Cantareddi
IT,40.9139,8.7082,
IT,40.914,8.7164,
IT,40.9146,9.5771,
IT,40.9154,12.9523,Spiaggia di Lucia Rosa
IT,40.9156,8.7385,Baia Ostina
IT,40.9176,9.6313,Spiaggia Poltu Casu
IT,40.918,9.6373,
IT,40.9182,9.6359,
IT,40.9184,9.6111,Spiaggia Poltu Manzu
IT,40.919,17.3399,Cala Vergine
IT,40.9192,12.9584,La Marina di Cala Feola
IT,40.9195,9.731,Cala del Faro
IT,40.92,9.6199,
IT,40.9203,8.7847,
IT,40.9211,12.9568,Spiaggia Aurora
IT,40.9216,17.3375,Cala Verde
IT,40.9224,17.3382,Cala Andrea
IT,40.9229,12.9629,La Caletta
IT,40.9255,8.7954,Baia Verde
IT,40.9256,12.9767,
IT,40.9257,17.3349,Cala Sottile
IT,40.9259,12.9776,Spiaggia Schiavone
IT,40.9268,9.5713,
IT,40.9278,12.982,
IT,40.9285,17.3318,Lido Santo Stefano
IT,40.929,14.0161,
IT,40.9297,17.331,Porto Ghiacciolo
IT,40.9333,17.3279,Porto Marzano
IT,40.934,12.9916,Spiaggia delle Felci
IT,40.9347,17.326,Porto Marzano
IT,40.9353,8.8094,Pirotto
IT,40.9363,17.3235,Macramè
IT,40.9373,9.5692,Pittulongu
IT,40.9376,17.3204,Porto Camicia
IT,40.9377,8.2296,Spiaggia D’Azzena
IT,40.9386,17.3188,Cala Cerasa
IT,40.9396,17.3183,Calamarena
IT,40.9398,17.3171,Lido Colonia
IT,40.9406,17.3167,Copacabana
IT,40.9412,8.8183,Dog Beach
IT,40.9412,17.317,
IT,40.9415,17.3174,Scaletta
IT,40.9422,9.568,"Pittulongu ""Lo Squalo"""
IT,40.9426,8.8201,Spiagga di li Junchi
IT,40.9427,9.5688,
IT,40.9438,17.3139,Cala Paradiso
IT,40.945,17.3127,Porto Verde
IT,40.9452,8.2344,
IT,40.9461,17.3101,Porto Nero (La perla nera)
IT,40.9464,9.574,Spiaggia Mare Rocce
IT,40.9468,8.8248,Baia Delle Mimose
IT,40.9468,17.3079,Cala Porto Rosso
IT,40.9477,17.3066,Lido Bianco
IT,40.9484,8.2344,Cala Lupo
IT,40.9489,17.3065,Cala Cozze
IT,40.9497,8.2361,
IT,40.9509,17.3057,Cala Porta Vecchia
IT,40.9529,13.9983,
IT,40.954,9.5787,Spiaggia di Bados
IT,40.9581,8.2192,Spiaggia l'Ancora
IT,40.9583,8.8375,Pultu Biancu
IT,40.9586,17.2976,
IT,40.9587,9.5814,
IT,40.9604,9.583,Spiagge di Cala Banana
IT,40.9608,8.213,Il Gabbiano
IT,40.9608,17.2918,Lido Pantano
IT,40.9609,9.586,Spiagge di Nodu Pianu
IT,40.9621,17.288,Cala Susca
IT,40.9625,17.2898,
IT,40.9641,17.2857,Cala Monaci
IT,40.9648,17.2849,
IT,40.9653,8.2095,La Pelosa
IT,40.9677,13.986,
IT,40.9684,8.2181,
IT,40.9686,8.2216,
IT,40.9693,8.2231,
IT,40.9693,9.5883,Spiaggia Sos Aranzos
IT,40.9695,8.2061,Lu Forrazzu
IT,40.9731,17.2649,Cala Corvino
IT,40.9735,8.8534,Li Junchi
IT,40.9755,8.2211,
IT,40.9759,9.5828,
IT,40.9777,9.5828,
IT,40.9785,17.258,Spiaggia Cala Incina
IT,40.9793,8.2216,
IT,40.9824,9.6403,Spiaggetta di Figarolo
IT,40.9836,9.5826,
IT,40.9845,8.864,Li Mindi
IT,40.9853,17.2464,Cala di Pozzo Vivo
IT,40.9873,9.6521,Cala Greca
IT,40.9875,9.5854,Cala Sassari
IT,40.9875,9.6455,Cala Moresca
IT,40.9875,9.6468,Cala Moresca
IT,40.9882,9.6536,Cala Corso
IT,40.9892,8.2213,
IT,40.9892,9.588,
IT,40.9901,9.5891,
IT,40.9902,13.9632,
IT,40.9904,17.238,Cala Sala - Portacola - Portalga
IT,40.9906,9.592,Spiaggia Bianca
IT,40.9922,8.8703,Li Feruli
IT,40.9964,17.2182,Lama Monachile
IT,40.9978,9.604,Spiaggia di Baia Caddinas
IT,40.9978,9.6075,
IT,40.9986,17.2139,
IT,40.9994,17.2138,Lido Paura
IT,41.0,8.2623,
IT,41.0011,17.2063,Ponte dei Lapilli
IT,41.0012,9.6082,Quinta Spiaggia
IT,41.0017,8.2636,
IT,41.0017,13.9508,
IT,41.0019,9.609,Quarta Spiaggia
IT,41.002,9.6194,Prima Spiaggia
IT,41.0023,8.2635,
IT,41.0027,9.5758,
IT,41.0029,9.6161,Seconda Spiaggia
IT,41.0031,9.5775,
IT,41.0033,8.8762,
IT,41.0033,17.2017,
IT,41.0034,9.6122,Terza Spiaggia
IT,41.0035,13.9487,Scalzone
IT,41.004,9.5605,
IT,41.0046,9.5717,
IT,41.0046,13.9474,
IT,41.0047,9.5705,
IT,41.0048,9.5723,
IT,41.0049,9.555,Marinella
IT,41.005,9.5698,
IT,41.0052,13.9469,
IT,41.0053,9.5623,
IT,41.0058,13.9462,
IT,41.0059,9.5726,
IT,41.0063,9.5634,
IT,41.0067,17.2022,
IT,41.0071,9.5686,
IT,41.0076,9.5641,
IT,41.0079,17.1998,Spiaggia Porto Cavallo
IT,41.0081,9.5696,
IT,41.0083,9.5639,
IT,41.0089,9.6178,
IT,41.01,8.8763,
IT,41.0104,17.1984,
IT,41.0106,9.5855,Spiaggia Sabina
IT,41.0112,9.5787,
IT,41.0114,17.1958,Porto Contessa
IT,41.0126,8.8741,
IT,41.0132,8.2501,Cala Sant'Andrea
IT,41.0132,17.1954,
IT,41.0134,17.193,San Vito
IT,41.0145,17.1928,
IT,41.0152,17.1922,
IT,41.0159,8.8861,La Marinedda
IT,41.0161,17.1873,Cala San Giovanni
IT,41.0162,17.1904,
IT,41.0179,17.1872,
IT,41.0181,8.8881,
IT,41.0185,9.6,
IT,41.0215,8.2464,
IT,41.0233,8.8855,
IT,41.0239,8.8855,
IT,41.0243,13.9233,
IT,41.0257,9.5284,
IT,41.026,8.892,Cala Canneddi
IT,41.026,17.1766,Cala Fetente
IT,41.0262,8.8826,Punta Canneddi
IT,41.0266,8.8871,
IT,41.0269,9.5326,Ira
IT,41.027,8.8928,
IT,41.0276,9.5376,
IT,41.0277,8.2378,
IT,41.0306,9.556,Iscia Segada
IT,41.0307,9.5446,
IT,41.0311,9.5464,
IT,41.0314,9.555,Spiaggia dei Sassi
IT,41.0339,8.919,Cala Tinnari
IT,41.0342,13.92,
IT,41.0365,9.5593,Punta Volpe
IT,41.0395,13.919,
IT,41.0395,17.1352,Calarena
IT,41.04,9.5231,Spiaggia di Portisco
IT,41.0416,9.5257,
IT,41.042,8.9298,Porto Leccio
IT,41.0428,13.9179,
IT,41.0439,9.5251,
IT,41.0465,13.9163,
IT,41.0466,9.5239,Rena Bianca
IT,41.0467,8.9361,Li Cossi
IT,41.0491,9.523,Raza di Juncu
IT,41.0528,9.5235,Spiaggia Razza di Juncu
IT,41.0552,8.3252,
IT,41.0565,9.5272,
IT,41.0567,9.5298,Razza di Junco
IT,41.0575,8.3295,
IT,41.0603,9.5323,Cala Petra Ruja
IT,41.0618,13.9092,
IT,41.0635,8.2806,Cala dell'Ossario
IT,41.0644,9.5354,
IT,41.0646,8.2837,
IT,41.0647,9.5343,
IT,41.065,8.338,
IT,41.0653,9.5395,
IT,41.0705,9.5293,Spiaggia Liscia Ruja
IT,41.0736,8.3351,
IT,41.074,9.602,
IT,41.0745,8.2849,
IT,41.0753,13.9026,
IT,41.0761,9.5328,
IT,41.0772,9.5332,
IT,41.0783,9.5502,Capriccioli Ovest
IT,41.0786,9.5337,
IT,41.0794,9.5492,Capriccioli - spiaggia il Pirata
IT,41.0794,9.5521,Capriccioli Est
IT,41.0814,9.5344,Spiaggia Li Itriceddhi
IT,41.0814,9.5463,Spiaggia La Celvia
IT,41.0824,9.5425,Elephant's Beach
IT,41.0837,9.559,Spiaggia Fumagalli
IT,41.0846,9.5603,Spiaggia Piccolo Romazziono
IT,41.085,17.0136,Cala Settanni
IT,41.0852,17.0119,Cala Fiore
IT,41.0872,8.9841,
IT,41.0874,8.3461,
IT,41.0875,8.3461,Spiaggia di Cala dei Ponzesi
IT,41.0876,8.3453,
IT,41.0877,8.3488,
IT,41.0882,9.5401,
IT,41.0882,13.8955,
IT,41.0888,8.3471,Cala del Turco
IT,41.0892,9.5618,Spiaggia del Principe - Poltu di li cogghj
IT,41.0955,9.5668,
IT,41.0963,16.9595,Spiaggia San Giorgio
IT,41.0985,9.5655,Spiaggia di Romazzino
IT,41.1,9.5676,
IT,41.101,8.3258,
IT,41.1015,9.4442,
IT,41.102,9.4494,Lu Postu
IT,41.103,9.5634,Spiaggia Poltu Liccia
IT,41.1034,8.9919,
IT,41.1046,8.9978,
IT,41.1066,8.3223,
IT,41.108,9.4504,
IT,41.1082,8.3248,
IT,41.1086,9.4523,La Pitrizza
IT,41.11,9.4416,
IT,41.112,9.5467,Il Pevero
IT,41.1125,9.546,Spiaggia del Grande Pevero
IT,41.1126,9.4409,Spiaggia di Cannigione
IT,41.1137,16.9153,Torre Quetta
IT,41.114,9.4555,
IT,41.1145,9.4562,
IT,41.1145,9.5405,Piccolo Pevero
IT,41.1148,9.457,Cala Ginepro
IT,41.1156,9.4587,Cala Ginepro
IT,41.1164,16.9023,Pane e Pomodoro
IT,41.1173,9.4615,
IT,41.1175,16.8957,Pane e Pomodoro
IT,41.1178,9.5606,Cala Monti Zoppu
IT,41.1184,16.8919,Pane e Pomodoro
IT,41.1196,9.4413,
IT,41.122,9.5377,Poltu Paddha
IT,41.1241,9.4402,Spiaggia di Laconia
IT,41.1249,9.0182,
IT,41.1252,9.4706,
IT,41.1274,9.0291,
IT,41.1276,9.084,
IT,41.1276,9.4716,
IT,41.1278,9.5431,
IT,41.1279,9.087,Spiaggia di li saldi
IT,41.1281,9.0666,Spiaggia di Vignola
IT,41.1285,9.4418,
IT,41.129,13.864,
IT,41.1291,9.0299,
IT,41.1306,9.4425,
IT,41.1315,9.096,
IT,41.1322,9.4438,
IT,41.1323,9.034,
IT,41.1329,9.4732,Spiaggia Precedence A Mucchi Bianchi
IT,41.1333,9.4443,
IT,41.1343,9.0515,
IT,41.1344,9.4418,
IT,41.1345,9.438,spiaggia Tanca Manna
IT,41.1353,9.1086,Naracu Nieddu
IT,41.136,16.8281,Il Canalone
IT,41.1366,16.8295,
IT,41.1366,16.8349,Spiaggia libera
IT,41.1373,9.5297,Spiaggia del Giglio
IT,41.1377,9.4648,Spiaggia Tre Monti
IT,41.1378,9.4645,Cala Tremonti
IT,41.1379,16.8249,
IT,41.1382,16.8229,
IT,41.1383,16.8403,
IT,41.1387,9.5362,
IT,41.1387,16.8403,Spiaggia libera
IT,41.1389,16.8201,
IT,41.139,9.1151,Lu Litarroni
IT,41.1395,9.5102,
IT,41.1399,16.8147,
IT,41.1401,9.4359,
IT,41.1404,9.48,Baja Sardinia
IT,41.1404,16.8106,
IT,41.1405,9.5137,
IT,41.1411,9.4742,
IT,41.1412,9.509,
IT,41.1417,9.1182,
IT,41.1417,9.5339,
IT,41.1418,9.4751,
IT,41.1428,9.1193,
IT,41.1428,9.4309,spiaggia Mannena
IT,41.1458,9.1224,
IT,41.146,9.5262,Cala Granu
IT,41.1475,9.5168,
IT,41.1475,9.5169,
IT,41.1485,9.1232,Monti Russu
IT,41.1488,9.5153,
IT,41.1497,9.5291,
IT,41.1517,9.5156,
IT,41.1529,9.4297,li Piscini
IT,41.1531,9.5175,
IT,41.1532,9.1271,
IT,41.1535,9.1387,
IT,41.1549,9.4257,
IT,41.155,9.42,Spiagghja Li Capanni/Spiaggia Punta le Saline
IT,41.1553,9.1513,Cala Pischina
IT,41.1557,9.4111,
IT,41.1558,9.4088,
IT,41.1585,9.4055,Spiaggia di Saline
IT,41.1594,13.8391,
IT,41.1614,9.4091,Spiaggia delle Saline
IT,41.1632,9.1621,Rena di Matteu
IT,41.164,9.4136,
IT,41.165,9.415,
IT,41.1686,9.4206,Cala Capra
IT,41.1689,9.1684,Rena Majore
IT,41.1689,9.4211,
IT,41.1696,13.8293,
IT,41.1721,9.4228,Spiaggia Punta Cardinalino
IT,41.1744,9.1723,Rena Majori
IT,41.1751,9.4045,
IT,41.1769,9.4709,Cala Andreani
IT,41.1771,9.4698,
IT,41.178,13.8211,Spiaggia Comunale
IT,41.1791,9.3876,
IT,41.1791,9.3895,
IT,41.1794,9.4716,
IT,41.1799,9.3904,
IT,41.1801,9.3909,Bau Bau Palau (accesso ai cani)
IT,41.1811,9.4755,Spiaggia del Relitto
IT,41.1816,16.6851,
IT,41.1819,9.167,Lu Pultiddolu
IT,41.1821,9.4594,Cala degli Inglesi
IT,41.1828,16.6806,
IT,41.1829,9.4672,
IT,41.1831,9.4567,
IT,41.1834,9.3726,La Sciumara
IT,41.1838,9.4439,
IT,41.1838,9.4645,Spiaggia dei due mari (Cala Portese)
IT,41.184,9.3838,Palau vecchio
IT,41.1843,9.4564,
IT,41.1854,9.3688,
IT,41.1855,16.6784,cappella
IT,41.1862,9.3301,
IT,41.1863,9.3296,
IT,41.1868,9.456,Doggie Beach
IT,41.1874,9.3351,
IT,41.1899,16.6715,spiaggia Algida
IT,41.1907,13.8057,Spiaggia Baia Domizia
IT,41.1912,9.1628,La Padda - La Colba
IT,41.1914,9.3398,
IT,41.1916,16.6597,piramidi
IT,41.1918,9.3212,Delle Dune
IT,41.1918,9.4498,
IT,41.1918,16.6484,L'Arena
IT,41.1922,16.6621,monaci
IT,41.1924,16.6576,
IT,41.1925,9.4668,
IT,41.1925,16.6571,
IT,41.1927,9.3064,
IT,41.1927,16.6575,la torretta
IT,41.1928,16.6328,
IT,41.1933,9.3647,
IT,41.194,16.6396,Gavetone
IT,41.1942,9.2733,Spiaggia di Porto Pozzo
IT,41.1964,9.3995,
IT,41.1975,16.6199,Scoglio d'Inghilterra
IT,41.1982,16.6165,Spiaggia Prima Cala
IT,41.1995,9.2922,
IT,41.1997,9.4563,
IT,41.2007,9.4056,
IT,41.2012,9.2971,
IT,41.202,9.3386,Spiaggia di Talmone
IT,41.2026,9.4773,
IT,41.2028,9.3529,Cala di Trana
IT,41.2035,9.3563,
IT,41.2038,9.3387,
IT,41.204,9.3647,
IT,41.2045,9.475,Cala Brigantina
IT,41.2052,9.475,
IT,41.2054,9.4556,
IT,41.2056,9.3589,
IT,41.2058,13.7872,
IT,41.2071,9.2952,
IT,41.2072,16.5975,
IT,41.2079,9.4511,
IT,41.2085,13.5528,Fontania
IT,41.2094,13.5634,Serapo
IT,41.2098,13.5541,Strega Mugliera
IT,41.2099,13.567,Spiaggia Libera
IT,41.2103,13.5544,Fontanina
IT,41.2109,13.5445,Quaranta Remi
IT,41.2113,13.7798,
IT,41.2114,9.3851,Spiaggia di Tegge
IT,41.2132,13.5418,Ariana
IT,41.214,9.2911,
IT,41.2141,9.288,
IT,41.215,13.7745,
IT,41.2181,9.4858,Cala Coticcio
IT,41.2182,9.4805,
IT,41.2184,9.2806,
IT,41.2189,9.4845,Spiaggia Cala Coticcio
IT,41.219,13.5315,Arenauta
IT,41.2194,13.7683,
IT,41.2196,9.1671,
IT,41.2225,9.4578,Cala Garibaldi
IT,41.2229,13.5237,Arenauta
IT,41.2244,13.0947,
IT,41.2245,13.0955,
IT,41.2247,13.5124,San Vito
IT,41.2248,9.4383,Spiaggia di Giardinelli
IT,41.2254,13.7583,
IT,41.2271,9.4602,Cala Serena
IT,41.2273,9.3753,
IT,41.2274,9.3755,
IT,41.2278,16.5458,
IT,41.2284,16.5444,
IT,41.229,16.5432,
IT,41.2295,9.3463,
IT,41.2295,16.5421,
IT,41.2297,9.1673,Santa Reparata
IT,41.23,16.5411,
IT,41.2301,9.3454,
IT,41.2306,9.3448,Cala Corsara
IT,41.2308,9.2755,Spiaggia La Licciola
IT,41.2309,9.3425,Cala Corsara
IT,41.2309,13.0977,
IT,41.231,9.3439,Cala Corsara
IT,41.2313,13.4934,Sant'Agostino
IT,41.2313,13.7494,
IT,41.2313,16.5396,
IT,41.2315,9.3509,Cala Soraja
IT,41.2317,16.5391,
IT,41.2321,9.4469,Capocchia du Purpu
IT,41.2329,9.2725,
IT,41.2329,9.4323,Spiaggia del Nautico
IT,41.233,9.3899,
IT,41.2331,9.3391,Cala d'alga
IT,41.2331,16.5363,Pantano
IT,41.2332,9.4457,
IT,41.2333,9.4463,Spiaggetta Isabella
IT,41.2335,9.353,
IT,41.2339,9.3535,Cala Granara piccola
IT,41.2342,9.1621,Rena di ponente
IT,41.2348,9.3544,Cala Granara
IT,41.2353,9.4342,
IT,41.2358,9.162,Rena di levante
IT,41.2358,9.3906,
IT,41.2359,13.7421,
IT,41.2365,13.1022,
IT,41.2368,9.2697,
IT,41.237,9.2645,
IT,41.2375,9.4343,Spiaggia del Villaggio Piras
IT,41.2376,9.4631,Cala Caprarese
IT,41.2379,9.4622,
IT,41.2381,9.4614,
IT,41.2382,9.159,
IT,41.2383,16.5286,Spiaggia di Ripalta
IT,41.2387,9.1408,Cala di l'ea
IT,41.2388,9.358,
IT,41.2391,9.2676,
IT,41.2392,9.1962,
IT,41.2397,9.3581,cala dell'amore
IT,41.2397,13.4755,Cala Cetarola
IT,41.24,9.159,Spiaggia Zia Culumba
IT,41.24,9.1946,La Punzesa
IT,41.2403,13.5741,
IT,41.2405,9.1974,
IT,41.241,13.1049,
IT,41.2415,9.399,Bassa Trinita
IT,41.2416,9.1621,
IT,41.2416,9.247,
IT,41.2416,13.1059,
IT,41.242,9.1417,
IT,41.242,9.4632,Cala Napoletana
IT,41.242,13.1063,
IT,41.2424,13.1067,
IT,41.2425,16.5201,
IT,41.2426,9.1423,Spiaggia Cala Francese
IT,41.2426,9.3596,
IT,41.2427,9.4005,
IT,41.2427,9.4625,Cala Napoletana
IT,41.2428,9.1475,Cala Spinosa
IT,41.2429,13.1076,
IT,41.2429,16.514,Spiaggia del pretore
IT,41.2429,16.5187,
IT,41.243,9.149,
IT,41.2431,9.4697,Spiaggia Di Punta Crucitta
IT,41.2432,9.1497,
IT,41.2435,13.1084,
IT,41.2437,16.5093,Spiaggia del macello
IT,41.2438,13.1088,
IT,41.2441,13.1093,
IT,41.2445,13.1098,
IT,41.2446,9.3562,Cala Ferrigno (Canniccio)
IT,41.2449,13.58,Spiaggia di Vindicio
IT,41.2451,9.189,Rena Bianca
IT,41.2452,13.1108,
IT,41.2456,13.6805,spiaggia di porto Cofaniello
IT,41.2457,13.1119,
IT,41.2459,9.2378,La Marmorata
IT,41.2464,9.2124,
IT,41.2464,13.1127,
IT,41.2464,13.7194,Spiaggia di Scauri
IT,41.2466,13.4564,Anthropoohagus
IT,41.2468,9.4294,Spalmatore
IT,41.2468,13.035,
IT,41.2468,13.1132,
IT,41.2471,9.2148,Porto Quadro
IT,41.2473,13.1137,
IT,41.2476,13.1144,
IT,41.2477,13.1149,
IT,41.2478,13.5869,Spiaggia di Vindicio
IT,41.2481,13.6752,Spiaggia del porticciolo Romano
IT,41.2482,13.116,
IT,41.2482,16.5001,Cala di Fano
IT,41.2483,9.2352,Spiaggia Marmoratina
IT,41.2488,9.4278,
IT,41.249,13.1173,
IT,41.2493,16.4973,Spiaggia della salata
IT,41.2496,13.1181,
IT,41.2499,9.2072,
IT,41.2499,9.4032,Spiaggia del morto
IT,41.2499,16.4942,
IT,41.25,13.119,
IT,41.2501,16.4918,
IT,41.2502,13.1194,
IT,41.2502,16.4878,Spiaggia di salsello
IT,41.2506,9.413,Spiaggia di monte di rena
IT,41.2506,13.6948,Spiaggia dei Sassolini
IT,41.2507,13.12,
IT,41.2508,13.1209,
IT,41.2509,9.4287,Spiaggia del costone
IT,41.251,13.0348,
IT,41.2511,9.4093,
IT,41.2524,13.7001,
IT,41.2533,13.4423,Spiaggia di Levante
IT,41.2538,13.1267,
IT,41.254,16.4836,Spiaggia La Testa
IT,41.2544,9.4148,Spiaggia del cardellino
IT,41.2545,9.2345,
IT,41.2547,9.4055,
IT,41.2553,16.4715,
IT,41.2556,16.4768,Spiaggia della batteria
IT,41.2561,16.4671,Spiaggia del Ponte Lama
IT,41.2574,9.4248,Cala Lunga
IT,41.2574,13.1328,
IT,41.2575,9.4048,Spiaggia dello Strangolato
IT,41.2577,16.4626,
IT,41.2579,9.4038,
IT,41.2579,13.1342,
IT,41.2587,16.4598,
IT,41.2591,9.4291,
IT,41.2592,9.4298,
IT,41.2593,9.4165,
IT,41.2596,16.4567,
IT,41.2597,9.4146,
IT,41.2606,13.1389,
IT,41.2609,16.4509,Spiaggia Le Mattinelle
IT,41.263,16.4476,
IT,41.2634,13.419,Spiaggia di Ponente
IT,41.2639,13.145,
IT,41.2653,13.1482,
IT,41.266,16.4431,
IT,41.2671,16.4414,
IT,41.2679,13.1532,
IT,41.2697,16.4418,
IT,41.2698,13.1579,
IT,41.2704,13.1589,
IT,41.2714,13.1616,
IT,41.2722,13.1637,
IT,41.2737,16.4283,
IT,41.2741,13.1689,
IT,41.2758,13.3903,Capratica
IT,41.2769,13.1773,
IT,41.2783,13.1818,
IT,41.2793,9.3568,Spiaggia Rosa
IT,41.2795,13.187,
IT,41.2798,13.0194,
IT,41.2802,13.1912,
IT,41.2805,13.1924,
IT,41.2808,13.1945,
IT,41.281,13.1963,
IT,41.2811,13.1969,
IT,41.2812,13.198,
IT,41.2814,13.1999,
IT,41.2823,13.2023,
IT,41.283,13.2045,
IT,41.283,16.412,
IT,41.2833,13.2056,
IT,41.2834,13.2074,
IT,41.2835,13.2089,
IT,41.2837,13.0194,
IT,41.2837,13.2473,
IT,41.284,13.2258,
IT,41.2851,9.3579,
IT,41.2852,13.3594,
IT,41.2854,9.3459,
IT,41.2854,9.3585,
IT,41.286,9.3596,
IT,41.2862,13.2578,
IT,41.2866,9.3585,Spiaggia di Cavalieri
IT,41.2902,16.3874,
IT,41.2937,13.3115,Spiagga Salto di Fondi
IT,41.2938,9.3719,Spiaggia di Santa Maria
IT,41.295,13.2672,
IT,41.2964,13.2734,
IT,41.2968,9.3664,Tamarici
IT,41.2972,13.279,
IT,41.2973,13.2797,
IT,41.2973,13.2807,
IT,41.2988,9.368,
IT,41.299,9.3482,Cala lunga di Razzoli
IT,41.2992,9.3551,
IT,41.2998,16.3688,
IT,41.3045,16.3581,
IT,41.3092,16.3407,
IT,41.3119,16.3313,
IT,41.3126,16.3271,
IT,41.3137,16.3225,
IT,41.3162,16.3133,
IT,41.3207,16.3009,
IT,41.322,16.2936,
IT,41.3269,16.271,Spiaggia di Ponente
IT,41.3283,12.9844,
IT,41.336,16.2462,
IT,41.3448,16.2309,
IT,41.348,16.226,
IT,41.3523,16.2194,
IT,41.3557,16.2143,spiaggia della Fiumara
IT,41.3562,16.2108,
IT,41.3575,12.956,Spiaggia della Bufalara
IT,41.3736,12.9323,Spiaggia della Bufalara
IT,41.3766,16.1578,
IT,41.3782,16.1484,
IT,41.3879,12.9085,
IT,41.3987,12.8863,
IT,41.4108,12.8422,
IT,41.4245,16.0275,
IT,41.4249,16.0264,
IT,41.4254,16.0254,
IT,41.4256,16.0243,
IT,41.4259,16.0239,
IT,41.4262,16.0234,
IT,41.4267,16.0219,
IT,41.4279,16.0186,
IT,41.4288,16.016,
IT,41.4294,16.0149,
IT,41.4303,16.0129,
IT,41.4315,16.0104,
IT,41.4332,16.006,
IT,41.4343,16.0035,
IT,41.4358,16.0002,
IT,41.4368,15.9978,
IT,41.4375,15.9963,
IT,41.4382,15.9948,
IT,41.4394,15.9926,
IT,41.4413,15.989,
IT,41.4427,15.9862,
IT,41.4442,15.9836,
IT,41.4447,12.6265,
IT,41.4452,15.9819,
IT,41.4456,15.9813,
IT,41.4461,15.9802,
IT,41.4462,12.6204,Grotte di Nerone
IT,41.4467,15.9792,
IT,41.4473,15.9783,
IT,41.448,15.9774,
IT,41.4484,15.9768,
IT,41.4488,15.9762,
IT,41.4495,15.9753,
IT,41.4501,15.9743,
IT,41.4505,15.9737,
IT,41.4507,12.6369,
IT,41.4508,12.618,
IT,41.4509,15.973,
IT,41.4513,15.9724,
IT,41.4517,15.9718,
IT,41.4522,15.9709,
IT,41.4528,15.9699,
IT,41.4532,12.6425,Marinaretti
IT,41.4534,15.9689,
IT,41.4538,12.6448,
IT,41.4551,12.6648,
IT,41.4595,12.613,
IT,41.4616,15.9578,
IT,41.4699,15.9466,
IT,41.471,15.9454,
IT,41.4716,12.6052,Sole e Luna
IT,41.4737,15.9426,
IT,41.4748,12.6001,
IT,41.4768,15.9397,
IT,41.4825,15.9346,
IT,41.4897,15.9284,
IT,41.4986,12.5819,
IT,41.5122,12.5723,
IT,41.5211,12.5648,
IT,41.5261,15.9064,Lido delle Nazioni
IT,41.5288,12.5579,
IT,41.5321,12.5549,
IT,41.5346,12.5523,
IT,41.5364,12.5505,
IT,41.5415,12.5458,
IT,41.5466,12.5407,
IT,41.5491,12.5382,
IT,41.5522,12.535,
IT,41.5548,15.9007,
IT,41.5893,15.8943,
IT,41.5967,15.8955,
IT,41.6002,15.8963,
IT,41.607,15.8981,
IT,41.6112,12.4722,
IT,41.613,15.8999,
IT,41.6154,15.9013,
IT,41.6177,12.4649,Spiaggia di Torvajanica
IT,41.6217,12.4602,arenile pescatori
IT,41.6244,12.4572,Spiaggia di Torvajanica
IT,41.6305,15.924,
IT,41.6349,12.4446,Spiaggia di Torvajanica
IT,41.6351,15.9349,
IT,41.637,12.4422,Stabilimento Balneare dei Vigili del Fuoco
IT,41.6465,12.4299,
IT,41.6612,12.4084,Oasi Naturista di Capocotta
IT,41.6628,15.9905,
IT,41.6642,12.4041,Spiaggia libera di Capocotta
IT,41.6662,16.001,
IT,41.6729,16.0213,
IT,41.6736,16.022,
IT,41.677,16.0285,
IT,41.6776,16.0304,
IT,41.6777,12.3852,Spiaggia comunale libera di Castelporziano
IT,41.6783,16.0357,Spiagga di Punta Rossa
IT,41.6918,12.361,Spiaggia di Capocotta
IT,41.7031,16.0693,Piana di Mattinata
IT,41.7063,12.3322,
IT,41.7105,16.0782,Tor di Lupo
IT,41.711,16.0741,
IT,41.7125,16.0805,Tor di Lupo
IT,41.7132,12.3173,
IT,41.7143,16.086,Pontone Tunno
IT,41.7149,16.0889,Pontone Tunno
IT,41.7154,12.3123,
IT,41.7161,16.0905,Pontone Tunno
IT,41.7173,12.3073,
IT,41.7176,16.092,Cala dei Cefali
IT,41.7181,12.3046,
IT,41.7184,12.3027,Spiaggia Libera Canale dei Pescatori
IT,41.7186,12.302,
IT,41.7191,12.301,
IT,41.7197,12.2992,
IT,41.7209,12.2971,
IT,41.7218,12.2953,
IT,41.7222,12.294,
IT,41.723,12.2922,
IT,41.7237,12.2906,
IT,41.7241,12.2894,
IT,41.7242,12.289,
IT,41.7244,16.0993,Baia Rossa
IT,41.7249,12.2876,
IT,41.7257,12.2857,Il Curvone
IT,41.7257,16.1009,Valle delle Sirene
IT,41.7262,12.2843,
IT,41.727,12.2822,
IT,41.7277,12.2801,
IT,41.7277,16.1026,Baia dei Gabbiani
IT,41.7296,16.1047,Baia dei Gabbiani
IT,41.7302,12.2721,
IT,41.7306,16.1079,Pietre Nere
IT,41.7311,16.1172,
IT,41.7319,12.2678,
IT,41.7323,12.2666,
IT,41.7329,12.2655,
IT,41.7332,12.2646,
IT,41.7337,12.2628,
IT,41.7338,16.118,Mattinatella
IT,41.7349,12.2593,
IT,41.7362,12.2549,
IT,41.7362,16.119,Spiaggia Libera Mattinatella
IT,41.7377,16.1206,Mattinatella o Fontana delle Rose
IT,41.7383,12.2463,
IT,41.7386,16.1249,Cala del Fico
IT,41.7386,16.1294,Cala del Pescecane
IT,41.739,12.2393,
IT,41.7397,16.1341,Punta dell'ago
IT,41.7407,16.1368,Cala della Cattedrale
IT,41.7411,16.1379,Cala della Cattedrale
IT,41.7412,16.1408,Grottone del Pescatore
IT,41.7419,16.1417,Cala della Pipa
IT,41.7449,16.1446,Baia dei Mergoli o delle Zagare - Sud
IT,41.7455,12.2261,
IT,41.7472,12.2277,
IT,41.7486,16.1466,Baia dei Mergoli o delle Zagare - Nord
IT,41.7501,16.1484,Baia dei Mergoli o delle Zagare
IT,41.7507,16.1503,Cala dei Morti
IT,41.7513,12.2294,
IT,41.7517,16.1544,Cala dell'Aquila
IT,41.7533,16.1592,Baia del Leone
IT,41.7591,12.2265,
IT,41.7621,16.1655,Vignanotica
IT,41.7639,12.2239,
IT,41.7658,12.2231,
IT,41.7667,12.2221,
IT,41.7677,12.2219,
IT,41.7694,12.2205,
IT,41.7731,12.2217,
IT,41.7792,16.1865,Cala della Pergola
IT,41.7853,16.1877,Pugnochiuso
IT,41.7893,16.1891,Portopiatto
IT,41.7898,16.1929,Cala di pietra
IT,41.7947,12.2195,Focene
IT,41.7998,16.1927,Portogreco
IT,41.8043,12.2149,
IT,41.8097,16.1929,Cala della Sanguinara
IT,41.8112,12.2124,
IT,41.8151,16.1954,Baia di Campi
IT,41.8169,12.2098,
IT,41.8179,12.2096,
IT,41.8197,12.2088,
IT,41.8233,12.2072,
IT,41.8285,16.1883,Baia San Felice
IT,41.8286,12.2049,
IT,41.8299,16.1893,Baia San Felice
IT,41.8317,16.1891,Scogliera dei Cavoli
IT,41.8445,16.1819,Portonuovo
IT,41.8479,12.1941,
IT,41.853,16.1778,Grotta dei Pipistrelli
IT,41.8554,16.1762,Spiaggia libera
IT,41.8666,16.176,Scialara o Castello
IT,41.8672,16.1755,Spiaggia libera
IT,41.8678,12.1818,
IT,41.8722,12.1789,Bau Beach
IT,41.8738,16.1762,Spiaggia libera
IT,41.8748,12.1773,
IT,41.8759,16.1766,Spiaggia libera
IT,41.8767,16.1767,Spiaggia libera
IT,41.8866,16.1699,Spiaggia libera
IT,41.8867,16.1702,
IT,41.887,12.1679,
IT,41.8873,16.1679,spiaggia libera
IT,41.8881,16.1659,spiaggia libera
IT,41.8889,16.1645,spiaggia libera
IT,41.8896,16.1665,San Lorenzo o Convento
IT,41.8919,16.1612,spiaggia libera
IT,41.8934,16.1606,spiaggia libera
IT,41.8953,16.1578,Dietro San Lorenzo o U Murt
IT,41.8983,16.155,Spiaggia dei Colombi
IT,41.8989,16.1548,Spiaggia dei Colombi
IT,41.9004,16.154,Punta Lunga
IT,41.9006,15.389,Spiaggia di Morella
IT,41.9019,16.1533,Braico
IT,41.9021,15.3705,Spiaggia di Pennacchio
IT,41.9051,12.1517,
IT,41.9058,16.1511,Molinella
IT,41.9082,15.3503,Spiaggia dell'Acquarotta
IT,41.9147,15.537,
IT,41.9168,15.3308,
IT,41.9174,15.7394,Isola di Varano
IT,41.9188,15.2387,
IT,41.9189,16.1224,Scialmarino
IT,41.9196,15.2625,
IT,41.9206,15.6651,
IT,41.921,15.8069,Foce Varano
IT,41.9229,15.18,
IT,41.924,15.8344,
IT,41.9275,15.8663,Spiaggia Due Pini
IT,41.9276,16.1042,Spiaggia stretta
IT,41.9276,16.1085,la Chianca
IT,41.9288,16.1009,Crovatico
IT,41.929,15.8774,Lido Ponente Rodi
IT,41.9307,15.8844,
IT,41.9319,15.9107,Spiaggia di Levante
IT,41.932,16.0954,Sfinalicchio
IT,41.9346,15.9341,
IT,41.9347,15.1082,
IT,41.9351,16.0917,Sfinale o Spinale
IT,41.9368,15.948,San Menaio
IT,41.9399,15.9674,Spiaggia dei Cento scalini o delle Tufare
IT,41.9413,15.9756,Murgia della Madonna o Sospetto
IT,41.9413,16.0745,Bescile o Manacore
IT,41.9425,15.9829,Spiaggia di Calenelle
IT,41.9434,16.0692,Santa Croce
IT,41.9436,16.066,Gusmay
IT,41.9449,15.0761,
IT,41.9452,16.0623,Cala del Turco
IT,41.9453,16.025,Procinisco
IT,41.9453,16.0582,Cala Lunga
IT,41.9455,15.9999,Jalillo
IT,41.9456,16.0347,San Nicola
IT,41.9459,16.0412,Zaiana
IT,41.9464,16.0059,
IT,41.9464,16.0075,spiaggia libera
IT,41.9464,16.0479,Manaccora
IT,41.9479,16.0179,La Cala
IT,41.9483,16.01,Marina di Peschici
IT,41.9571,15.0606,Campomarino Lido
IT,41.9931,15.0078,Spiaggia di Rio Vivo
IT,42.0068,14.9786,Spiaggia di Sant'Antonio
IT,42.0118,14.9476,
IT,42.0179,14.9171,Spiaggia del Lungomare Nord
IT,42.0232,14.893,
IT,42.0267,14.8818,
IT,42.0301,14.8712,
IT,42.0351,14.857,Spiaggia di Petacciato Marina
IT,42.0426,14.8385,Spiaggia di Cala D'Or
IT,42.0652,14.7945,
IT,42.0666,14.7912,
IT,42.0683,14.7833,
IT,42.0698,14.7799,
IT,42.0711,14.7772,
IT,42.0721,14.7735,
IT,42.0765,14.7618,
IT,42.0942,14.735,Spiaggia di Vasto Marina
IT,42.1068,14.7176,Spiaggia della Sirenetta
IT,42.1156,15.4929,Spiaggia Matano
IT,42.1189,14.7203,Spiaggia di Casarza
IT,42.1196,15.4963,Lido le Arene
IT,42.1196,15.5021,
IT,42.1216,15.4946,Spiaggia dei Pagliai
IT,42.1239,14.7222,
IT,42.1276,14.7219,Spiaggia di Torricella
IT,42.1282,15.5133,Spiaggia le Marinelle
IT,42.1324,14.7196,Spiaggia di San Nicola
IT,42.1344,14.7202,Spiaggia di San Nicola
IT,42.1402,14.7187,Spiaggia della Canale
IT,42.1452,14.7184,Spiaggia di Vignola a Mare
IT,42.1488,14.7175,
IT,42.1526,14.7184,Spiaggia della Grotta del Saraceno
IT,42.1654,14.7171,Spiggia della Foce Lebba
IT,42.1755,14.6985,Spiaggia di Punta Penna
IT,42.1781,14.6891,Spiaggia dei Libertini
IT,42.1796,14.6851,Spiaggia di Punta Aderci
IT,42.1822,14.6754,Spiaggia di Mottagrossa
IT,42.1901,14.6519,Spiaggia di Torre Sinello
IT,42.1939,14.6382,Spiaggia di Casalbordino
IT,42.2003,14.6177,Spiaggia di Santo Stefano
IT,42.2071,14.6005,Spiaggia delle Morge
IT,42.2128,14.5879,
IT,42.2173,14.5779,Spiaggia Lido Le Morge
IT,42.2308,14.5512,
IT,42.2493,14.519,
IT,42.2653,14.5012,
IT,42.2755,14.4965,
IT,42.2778,14.4928,Spiaggia della Foce
IT,42.2878,14.4802,
IT,42.2906,14.4751,
IT,42.2933,14.4716,
IT,42.2971,14.4644,
IT,42.2989,14.4617,
IT,42.3006,14.459,Spiaggia di Cala Turchino
IT,42.3035,14.4541,Rocco Mancini
IT,42.3071,14.4488,Maruccio
IT,42.3094,14.4459,
IT,42.3129,11.5984,
IT,42.3129,14.4409,Spiaggia di Calata Cintioni
IT,42.3187,11.5896,
IT,42.3197,14.4335,Spiaggia di Ripari Bardella
IT,42.3213,11.5857,
IT,42.3243,11.5818,
IT,42.3258,11.5791,
IT,42.327,11.577,
IT,42.327,11.5781,
IT,42.3274,11.5772,
IT,42.3279,11.5751,
IT,42.3285,10.293,
IT,42.3306,14.4244,Spiaggia di Punta Acquabella
IT,42.335,10.2936,
IT,42.3441,10.9223,Cala delle Caldane
IT,42.3442,14.4131,Lido Saraceni
IT,42.3506,10.9214,
IT,42.3514,10.9205,Le Cannelle
IT,42.3594,14.4085,Spiaggia della Ritorna
IT,42.3606,10.9194,
IT,42.3613,10.9195,
IT,42.3623,11.1554,La Ciana
IT,42.3629,14.3999,
IT,42.3657,10.8786,
IT,42.3662,11.1628,Cala Piazzoni
IT,42.3674,10.8812,
IT,42.3695,11.1517,Il Purgatorio
IT,42.3696,11.1517,Il Purgatorio
IT,42.3697,10.9127,
IT,42.3708,11.1886,Cala dei Santi
IT,42.3717,14.3922,Spiaggia dei Ripari di Giobbe
IT,42.3755,11.1889,Acqua Dolce
IT,42.3757,11.1888,L'Acqua Dolce
IT,42.3758,14.3829,Spiaggia di Punta Ferruccio
IT,42.3779,11.1413,Spiaggia le Cannelle
IT,42.378,11.1414,Le Cannelle
IT,42.3782,14.3755,
IT,42.3787,11.1369,Mar Morto
IT,42.3787,11.1371,Mar Morto
IT,42.3791,11.192,
IT,42.3798,11.1922,Lo Sbarcatello
IT,42.382,11.1958,Spiaggia Lunga
IT,42.3821,11.1958,Spiaggia Lunga
IT,42.3824,14.3648,
IT,42.3829,11.1313,Sassi Verdi
IT,42.3831,11.1314,Sassi Verdi
IT,42.3839,11.1302,Sassi Verdi
IT,42.3841,11.2043,Le Pilette
IT,42.3846,11.2059,Le Suore
IT,42.3846,11.206,Le Suore
IT,42.386,11.2084,
IT,42.3862,11.1269,Le Scorpacciate
IT,42.3866,11.2087,Le Viste
IT,42.3867,11.2089,Le Viste
IT,42.3872,11.4148,
IT,42.3893,11.119,Cala dell'Olio
IT,42.3893,11.1191,
IT,42.3919,11.105,La Maddalena
IT,42.392,11.105,La Maddalena
IT,42.3936,14.3428,Spiaggia di Lido Riccio
IT,42.3937,11.1002,Capo d'Uomo
IT,42.3938,11.1002,Capo d'Uomo
IT,42.3972,11.3729,Spiaggia di Capalbio
IT,42.4021,11.3403,
IT,42.4028,11.095,Cala Piccola
IT,42.4028,11.0952,Cala Piccola
IT,42.4039,11.2092,Cala Galera
IT,42.404,11.2093,
IT,42.4071,11.3043,
IT,42.4097,11.0917,Cala del Bove
IT,42.4131,11.2438,Spiaggia della Feniglia
IT,42.4137,14.3055,
IT,42.416,11.0921,Cala del Gesso
IT,42.4162,11.0921,Cala del gesso
IT,42.4166,11.279,Al Cartello
IT,42.4178,11.2766,La Capannuccia
IT,42.4286,11.0918,Cala Grande
IT,42.4287,11.0919,
IT,42.4291,11.0939,
IT,42.4298,11.0948,Cala Grande
IT,42.4315,11.0965,Cala Grande
IT,42.4326,11.0975,
IT,42.4339,11.1402,Pozzarello
IT,42.434,11.1459,La Soda
IT,42.434,11.1575,Santa Liberata
IT,42.434,11.1577,
IT,42.4342,11.1475,La Soda
IT,42.4343,11.1403,Pozzarello
IT,42.4343,11.1477,
IT,42.4351,11.1532,Bagni di Domiziano
IT,42.4355,11.153,Bagni di Domiziano
IT,42.4361,14.2682,
IT,42.4371,11.1352,La bionda
IT,42.4372,11.1352,
IT,42.4373,11.1297,La Cantoniera
IT,42.4374,11.1288,La Cantoniera
IT,42.438,11.1209,La Marinella
IT,42.4383,11.1326,
IT,42.4383,11.1327,Punta Nera
IT,42.4387,11.1002,
IT,42.4388,11.1002,La Cacciarella
IT,42.4392,11.1164,
IT,42.442,11.1159,Il Moletto
IT,42.4428,11.1152,La Caletta
IT,42.4452,11.1133,
IT,42.4452,14.2534,Spiaggia Libera Tutti
IT,42.4453,11.1131,Il Siluripedio
IT,42.4491,14.248,
IT,42.4496,14.2474,
IT,42.4504,14.2463,
IT,42.4542,14.2411,
IT,42.4555,11.1802,Bau Beach (dogs allowed)
IT,42.4576,14.2367,Spiaggia libera
IT,42.4587,14.2349,Spiaggia libera
IT,42.4607,14.2337,
IT,42.4617,14.2319,Spiaggia libera
IT,42.467,11.1773,
IT,42.4682,14.2244,Arena del Mare
IT,42.474,14.212,Spiaggia libera
IT,42.4807,14.2064,
IT,42.4922,14.1879,
IT,42.4927,14.187,Spiaggia libera
IT,42.4969,14.1823,Spiaggia libera
IT,42.4996,14.1797,Spiaggia libera
IT,42.507,14.1724,Spiaggia libera
IT,42.5081,14.1714,Spiaggia libera
IT,42.5088,14.1709,Spiaggia libera
IT,42.5092,14.1705,Spiaggia libera
IT,42.5099,14.1694,
IT,42.5105,14.1691,Spiaggia libera
IT,42.511,14.1685,Spiaggia libera
IT,42.5183,14.1609,Spiaggia accessibile per disabili
IT,42.5192,14.16,Spiaggia libera
IT,42.52,14.1593,Spiaggia libera
IT,42.5263,14.1505,
IT,42.5279,11.1806,
IT,42.5479,14.1261,
IT,42.5523,11.1346,Spiaggia del Cannone
IT,42.5525,11.1643,Hidden rock beach
IT,42.5554,11.1637,La Spiaggia di Bengodi
IT,42.5597,11.1587,
IT,42.5629,11.1545,Kite surf beach
IT,42.5683,14.1044,
IT,42.5756,14.0984,
IT,42.5848,14.0902,Spiaggia di Torre del Cerrano
IT,42.5904,10.0945,
IT,42.5914,14.0839,
IT,42.5943,14.0813,
IT,42.5964,14.0795,
IT,42.6041,14.0732,
IT,42.616,14.0638,
IT,42.6171,11.0871,
IT,42.6221,14.0591,
IT,42.6256,14.0564,
IT,42.6264,14.0559,
IT,42.6272,14.0554,
IT,42.6282,11.0842,Cala Rossa
IT,42.6284,14.0545,
IT,42.6397,11.0544,
IT,42.6451,14.0441,
IT,42.6932,10.9939,
IT,42.6994,14.0044,
IT,42.7133,10.3991,
IT,42.7139,10.3922,Spiagga Le Francesche
IT,42.7146,10.4041,Spiaggia del Cannello
IT,42.716,10.413,Spiagga di Remaiolo
IT,42.7166,10.4103,Spiagga di Vetrangoli
IT,42.7204,10.3758,
IT,42.722,10.9725,
IT,42.723,10.3768,Innamorata
IT,42.7243,10.9711,
IT,42.7245,10.4337,Spiagga del Ginepro
IT,42.7252,10.3739,
IT,42.7265,10.3732,
IT,42.7266,10.3739,
IT,42.7282,10.3753,Pareti
IT,42.7295,10.4311,Spiaggia dello Stagnone
IT,42.7298,10.3743,
IT,42.7317,10.3729,
IT,42.7326,10.1659,Spiaggia Le Calle
IT,42.7327,10.1536,Spiaggia di Fetovaia
IT,42.7336,10.1704,Spiaggia Le Piscine
IT,42.7338,10.1709,Le Piscine - spiaggia naturista
IT,42.734,13.9828,
IT,42.7352,10.2362,Galenzana
IT,42.7356,10.1332,Spiaggia naturista Le Tombe
IT,42.7357,10.3684,Spiaggia di Peducelli
IT,42.7358,10.204,Spiaggia Colle della Palombaia
IT,42.7362,10.1766,Seccheto
IT,42.7369,10.1868,Spiaggia di Cavoli
IT,42.7369,10.3681,
IT,42.7371,10.1841,Spiaggia di Cavoli
IT,42.7383,10.2348,Spiaggia dei Salandri
IT,42.7384,10.4265,
IT,42.7387,10.426,
IT,42.7419,10.3157,Cala Ginevra
IT,42.7423,10.4201,Spiaggia di Buzzancone
IT,42.7431,10.4151,Spaggia di Istia
IT,42.7433,10.4129,Calanova
IT,42.7436,10.1222,
IT,42.7439,10.411,Spiaggia di Malpasso
IT,42.7441,10.3632,Spiaggia di Stecchi
IT,42.7443,10.1216,
IT,42.7449,10.1209,
IT,42.7452,10.2643,Spiaggia di Fonza
IT,42.7453,10.3149,Cala Chiara
IT,42.7453,10.4098,
IT,42.7456,10.1197,Spiaggia del Relitto
IT,42.7457,10.4084,Ferrato
IT,42.7459,13.9773,
IT,42.746,10.9219,Spiaggia Le Marze
IT,42.7467,10.1188,Spiaggia di Pomonte
IT,42.747,10.2401,Spiaggia di Marina Di Campo
IT,42.7472,10.3243,
IT,42.7481,10.1188,
IT,42.7482,10.3607,Spiaggia di Barabarca
IT,42.7482,10.4063,Straccoligno
IT,42.7497,10.3223,Spiaggia di Capo Stella
IT,42.7502,10.3222,
IT,42.7506,10.3218,
IT,42.7511,10.3592,Spiaggia Zuccale
IT,42.7516,10.3142,
IT,42.7535,10.3136,Cala di Stella Mare
IT,42.7541,10.2923,
IT,42.7545,10.409,
IT,42.7549,10.312,Spiaggia di Casa Canata
IT,42.7552,10.404,Spiagga di Naregno
IT,42.7561,10.2975,Spiaggia della Contessa
IT,42.7567,10.2961,Spiaggia di Laconella
IT,42.7567,10.2976,
IT,42.7572,10.3967,Spiaggia Hotel Elba
IT,42.7584,10.3062,Spiaggia di Lacona
IT,42.7585,10.358,Le Calanchiole
IT,42.7596,10.1113,
IT,42.7601,10.3553,Lido di Capoliveri
IT,42.7602,10.3212,Spiagga Margidore
IT,42.7607,10.3864,Spiaggia di Mola
IT,42.7611,10.3317,
IT,42.7614,10.327,
IT,42.7614,10.3879,
IT,42.7617,10.3261,
IT,42.7627,10.3927,
IT,42.7628,10.3486,Spiaggia di Felciaio
IT,42.7633,10.3344,Spiaggia degli Acquarilli
IT,42.7634,10.4029,Spiaggietta Carmignani
IT,42.7635,10.8708,
IT,42.7636,10.3994,La Pianotta
IT,42.764,10.3423,Spiaggia di Norsi
IT,42.7644,10.3956,La Rossa
IT,42.7654,10.1049,
IT,42.7679,13.9638,
IT,42.7693,10.4073,Spiagga di Barbarossa
IT,42.7693,10.8427,Spiaggia Rocchette
IT,42.7709,10.4159,Spiagga di Reale
IT,42.771,10.8355,Riva del sole
IT,42.7726,10.4183,
IT,42.7737,10.4196,Spiaggia di Terranera
IT,42.7747,10.8084,
IT,42.7783,10.4343,
IT,42.7831,10.7739,
IT,42.7846,10.7688,
IT,42.7866,10.1043,Mortigliana
IT,42.7872,10.7643,
IT,42.7875,10.2367,Spartaia
IT,42.7884,10.2319,Spiaggia della Paolina
IT,42.7894,10.2282,Re di Noce
IT,42.7901,10.4325,
IT,42.7908,10.2451,Procchio
IT,42.7921,10.1094,Patresi Mare
IT,42.7928,10.1099,Patresi Mare
IT,42.794,10.4297,Spiaggia di Ortano
IT,42.794,10.7517,
IT,42.7951,10.1139,Spiaggia Polveraia
IT,42.7952,10.7492,
IT,42.7978,10.2613,Spiaggia della Lamaia
IT,42.798,13.9472,
IT,42.7981,10.3521,
IT,42.7992,10.7415,
IT,42.7993,10.2574,Spiaggetta del Porticciolo
IT,42.7997,10.7395,
IT,42.801,10.7358,
IT,42.8015,10.2674,Spiaggia della Biodola
IT,42.8017,10.7316,
IT,42.8021,10.2115,Spiaggia Remontó
IT,42.8021,10.3599,Spiaggia dell'Ottone
IT,42.8028,10.4337,
IT,42.8032,10.4317,Spiaggia del Porticciolo
IT,42.8038,10.7323,
IT,42.8039,10.4311,
IT,42.804,10.3616,Ottonella
IT,42.8044,10.2696,Spiaggia di Scaglieri
IT,42.8059,10.1993,
IT,42.8059,10.4295,Spiaggia Luisi d'Angelo
IT,42.806,10.1699,Spiaggia La Cala
IT,42.8062,10.2064,La Crocetta
IT,42.8063,10.7451,
IT,42.8065,10.1974,
IT,42.8074,10.1412,Spiaggia di Sant' Andrea
IT,42.8075,10.1474,
IT,42.8076,10.2677,Spiaggia di Forno
IT,42.8078,10.1789,Spiaggia Ripa Barata
IT,42.8092,10.1931,La Fenicia (pebbles)
IT,42.8106,10.3628,Spiaggia di Bagnaia
IT,42.8114,10.4294,Spiaggia di Gennaro
IT,42.8126,10.332,
IT,42.8138,10.3333,Spiaggia del Grigolo
IT,42.8144,10.4298,Spiaggia La Torre
IT,42.8172,10.2752,
IT,42.8173,10.3308,
IT,42.8174,10.3234,Spiaggia delle Ghiaie
IT,42.8176,10.3675,
IT,42.8182,10.3188,Cala dei frati
IT,42.8184,10.7608,
IT,42.8187,10.2962,Spiaggia Seccione
IT,42.8191,10.305,Spiaggia di Sottobomba
IT,42.8202,10.3163,Spiaggia della Padulella
IT,42.8206,10.3136,Spiaggia di Capo Bianco
IT,42.8212,10.3718,
IT,42.8228,10.2793,Spiaggia Sansone
IT,42.8233,10.2822,Spiaggia La Sorgente
IT,42.8244,10.2692,Enfola
IT,42.8245,10.267,Spiaggetta della Rena
IT,42.8246,10.4311,Spiaggia del Portello
IT,42.8254,10.2695,Spiaggia della Calanca
IT,42.8259,10.3785,Spiaggia di Nisporto
IT,42.8261,13.9364,
IT,42.8268,10.2624,Spiaggia dello Sbruffo
IT,42.8271,10.4325,Spiaggia del Malpasso di Rio
IT,42.8311,10.4347,Spiaggia di Ripabianca
IT,42.8336,10.3857,Spiaggia di Nisportino
IT,42.8369,10.4381,Spiaggia dei Topinetti
IT,42.8372,10.7743,
IT,42.839,10.3865,
IT,42.8408,10.388,
IT,42.8419,10.4416,Spiaggia Cala Seregola
IT,42.8437,10.3907,Spiaggia Cala dell'Inferno
IT,42.8473,10.4428,Spiaggia del Direttore
IT,42.8476,10.7754,
IT,42.8524,13.9284,
IT,42.8532,10.435,Spiaggia delle Fornacelle
IT,42.8539,10.7743,Caletta Icardi
IT,42.8566,10.7743,spiaggia di Cala Violina
IT,42.8581,10.4245,Spiaggia di Cavo
IT,42.8613,10.4041,Spiaggia Cala del Pisciatoio
IT,42.8623,10.4209,Spiaggia di Cavo
IT,42.8629,10.4045,
IT,42.8655,10.4207,
IT,42.8665,10.4049,Spiaggia del Velesio
IT,42.867,10.7717,
IT,42.8674,10.7714,
IT,42.8699,10.4167,Spiaggia di Frugoso
IT,42.8825,10.7804,
IT,42.8892,10.7862,
IT,42.8945,13.9155,
IT,42.8954,10.7841,spiaggia cani
IT,42.9137,10.7675,ex Spiaggina
IT,42.9147,10.7501,
IT,42.9191,10.7585,Bau beach
IT,42.9202,10.5355,
IT,42.9206,10.5323,Spiaggia sotto Bernardini
IT,42.9206,10.5389,Spiaggia degli ex Macelli
IT,42.9212,10.5267,
IT,42.9213,10.5252,
IT,42.9219,13.9007,
IT,42.9235,10.5205,
IT,42.9269,10.5174,
IT,42.929,10.5159,
IT,42.93,10.5145,
IT,42.9315,10.5041,
IT,42.932,10.5122,
IT,42.9327,10.5092,
IT,42.933,10.4953,
IT,42.9332,10.7271,ex Tony's
IT,42.9351,10.4988,Spiaggia di Cala Moresca
IT,42.939,13.8916,
IT,42.9395,10.7132,spiaggia cani
IT,42.9409,10.7097,
IT,42.943,10.7035,
IT,42.9449,10.6972,
IT,42.9461,13.8886,
IT,42.947,10.6884,
IT,42.9474,10.4931,Spiaggia Lunga
IT,42.9501,10.6723,Spiaggia del Pino
IT,42.9518,10.662,spiaggia cani
IT,42.9532,10.5825,
IT,42.9532,10.639,
IT,42.9539,10.6,
IT,42.9542,10.6114,
IT,42.9593,13.8848,
IT,42.9707,13.8789,
IT,42.98,13.8763,
IT,42.9901,13.8728,
IT,42.9902,10.5046,
IT,42.9954,10.5114,
IT,43.0056,10.5125,
IT,43.0089,13.8659,
IT,43.0195,13.863,
IT,43.031,13.8599,
IT,43.0322,10.5258,Nido dell'Aquila
IT,43.0366,13.8584,
IT,43.0496,9.8411,La Grotta
IT,43.0525,9.8379,Spiaggia del Frate
IT,43.0568,10.5278,Spiaggia di Rimigliano
IT,43.0578,13.8512,Spiaggia di Marina di Massignano
IT,43.0659,9.8317,
IT,43.0815,10.5362,Spiaggia Libera
IT,43.0836,10.5367,Spiaggia Libera
IT,43.0857,10.537,Spiaggia Libera
IT,43.0881,10.5374,Spiaggia Libera
IT,43.0899,10.5375,Spiaggia Libera
IT,43.0916,10.5377,Spiaggia Libera
IT,43.0929,10.5379,Spiagga Libera
IT,43.0943,10.5381,Spiaggia Libera
IT,43.1373,13.8216,
IT,43.1487,13.8162,
IT,43.1602,13.8115,Spiaggia Marina Palmense
IT,43.1774,13.801,Spiaggia libera
IT,43.1805,13.7995,Spiaggia libera
IT,43.1815,13.7989,Spiaggia libera
IT,43.1836,13.7991,
IT,43.1845,10.5285,Spiaggia
IT,43.2083,13.7872,
IT,43.2453,10.5245,Bibbona
IT,43.2465,13.7702,Spiaggia Lungomare Sud
IT,43.2492,10.523,Puplic Beach
IT,43.2679,13.7571,Spiaggia Lungomare Nord
IT,43.2703,10.5135,
IT,43.2761,10.5109,
IT,43.2811,10.5084,
IT,43.2863,13.747,
IT,43.288,10.504,
IT,43.2913,10.5008,
IT,43.2935,10.4981,
IT,43.2953,10.4964,
IT,43.2956,10.496,
IT,43.2975,10.4929,
IT,43.3013,10.489,
IT,43.3028,13.738,Spiaggia Lungomare Sud
IT,43.3036,10.4845,Gorette Sud
IT,43.3055,10.483,Gorette Sud
IT,43.3092,10.4778,Gorette Sud
IT,43.3134,10.4719,
IT,43.3159,10.4671,
IT,43.3186,10.4633,
IT,43.321,10.4609,
IT,43.3221,13.721,Spiaggia Lungomare Nord
IT,43.3242,10.4583,
IT,43.3307,10.4559,
IT,43.3347,13.7112,
IT,43.3422,10.4543,
IT,43.3448,13.7054,
IT,43.3503,10.4513,
IT,43.3509,13.7027,
IT,43.3514,10.4507,
IT,43.3524,10.4503,
IT,43.3538,10.4494,
IT,43.3539,10.4444,
IT,43.3566,10.4435,
IT,43.3608,10.4426,
IT,43.3647,10.4419,
IT,43.3653,10.4416,
IT,43.3671,13.6953,
IT,43.3731,10.4391,
IT,43.3739,10.4367,Spiagge Bianche
IT,43.3835,10.4311,
IT,43.3857,10.4304,
IT,43.3898,10.4294,
IT,43.3909,10.4287,
IT,43.3925,10.4282,
IT,43.393,13.6838,
IT,43.3971,10.4266,
IT,43.3976,10.4265,
IT,43.3982,10.4255,
IT,43.3993,10.4253,
IT,43.4001,10.4245,
IT,43.4002,10.4237,
IT,43.4022,10.4101,Bagni Miramare
IT,43.4022,10.4103,
IT,43.4026,10.4105,Bagni Lido
IT,43.403,10.4117,Bagni Ausonia
IT,43.4046,10.405,Spiaggia Cianciafera
IT,43.4058,10.4066,
IT,43.4066,10.4074,
IT,43.4079,10.4073,
IT,43.4087,10.4069,
IT,43.4093,10.4066,Spiaggia del Quercetano
IT,43.4096,10.4064,
IT,43.4096,13.6771,
IT,43.4097,10.4062,
IT,43.4188,10.4011,
IT,43.42,10.4013,Spiaggia le Forbici
IT,43.4244,10.4008,
IT,43.4252,10.4004,Spiaggia di Santa Lucia
IT,43.4258,10.3997,
IT,43.4266,10.3993,
IT,43.4272,10.3977,Spiaggia dell'arancio
IT,43.4303,10.3914,Spiaggia del Fortullino
IT,43.4313,9.9065,Arenile del Porticciolo
IT,43.4343,13.664,
IT,43.446,13.6575,
IT,43.4462,10.3815,
IT,43.4471,10.3798,
IT,43.4505,10.3757,Spiaggia dei ghiaioni
IT,43.4528,10.3732,Spiaggia della piega
IT,43.4566,10.3677,Arenile della Madonnina
IT,43.4581,10.3659,
IT,43.4586,10.3646,
IT,43.4588,10.3641,Arenile di Quercianella
IT,43.4589,13.6503,spiaggia libera
IT,43.4608,13.6493,
IT,43.461,10.3605,
IT,43.4616,10.3585,Spiaggia del Sonnino
IT,43.4638,10.3543,Cala del Leone
IT,43.4645,10.343,Sassoscritto
IT,43.4651,10.3483,Calignaia
IT,43.4721,10.3341,
IT,43.479,10.3315,Spiaggia del Maroccone
IT,43.4791,10.3315,
IT,43.4828,10.3321,
IT,43.484,10.3315,
IT,43.4849,10.3294,
IT,43.4878,10.3292,Arenile del Cantuccio
IT,43.4888,10.328,Arenile del corsaro
IT,43.4916,13.6319,
IT,43.4935,10.3239,
IT,43.4938,10.3234,Spiaggetta delle ville
IT,43.4947,10.3234,Spiaggia del Pendola
IT,43.4985,10.321,Spiaggia del sale
IT,43.5011,10.3201,Scoglio della Ballerina
IT,43.5023,10.32,Calalonga
IT,43.5038,10.3199,Cabianca
IT,43.5044,10.3196,Spiaggia della tamerice
IT,43.5077,10.3189,Arenile della Donzella
IT,43.5092,10.3185,Tre Ponti
IT,43.5105,10.3186,Tre Ponti
IT,43.5125,10.3167,Spiaggia della Rotonda
IT,43.5128,13.6248,La Spiaggiola
IT,43.5133,10.3155,Scogli della Rotonda
IT,43.5154,13.6242,Spiaggia dei Frati
IT,43.5187,10.3153,Spiaggia del Felciaio
IT,43.5191,10.3143,
IT,43.5192,10.3134,
IT,43.5193,10.3131,
IT,43.5199,10.3128,Spiaggia della vela
IT,43.5224,10.3106,Spiaggia dell'Accademia
IT,43.5235,13.6237,Spiaggia Urbani
IT,43.5272,13.6218,Spiaggia di San Michele
IT,43.5293,10.3062,
IT,43.5319,13.6212,Spiaggia dei Sassi Neri
IT,43.5333,10.3017,
IT,43.5378,10.3003,
IT,43.5394,10.3003,
IT,43.5408,10.3007,Bellana
IT,43.5437,13.6277,Spiaggia delle Velare
IT,43.5463,13.6275,Spiaggia delle Due Sorelle
IT,43.5485,13.6269,Spiaggia dei Gabbiani
IT,43.5516,13.6186,Spiaggia dei Forni
IT,43.5547,13.6147,Spiaggia dei Sassi Bianchi
IT,43.5549,10.2884,
IT,43.5576,10.2868,
IT,43.5601,13.6056,Spiaggia della Vela
IT,43.5628,13.5994,Spiaggia della Torre
IT,43.565,13.5954,La Spiaggina
IT,43.5652,13.5878,Spiaggia del Molo
IT,43.5725,13.5739,Spiaggia di Mezzavalle
IT,43.5793,10.2985,
IT,43.5799,10.298,
IT,43.5822,10.2967,
IT,43.5841,10.2962,
IT,43.5951,10.2929,
IT,43.5987,13.5546,Spiaggia della Vena
IT,43.6052,10.2902,Bagno Il Paguro
IT,43.6107,10.2891,Spiaggia libera
IT,43.6165,10.289,
IT,43.6169,13.5338,Spiaggia del Passetto
IT,43.6207,10.2881,Spiaggia libera Verruca
IT,43.6219,13.5245,
IT,43.624,13.4205,
IT,43.6246,13.5164,
IT,43.6286,10.2886,
IT,43.6415,10.2847,
IT,43.6468,13.3606,
IT,43.6522,13.346,
IT,43.6628,10.2777,
IT,43.666,10.2757,
IT,43.6698,10.2735,
IT,43.6703,13.3069,
IT,43.6718,10.2723,
IT,43.6759,10.2699,
IT,43.6819,10.2805,
IT,43.6831,10.2818,
IT,43.6836,10.2821,
IT,43.6841,10.2822,
IT,43.6856,10.2825,
IT,43.6879,10.283,
IT,43.6905,10.283,
IT,43.6933,10.2823,
IT,43.6964,10.2818,
IT,43.6999,10.2809,
IT,43.7019,13.2479,Spiaggia di Velluto
IT,43.7179,10.2783,
IT,43.7183,13.2233,Spiaggia di Velluto
IT,43.7349,13.1967,Spiaggia di Velluto
IT,43.7417,10.2778,
IT,43.7494,13.1737,
IT,43.7598,13.1566,
IT,43.7608,10.2736,
IT,43.7756,13.131,
IT,43.7764,7.6728,
IT,43.7768,7.6711,
IT,43.7785,7.6612,
IT,43.781,7.6502,
IT,43.7825,7.6781,
IT,43.7828,7.6401,
IT,43.7836,7.5368,Spiaggia di Capo Mortola
IT,43.784,7.5424,Spiaggia del Darsenún
IT,43.7841,7.6809,
IT,43.7842,7.6316,
IT,43.7845,7.6293,
IT,43.7856,7.6852,
IT,43.7862,7.6182,
IT,43.7867,13.1138,
IT,43.7887,7.6038,
IT,43.7899,7.5635,
IT,43.7901,7.5664,
IT,43.7904,13.1085,
IT,43.7918,7.59,Le Calandre
IT,43.7923,7.57,
IT,43.7928,7.5739,
IT,43.7956,7.7362,
IT,43.7956,7.7369,
IT,43.7957,7.7351,
IT,43.7962,10.2644,
IT,43.7963,7.7331,
IT,43.7964,7.7325,
IT,43.7965,7.6963,
IT,43.7968,7.6967,
IT,43.7969,7.7306,
IT,43.7972,7.6973,
IT,43.7977,7.698,
IT,43.7977,10.2638,
IT,43.798,7.7267,
IT,43.7986,7.7248,
IT,43.7989,7.7238,
IT,43.799,7.7013,
IT,43.7995,7.7211,
IT,43.8005,7.7155,
IT,43.8006,7.7121,
IT,43.8069,7.7527,
IT,43.8069,13.0866,
IT,43.8074,7.7536,
IT,43.8077,7.755,
IT,43.8077,7.756,
IT,43.8078,7.7567,
IT,43.8078,7.7603,Lido Foce
IT,43.8079,7.7575,
IT,43.8079,7.7582,
IT,43.8079,7.7588,La Bussola Beach
IT,43.8079,7.7595,
IT,43.8085,7.7613,Ippocampo srl
IT,43.8091,7.7629,Bagni Paradiso
IT,43.81,7.7647,
IT,43.8116,7.7666,
IT,43.8127,7.7684,
IT,43.8129,7.7701,
IT,43.8133,10.2595,
IT,43.8134,7.7723,
IT,43.8136,7.7754,
IT,43.8142,13.0769,Laghetto Blu
IT,43.8178,7.7819,
IT,43.8186,7.7822,
IT,43.8202,7.7984,Spiaggia la piccola caletta
IT,43.8215,7.8399,
IT,43.8217,7.8007,
IT,43.8221,7.8147,
IT,43.8223,7.8127,Tre Ponti
IT,43.8228,7.8089,La Brezza
IT,43.8254,7.8431,
IT,43.8265,13.0593,
IT,43.8295,7.851,
IT,43.8311,7.8576,
IT,43.8341,7.8672,
IT,43.8342,13.0462,
IT,43.8346,10.2499,
IT,43.8357,7.8708,
IT,43.8359,7.8724,
IT,43.8359,7.8795,
IT,43.8362,7.8755,
IT,43.8365,10.2488,la Lecciona Spiaggia naturista;naturist beach
IT,43.8366,7.8817,
IT,43.8366,7.9004,Baia Azzurra
IT,43.8367,7.9061,
IT,43.8371,7.8825,
IT,43.8373,7.8872,
IT,43.8374,7.8953,
IT,43.8376,7.8925,
IT,43.838,7.8899,
IT,43.8385,10.2477,Lecciona
IT,43.8402,7.9147,
IT,43.843,7.9171,Spiaggia libera Aregai di Cipressa
IT,43.8442,10.2451,Spiaggia Libera
IT,43.8456,13.0274,Sassonia
IT,43.8501,7.9571,
IT,43.8512,7.9622,
IT,43.8519,13.0122,Lido
IT,43.8526,13.0091,
IT,43.8533,7.9663,Baia delle Vele
IT,43.8537,7.9663,Baia delle Vele
IT,43.8546,13.0049,Arzilla
IT,43.8548,7.9674,Baia delle Vele
IT,43.8557,10.2387,Spiaggia Libera
IT,43.8591,12.997,
IT,43.8597,7.9696,Spiaggia della Marina
IT,43.8642,10.2414,
IT,43.8675,7.9979,
IT,43.8683,8.0014,
IT,43.869,8.0019,
IT,43.8695,8.0042,
IT,43.8719,8.0137,
IT,43.872,8.0128,
IT,43.873,12.9749,Baia del Re
IT,43.874,8.0182,
IT,43.8754,8.0202,Spiaggia d'Oro
IT,43.876,10.235,
IT,43.88,12.9647,
IT,43.8838,8.0311,
IT,43.8869,8.0469,
IT,43.8873,8.0507,Spiaggia dei Cani
IT,43.8873,8.0525,
IT,43.8874,8.0493,
IT,43.8877,8.0566,
IT,43.8879,12.9544,
IT,43.888,8.0582,
IT,43.8884,8.062,Spiaggia Galeazza
IT,43.889,8.0665,Spiaggia Galeazza
IT,43.8891,8.0662,Spiaggia Galeazza
IT,43.8901,8.0699,Spiaggia Galeazza
IT,43.8912,8.0724,Spiaggia Galeazza
IT,43.893,8.0754,Spiaggia Galeazza
IT,43.8954,10.2222,
IT,43.8973,8.0806,
IT,43.8975,8.0809,
IT,43.898,12.9413,Spiaggia libera
IT,43.8988,12.9398,Sabbia libera
IT,43.8995,10.219,
IT,43.8995,12.939,Spiaggia libera
IT,43.9036,8.0787,
IT,43.9075,8.082,
IT,43.909,8.0846,
IT,43.909,12.9261,Spiaggia di levante
IT,43.9109,8.0864,
IT,43.9117,8.0873,
IT,43.9122,12.9219,zona 27
IT,43.9126,8.0883,
IT,43.913,10.2086,
IT,43.9142,8.0896,
IT,43.9146,8.0903,
IT,43.9153,8.0913,
IT,43.9157,12.9169,Bagni tina 22
IT,43.9159,8.0925,
IT,43.9161,12.9159,Bagni Lallo 21
IT,43.9162,12.9162,bagni lallo 21
IT,43.9163,8.0931,
IT,43.9164,12.9155,bagni paradise beach 20
IT,43.9167,12.915,bagni enrico 19
IT,43.9168,12.9147,bagni enrico 19
IT,43.917,12.9146,bagni spinaci 18
IT,43.9173,12.9142,bagni baronciani 16
IT,43.9176,12.9138,ditta bagni gino di guidi gino 15
IT,43.918,12.9133,bagni roby 14
IT,43.9183,8.099,
IT,43.9183,10.2046,Spiaggia libera
IT,43.9183,12.9128,Bagni Ridolfi N.13
IT,43.9187,12.9123,Bagni 'Lucio' N. 12
IT,43.919,12.9118,Bagni gastone e marta n 11
IT,43.9192,12.912,Spiaggia di Ponente
IT,43.9198,8.1024,Spiaggia libera attrezzata
IT,43.9207,10.2021,
IT,43.9208,8.107,
IT,43.9215,8.1083,
IT,43.9227,12.8965,Lido Luciano Pavarotti
IT,43.9228,8.1108,
IT,43.9237,8.1128,
IT,43.9237,8.1137,Il Pilone
IT,43.9238,8.1137,Spiaggia libera
IT,43.9242,8.1143,
IT,43.9246,8.1153,Spiaggia libera
IT,43.9247,8.1157,Spiaggia libera
IT,43.9251,8.1171,Marina delle Reti
IT,43.9252,8.1184,Spiaggia libera
IT,43.9253,8.1192,Stabilimento Balneare il Porteghetto
IT,43.9264,8.1242,
IT,43.9265,8.127,
IT,43.9312,10.1929,
IT,43.9327,8.1335,
IT,43.94,10.1846,
IT,43.9402,8.1356,
IT,43.9452,8.139,
IT,43.9466,8.1404,
IT,43.9475,8.1419,Spiaggia Libera
IT,43.9479,8.1428,
IT,43.9488,8.1449,Spiaggia libera
IT,43.9498,8.1467,Spiaggia libera attrezzata
IT,43.95,8.1475,
IT,43.9505,8.1497,
IT,43.9512,8.1528,
IT,43.9514,12.8284,
IT,43.9522,8.1631,
IT,43.9525,8.1608,
IT,43.9593,10.1626,
IT,43.9645,8.1676,
IT,43.9677,12.7607,
IT,43.9679,12.7404,
IT,43.9693,12.7368,
IT,43.9711,12.7258,
IT,43.9717,12.7231,
IT,43.9729,8.1608,
IT,43.9729,12.7179,Portoverde Beach
IT,43.9758,10.1436,
IT,43.9765,10.1428,
IT,43.9772,10.1419,Sunset
IT,43.9777,10.1407,
IT,43.9778,12.707,
IT,43.9782,8.1596,
IT,43.9785,10.1401,
IT,43.9788,10.1411,Spiaggia del Cinquale
IT,43.9793,10.1392,
IT,43.9797,10.1385,
IT,43.9801,10.1384,
IT,43.9803,10.1379,
IT,43.9807,8.1594,
IT,43.9808,10.1372,
IT,43.9811,10.1366,
IT,43.9813,10.1364,
IT,43.9814,10.1362,
IT,43.9816,10.136,
IT,43.9818,10.1358,
IT,43.982,10.1355,
IT,43.9826,10.1351,
IT,43.9829,10.1344,
IT,43.9833,10.1338,
IT,43.9837,10.1333,
IT,43.984,10.1331,
IT,43.9841,10.1327,
IT,43.9842,10.1325,
IT,43.9845,12.6927,
IT,43.9847,10.1319,
IT,43.9852,10.1311,
IT,43.9857,10.1306,
IT,43.9858,8.1607,
IT,43.9861,10.1301,
IT,43.9864,10.1296,
IT,43.9868,10.129,
IT,43.987,10.1286,
IT,43.9873,10.1284,
IT,43.9875,10.1281,
IT,43.9878,10.1276,
IT,43.9881,10.1271,
IT,43.9884,10.127,Spiaggia Libera
IT,43.9886,10.1266,
IT,43.9889,10.1263,
IT,43.9892,10.1258,
IT,43.9895,10.1255,
IT,43.9898,10.1252,
IT,43.99,10.1247,Spiaggia Libera
IT,43.9905,10.1242,
IT,43.9907,8.1627,
IT,43.9911,10.1232,
IT,43.9917,10.1225,
IT,43.992,10.122,
IT,43.9924,10.1217,
IT,43.9927,10.1211,
IT,43.9933,10.1204,
IT,43.9936,10.1198,
IT,43.9939,10.1195,
IT,43.9942,10.1191,
IT,43.9945,10.1188,
IT,43.9947,10.1185,
IT,43.995,8.1648,
IT,43.995,10.1183,
IT,43.9952,10.1177,
IT,43.9957,10.1172,
IT,43.996,10.1168,
IT,43.9963,10.1164,
IT,43.9966,10.116,
IT,43.9966,12.6728,
IT,43.9969,10.1156,
IT,43.9971,10.1151,
IT,43.9975,10.1144,
IT,43.9979,10.1136,
IT,43.9984,10.1131,
IT,43.9989,10.1124,
IT,43.999,10.1122,
IT,43.9992,10.1121,
IT,43.9993,10.1116,
IT,43.9995,10.111,Spiaggia Libera di Ronchi
IT,43.9998,10.1106,
IT,44.0001,10.1102,
IT,44.0002,10.1098,
IT,44.0004,10.1095,
IT,44.0005,8.1685,
IT,44.0006,10.1091,
IT,44.0008,10.1084,
IT,44.0011,10.1079,
IT,44.0015,10.1072,
IT,44.0019,10.1067,Spiaggia Libera
IT,44.0021,10.1062,Conca D'Oro Beach
IT,44.0024,10.1058,
IT,44.0027,10.1053,
IT,44.003,10.1048,
IT,44.0033,10.1045,
IT,44.0039,10.1039,Circolo della Vela
IT,44.0041,8.1716,
IT,44.005,10.1021,Bagno Maloha
IT,44.0052,10.1018,Bagno Maria Pia
IT,44.0055,10.1014,Bagno Maddalena
IT,44.0058,10.101,Bagno Grazia
IT,44.0061,10.1005,Bagno Sayonara
IT,44.0064,10.1001,Bagno Carlo Rossi
IT,44.0066,10.0998,Bagno Rossi Sandro
IT,44.0068,10.0994,Bagno Ulderico
IT,44.0071,10.099,Bagno Tirreno
IT,44.0075,10.0985,Spiaggia Libera
IT,44.0077,8.1751,
IT,44.0077,10.0982,
IT,44.0079,10.0979,Bagno Nettuno
IT,44.0082,10.0974,Bagno Giulia
IT,44.0085,10.097,Bagno Italia
IT,44.0094,10.0959,Spiaggia libera
IT,44.0098,10.0951,Bagno Milano
IT,44.0102,10.0944,Bagno Asciutti
IT,44.0106,10.0939,Bagno Mauro
IT,44.011,10.0933,Bagno Villa Gioietta
IT,44.0113,10.0927,Bagno Libeccio Beach
IT,44.0123,10.0915,Bagno Regina Pacis
IT,44.0125,10.0912,Bagno Playa Joven
IT,44.0126,10.0908,Spiaggia Libera
IT,44.013,8.1824,
IT,44.0132,10.0896,Spiaggia Libera
IT,44.0141,12.6466,
IT,44.0146,10.0877,La Scogliera di Evarì La Scogliera dell'Amore
IT,44.0155,10.086,
IT,44.0158,10.0854,Bagno Marchini
IT,44.0165,10.0847,Spiaggia Don Carlo Gnoxcchi
IT,44.0171,10.0838,
IT,44.0176,10.0829,
IT,44.0198,10.0785,Angolo Del Mare
IT,44.0206,8.1923,
IT,44.0208,10.0759,
IT,44.0212,10.0755,
IT,44.0213,10.0752,
IT,44.0216,10.0748,
IT,44.0219,10.0744,
IT,44.022,10.0743,
IT,44.0222,8.193,
IT,44.0222,10.074,
IT,44.0225,12.6349,
IT,44.0226,10.0735,
IT,44.0228,10.0731,
IT,44.023,10.0727,
IT,44.0234,8.1949,
IT,44.0234,10.0722,
IT,44.0238,10.0718,
IT,44.0243,10.0715,
IT,44.0244,10.071,
IT,44.0247,10.0706,
IT,44.0248,8.197,
IT,44.025,10.0703,
IT,44.0252,10.0698,
IT,44.0254,12.6317,
IT,44.0256,10.0692,
IT,44.0259,10.0686,
IT,44.0261,10.0681,
IT,44.0268,10.0675,Spiaggia Libera
IT,44.0274,10.066,
IT,44.0279,10.0647,
IT,44.0285,10.0624,
IT,44.0286,10.0611,
IT,44.0316,8.2039,
IT,44.0322,8.2059,
IT,44.0351,10.0357,Spiaggia libera
IT,44.0355,8.2098,
IT,44.0357,9.9767,Punta Bianca
IT,44.0359,8.2107,
IT,44.0364,10.0339,
IT,44.0376,8.214,
IT,44.0378,8.2146,
IT,44.0384,10.0307,
IT,44.0386,8.2166,
IT,44.0393,10.0292,Spiaggia libera
IT,44.0397,10.0285,
IT,44.0401,9.9602,Punta Corvo
IT,44.0402,8.2201,
IT,44.0404,10.0279,Spiaggia libera
IT,44.0406,10.0282,
IT,44.0407,10.0281,
IT,44.0408,10.0284,
IT,44.0409,10.0282,
IT,44.041,9.8505,
IT,44.041,10.0283,
IT,44.0412,10.026,
IT,44.0422,10.0241,
IT,44.0428,10.0231,
IT,44.0428,10.0235,Spiaggia libera
IT,44.0429,10.0228,
IT,44.043,10.0225,
IT,44.0431,10.0223,
IT,44.0433,10.022,
IT,44.0434,10.0216,
IT,44.0435,10.0213,
IT,44.0436,10.0212,
IT,44.0437,8.2258,Spiaggia libera
IT,44.0438,8.2254,
IT,44.0439,10.0208,Lido L'Altamarea Beach Club
IT,44.0441,9.9852,
IT,44.0444,10.0198,Spiaggia libera
IT,44.0452,10.0184,
IT,44.0457,10.0173,Oasi
IT,44.046,8.2264,Spiaggia libera
IT,44.0465,8.2266,
IT,44.0465,10.0157,
IT,44.0469,10.0147,Spiaggia Zena
IT,44.0471,8.2265,Spiaggia libera
IT,44.0472,9.9496,Zezzigiola
IT,44.0473,10.0138,La Pineta
IT,44.0475,8.2266,
IT,44.0475,10.0134,
IT,44.0477,9.9906,Spiaggia libera
IT,44.0477,10.0128,
IT,44.0478,10.0125,
IT,44.0479,9.8363,
IT,44.048,8.2268,Bagni Derna
IT,44.0481,10.0119,Bagno Roma
IT,44.0483,10.0112,Sport e Natura
IT,44.0485,9.9907,Bagno Arcobaleno
IT,44.0485,9.9909,Bagno Arcobaleno
IT,44.0491,9.8393,Gabbiano
IT,44.0492,9.9914,Bagno san Marco
IT,44.0492,10.0094,Spiaggia libera
IT,44.0493,9.9914,Bagno San Marco
IT,44.0495,9.9918,
IT,44.0496,9.9917,Bagno Ivana
IT,44.0498,8.2262,
IT,44.0498,9.9921,Bagno Venezia
IT,44.0498,9.9922,Bagno Venezia
IT,44.0498,10.0072,Circolo Federale
IT,44.0499,10.0056,bagno Margot
IT,44.05,8.2261,
IT,44.05,10.0049,Bagno Macarena
IT,44.05,10.0053,Spiaggia libera
IT,44.05,10.0063,Siaggia Libera
IT,44.0501,9.9928,Bagno Italia
IT,44.0501,10.0043,
IT,44.0502,8.226,
IT,44.0502,9.9927,Bagno Italia
IT,44.0502,10.0037,
IT,44.0505,9.9934,Spiaggia Libera
IT,44.0506,10.0031,
IT,44.0508,9.9442,Spiaggia della Marossa
IT,44.0508,9.994,Bagno Tropicana
IT,44.0508,10.0022,"Bagno ""Il Brigantino"""
IT,44.0509,9.9938,Bagno Tropicana
IT,44.051,8.226,
IT,44.051,9.999,
IT,44.051,10.0,
IT,44.051,10.0009,
IT,44.0511,9.9946,Bagno Marina
IT,44.0511,9.9971,Bagno Elisa
IT,44.0511,9.9982,Bagno Neda
IT,44.0512,9.9959,Bagni Tamerici
IT,44.0516,9.8353,
IT,44.0519,8.226,Spiaggia libera
IT,44.0526,12.6031,
IT,44.053,8.226,
IT,44.0533,8.226,
IT,44.0536,8.2259,
IT,44.0541,9.9397,Spiaggia del Groppolo
IT,44.0548,8.2257,
IT,44.0555,8.2257,
IT,44.0579,9.8396,Olivo Pontili
IT,44.0588,8.2254,
IT,44.0589,9.8439,Spiaggia liberale delle Torezze
IT,44.0597,8.2254,
IT,44.0626,9.9264,Il Nido
IT,44.0633,9.9236,
IT,44.0634,9.9248,Fiascherino beach
IT,44.0642,9.9237,Bunker
IT,44.0644,9.8037,Caletta di Albana
IT,44.0651,9.8369,
IT,44.0659,9.7974,Spiaggia del Persico
IT,44.0659,9.8391,
IT,44.0674,9.9197,Eco del mare
IT,44.0699,9.7913,Spiaggia del Navone
IT,44.0707,9.9151,Caletta
IT,44.0708,9.9092,
IT,44.072,9.9085,
IT,44.0737,9.7813,Spiaggia del Cantun
IT,44.0759,12.5669,
IT,44.0794,9.909,
IT,44.0796,9.7744,Spiaggia del Nacche
IT,44.081,9.9067,Venere Azzurra
IT,44.0816,9.8267,
IT,44.083,9.8948,Marinella
IT,44.0831,9.8866,Baia Blu
IT,44.0831,9.898,Spiagga di San Terenzo
IT,44.0832,9.8851,Beach Baia Blu
IT,44.0838,12.5482,
IT,44.0843,8.2284,
IT,44.0847,9.8239,Spiaggia di Cadimare
IT,44.0886,8.23,
IT,44.0908,8.231,
IT,44.0929,8.2321,
IT,44.0949,8.2332,
IT,44.0961,8.234,Spiaggia libera
IT,44.0965,8.2342,
IT,44.0965,12.5277,
IT,44.0967,8.2345,Spiaggia libera
IT,44.097,8.2346,
IT,44.0972,9.7392,Spiaggia del Paese
IT,44.0975,8.2349,Spiaggia libera
IT,44.0978,8.2351,
IT,44.0982,8.2356,
IT,44.099,8.2362,
IT,44.0995,8.2365,
IT,44.0996,8.2366,
IT,44.1009,8.2368,
IT,44.1062,8.2405,
IT,44.1071,8.2413,Bagni Laura
IT,44.1074,8.2415,
IT,44.1083,12.5124,
IT,44.1094,8.2439,
IT,44.1136,8.2472,
IT,44.1168,9.7196,
IT,44.1173,8.25,
IT,44.1182,8.251,
IT,44.1188,8.2516,
IT,44.1192,8.2522,
IT,44.1195,8.2527,
IT,44.1198,8.2529,
IT,44.12,9.7054,
IT,44.1201,8.2531,
IT,44.1203,8.2534,
IT,44.1206,8.2537,
IT,44.1209,8.2542,Spiaggia libera
IT,44.1212,8.2546,
IT,44.1215,8.2549,
IT,44.1222,8.2556,
IT,44.1229,8.2563,
IT,44.1231,8.2566,
IT,44.1232,8.2569,
IT,44.1233,8.2571,
IT,44.1236,8.2572,
IT,44.1241,8.2577,
IT,44.1245,8.2583,Bagni A Modo Mio
IT,44.1248,8.2586,
IT,44.125,8.2589,
IT,44.1251,8.2592,Bagni Virginia
IT,44.1254,8.2596,Bagni Nettuno
IT,44.1254,9.7033,Corniglia 5 Terre La Spezia
IT,44.1257,8.2598,
IT,44.1257,8.26,Bagni Comunali Lampara
IT,44.126,8.2602,Bagni Florida
IT,44.1264,8.2607,Bagni Sirena
IT,44.1265,9.7009,Corniglia 5 Terre La Spezia
IT,44.1266,8.2612,Bagni Santo Stefano
IT,44.1269,8.2614,Bagni Perelli
IT,44.1275,8.2622,Bagni Kusraal
IT,44.1279,8.2627,Bagni Delfino
IT,44.128,8.2628,Spiaggia libera
IT,44.1282,8.2631,
IT,44.1287,8.2634,Il Cavallino Bianco Beach
IT,44.1295,12.4881,
IT,44.1296,8.2637,
IT,44.1305,8.2641,
IT,44.1351,9.6824,
IT,44.1371,8.268,
IT,44.1382,8.2688,
IT,44.1416,8.2725,
IT,44.1432,9.6427,Portiglione
IT,44.1446,9.6449,
IT,44.1451,9.6495,Spiaggia di Fegina
IT,44.1458,9.6558,
IT,44.1473,8.2822,
IT,44.1476,8.2827,
IT,44.1478,8.2834,
IT,44.148,8.2838,
IT,44.1482,8.2842,
IT,44.1484,8.2847,
IT,44.1486,8.2851,
IT,44.1489,8.2857,
IT,44.1491,8.2864,
IT,44.1501,8.2876,
IT,44.1504,8.2879,
IT,44.1507,8.2887,
IT,44.151,8.2893,
IT,44.1514,8.2901,
IT,44.1517,8.2909,
IT,44.1518,8.291,
IT,44.152,8.2913,
IT,44.1521,8.2914,
IT,44.1523,8.2917,
IT,44.1525,8.2922,
IT,44.1525,8.2924,
IT,44.1527,8.2927,
IT,44.1528,8.2931,
IT,44.1531,8.2937,
IT,44.1533,8.2943,
IT,44.1534,8.2946,
IT,44.1535,8.2949,
IT,44.1538,8.2956,
IT,44.1542,8.297,
IT,44.1549,8.2989,
IT,44.1551,12.4593,
IT,44.1552,8.3,
IT,44.1556,8.3014,
IT,44.156,8.3029,
IT,44.157,8.3079,
IT,44.1587,8.3153,
IT,44.1609,8.3272,
IT,44.1625,12.4497,Bagno Delio
IT,44.1638,12.4492,Free beach
IT,44.1652,9.6089,
IT,44.1668,12.4448,Public Beach
IT,44.1672,12.4445,
IT,44.1673,8.3421,Spiaggia di ponente
IT,44.1675,8.3427,
IT,44.1677,8.3431,
IT,44.1681,8.3441,
IT,44.1682,9.6089,
IT,44.1683,12.4425,
IT,44.1686,8.3454,Spiaggia dei Bianchi
IT,44.169,8.347,
IT,44.1692,12.443,Public Beach
IT,44.1693,8.3484,Spiaggia dei neri
IT,44.1697,8.35,
IT,44.1703,8.3535,
IT,44.1712,8.3561,
IT,44.1715,8.3571,
IT,44.1715,12.4401,
IT,44.1716,9.6063,
IT,44.1717,8.3579,Spiaggia libera
IT,44.172,8.3594,
IT,44.1721,8.3608,Spiaggia libera del Castelletto
IT,44.1726,9.6007,
IT,44.1727,8.3623,Spiaggia libera
IT,44.1727,9.6019,Spiaggia Valle Santa
IT,44.1728,9.5999,
IT,44.1728,9.6008,
IT,44.1729,9.5978,
IT,44.1731,8.3643,
IT,44.1734,8.366,Spiaggia libera
IT,44.1755,9.5869,
IT,44.177,8.37,
IT,44.1795,12.4295,
IT,44.1811,8.394,
IT,44.1815,8.4068,Punta Crena
IT,44.1819,8.4076,
IT,44.1826,9.5816,
IT,44.1829,9.5784,Pertusu
IT,44.1853,8.4075,Beach rock
IT,44.1874,12.4203,
IT,44.1881,8.411,Spiaggia di Malpasso
IT,44.1887,9.5694,Sca
IT,44.1909,8.4167,
IT,44.1976,9.56,Portopidocchio
IT,44.1987,12.4105,
IT,44.2017,9.555,Torsei
IT,44.203,8.4174,
IT,44.2054,9.5514,Vallà
IT,44.2066,9.5492,Arena
IT,44.2085,8.4181,
IT,44.2102,8.4182,
IT,44.2138,12.3939,Madonnina
IT,44.2141,12.3931,
IT,44.2143,9.5175,
IT,44.2172,8.4154,
IT,44.222,8.4161,
IT,44.2253,8.4187,
IT,44.2288,8.4223,
IT,44.2312,8.4258,
IT,44.2337,9.4963,
IT,44.2353,8.4336,
IT,44.2354,8.4324,
IT,44.2355,12.3764,
IT,44.2368,9.4927,
IT,44.2384,9.4778,
IT,44.2386,9.4887,Spiaggia Moneglia
IT,44.2392,8.4433,Lido delle Sirene
IT,44.2405,9.4821,Spiaggia La Secca
IT,44.2413,8.445,
IT,44.2453,8.4446,
IT,44.2479,8.4464,
IT,44.2507,8.4488,
IT,44.2547,9.4307,
IT,44.2577,9.4252,
IT,44.258,12.3631,
IT,44.2594,9.4196,
IT,44.2636,8.4443,Spiaggia libera
IT,44.2655,8.4421,
IT,44.2688,9.3933,Spiaggia di Portobello
IT,44.2697,8.4409,
IT,44.2709,8.4403,Spiaggia libera
IT,44.2725,8.4398,Spiaggia libera
IT,44.273,8.4398,
IT,44.2735,8.4399,
IT,44.2739,8.4401,
IT,44.2744,8.4402,
IT,44.2752,8.4406,
IT,44.2757,9.3917,
IT,44.2759,8.4409,
IT,44.2766,8.4412,Spiaggia libera
IT,44.2775,8.442,
IT,44.2779,12.3537,spiaggia libera
IT,44.2783,9.3923,Spiaggia per cani
IT,44.2787,8.4432,Spiaggia libera
IT,44.2791,8.4434,
IT,44.2796,8.4438,Bagni San Pietro
IT,44.2801,8.4441,Spiaggia libera
IT,44.2804,8.4446,Bagni Madonnetta
IT,44.2825,8.4463,Spiaggia libera
IT,44.2843,12.3532,
IT,44.2856,8.4483,
IT,44.2864,8.449,
IT,44.287,8.4497,
IT,44.2883,8.4512,
IT,44.2894,8.4526,
IT,44.2895,9.3784,
IT,44.2897,8.453,Spiaggia libera
IT,44.29,8.4535,
IT,44.2904,8.4539,
IT,44.2907,8.4544,
IT,44.2909,8.4548,
IT,44.2912,8.4551,
IT,44.2914,9.3756,
IT,44.292,8.4564,
IT,44.2925,9.3735,
IT,44.2933,8.4584,
IT,44.2938,8.4593,
IT,44.2938,9.3714,
IT,44.294,8.4597,
IT,44.2945,9.3702,
IT,44.2947,9.3696,
IT,44.2949,8.4613,
IT,44.2951,9.3691,
IT,44.2957,8.4631,
IT,44.2957,9.3679,
IT,44.296,8.4637,
IT,44.2962,8.4642,Spiaggia libera
IT,44.2964,8.4649,
IT,44.2967,8.4656,
IT,44.2967,9.3658,
IT,44.297,8.4663,Spiaggia libera
IT,44.2974,8.4674,
IT,44.2978,8.4684,Lo Scaletto senza scalini
IT,44.2978,9.3633,
IT,44.2982,8.4694,Spiaggia libera delle Fornaci
IT,44.2989,8.4717,
IT,44.2992,9.3605,
IT,44.2994,8.4736,
IT,44.2996,8.4743,
IT,44.2997,8.4748,
IT,44.2999,8.4759,
IT,44.3003,9.3579,
IT,44.3004,8.4782,
IT,44.3007,8.4787,
IT,44.301,8.4792,
IT,44.3013,8.4798,
IT,44.3015,8.4803,
IT,44.3015,9.3552,
IT,44.3017,8.4808,
IT,44.3019,8.4814,
IT,44.3019,9.2153,Spiaggia dell' Olivetta
IT,44.3021,8.4818,
IT,44.3023,8.4823,
IT,44.3026,9.3524,
IT,44.3029,8.4838,"Spiaggia libera ""Garibaldi"""
IT,44.3031,8.485,
IT,44.3044,9.3482,
IT,44.3052,9.2113,Spiaggia Libera
IT,44.3057,9.344,
IT,44.3085,9.2097,Spiaggia Libera
IT,44.3096,12.345,
IT,44.3106,9.3318,
IT,44.3107,9.2092,Spiaggia Bosetti
IT,44.3107,9.212,Spiaggia Libera
IT,44.3108,9.2114,Spiaggia Libera
IT,44.3109,9.3279,
IT,44.3109,9.3296,
IT,44.3111,9.2094,Spiaggia Eight
IT,44.3111,9.2101,Bagni Fiore
IT,44.3112,9.2094,Spiaggia Libera
IT,44.3119,9.213,Spiaggia Libera
IT,44.3142,9.3197,
IT,44.3158,9.1762,
IT,44.3161,9.175,
IT,44.3172,9.3149,
IT,44.3187,8.4943,
IT,44.3187,12.3419,
IT,44.3196,9.3107,
IT,44.3197,9.2124,Puntapedale Beach
IT,44.3202,9.2129,Spiaggia Libera
IT,44.3206,8.4958,
IT,44.3206,9.2136,Il Molo Beach
IT,44.3207,9.3084,
IT,44.321,8.4962,
IT,44.321,9.2144,Bau Bau Beach
IT,44.3217,9.3064,
IT,44.3229,9.2162,Giò e Rino Beach
IT,44.3232,9.3022,
IT,44.3242,8.4999,Spiaggia libera
IT,44.3251,8.5007,
IT,44.3252,9.2162,Spiaggia Libera
IT,44.3256,9.2161,Spiaggia Regina Elena
IT,44.3257,8.5012,
IT,44.3258,8.5017,
IT,44.326,9.2156,Minaglia
IT,44.3262,8.5021,Spiaggia libera
IT,44.3263,8.5027,
IT,44.3264,9.2156,Bagni Margherita
IT,44.3267,8.5032,Spiaggia libera
IT,44.3267,9.2156,
IT,44.3268,9.2157,Spiaggia Libera
IT,44.3272,8.5048,
IT,44.3278,8.5069,
IT,44.3281,9.2153,Spiaggia Libera
IT,44.3282,8.5078,Spiaggia libera
IT,44.3283,9.2155,
IT,44.3285,8.5095,Lega Navale Italiana - Sezione di Albisola
IT,44.329,8.513,
IT,44.3292,8.5135,Spiaggia libera attrezzata
IT,44.3294,8.5149,Spiaggia libera
IT,44.3294,9.2161,Bagni Sirena
IT,44.3295,8.5156,Spiaggia libera
IT,44.3297,8.5174,
IT,44.3299,8.5185,Spiaggia Libera
IT,44.33,8.5195,
IT,44.3301,8.5206,
IT,44.3302,8.5212,
IT,44.3302,8.5215,Spiaggia Libera
IT,44.3303,8.5222,Spiaggia Libera
IT,44.3317,8.5269,Bagni Capo Torre
IT,44.3348,9.2142,Spiaggia Libera
IT,44.3351,9.2146,
IT,44.3354,9.2149,
IT,44.3354,9.2165,
IT,44.3356,9.2153,Spiaggia Libera
IT,44.3356,9.217,
IT,44.3361,9.2667,
IT,44.3364,9.2642,
IT,44.3372,9.224,Prelo
IT,44.3386,8.5429,
IT,44.3389,9.2254,
IT,44.339,9.2249,Spiaggia di Travello
IT,44.3397,9.2532,
IT,44.34,12.3317,
IT,44.3405,9.2245,Pomaro
IT,44.3408,8.5459,
IT,44.3412,9.2272,
IT,44.3412,12.3328,
IT,44.3416,9.2453,Pozzetto Spiaggia
IT,44.3426,8.5486,
IT,44.3436,9.2416,Castello Dei Sogni
IT,44.344,8.5504,
IT,44.3444,8.5536,
IT,44.3451,9.2394,
IT,44.3459,9.2376,
IT,44.3461,8.5617,"Spiaggia Libera Comunale ""Ex Colonie Milanesi"""
IT,44.3463,8.5627,
IT,44.3474,9.2293,
IT,44.3474,9.2362,Spiaggia delle Nagge
IT,44.3479,9.2297,Spiaggia pubblica Rapallo
IT,44.3481,9.2342,Spiaggia pubblica Rapallo
IT,44.3482,8.5651,Spiaggia ex-colonie bergamasche
IT,44.3482,9.1549,
IT,44.3496,9.1531,
IT,44.3556,9.1471,
IT,44.3567,8.5718,
IT,44.3585,8.5759,
IT,44.3588,9.1443,
IT,44.3594,8.5816,
IT,44.3596,8.5818,
IT,44.3601,8.5871,
IT,44.3602,8.5917,
IT,44.3604,8.5901,
IT,44.3604,9.1419,
IT,44.3605,8.5887,
IT,44.3606,8.5926,
IT,44.3607,8.5939,
IT,44.3608,9.1398,Spiaggia Punta S.Anna
IT,44.3623,9.1297,Spiaggia Libera di Mulinetti
IT,44.3649,9.122,
IT,44.3667,8.608,
IT,44.3668,8.6093,
IT,44.3668,8.6101,
IT,44.3669,8.6108,
IT,44.3696,12.3228,Lido di Dante
IT,44.3705,9.1033,Spiaggia di Sori
IT,44.3713,9.1015,
IT,44.3715,9.1009,
IT,44.3716,8.622,
IT,44.3717,8.6231,Area Nudisti
IT,44.3728,12.322,Bassona
IT,44.3738,8.6257,
IT,44.3741,8.6263,
IT,44.3749,8.6276,Cala Loca
IT,44.3757,9.0776,
IT,44.3762,8.6285,Cala Torcida
IT,44.3778,9.0686,
IT,44.3779,9.0697,
IT,44.378,9.0663,
IT,44.3783,8.6295,
IT,44.3792,12.3207,FKK Lido di Dante
IT,44.3794,8.6304,Spiaggia Libera
IT,44.3797,8.6315,
IT,44.3799,8.6321,
IT,44.3799,8.6324,Scalo Rimessaggio
IT,44.3799,9.0518,Spiaggia Capolungo
IT,44.38,8.6328,Spiaggia Libera
IT,44.381,8.636,Spiaggia di Punta Arrestra
IT,44.3814,8.6364,Stone Beach
IT,44.3826,9.0285,
IT,44.3831,8.6373,Spiaggia Libera dell'Arrestra
IT,44.3831,9.0237,
IT,44.3831,12.3201,Lido di Dante
IT,44.3833,9.032,
IT,44.3843,9.0177,
IT,44.3852,9.0114,
IT,44.3853,8.6386,Spiaggia libera ex Cantieri Bianchi e Cecchi
IT,44.3854,9.0132,
IT,44.3855,9.0081,
IT,44.3857,9.0072,
IT,44.3862,9.0015,
IT,44.3864,8.64,Spiaggia da San Sebastiano
IT,44.3866,9.0004,Bagni Europa
IT,44.3866,12.3197,Lido di Dante
IT,44.3867,8.641,Bagni Marechiaro
IT,44.3869,8.6417,
IT,44.387,8.6422,
IT,44.3871,8.6427,
IT,44.3871,8.9972,
IT,44.3873,8.6433,Bagni Marisa
IT,44.3875,8.9956,
IT,44.3877,8.6438,Società Pesca Sportiva La Nocciola
IT,44.3877,8.9948,
IT,44.3881,8.6443,Spiaggia dei Pescatori
IT,44.3883,8.6449,Club Velico
IT,44.3885,8.6454,
IT,44.3888,8.646,Spiaggia Libera Dai surf
IT,44.389,8.6468,
IT,44.3891,8.6475,Spiaggia libera dalla chiesa
IT,44.3893,8.9933,
IT,44.3899,8.6496,Spiaggia dello Scandolaro
IT,44.3901,8.6508,Spiaggia Libera Isorella
IT,44.3901,8.9746,
IT,44.3903,8.6524,Spiaggia Libera Europa
IT,44.3904,8.6533,
IT,44.3904,8.6634,Spiaggia libera Stoppani
IT,44.3904,12.3182,Lido di Dante
IT,44.3905,8.654,
IT,44.3905,8.6549,Spiaggia libera dello Scoglio
IT,44.3905,8.656,
IT,44.3905,8.6592,Spiaggia libera della Madonnina
IT,44.3905,8.9667,
IT,44.3906,8.6571,"Spiaggia libera ""dalla Marchesa"""
IT,44.3906,8.658,
IT,44.3907,8.6605,
IT,44.3907,8.6615,Mauro Cavallino
IT,44.3908,8.6611,Delfino blu
IT,44.391,8.98,Spiaggia di Vernazzola
IT,44.3911,8.9643,Spiaggia di San Giuliano
IT,44.3912,8.6698,Spiaggia libera
IT,44.3912,8.9565,
IT,44.3912,8.9881,Centro Elioterapico Gaslini
IT,44.3915,8.9543,San Nazaro
IT,44.3917,8.9614,
IT,44.3917,8.9828,
IT,44.3918,8.6719,
IT,44.3919,8.9856,
IT,44.3921,8.984,
IT,44.3924,8.6751,Marina Grande
IT,44.3933,8.9499,Punta Vagno
IT,44.3941,8.9486,Punta Vagno
IT,44.3948,8.9449,
IT,44.397,8.6858,Marina Piccola
IT,44.3976,8.6865,
IT,44.3978,8.6869,Punta San Martino
IT,44.4001,8.6857,Spiaggia Libera
IT,44.4017,8.6858,Spiaggia Libera
IT,44.4024,8.6861,
IT,44.4031,8.6862,Spiaggia della Scurpina
IT,44.4033,8.6863,
IT,44.4038,8.6869,
IT,44.4043,8.6869,
IT,44.4043,8.6872,Spiaggia dei Cenci
IT,44.4045,8.6876,
IT,44.4047,8.6879,
IT,44.4048,8.6881,
IT,44.4055,8.6897,Canoa Arenzano
IT,44.406,8.6893,Spiaggia Circolo Velico Luigi Sirombra
IT,44.4063,8.6895,
IT,44.4065,8.6897,
IT,44.4067,8.6902,Bagni Paregua
IT,44.407,8.6907,Bagni Pria Pulla
IT,44.4075,8.6917,Spiaggia Libera
IT,44.4085,8.6934,Spiaggia Libera
IT,44.4091,8.6947,Spiaggia per cani
IT,44.4093,8.6951,
IT,44.4094,8.6954,Spiaggia Libera
IT,44.4096,8.6962,Pizzo
IT,44.4121,8.7029,
IT,44.4128,8.7039,
IT,44.4134,8.7056,Spiaggia libera
IT,44.4139,8.7073,Bagni Scooter
IT,44.414,8.7079,Spiaggia libera
IT,44.4148,8.7103,Spiaggia libera
IT,44.4158,8.7152,
IT,44.4168,8.7241,
IT,44.417,12.3088,
IT,44.422,8.734,
IT,44.4232,8.8258,
IT,44.4236,8.8241,
IT,44.4238,8.8142,
IT,44.4239,8.8149,
IT,44.4241,8.8115,
IT,44.4241,8.8132,
IT,44.4245,8.8169,
IT,44.4245,8.8193,
IT,44.4265,8.7608,
IT,44.4266,8.7591,
IT,44.4269,8.7419,
IT,44.4272,8.7473,
IT,44.4272,8.7553,
IT,44.4274,8.7444,
IT,44.4276,8.7502,
IT,44.4606,12.2897,Spiaggia libera dog friendly
IT,44.4609,12.2925,Spiaggia Marina di Ravenna
IT,44.512,12.2821,
IT,44.5328,12.2799,Spiaggia libera accesso cani
IT,44.5407,12.2819,
IT,44.5574,12.2833,
IT,44.6042,12.2756,
IT,44.6194,12.2711,
IT,44.6227,12.2691,
IT,44.629,12.2675,Ancona di Bellocchio
IT,44.6479,12.2569,Spiaggia di Spina
IT,44.6686,12.2494,Spiaggia del Lido degli Estensi
IT,44.7014,12.2428,
IT,44.7421,12.2451,Lido di Nazioni
IT,44.7647,12.2495,
IT,44.7873,12.3567,
IT,44.7881,12.2629,
IT,44.8022,12.2728,Lido del Cormorano
IT,44.8046,12.2748,spiaggia libera
IT,44.8067,12.2769,
IT,44.8406,12.4576,
IT,44.8592,12.4734,
IT,44.8847,12.4875,
IT,44.8859,12.4881,
IT,44.9043,12.497,
IT,44.9095,12.4987,
IT,44.9284,12.5079,
IT,44.9342,12.513,
IT,44.9519,12.5349,Scano Boa
IT,44.9724,12.5509,
IT,44.9758,12.5356,
IT,44.979,12.5436,
IT,44.9881,12.5175,
IT,44.9925,12.495,
IT,45.0008,12.4679,
IT,45.022,12.4316,
IT,45.0552,12.3828,Scanno Cavallari
IT,45.0811,12.3488,
IT,45.0917,12.3322,Spiaggia di Porto Caleri
IT,45.0965,12.3326,
IT,45.0981,12.3356,Zona 7 Spiaggia Galeri
IT,45.1099,12.331,
IT,45.1176,12.3278,Marina di Caleri
IT,45.1188,12.3276,Spiaggia libera 22
IT,45.1195,12.3273,Bagni dal Moro
IT,45.1202,12.3271,Bagno al Granso
IT,45.1207,12.327,Bagno Belvedere
IT,45.1213,12.327,Blu Marlin Beach
IT,45.122,12.3269,Spiaggia libera 16
IT,45.1231,12.3267,Villaggio Rosolina Mare Club
IT,45.1242,12.3267,Bagno Azzurro
IT,45.1249,12.3265,Spiaggia libera 13
IT,45.1256,12.3263,Bagno Tamerici
IT,45.1264,12.3262,Bagno Tamerici Dog
IT,45.1269,12.3262,Villaggio Rosapineta Sud
IT,45.1275,12.3261,Bagno Happy Days
IT,45.1281,12.326,Spiaggia libera 9
IT,45.1291,12.3259,Bagno Perla
IT,45.13,12.3259,Spiaggia libera 7
IT,45.1307,12.3259,Bagno Primavera
IT,45.1314,12.3258,Tizè Beach
IT,45.132,12.3258,Tortuga Beach Club
IT,45.1326,12.3258,Bagno Serenella
IT,45.1332,12.3258,Bagno Bellarosa
IT,45.1339,12.3258,Club Rosapineta Lido
IT,45.1346,12.3259,Spiaggia libera 1
IT,45.1444,12.3275,
IT,45.1579,12.3302,
IT,45.1635,12.3308,
IT,45.1667,12.3299,
IT,45.1695,12.3275,
IT,45.1735,12.3242,
IT,45.1804,12.3182,
IT,45.1864,12.3112,
IT,45.2041,12.3033,
IT,45.2207,12.299,
IT,45.2249,12.3012,
IT,45.228,12.302,Spiaggia Libera
IT,45.2288,12.3024,
IT,45.2413,12.2993,Spiaggia di Caroman
IT,45.3916,12.357,
IT,45.3927,12.3578,
IT,45.395,12.3597,
IT,45.3956,12.3601,
IT,45.4126,12.3807,Lido di Venezia
IT,45.4181,12.383,Spiaggia libera
IT,45.4276,12.3972,Spiaggia libera di San Nicoletto
IT,45.4332,12.4454,
IT,45.4342,12.4443,Marina di Venezia
IT,45.4468,12.4746,
IT,45.4527,12.4961,
IT,45.4581,12.5122,
IT,45.4717,12.558,
IT,45.505,12.6546,
IT,45.5314,12.7287,
IT,45.5318,12.7358,Spiaggia del Mort
IT,45.5394,12.7543,
IT,45.5398,12.7553,
IT,45.5412,12.7582,
IT,45.5424,12.7609,
IT,45.5429,12.7608,
IT,45.5435,12.7634,
IT,45.5448,12.7659,
IT,45.5491,12.7735,
IT,45.5582,12.7915,
IT,45.5756,12.8328,
IT,45.5928,12.8753,Spiaggia di Ponente
IT,45.5956,13.723,
IT,45.5971,12.8853,
IT,45.6079,13.7575,
IT,45.6083,12.9007,Spiaggia di Levante
IT,45.61,13.7371,
IT,45.6102,12.9064,
IT,45.6136,12.9224,Brussalona
IT,45.6176,12.9401,Brussa
IT,45.6249,12.9846,Spiaggia libera
IT,45.6252,12.9727,Brussa
IT,45.6298,13.0148,
IT,45.6311,13.027,
IT,45.6312,13.0253,
IT,45.6312,13.028,
IT,45.6313,13.027,
IT,45.6314,13.028,
IT,45.6317,13.0332,
IT,45.6329,13.0678,Spiaggia libera
IT,45.6343,13.0394,
IT,45.6345,13.0788,Spiaggia libera
IT,45.6466,13.0984,
IT,45.6479,13.7543,Settore Femminile
IT,45.6485,13.7547,Settore Maschile
IT,45.6531,13.1038,
IT,45.6677,13.1158,
IT,45.6738,13.7558,
IT,45.675,13.3889,
IT,45.675,13.3894,
IT,45.6765,13.3997,Spiaggia Principale
IT,45.6769,13.4279,Spiaggia Grado Pineta
IT,45.6774,13.4217,Spiaggia Al Bosco
IT,45.6776,13.4124,Spiaggia Le Dune di Grado
IT,45.6777,13.4175,
IT,45.679,13.7538,
IT,45.6801,13.3773,Costa Azzurra
IT,45.6836,13.4438,
IT,45.6871,13.7459,Spiaggia de la Mula de Trieste
IT,45.6885,13.1387,
IT,45.6902,13.7415,
IT,45.693,13.4577,
IT,45.7017,13.7174,
IT,45.702,13.4658,
IT,45.7038,13.7119,Bagno Ducale
IT,45.7073,13.1665,
IT,45.7125,13.2129,
IT,45.7134,13.1849,
IT,45.7253,13.692,
IT,45.7306,13.6848,
IT,45.7308,13.6846,Šonik
IT,45.7388,13.6737,
IT,45.7404,13.6707,
IT,45.7428,13.6661,Liburnia FKK
IT,45.7437,13.6644,FKK
IT,45.7461,13.6609,Spiaggia naturista
IT,45.7496,13.6563,Canovella degli Zoppoli / Pri čupah
IT,45.7499,13.6556,Canovella degli Zoppoli / Pri čupah
IT,45.7501,13.6552,Canovella degli zoppoli / Pri čupah
IT,45.7515,13.653,"Le Ginestre, spiaggia est"
IT,45.7522,13.6511,"Le Ginestre, spiaggia centrale"
IT,45.7525,13.6505,"Le Ginestre, zona centrale"
IT,45.7529,13.6501,"Le Ginestre, spiaggia ovest"
IT,45.7532,13.6497,
IT,45.7538,13.6493,
IT,45.7543,13.6486,
IT,45.7577,13.6433,Costa dei Barbari
IT,45.7629,13.6364,
IT,45.7633,13.637,
IT,45.7635,13.6367,
IT,45.7637,13.6363,
IT,45.7639,13.636,
IT,45.764,13.6359,
IT,45.7642,13.6356,
IT,45.7645,13.6353,
IT,45.7648,13.6351,
IT,45.7651,13.5222,Lido di Staranzano
IT,45.7667,13.6377,
IT,45.7669,13.6324,Castelreggio
IT,45.769,13.6233,
IT,45.7691,13.6247,
IT,45.7694,13.6257,
IT,45.7705,13.6275,
IT,45.771,13.6297,
IT,45.7712,13.5277,
IT,45.7718,13.6048,Spiaggia del Principe
IT,45.7737,13.5989,
IT,45.7744,13.5301,
IT,45.7757,13.5927,
IT,45.7758,13.5906,Punta Secada
IT,45.7766,13.5905,
IT,45.7781,13.5339,
IT,45.783,13.5427,Lido di Panzano
PL,53.4295,14.5704,Plaża Miejska
PL,53.4616,14.5968,
PL,53.4946,14.6242,
PL,53.5122,14.6338,
PL,53.5138,14.6346,
PL,53.5144,14.6348,
PL,53.5148,14.6359,
PL,53.5517,14.6021,
PL,53.5532,14.6109,
PL,53.5536,14.61,
PL,53.5541,14.5953,Mijanka
PL,53.5541,14.6095,
PL,53.5545,14.6094,
PL,53.5879,14.5975,
PL,53.5909,14.5967,
PL,53.5918,14.5968,
PL,53.5936,14.5973,
PL,53.6018,14.5979,
PL,53.6086,14.5944,
PL,53.6244,14.5944,
PL,53.6267,14.5974,
PL,53.6457,14.5424,
PL,53.6506,14.6178,Kąpielisko w Stepnicy nad Zalewem Szczecińskim
PL,53.6633,14.513,
PL,53.6667,14.5059,
PL,53.6679,14.4961,
PL,53.6737,14.4647,
PL,53.6741,14.4607,
PL,53.6749,14.4503,
PL,53.6767,14.4209,
PL,53.6783,14.4102,
PL,53.6811,14.4025,
PL,53.6921,14.3824,
PL,53.6924,14.3814,
PL,53.6931,14.3806,
PL,53.6947,14.3781,
PL,53.6991,14.3673,
PL,53.7013,14.3644,
PL,53.7044,14.3595,
PL,53.7054,14.3576,
PL,53.7062,14.356,
PL,53.7078,14.354,
PL,53.7082,14.3532,
PL,53.7124,14.3475,
PL,53.7135,14.346,
PL,53.7153,14.5466,
PL,53.7158,14.3434,
PL,53.7184,14.3411,
PL,53.7198,14.2956,
PL,53.7199,14.2947,
PL,53.72,14.5484,
PL,53.7248,14.278,
PL,53.728,14.3344,
PL,53.7297,14.3336,
PL,53.7356,14.326,
PL,53.7372,14.3196,
PL,53.7419,14.3024,
PL,53.7746,14.6156,
PL,53.7802,14.6144,
PL,53.8108,14.5788,
PL,53.8127,14.5775,
PL,53.8224,14.3373,
PL,53.8285,14.6007,
PL,53.8297,14.6088,
PL,53.8298,14.6094,
PL,53.8584,14.5431,
PL,53.8592,14.5152,
PL,53.8592,14.5301,
PL,53.8614,14.2282,
PL,53.8642,14.2239,
PL,53.865,14.2215,
PL,53.8656,14.2188,
PL,53.8659,14.2167,
PL,53.8708,14.4233,
PL,53.8788,14.4253,
PL,53.8974,14.437,
PL,53.9144,14.3466,
PL,53.9177,14.2777,
PL,53.9178,14.4001,Plaża naturystyczna
PL,53.9187,14.2785,
PL,53.9196,14.293,
PL,53.9209,14.2791,
PL,53.9217,14.254,
PL,53.9251,14.2528,
PL,53.9259,14.4269,
PL,53.9302,14.2219,
PL,53.9369,14.4551,
PL,53.9647,14.5305,
PL,53.9685,14.7633,Dzika plaża
PL,53.9935,14.6232,
PL,54.0095,14.8031,
PL,54.011,14.6884,
PL,54.0277,14.752,
PL,54.0306,14.805,
PL,54.0435,14.8363,
PL,54.0683,14.9523,
PL,54.0859,15.0235,
PL,54.0923,15.0493,
PL,54.0982,15.0801,
PL,54.1039,15.1125,
PL,54.1134,15.1515,
PL,54.1331,15.2311,
PL,54.1492,15.3062,
PL,54.1512,15.3216,
PL,54.1537,15.3438,
PL,54.1571,15.3722,
PL,54.1624,15.4297,
PL,54.1662,15.4566,Plaża Naturystów
PL,54.1689,15.4929,
PL,54.1775,15.5297,
PL,54.1857,15.5488,
PL,54.1878,15.6029,
PL,54.1887,15.5809,
PL,54.1981,15.6526,
PL,54.2096,15.7192,
PL,54.2216,15.7705,
PL,54.2291,15.7991,Plaża przy Czerwonej Rzeczce
PL,54.2387,15.8726,
PL,54.2516,15.9738,
PL,54.2694,16.0663,
PL,54.2737,19.414,
PL,54.2826,16.1319,
PL,54.2855,19.4358,
PL,54.2858,19.4371,
PL,54.2951,19.4592,
PL,54.301,19.4685,Srebrna Riviera
PL,54.3039,19.4725,
PL,54.3061,19.4756,
PL,54.3073,19.478,Stara plaża miejska
PL,54.3092,19.4813,
PL,54.3189,16.2008,
PL,54.3222,19.5059,
PL,54.3231,19.5159,
PL,54.3259,19.5242,
PL,54.3335,19.5478,
PL,54.334,19.5488,
PL,54.3349,19.5502,
PL,54.3377,19.5616,
PL,54.3388,19.5682,
PL,54.3395,19.5723,
PL,54.3401,19.5768,
PL,54.3465,18.9109,Świbno
PL,54.3486,18.876,"Plaża strzeżona ""Orle"""
PL,54.3505,18.933,plaża nudystów
PL,54.3509,19.1801,
PL,54.351,19.0618,
PL,54.3514,19.3497,
PL,54.3519,19.1944,
PL,54.3526,19.3545,
PL,54.3529,19.3562,
PL,54.3533,19.2113,
PL,54.3546,19.2289,
PL,54.3551,18.8367,Sobieszewo
PL,54.3558,19.3673,
PL,54.3564,19.672,
PL,54.3567,18.8681,
PL,54.357,18.9627,
PL,54.3572,19.6731,
PL,54.3596,19.27,
PL,54.3598,19.676,
PL,54.3638,18.6456,
PL,54.3639,18.6456,100cznia Plaża
PL,54.3694,18.7796,
PL,54.3696,19.348,
PL,54.3703,18.7721,plaża nudystów
PL,54.3709,18.771,
PL,54.3721,19.4251,
PL,54.3726,18.7567,Plaża nudystów
PL,54.3747,19.4364,
PL,54.3753,18.7322,"Plaża strzeżona ""Stogi"""
PL,54.3761,18.7352,Plaża Stogi
PL,54.3786,19.4001,
PL,54.38,18.7208,
PL,54.3833,19.459,
PL,54.3839,19.4256,
PL,54.3908,16.3174,
PL,54.3996,19.4839,
PL,54.4052,19.5354,
PL,54.4073,19.5424,
PL,54.4082,18.6517,Plaża dla psów
PL,54.4083,18.6537,
PL,54.4084,18.6746,
PL,54.4093,18.6392,"Plaża strzeżona ""Dom Zdrojowy Brzeźno"""
PL,54.413,19.5565,
PL,54.4134,18.6262,"Plaża strzeżona ""Molo Brzeźno"""
PL,54.414,19.5595,
PL,54.4142,19.56,
PL,54.4175,19.5453,
PL,54.4216,19.5808,
PL,54.424,18.6023,"Plaża strzeżona ""Klipper Jelitkowo"""
PL,54.4249,19.566,
PL,54.4254,19.745,
PL,54.4264,18.5979,"Plaża strzeżona ""Jelitkowo"""
PL,54.4279,19.746,
PL,54.4293,19.6028,
PL,54.4329,19.7668,
PL,54.4332,16.3691,
PL,54.4334,19.7744,
PL,54.4343,19.5891,
PL,54.4372,18.6062,
PL,54.4415,19.8032,
PL,54.4423,19.8039,
PL,54.4429,16.3861,
PL,54.4479,19.6183,
PL,54.4571,19.6369,
PL,54.4584,16.4036,
PL,54.467,18.5625,Plaża dla psów
PL,54.4738,18.5629,
PL,54.4805,18.5646,
PL,54.483,18.5664,
PL,54.492,18.5656,
PL,54.5005,18.5602,
PL,54.5043,18.5574,
PL,54.5072,16.4794,
PL,54.5116,16.4719,Plaża Wicie 3W
PL,54.5146,18.5505,Plaża Śródmieście
PL,54.5236,16.4954,Plaża Rusinowo
PL,54.5403,16.5287,Plaża Dubaj
PL,54.5439,16.5476,
PL,54.5572,16.6435,
PL,54.5713,18.5472,
PL,54.5773,16.7842,
PL,54.5835,18.5411,
PL,54.5871,16.8415,Plaża Strzeżona
PL,54.5877,16.8422,Plaża zachodnia
PL,54.5887,18.5338,
PL,54.5918,16.8793,Plaża wschodnia
PL,54.5923,18.5298,
PL,54.5929,18.8124,Plaża Cypel
PL,54.6017,18.5212,
PL,54.6068,18.7986,Plaża Miejska
PL,54.6072,16.9361,
PL,54.6161,18.5126,
PL,54.6215,18.8079,Duża Plaża - Bałtycka
PL,54.6294,18.7672,
PL,54.6302,18.5078,
PL,54.6305,18.4787,plaża nudystów
PL,54.6307,18.49,
PL,54.6311,18.4926,
PL,54.632,18.497,
PL,54.6323,18.4783,
PL,54.6383,16.9996,
PL,54.639,18.5154,Cypel Rewski
PL,54.6574,17.0325,Plaża dla psów
PL,54.6612,18.7669,
PL,54.6635,17.0416,
PL,54.6762,17.075,
PL,54.6821,18.7254,
PL,54.6866,18.4661,
PL,54.6898,17.121,
PL,54.6922,18.6923,
PL,54.6929,18.6787,
PL,54.6958,18.6709,
PL,54.6989,18.6629,
PL,54.699,18.6635,
PL,54.6994,18.6577,
PL,54.7004,18.6841,
PL,54.7024,17.1636,
PL,54.7044,17.172,Zatopiony las koło Czołpina
PL,54.7087,18.6631,Plaża Strzeżona w wakacje
PL,54.715,18.6328,
PL,54.7161,17.2047,
PL,54.718,18.6352,
PL,54.7213,18.4205,
PL,54.7225,18.4162,Zielona plaża
PL,54.7237,18.4062,Plaża Kaprów
PL,54.7291,18.6016,
PL,54.7326,18.5919,
PL,54.7346,18.5775,
PL,54.7416,18.5659,
PL,54.7444,17.3769,
PL,54.7471,18.3968,
PL,54.7518,18.5366,Plaża nudystów w Chałupach
PL,54.7569,18.5222,
PL,54.7602,18.513,Kąpielisko w Chałupach
PL,54.761,18.4997,
PL,54.7618,18.4966,
PL,54.7631,18.5045,
PL,54.7633,18.4928,
PL,54.7645,18.4896,
PL,54.7667,18.4821,
PL,54.767,17.5394,Plaża B
PL,54.7674,17.5456,Plaża dla zwierząt
PL,54.7678,18.4793,
PL,54.7683,17.56,Plaża A
PL,54.7694,17.5755,Plaża C
PL,54.7694,18.4765,
PL,54.7735,18.4646,
PL,54.7744,18.4722,
PL,54.7781,18.4541,
PL,54.7897,18.4322,
PL,54.7999,17.7687,
PL,54.807,18.3904,
PL,54.8218,18.3537,
PL,54.8219,17.8895,Wejście 37 Lubiatowo
PL,54.8238,17.9051,Wejście 36A Osieki
PL,54.8266,17.9317,Wejście 35 Białogóra
PL,54.8276,17.9397,Wejście 34 Białogóra
PL,54.8291,18.3426,
PL,54.8294,17.9546,Wejście 33 Białogóra
PL,54.8298,17.9641,Wejście 32 Białogóra
PL,54.8305,17.9755,
PL,54.8308,17.9882,Wejście 31 Białogóra
PL,54.8314,18.0056,
PL,54.8321,18.3366,
PL,54.8326,18.1949,
PL,54.8327,18.047,Plaża Naturystów Dębki
PL,54.8328,18.1288,
PL,54.8329,18.0589,
PL,54.8338,18.2416,
PL,54.8348,18.3107,
PT,30.1398,-15.8656,
PT,32.6393,-16.9514,Praia Formosa
PT,32.642,-16.9572,Praia Nova
PT,32.6421,-16.9555,Praia Formosa
PT,32.6425,-16.9585,Praia dos Namorados
PT,32.6428,-16.9592,Praia do Arieiro
PT,32.6459,-16.8258,Praia dos Reis Magos
PT,32.6475,-16.8238,Praia dos Reis Magos
PT,32.648,-16.9781,Praia de Vigário
PT,32.65,-16.8219,Praia da Atalaia
PT,32.6537,-17.0041,
PT,32.6695,-17.0653,
PT,32.6708,-17.0668,Praia da Ribeira Brava
PT,32.6715,-17.0674,Praia da Ribeira Brava
PT,32.6795,-17.1053,Praia da Ponta do Sol
PT,32.7162,-17.1683,
PT,32.7184,-16.7622,Praia da Banda d’Além
PT,32.7187,-17.1743,Praia da Calheta
PT,32.7204,-17.1782,Praia da Calheta
PT,32.7349,-17.2083,Praia do Portinho
PT,32.7368,-16.7379,
PT,32.7398,-17.2127,Praia da Vigia
PT,32.7404,-17.2127,
PT,32.742,-17.2134,
PT,32.7421,-16.6857,Cais do Sardinha
PT,32.7428,-16.7157,Praia da Prainha
PT,32.7473,-16.6962,Praia da Baía D'Abra
PT,32.7529,-17.2255,Praia dos Surfistas
PT,32.7598,-17.2317,Praia da Ribeira das Galinhas
PT,32.7682,-16.8216,Praia da Maiata
PT,32.7749,-16.829,Praia da Alagoa
PT,32.795,-16.8556,
PT,32.8219,-17.103,Praia do Porto do Seixal
PT,32.8266,-17.114,Praia das Lajes
PT,33.0246,-16.3796,Calheta
PT,33.0288,-16.3718,Lagoa
PT,33.0329,-16.3875,Praia do Zimbralinho
PT,33.0342,-16.3634,Cabeço
PT,33.0408,-16.3556,Ribeiro Salgado
PT,33.0476,-16.3477,Ribeiro Cochino
PT,33.052,-16.3429,Pedras Pretas
PT,33.0588,-16.3288,Fontinha
PT,33.0626,-16.3085,Abrigo
PT,33.0691,-16.2981,Porto dos Frades
PT,33.0732,-16.2956,Praia do Gastão
PT,33.0759,-16.2935,Praia do Furado
PT,33.0836,-16.299,Calhau da Serra de Dentro
PT,33.0878,-16.3561,
PT,33.0931,-16.3478,Salemas
PT,36.9498,-25.0929,
PT,36.9508,-25.0977,
PT,36.9629,-7.8792,Praia da Ilha Deserta
PT,36.9708,-7.8751,
PT,36.9723,-7.9234,Praia da Ilha da Barreta
PT,36.9776,-7.8572,Praia do Farol
PT,36.9811,-7.8615,Praia do Farol (ria)
PT,36.9872,-25.0533,
PT,36.9949,-7.8244,Praia da Culatra
PT,37.002,-7.8147,
PT,37.0026,-7.9862,
PT,37.0032,-7.8023,Praia da Culatra
PT,37.0037,-25.1191,
PT,37.0038,-7.9908,Praia da Ilha de Faro
PT,37.004,-25.1167,
PT,37.005,-8.9387,Praia da Mareta
PT,37.0052,-25.1223,
PT,37.0057,-8.9479,Praia do Tonel
PT,37.0065,-7.9415,Praia dos Tesos
PT,37.0083,-8.949,
PT,37.011,-7.9317,
PT,37.0113,-8.9304,Praia da Baleeira
PT,37.0114,-25.0652,
PT,37.0182,-7.7922,Praia da Armona-Mar
PT,37.0185,-8.9256,Praia do Martinhal
PT,37.0218,-7.8062,
PT,37.0222,-8.9203,Praia dos Rebolinhos
PT,37.0234,-7.8047,Praia da Armona-Ria
PT,37.0247,-8.0247,Praia da Quinta do Lago
PT,37.0259,-8.9651,Praia do Beliche
PT,37.0275,-8.9818,
PT,37.0321,-7.7635,
PT,37.0324,-8.038,Praia do Ancão
PT,37.0352,-8.026,
PT,37.0363,-7.7962,Praia dos Cavacos
PT,37.0413,-8.0531,Praia do Garrão
PT,37.0421,-8.8952,Praia do Barranco
PT,37.044,-8.8851,Praia João Vaz
PT,37.044,-8.8665,Praia do Zavial Naturista
PT,37.0456,-8.9791,Praia do Telheiro
PT,37.0463,-7.7393,Praia da Fuseta-Mar
PT,37.0464,-8.8705,Praia do Zavial
PT,37.0466,-8.8793,Praia da Ingrina
PT,37.0487,-8.0657,Praia de Vale do Lobo
PT,37.0492,-7.7339,
PT,37.0499,-8.9808,
PT,37.05,-7.7444,Praia da Fuseta-Ria
PT,37.0523,-7.7419,
PT,37.0546,-8.0759,Praia de Loulé Velho
PT,37.0552,-8.8544,Praia das Furnas
PT,37.0552,-7.7229,
PT,37.0556,-8.8527,
PT,37.0564,-8.8504,Praia Andorinha
PT,37.0573,-8.8483,
PT,37.0577,-8.0812,Praia da Lagoa
PT,37.0584,-8.8455,Praia da Foia do Carro
PT,37.0593,-8.0844,Praia do Almargem
PT,37.0596,-8.8424,
PT,37.0607,-8.8403,Praia da Figueira
PT,37.0613,-8.0884,Praia do Forte Novo
PT,37.0614,-8.8368,Praia Santa
PT,37.0618,-8.8344,Praia Grodo Mexilhão
PT,37.062,-7.7099,Praia do Homem Nú
PT,37.0648,-8.793,Praia de Cabanas Velhas (Naturista)
PT,37.065,-8.8218,Praia da Salema
PT,37.0653,-8.0996,Praia de Quarteira
PT,37.0656,-8.7956,Praia de Almádena
PT,37.0664,-8.8089,Praia da Boca do Rio
PT,37.0688,-8.9646,Praia da Ponta Ruiva
PT,37.0688,-8.7822,Praia dos Rebolos
PT,37.0711,-8.1165,Praia de Vilamoura
PT,37.0713,-8.7756,Praia do Burgau
PT,37.0732,-8.2989,Praia do Castelo
PT,37.0733,-8.2898,Praia das Salamitras
PT,37.0733,-8.2874,Praia da Ponta Grande
PT,37.0735,-8.2866,Praia do Ninho de Andorinha
PT,37.0736,-8.2968,Praia da Fraternidade
PT,37.0736,-8.2853,Praia da Ponta Pequena
PT,37.0737,-8.2941,Praia da Coelha
PT,37.0737,-8.2847,
PT,37.0737,-8.2845,
PT,37.0737,-8.2838,
PT,37.0738,-8.2958,Praia da Maré das Porcas
PT,37.0738,-8.2838,Praia dos Piratas
PT,37.0739,-7.6868,Praia do Barril
PT,37.0742,-8.3028,Praia do Evaristo
PT,37.0745,-8.2821,Praia dos Paradinha
PT,37.0748,-8.2803,Praia de São Rafael
PT,37.0751,-8.2784,Praia da Viga
PT,37.0752,-8.1323,Praia da Falésia
PT,37.0755,-8.3056,Praia da Balbina
PT,37.0756,-8.3073,
PT,37.0757,-8.3067,
PT,37.0759,-8.2775,Praia dos Arrifes
PT,37.0764,-8.3092,Praia Manuel Lourenço
PT,37.0771,-8.3106,Praia Tomás Franco
PT,37.0778,-8.3116,Praia do Sao Lourenco
PT,37.0783,-8.3125,Praia dos Bés
PT,37.0784,-8.142,Praia dos Tomates
PT,37.079,-8.3135,Praia do Chiringuito
PT,37.0792,-8.2668,
PT,37.0797,-8.2643,Praia do Risco
PT,37.08,-8.3153,Praia da Galé (leste)
PT,37.0804,-8.1492,Praia da Falésia
PT,37.0818,-8.3183,Praia da Galé
PT,37.0818,-8.2622,Praia da Baleeira
PT,37.083,-8.6678,
PT,37.0831,-8.1581,Praia da Falésia Alfamar
PT,37.0834,-8.2313,Praia dos Aveiros
PT,37.0836,-8.6672,
PT,37.0839,-8.6793,Praia do Canavial
PT,37.084,-8.238,Praia dos Alemães
PT,37.0843,-8.6673,Praia dos Pinheiros
PT,37.0849,-8.7308,Prainha
PT,37.0849,-8.6899,Praia de Porto de Mós
PT,37.0851,-8.2183,Praia da Pedra dos Bicos
PT,37.0852,-7.6633,Praia do Barril
PT,37.0853,-8.2234,Praia da Oura
PT,37.0856,-8.2284,
PT,37.0858,-8.2452,Praia do Inatel
PT,37.0861,-8.2537,Praia do Peneco
PT,37.0863,-8.325,Praia dos Salgados
PT,37.0866,-8.4317,Praia do Carvalho
PT,37.0866,-8.2501,Praia dos Pescadores
PT,37.0866,-8.2167,
PT,37.0867,-8.1693,Praia da Falésia Açoteias
PT,37.0868,-8.7246,Praia da Luz
PT,37.0873,-8.6684,Praia do Camilo
PT,37.0874,-8.4259,Praia de Benagil
PT,37.0875,-8.4216,Praia da Corredoura
PT,37.0875,-8.4181,Praia do Cão Raivoso
PT,37.0877,-8.2135,Praia de Santa Eulália
PT,37.0878,-8.4408,Praia do Vale Espinhaço
PT,37.088,-8.6686,Praia do Camilo
PT,37.0883,-8.2077,
PT,37.0888,-8.6686,Pinheiro Beach
PT,37.0888,-8.2013,Praia Maria Luísa
PT,37.0892,-8.4151,Praia da Mesquita
PT,37.0894,-8.4112,Praia do Buraco
PT,37.0896,-8.4142,Praia da Marinha
PT,37.0897,-8.4102,Praia do Pau
PT,37.0897,-8.1907,Praia dos Olhos de Água
PT,37.0898,-8.4126,Praia da Marinha
PT,37.0899,-8.4071,Praia da Malhada do Baraço
PT,37.0899,-8.4056,Praia do Barranquinho
PT,37.0899,-8.1805,Praia do Barranco das Belharucas
PT,37.0901,-8.1871,
PT,37.0909,-8.4012,Praia da Estaquinha
PT,37.0909,-8.4004,Praia da Albandeira
PT,37.091,-8.3999,Praia da Albandeira
PT,37.0914,-8.4558,Praia de Vale Centianes
PT,37.092,-8.3956,Praia das Fontaínhas
PT,37.0921,-8.6688,Praia de Dona Ana
PT,37.0923,-7.6498,
PT,37.0931,-8.4599,Praia do Vale Covo
PT,37.0931,-8.394,Praia da Morena
PT,37.0933,-8.4601,Praia do Vale Covo
PT,37.0934,-8.3925,Praia do Pontal
PT,37.0939,-8.3407,Praia Grande de Pêra
PT,37.0944,-8.668,Praia do Pinhão
PT,37.095,-8.6677,
PT,37.0954,-8.3916,Praia do Barranco
PT,37.0959,-8.3883,Praia Nova
PT,37.096,-8.6672,Praia da Caldeira
PT,37.096,-8.4724,Praia do Carvoeiro
PT,37.0961,-8.6675,
PT,37.0965,-8.6675,Praia dos Estudantes
PT,37.0969,-8.4756,Praia do Paraíso
PT,37.0971,-8.3856,Praia da Senhora da Rocha
PT,37.0971,-8.384,Praia da Ponta da Adega
PT,37.0974,-8.3835,Praia das Escaleiras
PT,37.0979,-8.668,Praia da Batata
PT,37.0981,-8.3825,
PT,37.0982,-8.9474,
PT,37.0986,-8.3806,Praia da Cova Redonda
PT,37.0986,-7.6396,Praia da Terra Estreita na Ilha de Tavira
PT,37.0987,-8.4819,Praia dos Castelos
PT,37.0988,-8.6681,Praia do Forte da Bandeira
PT,37.0992,-8.3778,
PT,37.0998,-8.3771,Praia dos Tremoços
PT,37.1001,-8.947,Praia do Castelejo
PT,37.1002,-8.3596,Praia de Armação de Pêra
PT,37.1006,-8.375,
PT,37.1008,-8.3739,Praia dos Beijinhos
PT,37.1014,-8.3722,
PT,37.1014,-8.3717,
PT,37.1018,-8.3703,Praia Vale do Olival
PT,37.1022,-8.5062,Praia do Mato
PT,37.1028,-8.5077,Praia Afurada Naturista
PT,37.1034,-8.5092,Praia da Afurada
PT,37.105,-8.9419,
PT,37.105,-8.514,Praia dos Caneiros
PT,37.1059,-8.5159,Praia do Torrado
PT,37.1081,-8.5189,Praia do Pintadinho
PT,37.1093,-8.9375,Praia da Cordoama
PT,37.1096,-8.6554,Meia Praia
PT,37.1099,-7.621,Praia da Ilha de Tavira
PT,37.1103,-8.5199,Praia do Molhe
PT,37.114,-8.9344,
PT,37.115,-8.5285,
PT,37.1151,-7.6234,Praia Tavira-Ria
PT,37.1156,-8.5673,Praia João de Arens
PT,37.1156,-8.5362,Praia da Rocha
PT,37.1162,-8.5743,Praia RF
PT,37.1162,-8.5679,Praia João de Arens
PT,37.1164,-8.5717,Praia do Submarino
PT,37.1165,-8.5713,Praia do Submarino
PT,37.1166,-8.5704,Praia do Submarino
PT,37.1171,-8.5753,
PT,37.1173,-8.5759,
PT,37.1174,-7.6175,
PT,37.1177,-8.5479,Praia dos Três Castelos
PT,37.118,-8.5776,
PT,37.118,-8.577,
PT,37.1183,-8.5782,Praia da Prainha
PT,37.1184,-8.5661,Praia do Boião
PT,37.1186,-7.6252,Praia do Rato
PT,37.1189,-8.9307,Praia da Barriga
PT,37.1189,-7.6163,
PT,37.119,-8.9297,Praia da Barriga
PT,37.1191,-8.5554,Praia dos Careanos
PT,37.1192,-8.5645,Praia do Barranco das Canas
PT,37.1193,-8.6376,Meia Praia
PT,37.1197,-8.5819,Praia dos Três Irmãos
PT,37.1198,-8.5622,Praia do Alemão
PT,37.1199,-8.5593,Praia do Vau
PT,37.12,-7.612,Praia do Forte da Barra
PT,37.1207,-8.6269,Meia Praia
PT,37.1216,-8.59,Praia do Alvor Nascente
PT,37.1218,-8.609,
PT,37.1227,-8.5975,Praia do Alvor Poente
PT,37.1255,-8.6091,
PT,37.1269,-8.9251,Praia Cordama Naturista
PT,37.1323,-7.5914,Praia de Cabanas
PT,37.1333,-8.5954,
PT,37.137,-8.9201,Praia do Mirouço
PT,37.142,-7.5713,Praia do Lacém
PT,37.1469,-8.9159,Praia do Mirouço
PT,37.1516,-7.5474,Praia de Cacela Velha
PT,37.1548,-8.9084,Praia da Muração
PT,37.1562,-7.5459,
PT,37.1619,-7.5216,Praia da Manta Rota
PT,37.1643,-8.9034,Praia do Amado
PT,37.1661,-7.5104,Praia da Lota
PT,37.1683,-7.5035,Praia das Primas
PT,37.1693,-8.9031,Praia do Amado
PT,37.1695,-7.4981,Praia da Alagoa
PT,37.171,-8.9037,
PT,37.1711,-8.904,
PT,37.172,-7.4178,Praia de Santo António
PT,37.1724,-7.4859,Praia Verdelago
PT,37.174,-7.4789,Praia Verde
PT,37.1744,-8.9078,Praia do Portinho do Forno
PT,37.1755,-7.469,Praia do Cabeço
PT,37.1762,-7.4661,Praia Adão e Eva
PT,37.1767,-7.4474,Praia de Monte Gordo
PT,37.1929,-8.9139,Praia da Zimbreirinha
PT,37.1995,-8.9009,Praia da Bordeira
PT,37.2092,-8.8941,
PT,37.2137,-8.8908,
PT,37.2174,-8.8879,
PT,37.2374,-8.8754,Praia de Vale Figueira
PT,37.242,-8.8723,
PT,37.2428,-8.872,
PT,37.2474,-8.8694,Praia de Vale Figueira
PT,37.2523,-8.8662,Praia do Penedo
PT,37.2668,-8.8609,Praia do Canal
PT,37.2706,-8.8603,Praia do Canal
PT,37.275,-8.8631,Praia da Pedra da Agulha
PT,37.2921,-8.8655,Praia da Arrifana
PT,37.3193,-8.8767,
PT,37.3243,-8.8695,Praia do Medo da Fonte Santa
PT,37.3345,-8.8602,Praia de Coelha
PT,37.337,-8.8584,
PT,37.3422,-8.8531,Praia de Monte Clérigo
PT,37.3509,-8.8447,Praia da Amoreira
PT,37.3623,-8.8395,Praia da Carreagem
PT,37.3853,-8.8246,Praia de Vale dos Homens
PT,37.3946,-8.8189,Praia da Barradinha
PT,37.3983,-8.8167,Praia da Samouqueira
PT,37.4081,-8.8117,Praia da Esteveira
PT,37.4392,-8.8005,Praia das Adegas
PT,37.4421,-8.7978,Praia de Odeceixe-Mar
PT,37.4824,-8.7945,Praia da Amália
PT,37.4924,-8.7949,Praia dos Machados
PT,37.5009,-8.7926,Praia do Carvalhal
PT,37.504,-8.7917,Praia do Alvorião
PT,37.5147,-8.7906,Praia das Bernosas
PT,37.5165,-8.7902,Praia da Meia Laranja
PT,37.5174,-8.7898,Praia dos Alteirinhos (naturista)
PT,37.5185,-8.7888,Praia dos Alteirinhos
PT,37.5231,-8.7875,Praia da Zambujeira do Mar
PT,37.5301,-8.7874,Praia de Nossa Senhora
PT,37.5321,-8.7862,Praia da Pedra da Bica
PT,37.5356,-8.7862,Praia da Baía da Arquinha
PT,37.551,-8.7919,Praia da Entrada da Barca
PT,37.5591,-8.7922,Praia do Tonel
PT,37.6017,-8.8172,Praia do Cavaleiro
PT,37.6062,-8.8158,Praia da Carraca
PT,37.6078,-8.8136,Praia da Laginha
PT,37.6105,-8.8122,Praia do Cão
PT,37.6499,-8.804,Praia do Almograve Sul
PT,37.652,-8.8025,Praia Grande de Almograve
PT,37.654,-8.8019,Praia de Nossa Senhora
PT,37.6568,-8.8013,
PT,37.6579,-8.8,Praia da Foz dos Ouriços
PT,37.66,-8.8022,Praia da Angra das Melancias
PT,37.6618,-8.8017,Praia da Angra do Travesso
PT,37.6652,-8.8008,Praia dos Picos
PT,37.6751,-8.7964,Praia do Brejo Largo
PT,37.6816,-8.7953,Praia do Cavalo
PT,37.706,-25.4435,
PT,37.7139,-25.4378,Praia do Corpo Santo
PT,37.7143,-25.434,
PT,37.7157,-25.4633,Praia da Pedreira
PT,37.7158,-25.4222,
PT,37.7162,-25.4552,Praia do Degredo
PT,37.7163,-25.5167,Praia Baixa D' Areia
PT,37.7164,-25.4733,Praia Água d'Alto
PT,37.7165,-25.41,Praia de Calhau D'Areia
PT,37.7165,-8.7839,Praia das Furnas
PT,37.7168,-25.4263,Praia da Vinha d'Areia
PT,37.7173,-25.5185,Praia da Caloura
PT,37.7182,-25.4814,
PT,37.7194,-8.7902,Praia do Farol
PT,37.7218,-8.7862,Praia da Franquia
PT,37.7235,-8.7922,Praia Carreiro da Fazenda
PT,37.7245,-25.35,Praia da Amora
PT,37.7259,-8.7931,Praia da Bica da Areia
PT,37.7303,-25.3105,Praia do Fogo
PT,37.7382,-8.8019,
PT,37.7392,-8.8027,
PT,37.7453,-25.2398,
PT,37.7454,-25.2439,Praia do Morro
PT,37.7467,-25.2494,
PT,37.7502,-25.6314,
PT,37.7506,-25.6184,Praia do Pópulo
PT,37.7509,-25.6252,Praia das Milícias
PT,37.7527,-8.8074,Praia da Angra da Cerva
PT,37.7598,-8.8063,Praia do Burdo
PT,37.7649,-8.8067,Praia da Angra da Vaca
PT,37.7702,-8.8047,Praia da Angra da Barrela
PT,37.7779,-8.8028,Praia da Angra da Barreta
PT,37.7802,-8.8021,Praia do Malhão Sul
PT,37.783,-8.8017,
PT,37.7862,-25.1422,Praia do Lombo Gordo
PT,37.7868,-8.8017,Praia do Malhão Norte
PT,37.7916,-8.8021,Praia dos Nascedios
PT,37.7942,-8.8017,Praia do Saltinho
PT,37.7995,-8.7997,
PT,37.8098,-8.7958,Praia dos Aivados
PT,37.8146,-25.5607,Praia de Santana
PT,37.8167,-25.5484,Areal de Santa Barbara
PT,37.8189,-8.7931,Praia do Queimado
PT,37.823,-25.5278,Praia do Monte Verde
PT,37.8236,-25.4453,Praia dos Moinhos
PT,37.8236,-25.428,
PT,37.8242,-25.6061,
PT,37.8269,-25.5221,
PT,37.8284,-8.792,
PT,37.8324,-8.7919,Praia da Ilha do Pessegueiro
PT,37.8336,-25.3865,
PT,37.8354,-25.3921,Calheta do Frade
PT,37.8358,-25.4844,Porto de santa iria
PT,37.8385,-8.7902,Praia do Sissal
PT,37.8389,-25.3678,Praia da Viola
PT,37.8402,-8.7915,Praia Selvagem
PT,37.8446,-25.6929,Calhau Miúdo
PT,37.8462,-8.7931,Praia da Engardaceira
PT,37.8497,-8.7956,Praia dos Buizinhos
PT,37.8497,-8.7915,Praia da Baía de Porto Covo
PT,37.8518,-8.7956,Praia Pequena
PT,37.8524,-8.7961,Praia da Gaivota
PT,37.8527,-8.7956,Praia do Banho
PT,37.8536,-8.7951,
PT,37.855,-8.7946,
PT,37.8551,-25.297,
PT,37.8551,-8.794,Praia do Espingardeiro
PT,37.8553,-25.2892,Zona Balnear dos Moinhos das Relvas
PT,37.8572,-8.7936,Praia Grande de Porto Côvo
PT,37.8586,-25.2736,Zona Balnear do Lenho Achada/Achadinha
PT,37.8591,-8.7942,Praia da Cerca Nova
PT,37.8603,-8.7944,Praia naturista do Salto
PT,37.8617,-8.7942,
PT,37.8625,-8.7938,Praia do Cerro da Águia
PT,37.8638,-8.7934,Praia de Porto Covinho
PT,37.8673,-8.7931,Praia da Samoqueira
PT,37.8821,-8.7959,Praia dos Canudos
PT,37.8851,-8.7955,Praia da Foz
PT,37.8878,-25.824,Praia dos Mosteiros
PT,37.8903,-8.7969,
PT,37.8926,-8.7969,Praia da Oliveirinha
PT,37.8961,-8.7974,Praia da Vieirinha - Vale de Figueiros
PT,37.9012,-8.799,
PT,37.9047,-8.7991,
PT,37.9071,-8.7994,Praia de Morgavel
PT,37.9096,-8.8003,Praia da Pelengana
PT,37.9199,-8.8056,Praia de São Torpes
PT,37.9314,-8.8165,
PT,37.9337,-8.8229,
PT,37.9357,-8.8294,
PT,37.9528,-8.8678,Praia Vasco da Gama
PT,37.9599,-8.8868,
PT,37.972,-8.8698,Praia do Canto Mosqueiro
PT,37.9787,-8.8644,Praia da Costa do Norte
PT,37.9825,-8.8614,
PT,38.016,-8.843,
PT,38.0549,-8.8222,Praia da Fonte do Cortiço
PT,38.0666,-8.8171,Praia das Areias Brancas
PT,38.0811,-8.8112,Praia do Monte Velho
PT,38.1007,-8.8031,
PT,38.1141,-8.7979,Praia da Costa de Santo André
PT,38.1222,-8.7958,
PT,38.1242,-8.7951,Praia da Sesmaria
PT,38.1291,-8.7934,Praia de Melides
PT,38.1335,-8.7923,Praia da Vigia
PT,38.1552,-8.7867,
PT,38.1775,-8.7812,Praia da Aberta Nova
PT,38.1918,-8.7788,
PT,38.2048,-8.7771,Praia da Galé-Fontainhas
PT,38.2132,-8.7763,
PT,38.2214,-8.7756,Praia do Pinheirinho
PT,38.24,-8.7754,
PT,38.2577,-8.7758,Praia da Raposa
PT,38.2744,-8.7773,
PT,38.2922,-8.7789,Praia do Pêgo
PT,38.2995,-8.7801,
PT,38.3058,-8.7809,Praia do Carvalhal
PT,38.3187,-8.7833,Praia dos Brejos
PT,38.3453,-8.7901,Praia da Torre
PT,38.3633,-8.7961,Praia da Gasolineira
PT,38.3725,-8.7999,
PT,38.3809,-8.8036,Praia da Comporta
PT,38.4002,-28.0829,
PT,38.4161,-9.1896,Praia da Baleeira
PT,38.4162,-8.8324,Malha da Costa
PT,38.4186,-9.187,Praia da Tranca
PT,38.4236,-9.2146,Praia dos Lagosteiros
PT,38.4271,-9.1735,Praia de Cramesines
PT,38.4301,-9.1666,Praia de Vale Côvo
PT,38.4303,-9.1472,
PT,38.4304,-9.1534,Praia do Inferno
PT,38.4306,-9.1452,Praia da Cova da Mijona
PT,38.4327,-9.1291,Praia do Ribeiro do Cavalo
PT,38.4328,-9.126,Praia
PT,38.441,-9.0594,Praia da Cova
PT,38.4413,-9.098,Praia da Califórnia
PT,38.4422,-9.1085,Praia do Ouro
PT,38.4458,-28.0845,
PT,38.4473,-9.0373,Praia dos Penedos
PT,38.4511,-9.2012,Praia do Rebenta Bois
PT,38.4542,-9.1987,Praia da Foz
PT,38.4548,-8.8439,
PT,38.4588,-8.8726,Praia Atlântica
PT,38.4603,-9.1951,Praia da Pipa
PT,38.463,-8.8792,Praia das Camarinhas
PT,38.4648,-9.1925,Praia das Bicas
PT,38.4673,-8.9904,Praia de Alpertuche
PT,38.4683,-9.1908,Praia do Penedo
PT,38.4689,-8.8861,Praia da Duna Cinzenta
PT,38.47,-8.8671,
PT,38.4728,-8.9842,Praia dos Pilotos
PT,38.4754,-8.895,Praia Tróia-Galé
PT,38.477,-8.9836,Praia do Portinho da Arrábida
PT,38.478,-9.187,Praia do Meco (Tramagueira)
PT,38.4793,-8.978,Praia do Creiro
PT,38.4804,-8.9723,Praia do Monte Branco
PT,38.4804,-8.9709,Praia da Anicha
PT,38.4812,-8.9695,
PT,38.4818,-8.9694,Praia dos Coelhos
PT,38.4834,-8.9679,Praia de Galapinhos
PT,38.4842,-8.9471,Praia da Figueirinha
PT,38.4845,-8.9646,Praia de Galápos
PT,38.4852,-8.9416,
PT,38.4854,-8.9064,Praia Tróia-Bico das Lulas
PT,38.4881,-8.9346,Praia do Outão
PT,38.4884,-9.1837,Praia do Meco
PT,38.4896,-28.2353,Baía das Canas
PT,38.4922,-8.9077,Praia de Tróia
PT,38.4952,-9.1831,Praia de Alfarim
PT,38.5034,-8.8447,Praia da Graça
PT,38.5037,-8.9272,Praia da Rasca
PT,38.5048,-9.1793,Lagoa de Albufeira
PT,38.5066,-8.8485,
PT,38.5071,-8.9258,Praia da Comenda
PT,38.5079,-9.1823,
PT,38.508,-8.8503,
PT,38.5084,-8.9224,Praia da Rainha
PT,38.5108,-8.9184,Praia da Maria Esguelha
PT,38.5109,-8.9157,Praia de Albarquel
PT,38.5129,-8.9108,
PT,38.5157,-8.9074,
PT,38.5167,-8.906,Praia da Saúde
PT,38.5231,-28.6739,
PT,38.5237,-28.6708,
PT,38.5248,-28.6267,Praia de Porto Pim
PT,38.5263,-28.6287,
PT,38.5309,-9.1843,
PT,38.5428,-28.6194,Praia da Conceição
PT,38.5518,-28.5044,Porto da Formosinha
PT,38.5543,-28.6087,Praia do Almoxarife
PT,38.5577,-28.6102,Praia dos Ingleses
PT,38.5587,-9.1905,Praia da Adiça (naturista)
PT,38.5611,-28.6117,Praia dos Ingleses
PT,38.5651,-28.6096,Praia da Boca da Grota
PT,38.568,-28.6051,Praia do Porto de Pedro Miguel
PT,38.572,-9.1968,Fonte da Telha
PT,38.5823,-9.2022,Praia Azul
PT,38.5837,-27.9333,
PT,38.5861,-9.2041,Praia 19
PT,38.5905,-9.206,Praia da Bela Vista (parte naturista)
PT,38.5953,-9.2077,Praia da Bela Vista
PT,38.5984,-9.2085,Praia Nova Vaga
PT,38.6002,-9.2095,Praia do Infante
PT,38.6014,-9.21,Praia da Sereia
PT,38.6016,-28.8266,
PT,38.6021,-28.824,
PT,38.6033,-9.2108,Praia da Morena
PT,38.6064,-9.2124,Praia do Rei
PT,38.6099,-28.8053,
PT,38.61,-9.2144,Praia Cabana do Pescador
PT,38.6106,-28.7555,Praia da Fajã
PT,38.6112,-28.7531,
PT,38.6127,-28.7508,
PT,38.6132,-9.2163,Praia do Castelo
PT,38.6164,-9.2182,Praia da Rainha
PT,38.6195,-9.2203,Praia da Riviera
PT,38.6228,-9.2226,Praia do Forte
PT,38.6252,-9.0534,
PT,38.6255,-9.2247,Praia da Mata
PT,38.6276,-9.1111,
PT,38.6277,-9.2266,Praia da Cornélia
PT,38.6293,-9.1051,
PT,38.6302,-9.2283,Praia da Saúde
PT,38.6316,-9.106,
PT,38.6325,-9.1064,
PT,38.634,-9.2319,Nova Praia
PT,38.6376,-9.2355,Praia Nova
PT,38.6397,-9.2373,Praia do Dragão Vermelho
PT,38.6404,-9.106,
PT,38.6416,-9.0649,Praia de Copacabana
PT,38.6418,-9.2388,Praia do Paraíso
PT,38.6432,-9.2403,Praia do Tarquínio
PT,38.644,-9.1053,Praia do Seixal
PT,38.6446,-9.1018,
PT,38.6448,-9.242,Praia do CDS
PT,38.645,-9.0864,Praia da Velha
PT,38.6452,-28.1326,
PT,38.6473,-9.0973,Praia dos Barcos
PT,38.6475,-9.2438,Praia de Santo António da Caparica
PT,38.6477,-27.1537,Fajã do Ficher
PT,38.6501,-9.2456,Praia do Norte
PT,38.6515,-9.1135,Praia Fluvial da Ponta dos Corvos
PT,38.6517,-27.2223,
PT,38.6523,-9.0741,
PT,38.6537,-27.22,Prainha
PT,38.6554,-27.2717,
PT,38.6556,-27.2477,
PT,38.6559,-9.0843,Praia Fluvial de Alburrica
PT,38.6563,-9.0905,Praia do Mexilhoeiro
PT,38.6565,-9.2519,Praia de São João
PT,38.6567,-27.2357,Silveira
PT,38.6589,-9.092,Praia do Clube Naval
PT,38.6617,-9.2587,Praia da Cova do Vapor
PT,38.6622,-9.0881,
PT,38.6639,-9.258,Praia do Albatroz
PT,38.6652,-9.2556,
PT,38.6659,-9.0751,
PT,38.6662,-9.2496,Praia do Bico da Calha
PT,38.6671,-9.0739,
PT,38.6674,-9.028,Praia da Gorda
PT,38.6714,-9.243,Praia do Segundo Torrão
PT,38.673,-9.1498,Praia da Mutela
PT,38.6738,-9.2331,Praia da Trafaria
PT,38.6745,-9.2305,
PT,38.6752,-9.2202,Praia do Portinho da Costa
PT,38.6753,-9.3227,Praia da Torre
PT,38.6756,-27.3289,Zona Balnear do Porto das Cinco
PT,38.6763,-9.3274,Praia do Moinho
PT,38.6764,-9.3283,
PT,38.6773,-9.2073,Prainha do Porto Brandão
PT,38.6792,-9.3361,Praia de Carcavelos
PT,38.6806,-27.0552,Piscinas Oceânicas de Porto Martins
PT,38.6816,-9.343,
PT,38.6834,-9.3142,Praia da Laje
PT,38.6845,-9.3096,Praia de Santo Amaro
PT,38.6846,-9.0363,
PT,38.6856,-9.3539,Praia da Parede
PT,38.6864,-9.0354,
PT,38.6871,-9.3015,Praia das Fontaínhas
PT,38.6892,-9.3619,Praia das Avencas
PT,38.6904,-9.2968,Praia de Paço de Arcos
PT,38.6908,-9.2955,
PT,38.6915,-9.4209,Praia de Santa Marta
PT,38.6918,-9.422,Praia de Santa Marta
PT,38.6919,-9.2939,
PT,38.6921,-9.3661,Praia da Baforeira
PT,38.693,-9.2916,Praia Velha
PT,38.693,-9.2191,
PT,38.6932,-9.3696,Praia de São Pedro do Estoril
PT,38.6957,-9.231,Praia de Algés
PT,38.6967,-9.4196,Praia da Ribeira
PT,38.697,-9.2843,Giribita
PT,38.6975,-9.2381,Praia do Dafundo
PT,38.6979,-9.2755,Praia do Forte
PT,38.6982,-9.2793,Praia do Lagoal
PT,38.6982,-9.2778,Praia de Caxias
PT,38.6983,-9.274,Praia de Caxias
PT,38.6985,-9.2408,Praia do Dafundo
PT,38.6989,-9.418,Praia da Rainha
PT,38.6992,-9.252,Praia da Cruz Quebrada
PT,38.6994,-9.417,
PT,38.7001,-9.4165,Praia da Conceição
PT,38.7006,-9.3892,Praia da Azarujinha
PT,38.7007,-9.4148,Praia da Duquesa
PT,38.7015,-9.412,Praia das Moitas
PT,38.7018,-9.3916,Praia da Poça
PT,38.702,-9.4094,Praia das Moitas
PT,38.7027,-9.4,Praia do Tamariz
PT,38.7149,-27.0582,
PT,38.7154,-27.0604,Praia da Riviera
PT,38.7201,-9.4791,Praia da Arriba
PT,38.7252,-9.4764,Praia da Cresmina
PT,38.7258,-27.0616,
PT,38.7283,-9.0113,Praia do Samouco
PT,38.7293,-27.0595,Praia da Vitória
PT,38.731,-27.0551,Praia dos Oficiais
PT,38.7332,-9.4732,Praia do Guincho
PT,38.7348,-9.0088,
PT,38.7415,-9.4725,Praia do Abano
PT,38.7438,-8.987,
PT,38.7462,-9.0965,
PT,38.7466,-8.9776,
PT,38.7489,-8.9714,Praia dos Moinhos
PT,38.7499,-9.4715,Praia da Grota
PT,38.7579,-9.4822,Praia do Porto do Touro
PT,38.7755,-9.4937,Praia da Assentiz
PT,38.7767,-9.497,Praia do Louriçal
PT,38.7862,-9.4958,Praia da Aroeira
PT,38.787,-27.1358,Escaleiras
PT,38.7905,-9.4925,Praia da Ursa
PT,38.7954,-9.4897,Praia do Caneiro
PT,38.8017,-9.4866,Praia do Cavalo
PT,38.8029,-27.2572,Calheta dos Biscoitos
PT,38.8037,-9.485,Praia da Adraga
PT,38.8131,-9.4785,Praia Grande do Rodízio
PT,38.8196,-9.4745,Praia Pequena do Rodízio
PT,38.8249,-9.4699,Praia das Maçãs
PT,38.8519,-9.4557,Praia da Aguda
PT,38.8605,-9.4509,Praia do Magoito
PT,38.8745,-9.4446,Praia do Giribeto
PT,38.8961,-9.4349,Praia da Samarra
PT,38.8968,-9.435,Praia da Samarra
PT,38.9072,-9.0172,
PT,38.9191,-9.4264,Praia da Vigia
PT,38.9295,-9.421,Praia de São Julião
PT,38.9417,-9.4142,
PT,38.942,-9.4136,Praia da Foz do Lizandro
PT,38.9431,-9.4146,
PT,38.9432,-9.4146,
PT,38.9549,-9.4165,Praia do Sul
PT,38.9576,-9.416,Praia do Sul
PT,38.9643,-9.419,Praia dos Pescadores
PT,38.9672,-9.4201,Praia do Norte
PT,38.9727,-9.4204,Praia de São Sebastião
PT,38.9755,-9.4204,Praia do Matadouro
PT,38.9787,-9.4218,Pedra Branca
PT,38.9792,-9.4223,Praia dos Tombadoiros
PT,38.9797,-9.4223,Praia da Empa
PT,38.9808,-9.4219,Praia da Orelheira
PT,38.9844,-9.4194,Praia de Alibabá
PT,38.9857,-9.4189,
PT,38.9877,-9.4192,Praia Ribeira d' Ilhas
PT,38.9929,-9.4239,Praia do Cavalinho
PT,39.0042,-9.4255,Praia dos Coxos
PT,39.0118,-9.4215,Praia de São Lourenço
PT,39.0328,-9.4184,Praia da Calada
PT,39.042,-9.4168,
PT,39.0509,-27.9708,
PT,39.0512,-27.9709,
PT,39.0619,-9.4159,
PT,39.0687,-9.4186,
PT,39.1095,-9.3975,Praia da Foz do Sizandro
PT,39.1274,-9.3884,Praia das Amoeiras
PT,39.1315,-9.3854,Praia Formosa
PT,39.1336,-9.3844,Praia do Guincho
PT,39.136,-9.3821,Praia de Santa Helena
PT,39.1375,-9.3809,Praia do Centro
PT,39.1377,-9.3805,Praia da Física
PT,39.1387,-9.3799,Praia da Física
PT,39.1399,-9.3789,Praia do Pisão
PT,39.141,-9.3779,
PT,39.1424,-9.3771,Praia do Mirante
PT,39.1442,-9.3755,
PT,39.1456,-9.3747,Praia do Navio
PT,39.1465,-9.374,
PT,39.148,-9.373,Praia da Vigia
PT,39.1512,-9.3714,
PT,39.1566,-9.3686,Praia da Mexilhoeira
PT,39.1632,-9.3644,
PT,39.1675,-9.3611,Praia de Santa Rita Sul
PT,39.1723,-9.3582,Praia de Santa Rita Norte
PT,39.1781,-9.3568,Praia de Porto Novo
PT,39.1943,-9.3513,Praia de Valmitão
PT,39.214,-9.3443,Praia de Porto Dinheiro
PT,39.217,-9.3435,Praia de Porto Dinheiro
PT,39.2253,-9.3406,Porto de Barcas
PT,39.2471,-9.3411,Praia da Peralta
PT,39.2566,-9.3378,Praia do Areal Sul
PT,39.2665,-9.336,Praia da Areia Branca
PT,39.2745,-9.3357,Praia Vale de Frades
PT,39.2771,-9.3362,
PT,39.2808,-9.3366,Praia do Caniçal
PT,39.2852,-9.3377,Praia de Paimongo
PT,39.2912,-9.3405,
PT,39.2926,-9.3404,
PT,39.306,-9.3458,
PT,39.3111,-9.3468,
PT,39.3155,-9.3502,
PT,39.3166,-9.3517,
PT,39.3379,-9.3636,Praia da Consolação
PT,39.3506,-9.3769,
PT,39.3537,-9.38,
PT,39.3539,-9.3881,Praia do Porto de Areia Sul
PT,39.3543,-9.3834,
PT,39.355,-9.3944,
PT,39.3655,-9.3558,Praia do Baleal
PT,39.369,-9.3782,Praia do Portinho da Areia Norte
PT,39.3703,-9.3856,Prainha do Abalo
PT,39.3722,-9.3387,Cantinho da Baía
PT,39.3732,-31.202,
PT,39.3738,-9.3383,Praínha
PT,39.3738,-9.3316,Praia do Lagido
PT,39.3743,-31.2068,
PT,39.3761,-9.3216,Praia das Pedras Muitas
PT,39.3768,-9.3404,Praia dos barcos
PT,39.3774,-9.3406,
PT,39.3797,-31.1711,Praia das Lajes ou Calheta
PT,39.3876,-9.297,Praia do Pico da Mota
PT,39.3989,-9.2819,
PT,39.4064,-9.2672,Praia da Estrela
PT,39.4097,-9.262,Cova do Covão
PT,39.4122,-9.2587,Barroca da Adela
PT,39.4126,-9.511,
PT,39.4151,-9.5073,Praia do Carreiro do Mosteiro
PT,39.4167,-9.2523,Praia Frincha Grande
PT,39.4203,-9.2478,Praia Olho de Água
PT,39.4212,-9.246,Praia do Rei Cortiço
PT,39.4232,-9.2435,Praia da Tramagueira
PT,39.4253,-9.2339,Praia do Bom Sucesso
PT,39.4318,-9.2306,Praia da Foz do Arelho-Mar
PT,39.4373,-9.2262,
PT,39.4389,-9.2249,
PT,39.4405,-9.2238,Prainha
PT,39.4509,-31.1275,
PT,39.4618,-31.259,Praia Fajã Grande
PT,39.4742,-31.1485,Baía de Alagoa
PT,39.5034,-9.1498,Duna de Salir do Porto
PT,39.5073,-9.1421,Praia de São Martinho do Porto
PT,39.5154,-31.2333,
PT,39.526,-9.1321,Praia da Gralha
PT,39.5391,-9.122,Prainha do Salgado
PT,39.5601,-9.1025,Praia do Salgado
PT,39.5785,-9.0818,
PT,39.5836,-9.0808,
PT,39.5971,-9.0749,Praia da Nazaré
PT,39.6229,-9.0804,Praia do Norte
PT,39.6448,-9.0736,Praia da Falca
PT,39.6639,-9.0662,
PT,39.6724,-31.1216,Praia da Areia
PT,39.6732,-31.1217,
PT,39.6856,-9.058,Praia de Vale Furado
PT,39.694,-9.0542,Praia da Mina
PT,39.7018,-9.051,Praia de Paredes de Vitória
PT,39.7155,-9.05,Praia da Polvoeira
PT,39.7296,-9.0453,Praia da Pedra do Ouro
PT,39.7377,-9.0415,Praia de Água de Madeiros
PT,39.7445,-9.038,Praia das Valeiras
PT,39.7505,-9.0355,
PT,39.7538,-9.0336,Praia São Pedro de Moel
PT,39.7682,-9.0292,
PT,39.7737,-9.0259,Praia Velha
PT,39.8235,-8.9996,
PT,39.8745,-8.973,Praia da Vieira
PT,39.8833,-8.9692,Praia da Vieira (Norte)
PT,39.8997,-8.9613,Praia do Vigão
PT,39.9137,-8.955,Praia de Pedrogão - Sul
PT,39.923,-8.9517,Praia de Pedrogão
PT,40.0035,-8.9138,Praia do Osso da Baleia
PT,40.0593,-8.8902,Praia da Leirosa
PT,40.0754,-8.8819,
PT,40.0923,-8.8756,Praia da Costa de Lavos
PT,40.1029,-8.8711,
PT,40.1137,-8.8666,
PT,40.1233,-8.8641,Praia da Cova-Gala
PT,40.1297,-8.8634,Praia do Hospital
PT,40.1361,-8.8629,Praia do Cabedelo
PT,40.143,-8.8666,Praia do Cabedelinho
PT,40.1565,-8.8759,Praia da Figueira da Foz
PT,40.2057,-8.8997,Praia da Murtinheira
PT,40.2202,-8.8918,Praia de Quiaios
PT,40.3355,-8.8428,Praia da Tocha
PT,40.3957,-8.8226,Praia do Palheirão
PT,40.451,-8.8056,Praia de Mira
PT,40.492,-8.7919,Praia Poço da Cruz
PT,40.5173,-8.7826,Praia Duna Alta Naturista
PT,40.5337,-8.7782,Praia do Areão
PT,40.5537,-8.7725,
PT,40.5654,-8.7693,
PT,40.5932,-8.758,Praia Naturistas da Costa Nova em Aveiro
PT,40.6043,-8.7562,
PT,40.6071,-8.7557,
PT,40.6201,-8.753,Praia da Costa Nova
PT,40.6361,-8.7489,Praia da Barra
PT,40.6421,-8.7494,Praia da Barra
PT,40.6763,-8.7461,Praia de São Jacinto
PT,40.737,-8.7232,Praia da Torreira
PT,40.7786,-8.7081,
PT,40.8223,-8.6928,
PT,40.8288,-8.6906,Praia Torrão do Lameiro
PT,40.8612,-8.6796,Praia do Furadouro - Sul
PT,40.8706,-8.6787,Furadouro
PT,40.8752,-8.6768,Praia do Furadouro
PT,40.8854,-8.6724,Praia do Furadouro - Norte
PT,40.8968,-8.6687,
PT,40.9053,-8.6655,
PT,40.9135,-8.6633,
PT,40.9206,-8.6613,Praia de São Pedro de Maceda
PT,40.9276,-8.6598,
PT,40.9355,-8.6596,Praia de Cortegaça
PT,40.9405,-8.6596,Praia de Cortegaça
PT,40.9455,-8.6581,Praia de Cortegaça
PT,40.9485,-8.6573,
PT,40.9519,-8.6573,Praia dos Pescadores
PT,40.9551,-8.6563,Praia Velha
PT,40.9569,-8.6557,Praia do Cantinho
PT,40.9601,-8.6545,Praia da Barrinha
PT,40.9661,-8.6521,Praia da Barrinha
PT,40.9737,-8.65,Praia de Paramos
PT,40.98,-8.6491,Praia de Paramos
PT,40.9873,-8.6479,Praia de Silvalde
PT,40.9947,-8.6464,
PT,40.9977,-8.6469,Praia dos Pescadores
PT,41.0014,-8.6475,Praia das Sereias
PT,41.003,-8.6467,Praia 37
PT,41.0069,-8.6468,Praia da Baía
PT,41.0158,-8.6462,Praia de Espinho
PT,41.0247,-8.6453,Praia de Brito
PT,41.0291,-8.6465,Praia de São Félix da Marinha
PT,41.0326,-8.6467,Praia de Bocamar
PT,41.0361,-8.6484,Praia Granja
PT,41.0407,-8.6505,Praia da Granja
PT,41.0467,-8.6542,Praia da Aguda
PT,41.053,-8.6561,Praia da Areia Branca
PT,41.06,-8.6568,
PT,41.0658,-8.6571,Praia de Miramar
PT,41.0689,-8.6579,Praia do Senhor da Pedra
PT,41.0726,-8.658,Praia Sãozinha
PT,41.0767,-8.6574,Praia Francemar
PT,41.0798,-8.6573,Praia Francelos
PT,41.0832,-8.6569,Praia Dunas Mar
PT,41.0851,-8.6569,Praia do Atlântico
PT,41.088,-8.6571,Praia Valadares Sul
PT,41.0924,-8.6579,Praia Valadares Norte
PT,41.0959,-8.6592,Praia dos Tesos
PT,41.0999,-8.6604,Praia de Madalena Sul
PT,41.1037,-8.662,Praia de Madalena Norte
PT,41.1075,-8.6634,Praia de Marbelo
PT,41.1116,-8.6637,
PT,41.1143,-8.6642,Praia Canide Sul
PT,41.1168,-8.6641,Praia Sereia da Costa Verde
PT,41.1191,-8.6644,Praia Canidelo Norte
PT,41.121,-8.6663,Praia de Salgueiros
PT,41.1247,-8.6674,
PT,41.1283,-8.6679,Praia de Lavadores
PT,41.1295,-8.6686,
PT,41.1397,-8.6641,
PT,41.14,-8.6695,Praia do Cabedelo
PT,41.1475,-8.6749,Praia das Pastoras
PT,41.1484,-8.6758,Praia do Carneiro
PT,41.15,-8.677,Praia do Ourigo
PT,41.1518,-8.678,Praia dos Ingleses
PT,41.1537,-8.6797,Praia da Luz
PT,41.1548,-8.6804,
PT,41.1562,-8.6817,Praia de Gondarém
PT,41.1577,-8.6833,Praia do Molhe
PT,41.1601,-8.6854,Praia do Homem do Leme
PT,41.1625,-8.686,Praia do Aquário
PT,41.1676,-8.69,Praia do Castelo do Queijo
PT,41.1696,-8.6889,
PT,41.1715,-8.6887,Praia Internacional
PT,41.1765,-8.6939,Praia de Matosinhos
PT,41.1894,-8.7061,Praia de Leça
PT,41.1925,-8.7076,
PT,41.1935,-8.708,
PT,41.1951,-8.7091,Praia dos Beijinhos
PT,41.1972,-8.7105,Praia de Fuzelhas
PT,41.2022,-8.7139,Praia da Boa Nova
PT,41.2039,-8.714,
PT,41.2042,-8.7148,Praia Azul
PT,41.2109,-8.7159,Praia do Aterro
PT,41.2188,-8.7154,Praia do Cabo do Mundo
PT,41.2225,-8.716,Praia do Paraíso
PT,41.2256,-8.717,
PT,41.2274,-8.7202,Praia do Facho
PT,41.2309,-8.7223,Praia da Memória
PT,41.2348,-8.7239,Praia do Marreco
PT,41.2374,-8.7244,Praia da Quebrada
PT,41.2413,-8.7265,Praia de Pedras da Agudela
PT,41.2462,-8.7259,
PT,41.2502,-8.7248,
PT,41.2533,-8.7243,
PT,41.256,-8.7239,Praia do Funtão
PT,41.2595,-8.7246,
PT,41.2617,-8.7256,Praia de Angeiras Sul
PT,41.2661,-8.727,
PT,41.2677,-8.7269,Praia de Angeiras Norte
PT,41.2726,-8.7278,Praia de Labruge
PT,41.2776,-8.7287,
PT,41.2797,-8.7294,
PT,41.281,-8.7304,Praia dos Castros
PT,41.289,-8.7326,Praia do Puço
PT,41.2901,-8.7329,Praia de Vila Chã - Vila do Conde
PT,41.2961,-8.7357,
PT,41.3252,-8.7419,
PT,41.3301,-8.7391,Praia de Árvore
PT,41.3406,-8.7506,
PT,41.354,-8.7575,
PT,41.3565,-8.7554,Praia das Caxinas
PT,41.3747,-8.7626,Praia do Peixe
PT,41.3772,-8.7683,Praia de Redonda / Leixão
PT,41.3791,-8.7686,Praia de Loulé
PT,41.3805,-8.7695,Praia de Redonda
PT,41.3817,-8.7704,Praia de Carvalhido
PT,41.3834,-8.7713,Praia de Salgueira
PT,41.3852,-8.773,Praia Azul
PT,41.3863,-8.7744,Praia Verde
PT,41.3876,-8.7747,Praia de Beijinhos
PT,41.3887,-8.7746,Praia de Lada II
PT,41.3897,-8.7745,Praia de Lada I
PT,41.3909,-8.7745,Praia de Lagoa II
PT,41.3917,-8.7748,Praia de Hotel
PT,41.3927,-8.7759,Praia de Lagoa I
PT,41.3936,-8.7768,Praia de Pontes
PT,41.3947,-8.7778,Praia de Fragosinho
PT,41.3976,-8.7789,Praia de Fragosa
PT,41.4042,-8.7803,
PT,41.4331,-8.7837,Praia Rio Alto Naturista
PT,41.4389,-8.7809,Praia da Barranha
PT,41.454,-8.778,Praia da Estela
PT,41.4586,-8.7768,
PT,41.4751,-8.775,Praia da Ramalha
PT,41.48,-8.7761,
PT,41.4828,-8.7777,Praia da Apúlia
PT,41.485,-8.7796,
PT,41.4905,-8.7828,
PT,41.4959,-8.7856,Praia das Pedrinhas
PT,41.5008,-8.7879,Praia das Pedrinhas
PT,41.5069,-8.7872,
PT,41.5145,-8.7861,
PT,41.5184,-8.7878,Praia de Ofir
PT,41.5273,-8.7907,
PT,41.5349,-8.7897,
PT,41.5402,-8.7894,
PT,41.5429,-8.7923,
PT,41.5449,-8.7925,Praia Suave Mar (Sul)
PT,41.5465,-8.7923,Praia Suave Mar (Centro)
PT,41.5481,-8.792,Praia Suave Mar (Norte)
PT,41.551,-8.7923,
PT,41.5541,-8.7933,Praia de Cepães
PT,41.5593,-8.7952,
PT,41.5657,-8.7966,Praia de Rio de Moinhos
PT,41.5701,-8.7976,
PT,41.5733,-8.7989,Praia de S.Bartolomeu
PT,41.5935,-8.8045,
PT,41.6135,-8.8095,Praia Fluvial de Castelo do Neiva
PT,41.6159,-8.8119,
PT,41.6217,-8.8144,
PT,41.6246,-8.8168,Praia de Castelo do Neiva
PT,41.6299,-8.8203,Praia de Castelo do Neiva
PT,41.637,-8.8209,Praia de Lordelo
PT,41.6458,-8.8243,Praia de Amorosa
PT,41.6616,-8.8243,Praia Rodanho - zona de Naturista tolerado
PT,41.6618,-8.8251,Praia do Cabedelo
PT,41.673,-8.8257,Praia do Cabedelo
PT,41.6768,-8.8312,Praia do Cabedelo
PT,41.6824,-8.8334,Praia do Aquário
PT,41.6829,-8.8453,Praia do Coral
PT,41.7368,-8.8747,Praia de Carreço
PT,41.7588,-8.8775,Praia de Paçô
PT,41.7735,-8.8738,Praia da Arda
PT,41.785,-8.8715,Praia de Afife
PT,41.797,-8.8733,
PT,41.8006,-8.871,Praia do Forte do Cão
PT,41.8068,-8.8668,Praia da Duna do Caldeirão
PT,41.8133,-8.8645,Praia de Vila Praia de Âncora
PT,41.8181,-8.8715,
PT,41.8195,-8.8724,
PT,41.8509,-8.8675,Praia de Moledo
PT,41.8598,-8.8744,
PT,41.864,-8.864,Praia de Caminha
RO,43.7523,28.5766,
RO,43.7774,28.5802,
RO,43.7797,28.5811,Plaja Golful Pescarilor
RO,43.7819,28.5801,Plajă nudiști
RO,43.7847,28.5802,Plaja 2 Mai
RO,43.7878,28.5807,Plaja 2 Mai
RO,43.8089,28.5891,Plaja Farul Genovez
RO,43.812,28.5877,Plaja Mangalia
RO,43.8128,28.5866,Plaja Corsa
RO,43.8148,28.5882,Plaja Eminescu
RO,43.8161,28.5878,
RO,43.8237,28.5894,Plaja Diana
RO,43.8265,28.5905,Plaja Cupidon
RO,43.8268,28.5914,Plaja Saturn
RO,43.836,28.5925,Plaja Saturn - Venus
RO,43.8432,28.5975,
RO,43.8475,28.6032,
RO,43.8515,28.6078,
RO,43.8612,28.6073,Plaja Júpiter
RO,43.8852,28.6108,
RO,43.9006,28.6157,
RO,43.9192,28.6266,Plaja 23 August
RO,43.9329,28.6331,Golful Francezului nude beach
RO,43.9441,28.6382,Plaja Costinești
RO,43.951,28.6391,Plaja Costinești
RO,43.9579,28.6435,Plaja Costinești
RO,43.9622,28.6481,"Plaja de nudiști Costinești (neoficial, traditional)"
RO,43.9656,28.652,
RO,43.9667,28.6541,
RO,43.9747,28.6558,
RO,43.9999,28.6637,Plaja Tuzla
RO,44.0004,28.6622,Plaja Tuzla
RO,44.0019,28.6623,Cochilia
RO,44.0319,28.6541,Plaja Eforie Sud
RO,44.0415,28.6509,Plaja Eforie
RO,44.076,28.6388,
RO,44.0823,28.6415,Plaja Agigea Sud
RO,44.0838,28.6434,Plaja Agigea Nord
RO,44.1806,28.6578,Plaja Modern
RO,44.1875,28.6558,
RO,44.1938,28.6553,Zoom Beach
RO,44.1955,28.6577,Plaja Trei Papuci
RO,44.2059,28.6546,Plaja Tataia
RO,44.2132,28.65,
RO,44.2164,28.6451,Pescărie
RO,44.2184,28.6433,
RO,44.2247,28.6326,White Beach
RO,44.226,28.6319,Plaja Delta
RO,44.2374,28.6252,Crush Beach
RO,44.2419,28.6238,Habibi Beach Mamaia
RO,44.2702,28.6317,
RO,44.3436,28.6921,Plaja Capul Midia
RO,44.3576,28.699,Plaja Midia
RO,44.3745,28.7119,Plaja Corbu
RO,44.4081,28.7444,Plaja Gura Buhazului
RO,44.4504,28.7903,Plaja Vadu
RO,44.4975,28.8416,Plaja Chituc
RO,44.5466,28.8844,Plaja Edighiol
RO,44.5898,28.9152,Plaja Pricop
RO,44.7087,29.1274,
RO,44.7497,29.1348,
RO,44.777,29.4934,
RO,44.779,29.4741,
RO,44.7871,29.5302,
RO,44.8247,29.5361,
RO,44.9252,29.6253,Plaja Sfântu Gheorghe
RO,45.0475,29.6504,
RO,45.1456,29.6863,Plaja Sulina
