municipality,eur_m2,period,source
Aachen,3258,2026,"immoportal (asking, houses)"
Aalen,2859,2026,"immoportal (asking, houses)"
Abensberg,3189,2026,"immoportal (asking, houses)"
Abstatt,3859,2026,"immoportal (asking, houses)"
Achern,2940,2026,"immoportal (asking, houses)"
Achim,2575,2026,"immoportal (asking, houses)"
Adendorf,3242,2026,"immoportal (asking, houses)"
Aerzen,1267,2026,"immoportal (asking, houses)"
Ahaus,2426,2026,"immoportal (asking, houses)"
Ahlen,2278,2026,"immoportal (asking, houses)"
Ahrensburg,4268,2026,"immoportal (asking, houses)"
Ahrensfelde,3669,2026,"immoportal (asking, houses)"
Aichach,3800,2026,"immoportal (asking, houses)"
Aichtal,3882,2026,"immoportal (asking, houses)"
Aichwald,3913,2026,"immoportal (asking, houses)"
Aidlingen,3769,2026,"immoportal (asking, houses)"
Albbruck,2842,2026,"immoportal (asking, houses)"
Albstadt,1809,2026,"immoportal (asking, houses)"
Aldenhoven,2179,2026,"immoportal (asking, houses)"
Alfeld (Leine),1401,2026,"immoportal (asking, houses)"
Alfter,3450,2026,"immoportal (asking, houses)"
Allendorf (Lumda),1897,2026,"immoportal (asking, houses)"
Allershausen,5045,2026,"immoportal (asking, houses)"
Allstedt,632,2026,"immoportal (asking, houses)"
Alpen,2732,2026,"immoportal (asking, houses)"
Alpirsbach,1879,2026,"immoportal (asking, houses)"
Alsbach-Hähnlein,3561,2026,"immoportal (asking, houses)"
Alsdorf,2748,2026,"immoportal (asking, houses)"
Alsfeld,1292,2026,"immoportal (asking, houses)"
Altbach,3687,2026,"immoportal (asking, houses)"
Altdorf,4101,2026,"immoportal (asking, houses)"
Altdorf b. Nürnberg,3376,2026,"immoportal (asking, houses)"
Altena,1108,2026,"immoportal (asking, houses)"
Altenberge,2777,2026,"immoportal (asking, houses)"
Altenburg,852,2026,"immoportal (asking, houses)"
Altenholz,3029,2026,"immoportal (asking, houses)"
Altenkirchen (Westerwald),2072,2026,"immoportal (asking, houses)"
Altenmünster,3775,2026,"immoportal (asking, houses)"
Altenstadt,2887,2026,"immoportal (asking, houses)"
Altensteig,2457,2026,"immoportal (asking, houses)"
Althengstett,3618,2026,"immoportal (asking, houses)"
Althütte,2937,2026,"immoportal (asking, houses)"
Altomünster,4821,2026,"immoportal (asking, houses)"
Altrip,3121,2026,"immoportal (asking, houses)"
Altusried,3787,2026,"immoportal (asking, houses)"
Altötting,3333,2026,"immoportal (asking, houses)"
Alzenau,3340,2026,"immoportal (asking, houses)"
Alzey,2763,2026,"immoportal (asking, houses)"
Amberg,2443,2026,"immoportal (asking, houses)"
Ammerbuch,3655,2026,"immoportal (asking, houses)"
Ammersbek,4003,2026,"immoportal (asking, houses)"
Ampfing,3543,2026,"immoportal (asking, houses)"
Amt Creuzburg,1150,2026,"immoportal (asking, houses)"
Andechs,7918,2026,"immoportal (asking, houses)"
Andernach,2397,2026,"immoportal (asking, houses)"
Angermünde,1669,2026,"immoportal (asking, houses)"
Anklam,1634,2026,"immoportal (asking, houses)"
Ankum,2300,2026,"immoportal (asking, houses)"
Annaberg-Buchholz,976,2026,"immoportal (asking, houses)"
Annweiler am Trifels,2319,2026,"immoportal (asking, houses)"
Anröchte,1948,2026,"immoportal (asking, houses)"
Ansbach,2559,2026,"immoportal (asking, houses)"
Apen,2304,2026,"immoportal (asking, houses)"
Apolda,1631,2026,"immoportal (asking, houses)"
Appenweier,2989,2026,"immoportal (asking, houses)"
Arnsberg,1983,2026,"immoportal (asking, houses)"
Arnsdorf,2247,2026,"immoportal (asking, houses)"
Arnstadt,1899,2026,"immoportal (asking, houses)"
Arnstorf,2316,2026,"immoportal (asking, houses)"
Aschaffenburg,3403,2026,"immoportal (asking, houses)"
Ascheberg,2469,2026,"immoportal (asking, houses)"
Aschersleben,1060,2026,"immoportal (asking, houses)"
Aschheim,8083,2026,"immoportal (asking, houses)"
Aspach,3174,2026,"immoportal (asking, houses)"
Asperg,4209,2026,"immoportal (asking, houses)"
Attendorn,2149,2026,"immoportal (asking, houses)"
Au i. d. Hallertau,4015,2026,"immoportal (asking, houses)"
Aue-Bad Schlema,1116,2026,"immoportal (asking, houses)"
Auerbach,1379,2026,"immoportal (asking, houses)"
Auerbach/Vogtl.,1186,2026,"immoportal (asking, houses)"
Augsburg,4445,2026,"immoportal (asking, houses)"
Augustdorf,1891,2026,"immoportal (asking, houses)"
Augustusburg,1784,2026,"immoportal (asking, houses)"
Aulendorf,3152,2026,"immoportal (asking, houses)"
Aurich,2001,2026,"immoportal (asking, houses)"
Aßlar,1517,2026,"immoportal (asking, houses)"
Aßling,5928,2026,"immoportal (asking, houses)"
Babenhausen,3321,2026,"immoportal (asking, houses)"
Backnang,3355,2026,"immoportal (asking, houses)"
Bad Abbach,3512,2026,"immoportal (asking, houses)"
Bad Aibling,5756,2026,"immoportal (asking, houses)"
Bad Arolsen,1656,2026,"immoportal (asking, houses)"
Bad Bellingen,3858,2026,"immoportal (asking, houses)"
Bad Belzig,2448,2026,"immoportal (asking, houses)"
Bad Bentheim,2084,2026,"immoportal (asking, houses)"
Bad Bergzabern,2432,2026,"immoportal (asking, houses)"
Bad Berleburg,1535,2026,"immoportal (asking, houses)"
Bad Bevensen,2007,2026,"immoportal (asking, houses)"
Bad Birnbach,2485,2026,"immoportal (asking, houses)"
Bad Boll,3079,2026,"immoportal (asking, houses)"
Bad Bramstedt,3097,2026,"immoportal (asking, houses)"
Bad Breisig,2314,2026,"immoportal (asking, houses)"
Bad Camberg,2439,2026,"immoportal (asking, houses)"
Bad Doberan,3420,2026,"immoportal (asking, houses)"
Bad Driburg,1344,2026,"immoportal (asking, houses)"
Bad Düben,2719,2026,"immoportal (asking, houses)"
Bad Dürkheim,2708,2026,"immoportal (asking, houses)"
Bad Dürrenberg,2216,2026,"immoportal (asking, houses)"
Bad Dürrheim,2786,2026,"immoportal (asking, houses)"
Bad Elster,1114,2026,"immoportal (asking, houses)"
Bad Ems,1839,2026,"immoportal (asking, houses)"
Bad Endorf,5159,2026,"immoportal (asking, houses)"
Bad Essen,1925,2026,"immoportal (asking, houses)"
Bad Fallingbostel,2046,2026,"immoportal (asking, houses)"
Bad Feilnbach,5534,2026,"immoportal (asking, houses)"
Bad Freienwalde (Oder),2013,2026,"immoportal (asking, houses)"
Bad Friedrichshall,3604,2026,"immoportal (asking, houses)"
Bad Füssing,2505,2026,"immoportal (asking, houses)"
Bad Gandersheim,1216,2026,"immoportal (asking, houses)"
Bad Gottleuba-Berggießhübel,1553,2026,"immoportal (asking, houses)"
Bad Griesbach i. Rottal,2362,2026,"immoportal (asking, houses)"
Bad Harzburg,1454,2026,"immoportal (asking, houses)"
Bad Heilbrunn,5952,2026,"immoportal (asking, houses)"
Bad Herrenalb,2613,2026,"immoportal (asking, houses)"
Bad Hersfeld,1719,2026,"immoportal (asking, houses)"
Bad Homburg v. d. Höhe,5861,2026,"immoportal (asking, houses)"
Bad Honnef,3253,2026,"immoportal (asking, houses)"
Bad Hönningen,1980,2026,"immoportal (asking, houses)"
Bad Iburg,2171,2026,"immoportal (asking, houses)"
Bad Kissingen,1954,2026,"immoportal (asking, houses)"
Bad Kreuznach,2591,2026,"immoportal (asking, houses)"
Bad Krozingen,4533,2026,"immoportal (asking, houses)"
Bad Laasphe,1348,2026,"immoportal (asking, houses)"
Bad Langensalza,905,2026,"immoportal (asking, houses)"
Bad Lauchstädt,1796,2026,"immoportal (asking, houses)"
Bad Lausick,2066,2026,"immoportal (asking, houses)"
Bad Lauterberg im Harz,1400,2026,"immoportal (asking, houses)"
Bad Liebenzell,2879,2026,"immoportal (asking, houses)"
Bad Lippspringe,2571,2026,"immoportal (asking, houses)"
Bad Marienberg (Westerwald),1780,2026,"immoportal (asking, houses)"
Bad Mergentheim,2276,2026,"immoportal (asking, houses)"
Bad Muskau,1268,2026,"immoportal (asking, houses)"
Bad Münder am Deister,1495,2026,"immoportal (asking, houses)"
Bad Münstereifel,2450,2026,"immoportal (asking, houses)"
Bad Nauheim,3443,2026,"immoportal (asking, houses)"
Bad Nenndorf,1922,2026,"immoportal (asking, houses)"
Bad Neuenahr-Ahrweiler,2987,2026,"immoportal (asking, houses)"
Bad Neustadt a. d. Saale,1686,2026,"immoportal (asking, houses)"
Bad Oeynhausen,2072,2026,"immoportal (asking, houses)"
Bad Oldesloe,3175,2026,"immoportal (asking, houses)"
Bad Orb,2224,2026,"immoportal (asking, houses)"
Bad Pyrmont,1423,2026,"immoportal (asking, houses)"
Bad Rappenau,3017,2026,"immoportal (asking, houses)"
Bad Reichenhall,5073,2026,"immoportal (asking, houses)"
Bad Rodach,1634,2026,"immoportal (asking, houses)"
Bad Rothenfelde,2183,2026,"immoportal (asking, houses)"
Bad Saarow,3770,2026,"immoportal (asking, houses)"
Bad Salzdetfurth,1560,2026,"immoportal (asking, houses)"
Bad Salzuflen,2056,2026,"immoportal (asking, houses)"
Bad Salzungen,946,2026,"immoportal (asking, houses)"
Bad Sassendorf,2259,2026,"immoportal (asking, houses)"
Bad Saulgau,2949,2026,"immoportal (asking, houses)"
Bad Schmiedeberg,1028,2026,"immoportal (asking, houses)"
Bad Schussenried,2932,2026,"immoportal (asking, houses)"
Bad Schwalbach,2498,2026,"immoportal (asking, houses)"
Bad Schwartau,3344,2026,"immoportal (asking, houses)"
Bad Schönborn,3883,2026,"immoportal (asking, houses)"
Bad Segeberg,2726,2026,"immoportal (asking, houses)"
Bad Sobernheim,1854,2026,"immoportal (asking, houses)"
Bad Soden am Taunus,5291,2026,"immoportal (asking, houses)"
Bad Soden-Salmünster,2154,2026,"immoportal (asking, houses)"
Bad Staffelstein,2452,2026,"immoportal (asking, houses)"
Bad Säckingen,3312,2026,"immoportal (asking, houses)"
Bad Tölz,6230,2026,"immoportal (asking, houses)"
Bad Urach,2823,2026,"immoportal (asking, houses)"
Bad Vilbel,4589,2026,"immoportal (asking, houses)"
Bad Waldsee,3451,2026,"immoportal (asking, houses)"
Bad Wiessee,9637,2026,"immoportal (asking, houses)"
Bad Wildbad,2193,2026,"immoportal (asking, houses)"
Bad Wildungen,1640,2026,"immoportal (asking, houses)"
Bad Wimpfen,2837,2026,"immoportal (asking, houses)"
Bad Windsheim,1878,2026,"immoportal (asking, houses)"
Bad Wurzach,3245,2026,"immoportal (asking, houses)"
Bad Wörishofen,3371,2026,"immoportal (asking, houses)"
Bad Wünnenberg,1980,2026,"immoportal (asking, houses)"
Bad Zwischenahn,2864,2026,"immoportal (asking, houses)"
Baden-Baden,3284,2026,"immoportal (asking, houses)"
Badenweiler,3441,2026,"immoportal (asking, houses)"
Baesweiler,2651,2026,"immoportal (asking, houses)"
Baiersbronn,1906,2026,"immoportal (asking, houses)"
Baiersdorf,3729,2026,"immoportal (asking, houses)"
Baindt,3696,2026,"immoportal (asking, houses)"
Balingen,2577,2026,"immoportal (asking, houses)"
Ballenstedt,953,2026,"immoportal (asking, houses)"
Baltmannsweiler,3505,2026,"immoportal (asking, houses)"
Balve,1678,2026,"immoportal (asking, houses)"
Bamberg,3715,2026,"immoportal (asking, houses)"
Bannewitz,3110,2026,"immoportal (asking, houses)"
Bardowick,2945,2026,"immoportal (asking, houses)"
Bargteheide,3657,2026,"immoportal (asking, houses)"
Barleben,2114,2026,"immoportal (asking, houses)"
Barmstedt,3085,2026,"immoportal (asking, houses)"
Barsbüttel,3784,2026,"immoportal (asking, houses)"
Barsinghausen,2521,2026,"immoportal (asking, houses)"
Barth,2222,2026,"immoportal (asking, houses)"
Barßel,2156,2026,"immoportal (asking, houses)"
Bassum,1924,2026,"immoportal (asking, houses)"
Baumholder,1302,2026,"immoportal (asking, houses)"
Baunatal,2473,2026,"immoportal (asking, houses)"
Bautzen,1691,2026,"immoportal (asking, houses)"
Bayerisch Gmain,4926,2026,"immoportal (asking, houses)"
Bayreuth,3359,2026,"immoportal (asking, houses)"
Bebra,1252,2026,"immoportal (asking, houses)"
Beckingen,1389,2026,"immoportal (asking, houses)"
Beckum,2200,2026,"immoportal (asking, houses)"
Bedburg,2678,2026,"immoportal (asking, houses)"
Bedburg-Hau,2621,2026,"immoportal (asking, houses)"
Beelitz,3661,2026,"immoportal (asking, houses)"
Behren-Lübchin,1601,2026,"immoportal (asking, houses)"
Beilngries,3740,2026,"immoportal (asking, houses)"
Beilstein,3851,2026,"immoportal (asking, houses)"
Bellheim,2694,2026,"immoportal (asking, houses)"
Belm,2457,2026,"immoportal (asking, houses)"
Bendorf,2650,2026,"immoportal (asking, houses)"
Benningen am Neckar,3834,2026,"immoportal (asking, houses)"
Bensheim,3792,2026,"immoportal (asking, houses)"
Beratzhausen,2878,2026,"immoportal (asking, houses)"
Berg,8784,2026,"immoportal (asking, houses)"
Bergen,1878,2026,"immoportal (asking, houses)"
Bergen auf Rügen,2161,2026,"immoportal (asking, houses)"
Bergheim,2956,2026,"immoportal (asking, houses)"
Bergisch Gladbach,3778,2026,"immoportal (asking, houses)"
Bergkamen,2516,2026,"immoportal (asking, houses)"
Berglen,3331,2026,"immoportal (asking, houses)"
Bergneustadt,2146,2026,"immoportal (asking, houses)"
Berlin,4704,2026,"immoportal (asking, houses)"
Bernau a. Chiemsee,5894,2026,"immoportal (asking, houses)"
Bernau bei Berlin,3742,2026,"immoportal (asking, houses)"
Bernburg (Saale),823,2026,"immoportal (asking, houses)"
Berne,2347,2026,"immoportal (asking, houses)"
Bernsdorf,1536,2026,"immoportal (asking, houses)"
Bernstadt a. d. Eigen,941,2026,"immoportal (asking, houses)"
Besigheim,3765,2026,"immoportal (asking, houses)"
Bestensee,3785,2026,"immoportal (asking, houses)"
Bestwig,1463,2026,"immoportal (asking, houses)"
Betzdorf,1818,2026,"immoportal (asking, houses)"
Beuren,3249,2026,"immoportal (asking, houses)"
Beverstedt,1647,2026,"immoportal (asking, houses)"
Beverungen,998,2026,"immoportal (asking, houses)"
Bexbach,1522,2026,"immoportal (asking, houses)"
Biberach an der Riß,3188,2026,"immoportal (asking, houses)"
Biblis,2881,2026,"immoportal (asking, houses)"
Bickenbach,3570,2026,"immoportal (asking, houses)"
Biebertal,1837,2026,"immoportal (asking, houses)"
Biebesheim am Rhein,3459,2026,"immoportal (asking, houses)"
Biedenkopf,1115,2026,"immoportal (asking, houses)"
Bielefeld,2760,2026,"immoportal (asking, houses)"
Bietigheim-Bissingen,4218,2026,"immoportal (asking, houses)"
Billerbeck,2744,2026,"immoportal (asking, houses)"
Bingen am Rhein,2787,2026,"immoportal (asking, houses)"
Binz,3782,2026,"immoportal (asking, houses)"
Birkenau,2830,2026,"immoportal (asking, houses)"
Birkenfeld,3012,2026,"immoportal (asking, houses)"
Bischofsheim,3618,2026,"immoportal (asking, houses)"
Bischofswerda,1502,2026,"immoportal (asking, houses)"
Bisingen,2360,2026,"immoportal (asking, houses)"
Bissendorf,2343,2026,"immoportal (asking, houses)"
Bissingen an der Teck,3452,2026,"immoportal (asking, houses)"
Bitburg,2290,2026,"immoportal (asking, houses)"
Bitterfeld-Wolfen,1099,2026,"immoportal (asking, houses)"
Blankenburg (Harz),1096,2026,"immoportal (asking, houses)"
Blankenfelde-Mahlow,4093,2026,"immoportal (asking, houses)"
Blaubeuren,2806,2026,"immoportal (asking, houses)"
Blaustein,3212,2026,"immoportal (asking, houses)"
Bleicherode,843,2026,"immoportal (asking, houses)"
Blieskastel,1442,2026,"immoportal (asking, houses)"
Blomberg,1381,2026,"immoportal (asking, houses)"
Blumberg,2303,2026,"immoportal (asking, houses)"
Bobenheim-Roxheim,2979,2026,"immoportal (asking, houses)"
Bobingen,4043,2026,"immoportal (asking, houses)"
Bocholt,2549,2026,"immoportal (asking, houses)"
Bochum,2823,2026,"immoportal (asking, houses)"
Bockhorn,5297,2026,"immoportal (asking, houses)"
Bodelshausen,3496,2026,"immoportal (asking, houses)"
Bodenheim,3979,2026,"immoportal (asking, houses)"
Bodman-Ludwigshafen,4410,2026,"immoportal (asking, houses)"
Bogen,3031,2026,"immoportal (asking, houses)"
Bohmte,2213,2026,"immoportal (asking, houses)"
Boizenburg/Elbe,1891,2026,"immoportal (asking, houses)"
Bondorf,3291,2026,"immoportal (asking, houses)"
Bonn,3888,2026,"immoportal (asking, houses)"
Bonndorf im Schwarzwald,2456,2026,"immoportal (asking, houses)"
Bopfingen,2050,2026,"immoportal (asking, houses)"
Boppard,1996,2026,"immoportal (asking, houses)"
Borchen,2620,2026,"immoportal (asking, houses)"
Borken,2309,2026,"immoportal (asking, houses)"
Borken (Hessen),1562,2026,"immoportal (asking, houses)"
Borna,2327,2026,"immoportal (asking, houses)"
Bornheim,3409,2026,"immoportal (asking, houses)"
Borsdorf,3232,2026,"immoportal (asking, houses)"
Bottrop,2801,2026,"immoportal (asking, houses)"
Bovenden,2247,2026,"immoportal (asking, houses)"
Brackenheim,3341,2026,"immoportal (asking, houses)"
Brake (Unterweser),1746,2026,"immoportal (asking, houses)"
Brakel,1311,2026,"immoportal (asking, houses)"
Bramsche,2069,2026,"immoportal (asking, houses)"
Brand-Erbisdorf,1447,2026,"immoportal (asking, houses)"
Brandenburg an der Havel,2429,2026,"immoportal (asking, houses)"
Brandis,3006,2026,"immoportal (asking, houses)"
Brannenburg,6203,2026,"immoportal (asking, houses)"
Braubach,1504,2026,"immoportal (asking, houses)"
Braunfels,1922,2026,"immoportal (asking, houses)"
Braunlage,1210,2026,"immoportal (asking, houses)"
Braunsbedra,2064,2026,"immoportal (asking, houses)"
Braunschweig,2763,2026,"immoportal (asking, houses)"
Breisach am Rhein,3709,2026,"immoportal (asking, houses)"
Breitenbrunn/Erzgeb.,1082,2026,"immoportal (asking, houses)"
Bremen,2594,2026,"immoportal (asking, houses)"
Bremerhaven,1767,2026,"immoportal (asking, houses)"
Bremervörde,1850,2026,"immoportal (asking, houses)"
Brensbach,2264,2026,"immoportal (asking, houses)"
Bretten,3154,2026,"immoportal (asking, houses)"
Bretzfeld,2942,2026,"immoportal (asking, houses)"
Brieselang,3869,2026,"immoportal (asking, houses)"
Brilon,1536,2026,"immoportal (asking, houses)"
Bruchköbel,3266,2026,"immoportal (asking, houses)"
Bruchsal,3001,2026,"immoportal (asking, houses)"
Bruckmühl,6174,2026,"immoportal (asking, houses)"
Brunnthal,7339,2026,"immoportal (asking, houses)"
Brunsbüttel,1931,2026,"immoportal (asking, houses)"
Brück,3018,2026,"immoportal (asking, houses)"
Brüggen,2891,2026,"immoportal (asking, houses)"
Brühl,3481,2026,"immoportal (asking, houses)"
Brühl,3505,2026,"immoportal (asking, houses)"
Bubenreuth,3869,2026,"immoportal (asking, houses)"
Buch,3522,2026,"immoportal (asking, houses)"
Buch a. Erlbach,4401,2026,"immoportal (asking, houses)"
Buchen (Odenwald),2146,2026,"immoportal (asking, houses)"
Buchholz in der Nordheide,3560,2026,"immoportal (asking, houses)"
Buchloe,3869,2026,"immoportal (asking, houses)"
Budenheim,3953,2026,"immoportal (asking, houses)"
Burbach,1400,2026,"immoportal (asking, houses)"
Burg,1529,2026,"immoportal (asking, houses)"
Burg (Spreewald),2218,2026,"immoportal (asking, houses)"
Burg Stargard,1451,2026,"immoportal (asking, houses)"
Burgau,3057,2026,"immoportal (asking, houses)"
Burgdorf,2592,2026,"immoportal (asking, houses)"
Burghausen,3228,2026,"immoportal (asking, houses)"
Burgkirchen a. d. Alz,3196,2026,"immoportal (asking, houses)"
Burglengenfeld,2543,2026,"immoportal (asking, houses)"
Burgstädt,1124,2026,"immoportal (asking, houses)"
Burgthann,3319,2026,"immoportal (asking, houses)"
Burgwedel,3599,2026,"immoportal (asking, houses)"
Burkhardtsdorf,1294,2026,"immoportal (asking, houses)"
Burladingen,1834,2026,"immoportal (asking, houses)"
Burscheid,3287,2026,"immoportal (asking, houses)"
Buseck,2403,2026,"immoportal (asking, houses)"
Busenwurth,1917,2026,"immoportal (asking, houses)"
Butzbach,2570,2026,"immoportal (asking, houses)"
Buxtehude,3208,2026,"immoportal (asking, houses)"
Böblingen,4140,2026,"immoportal (asking, houses)"
Böhl-Iggelheim,3087,2026,"immoportal (asking, houses)"
Böhlen,3407,2026,"immoportal (asking, houses)"
Bönen,2304,2026,"immoportal (asking, houses)"
Bönnigheim,3238,2026,"immoportal (asking, houses)"
Büchen,3043,2026,"immoportal (asking, houses)"
Büchlberg,2540,2026,"immoportal (asking, houses)"
Bückeburg,1791,2026,"immoportal (asking, houses)"
Büdelsdorf,2444,2026,"immoportal (asking, houses)"
Büdingen,2374,2026,"immoportal (asking, houses)"
Bühl,3143,2026,"immoportal (asking, houses)"
Bühlertal,2494,2026,"immoportal (asking, houses)"
Bünde,1729,2026,"immoportal (asking, houses)"
Büren,1852,2026,"immoportal (asking, houses)"
Bürstadt,2781,2026,"immoportal (asking, houses)"
Büttelborn,3479,2026,"immoportal (asking, houses)"
Cadolzburg,3866,2026,"immoportal (asking, houses)"
Calbe (Saale),756,2026,"immoportal (asking, houses)"
Calw,3016,2026,"immoportal (asking, houses)"
Cammin,2109,2026,"immoportal (asking, houses)"
Castrop-Rauxel,2555,2026,"immoportal (asking, houses)"
Celle,2184,2026,"immoportal (asking, houses)"
Cham,2256,2026,"immoportal (asking, houses)"
Chemnitz,1610,2026,"immoportal (asking, houses)"
Clausthal-Zellerfeld,954,2026,"immoportal (asking, houses)"
Cloppenburg,2163,2026,"immoportal (asking, houses)"
Coburg,2611,2026,"immoportal (asking, houses)"
Cochem,2071,2026,"immoportal (asking, houses)"
Coesfeld,2557,2026,"immoportal (asking, houses)"
Colditz,1749,2026,"immoportal (asking, houses)"
Coswig,3012,2026,"immoportal (asking, houses)"
Coswig (Anhalt),1086,2026,"immoportal (asking, houses)"
Cottbus,2533,2026,"immoportal (asking, houses)"
Crailsheim,2632,2026,"immoportal (asking, houses)"
Cremlingen,2261,2026,"immoportal (asking, houses)"
Crimmitschau,986,2026,"immoportal (asking, houses)"
Crivitz,1822,2026,"immoportal (asking, houses)"
Cuxhaven,2189,2026,"immoportal (asking, houses)"
Dachau,6517,2026,"immoportal (asking, houses)"
Dallgow-Döberitz,4360,2026,"immoportal (asking, houses)"
Damme,2271,2026,"immoportal (asking, houses)"
Dannstadt-Schauernheim,3316,2026,"immoportal (asking, houses)"
Dargun,1357,2026,"immoportal (asking, houses)"
Darmstadt,4309,2026,"immoportal (asking, houses)"
Dassel,917,2026,"immoportal (asking, houses)"
Datteln,2314,2026,"immoportal (asking, houses)"
Dautphetal,1276,2026,"immoportal (asking, houses)"
Deggendorf,2881,2026,"immoportal (asking, houses)"
Deggingen,2533,2026,"immoportal (asking, houses)"
Deizisau,3654,2026,"immoportal (asking, houses)"
Delbrück,2737,2026,"immoportal (asking, houses)"
Delitzsch,2727,2026,"immoportal (asking, houses)"
Delmenhorst,2329,2026,"immoportal (asking, houses)"
Demmin,1448,2026,"immoportal (asking, houses)"
Denkendorf,3869,2026,"immoportal (asking, houses)"
Denzlingen,4116,2026,"immoportal (asking, houses)"
Dessau-Roßlau,1519,2026,"immoportal (asking, houses)"
Detmold,2269,2026,"immoportal (asking, houses)"
Dettenhausen,3823,2026,"immoportal (asking, houses)"
Dettingen an der Erms,3344,2026,"immoportal (asking, houses)"
Dieburg,3653,2026,"immoportal (asking, houses)"
Diedorf,4163,2026,"immoportal (asking, houses)"
Dielheim,3313,2026,"immoportal (asking, houses)"
Diepholz,1972,2026,"immoportal (asking, houses)"
Dierdorf,1901,2026,"immoportal (asking, houses)"
Dietenheim,2990,2026,"immoportal (asking, houses)"
Dietzenbach,3892,2026,"immoportal (asking, houses)"
Diez,2316,2026,"immoportal (asking, houses)"
Dießen am Ammersee,6365,2026,"immoportal (asking, houses)"
Dillenburg,1378,2026,"immoportal (asking, houses)"
Dillingen a. d. Donau,3011,2026,"immoportal (asking, houses)"
Dillingen/Saar,1455,2026,"immoportal (asking, houses)"
Dingelstädt,1460,2026,"immoportal (asking, houses)"
Dingolfing,3041,2026,"immoportal (asking, houses)"
Dinkelsbühl,2671,2026,"immoportal (asking, houses)"
Dinkelscherben,3651,2026,"immoportal (asking, houses)"
Dinklage,2197,2026,"immoportal (asking, houses)"
Dinslaken,2983,2026,"immoportal (asking, houses)"
Dippoldiswalde,1909,2026,"immoportal (asking, houses)"
Dissen am Teutoburger Wald,2222,2026,"immoportal (asking, houses)"
Ditzingen,4104,2026,"immoportal (asking, houses)"
Dobel,2773,2026,"immoportal (asking, houses)"
Doberlug-Kirchhain,1029,2026,"immoportal (asking, houses)"
Dohna,2412,2026,"immoportal (asking, houses)"
Donaueschingen,2696,2026,"immoportal (asking, houses)"
Donauwörth,3094,2026,"immoportal (asking, houses)"
Donzdorf,2779,2026,"immoportal (asking, houses)"
Dorfen,5239,2026,"immoportal (asking, houses)"
Dormagen,3471,2026,"immoportal (asking, houses)"
Dornburg,1892,2026,"immoportal (asking, houses)"
Dornstadt,3336,2026,"immoportal (asking, houses)"
Dornstetten,1998,2026,"immoportal (asking, houses)"
Dorsten,2519,2026,"immoportal (asking, houses)"
Dortmund,2809,2026,"immoportal (asking, houses)"
Dossenheim,3415,2026,"immoportal (asking, houses)"
Drebach,1059,2026,"immoportal (asking, houses)"
Dreieich,4423,2026,"immoportal (asking, houses)"
Drensteinfurt,2864,2026,"immoportal (asking, houses)"
Dresden,3646,2026,"immoportal (asking, houses)"
Drochtersen,2063,2026,"immoportal (asking, houses)"
Drolshagen,1913,2026,"immoportal (asking, houses)"
Duderstadt,1542,2026,"immoportal (asking, houses)"
Duisburg,2223,2026,"immoportal (asking, houses)"
Durach,4135,2026,"immoportal (asking, houses)"
Durmersheim,3190,2026,"immoportal (asking, houses)"
Dußlingen,3972,2026,"immoportal (asking, houses)"
Döbeln,1660,2026,"immoportal (asking, houses)"
Dülmen,2462,2026,"immoportal (asking, houses)"
Düren,2219,2026,"immoportal (asking, houses)"
Düsseldorf,4898,2026,"immoportal (asking, houses)"
Eberbach,2421,2026,"immoportal (asking, houses)"
Eberdingen,3932,2026,"immoportal (asking, houses)"
Ebersbach an der Fils,3243,2026,"immoportal (asking, houses)"
Ebersbach-Neugersdorf,989,2026,"immoportal (asking, houses)"
Ebersberg,5977,2026,"immoportal (asking, houses)"
Eberswalde,2525,2026,"immoportal (asking, houses)"
Ebhausen,2436,2026,"immoportal (asking, houses)"
Eching,5930,2026,"immoportal (asking, houses)"
Eckental,3629,2026,"immoportal (asking, houses)"
Eckernförde,3259,2026,"immoportal (asking, houses)"
Edemissen,2239,2026,"immoportal (asking, houses)"
Edenkoben,2553,2026,"immoportal (asking, houses)"
Edewecht,2574,2026,"immoportal (asking, houses)"
Edingen-Neckarhausen,3443,2026,"immoportal (asking, houses)"
Efringen-Kirchen,3492,2026,"immoportal (asking, houses)"
Egelsbach,4030,2026,"immoportal (asking, houses)"
Eggenfelden,2666,2026,"immoportal (asking, houses)"
Eggenstein-Leopoldshafen,3621,2026,"immoportal (asking, houses)"
Egmating,6170,2026,"immoportal (asking, houses)"
Ehingen (Donau),2979,2026,"immoportal (asking, houses)"
Ehningen,4116,2026,"immoportal (asking, houses)"
Ehrenfriedersdorf,1245,2026,"immoportal (asking, houses)"
Eichenau,6463,2026,"immoportal (asking, houses)"
Eichenzell,2595,2026,"immoportal (asking, houses)"
Eichstätt,3384,2026,"immoportal (asking, houses)"
Eichwalde,3792,2026,"immoportal (asking, houses)"
Eilenburg,2650,2026,"immoportal (asking, houses)"
Einbeck,989,2026,"immoportal (asking, houses)"
Einhausen,3286,2026,"immoportal (asking, houses)"
Eisenach,1517,2026,"immoportal (asking, houses)"
Eisenberg,1418,2026,"immoportal (asking, houses)"
Eisenberg (Pfalz),2314,2026,"immoportal (asking, houses)"
Eisenhüttenstadt,2220,2026,"immoportal (asking, houses)"
Eisleben,611,2026,"immoportal (asking, houses)"
Eislingen/Fils,2917,2026,"immoportal (asking, houses)"
Eitorf,2540,2026,"immoportal (asking, houses)"
Elbe-Parey,1213,2026,"immoportal (asking, houses)"
Elchingen,3309,2026,"immoportal (asking, houses)"
Ellerau,3515,2026,"immoportal (asking, houses)"
Ellhofen,3350,2026,"immoportal (asking, houses)"
Ellwangen (Jagst),2539,2026,"immoportal (asking, houses)"
Elmshorn,3156,2026,"immoportal (asking, houses)"
Elsdorf,2731,2026,"immoportal (asking, houses)"
Elsenfeld,2485,2026,"immoportal (asking, houses)"
Elsteraue,1100,2026,"immoportal (asking, houses)"
Eltville am Rhein,3563,2026,"immoportal (asking, houses)"
Elztal,2032,2026,"immoportal (asking, houses)"
Emden,2012,2026,"immoportal (asking, houses)"
Emmelshausen,2206,2026,"immoportal (asking, houses)"
Emmendingen,3805,2026,"immoportal (asking, houses)"
Emmerich am Rhein,2562,2026,"immoportal (asking, houses)"
Emmerthal,1376,2026,"immoportal (asking, houses)"
Emmerting,3472,2026,"immoportal (asking, houses)"
Emsbüren,2072,2026,"immoportal (asking, houses)"
Emsdetten,2488,2026,"immoportal (asking, houses)"
Emstek,2108,2026,"immoportal (asking, houses)"
Endingen am Kaiserstuhl,3435,2026,"immoportal (asking, houses)"
Engelskirchen,2440,2026,"immoportal (asking, houses)"
Engen,3167,2026,"immoportal (asking, houses)"
Enger,1997,2026,"immoportal (asking, houses)"
Eningen unter Achalm,3661,2026,"immoportal (asking, houses)"
Ennepetal,2683,2026,"immoportal (asking, houses)"
Ennigerloh,2377,2026,"immoportal (asking, houses)"
Ense,2257,2026,"immoportal (asking, houses)"
Eppelborn,1217,2026,"immoportal (asking, houses)"
Eppelheim,3534,2026,"immoportal (asking, houses)"
Eppertshausen,3407,2026,"immoportal (asking, houses)"
Eppingen,2831,2026,"immoportal (asking, houses)"
Eppstein,3591,2026,"immoportal (asking, houses)"
Erbach,2936,2026,"immoportal (asking, houses)"
Erbach,2282,2026,"immoportal (asking, houses)"
Erding,5837,2026,"immoportal (asking, houses)"
Erdmannhausen,3640,2026,"immoportal (asking, houses)"
Erdweg,5562,2026,"immoportal (asking, houses)"
Erftstadt,2981,2026,"immoportal (asking, houses)"
Erfurt,3026,2026,"immoportal (asking, houses)"
Ergolding,4107,2026,"immoportal (asking, houses)"
Ergoldsbach,3143,2026,"immoportal (asking, houses)"
Eriskirch,4706,2026,"immoportal (asking, houses)"
Erkelenz,2363,2026,"immoportal (asking, houses)"
Erkner,3626,2026,"immoportal (asking, houses)"
Erkrath,3785,2026,"immoportal (asking, houses)"
Erlangen,4627,2026,"immoportal (asking, houses)"
Erlenbach,3601,2026,"immoportal (asking, houses)"
Erlenbach a. Main,2551,2026,"immoportal (asking, houses)"
Erlensee,3252,2026,"immoportal (asking, houses)"
Erligheim,3536,2026,"immoportal (asking, houses)"
Erwitte,2178,2026,"immoportal (asking, houses)"
Erzhausen,3789,2026,"immoportal (asking, houses)"
Eschborn,4772,2026,"immoportal (asking, houses)"
Eschenburg,1397,2026,"immoportal (asking, houses)"
Eschwege,1279,2026,"immoportal (asking, houses)"
Eschweiler,2340,2026,"immoportal (asking, houses)"
Esens,2377,2026,"immoportal (asking, houses)"
Espelkamp,1647,2026,"immoportal (asking, houses)"
Essen,2888,2026,"immoportal (asking, houses)"
Essenbach,3722,2026,"immoportal (asking, houses)"
Essenheim,3502,2026,"immoportal (asking, houses)"
Esslingen am Neckar,3915,2026,"immoportal (asking, houses)"
Ettenheim,3149,2026,"immoportal (asking, houses)"
Ettlingen,3462,2026,"immoportal (asking, houses)"
Euskirchen,2587,2026,"immoportal (asking, houses)"
Eutin,3039,2026,"immoportal (asking, houses)"
Eutingen im Gäu,2421,2026,"immoportal (asking, houses)"
Extertal,1250,2026,"immoportal (asking, houses)"
Fahrenzhausen,5201,2026,"immoportal (asking, houses)"
Falkenberg/Elster,1028,2026,"immoportal (asking, houses)"
Falkensee,4386,2026,"immoportal (asking, houses)"
Falkenstein/Vogtl.,746,2026,"immoportal (asking, houses)"
Faßberg,1719,2026,"immoportal (asking, houses)"
Fehmarn,3396,2026,"immoportal (asking, houses)"
Feldafing,9225,2026,"immoportal (asking, houses)"
Feldkirchen,7439,2026,"immoportal (asking, houses)"
Feldkirchen-Westerham,5717,2026,"immoportal (asking, houses)"
Fellbach,3643,2026,"immoportal (asking, houses)"
Felsberg,1690,2026,"immoportal (asking, houses)"
Fernwald,2193,2026,"immoportal (asking, houses)"
Feucht,3499,2026,"immoportal (asking, houses)"
Feuchtwangen,2663,2026,"immoportal (asking, houses)"
Filderstadt,4334,2026,"immoportal (asking, houses)"
Finnentrop,1714,2026,"immoportal (asking, houses)"
Finsing,5325,2026,"immoportal (asking, houses)"
Finsterwalde,1308,2026,"immoportal (asking, houses)"
Flein,4117,2026,"immoportal (asking, houses)"
Flensburg,2746,2026,"immoportal (asking, houses)"
Florstadt,2398,2026,"immoportal (asking, houses)"
Flöha,1813,2026,"immoportal (asking, houses)"
Flörsheim am Main,3963,2026,"immoportal (asking, houses)"
Forchheim,3545,2026,"immoportal (asking, houses)"
Forst,3031,2026,"immoportal (asking, houses)"
Forst (Lausitz),1149,2026,"immoportal (asking, houses)"
Forstern,5418,2026,"immoportal (asking, houses)"
Forstinning,5892,2026,"immoportal (asking, houses)"
Frankenberg (Eder),1796,2026,"immoportal (asking, houses)"
Frankenberg/Sa.,1224,2026,"immoportal (asking, houses)"
Frankenthal (Pfalz),3207,2026,"immoportal (asking, houses)"
Frankfurt (Oder),2244,2026,"immoportal (asking, houses)"
Frankfurt am Main,4738,2026,"immoportal (asking, houses)"
Fraunberg,4703,2026,"immoportal (asking, houses)"
Fraureuth,1208,2026,"immoportal (asking, houses)"
Frechen,3783,2026,"immoportal (asking, houses)"
Fredersdorf-Vogelsdorf,3710,2026,"immoportal (asking, houses)"
Freiberg,1592,2026,"immoportal (asking, houses)"
Freiberg am Neckar,4117,2026,"immoportal (asking, houses)"
Freiburg im Breisgau,5046,2026,"immoportal (asking, houses)"
Freigericht,2680,2026,"immoportal (asking, houses)"
Freilassing,4300,2026,"immoportal (asking, houses)"
Freising,5378,2026,"immoportal (asking, houses)"
Freital,2742,2026,"immoportal (asking, houses)"
Freudenberg,1818,2026,"immoportal (asking, houses)"
Freudenstadt,2317,2026,"immoportal (asking, houses)"
Freystadt,2839,2026,"immoportal (asking, houses)"
Freyung,1927,2026,"immoportal (asking, houses)"
Frickenhausen,3606,2026,"immoportal (asking, houses)"
Friedberg,4392,2026,"immoportal (asking, houses)"
Friedberg (Hessen),3261,2026,"immoportal (asking, houses)"
Friedeburg,1944,2026,"immoportal (asking, houses)"
Friedland,1905,2026,"immoportal (asking, houses)"
Friedrichsdorf,4575,2026,"immoportal (asking, houses)"
Friedrichshafen,4359,2026,"immoportal (asking, houses)"
Friesenheim,2974,2026,"immoportal (asking, houses)"
Friesoythe,2277,2026,"immoportal (asking, houses)"
Friolzheim,3774,2026,"immoportal (asking, houses)"
Fritzlar,1757,2026,"immoportal (asking, houses)"
Frohburg,1905,2026,"immoportal (asking, houses)"
Fröndenberg/Ruhr,2380,2026,"immoportal (asking, houses)"
Fulda,2606,2026,"immoportal (asking, houses)"
Fuldatal,1991,2026,"immoportal (asking, houses)"
Furtwangen im Schwarzwald,2352,2026,"immoportal (asking, houses)"
Fürstenfeldbruck,6032,2026,"immoportal (asking, houses)"
Fürstenwalde/Spree,2519,2026,"immoportal (asking, houses)"
Fürth,3796,2026,"immoportal (asking, houses)"
Fürth,2876,2026,"immoportal (asking, houses)"
Füssen,4161,2026,"immoportal (asking, houses)"
Gaggenau,2778,2026,"immoportal (asking, houses)"
Gaildorf,2302,2026,"immoportal (asking, houses)"
Gaimersheim,4364,2026,"immoportal (asking, houses)"
Ganderkesee,2524,2026,"immoportal (asking, houses)"
Gangelt,2369,2026,"immoportal (asking, houses)"
Garbsen,2960,2026,"immoportal (asking, houses)"
Garching a. d. Alz,3038,2026,"immoportal (asking, houses)"
Garching b. München,8640,2026,"immoportal (asking, houses)"
Gardelegen,1346,2026,"immoportal (asking, houses)"
Garmisch-Partenkirchen,7188,2026,"immoportal (asking, houses)"
Garrel,2254,2026,"immoportal (asking, houses)"
Gau-Algesheim,3574,2026,"immoportal (asking, houses)"
Gau-Odernheim,2885,2026,"immoportal (asking, houses)"
Gauting,8194,2026,"immoportal (asking, houses)"
Geeste,2019,2026,"immoportal (asking, houses)"
Geesthacht,3238,2026,"immoportal (asking, houses)"
Geestland,2014,2026,"immoportal (asking, houses)"
Gehrden,3099,2026,"immoportal (asking, houses)"
Geilenkirchen,2279,2026,"immoportal (asking, houses)"
Geisenfeld,3807,2026,"immoportal (asking, houses)"
Geisenhausen,3504,2026,"immoportal (asking, houses)"
Geisenheim,3158,2026,"immoportal (asking, houses)"
Geislingen an der Steige,2556,2026,"immoportal (asking, houses)"
Geithain,1957,2026,"immoportal (asking, houses)"
Geldern,2785,2026,"immoportal (asking, houses)"
Gelnhausen,2800,2026,"immoportal (asking, houses)"
Gelsenkirchen,1810,2026,"immoportal (asking, houses)"
Geltendorf,5241,2026,"immoportal (asking, houses)"
Gemmrigheim,3335,2026,"immoportal (asking, houses)"
Gemünden a. Main,1993,2026,"immoportal (asking, houses)"
Gengenbach,3064,2026,"immoportal (asking, houses)"
Gensingen,3077,2026,"immoportal (asking, houses)"
Genthin,1364,2026,"immoportal (asking, houses)"
Georgsmarienhütte,2089,2026,"immoportal (asking, houses)"
Gera,1286,2026,"immoportal (asking, houses)"
Gerbrunn,3032,2026,"immoportal (asking, houses)"
Geretsried,5922,2026,"immoportal (asking, houses)"
Gerlingen,4696,2026,"immoportal (asking, houses)"
Germering,6917,2026,"immoportal (asking, houses)"
Germersheim,2972,2026,"immoportal (asking, houses)"
Gernsbach,2304,2026,"immoportal (asking, houses)"
Gernsheim,3604,2026,"immoportal (asking, houses)"
Gersdorf,1297,2026,"immoportal (asking, houses)"
Gerstetten,2324,2026,"immoportal (asking, houses)"
Gersthofen,4352,2026,"immoportal (asking, houses)"
Gescher,2269,2026,"immoportal (asking, houses)"
Geseke,2249,2026,"immoportal (asking, houses)"
Gessertshausen,3801,2026,"immoportal (asking, houses)"
Gevelsberg,2760,2026,"immoportal (asking, houses)"
Giengen an der Brenz,2446,2026,"immoportal (asking, houses)"
Giesen,2146,2026,"immoportal (asking, houses)"
Gießen,2673,2026,"immoportal (asking, houses)"
Gifhorn,2365,2026,"immoportal (asking, houses)"
Gilching,7248,2026,"immoportal (asking, houses)"
Ginsheim-Gustavsburg,3979,2026,"immoportal (asking, houses)"
Gladbeck,2528,2026,"immoportal (asking, houses)"
Gladenbach,1538,2026,"immoportal (asking, houses)"
Glashütte,1983,2026,"immoportal (asking, houses)"
Glashütten,4124,2026,"immoportal (asking, houses)"
Glauchau,1055,2026,"immoportal (asking, houses)"
Gleichen,1518,2026,"immoportal (asking, houses)"
Glienicke/Nordbahn,4313,2026,"immoportal (asking, houses)"
Glinde,3738,2026,"immoportal (asking, houses)"
Glonn,5825,2026,"immoportal (asking, houses)"
Glücksburg (Ostsee),3305,2026,"immoportal (asking, houses)"
Glückstadt,2205,2026,"immoportal (asking, houses)"
Gmund a. Tegernsee,9053,2026,"immoportal (asking, houses)"
Goch,2710,2026,"immoportal (asking, houses)"
Goldbach,3272,2026,"immoportal (asking, houses)"
Goldenstedt,2034,2026,"immoportal (asking, houses)"
Gomaringen,3862,2026,"immoportal (asking, houses)"
Gommern,1678,2026,"immoportal (asking, houses)"
Goslar,1376,2026,"immoportal (asking, houses)"
Gotha,1419,2026,"immoportal (asking, houses)"
Gottmadingen,3633,2026,"immoportal (asking, houses)"
Graben-Neudorf,3249,2026,"immoportal (asking, houses)"
Grabow,1172,2026,"immoportal (asking, houses)"
Grafenau,3805,2026,"immoportal (asking, houses)"
Grafing b. München,5935,2026,"immoportal (asking, houses)"
Grafschaft,2780,2026,"immoportal (asking, houses)"
Gransee,2318,2026,"immoportal (asking, houses)"
Grasbrunn,7741,2026,"immoportal (asking, houses)"
Grassau,4876,2026,"immoportal (asking, houses)"
Grefrath,2502,2026,"immoportal (asking, houses)"
Greifswald,2507,2026,"immoportal (asking, houses)"
Greiz,715,2026,"immoportal (asking, houses)"
Grenzach-Wyhlen,4040,2026,"immoportal (asking, houses)"
Greven,2838,2026,"immoportal (asking, houses)"
Grevenbroich,2774,2026,"immoportal (asking, houses)"
Grevesmühlen,1997,2026,"immoportal (asking, houses)"
Griesheim,4095,2026,"immoportal (asking, houses)"
Grimma,1970,2026,"immoportal (asking, houses)"
Grimmen,1732,2026,"immoportal (asking, houses)"
Groitzsch,1712,2026,"immoportal (asking, houses)"
Gronau (Leine),1716,2026,"immoportal (asking, houses)"
Gronau (Westf.),2466,2026,"immoportal (asking, houses)"
Groß-Gerau,3601,2026,"immoportal (asking, houses)"
Groß-Umstadt,3226,2026,"immoportal (asking, houses)"
Groß-Zimmern,3396,2026,"immoportal (asking, houses)"
Großbettlingen,3823,2026,"immoportal (asking, houses)"
Großbottwar,3571,2026,"immoportal (asking, houses)"
Großefehn,1914,2026,"immoportal (asking, houses)"
Großenhain,2417,2026,"immoportal (asking, houses)"
Großenkneten,2189,2026,"immoportal (asking, houses)"
Großhansdorf,4120,2026,"immoportal (asking, houses)"
Großkarolinenfeld,5579,2026,"immoportal (asking, houses)"
Großkrotzenburg,3101,2026,"immoportal (asking, houses)"
Großostheim,2812,2026,"immoportal (asking, houses)"
Großröhrsdorf,1664,2026,"immoportal (asking, houses)"
Großschönau,887,2026,"immoportal (asking, houses)"
Gräfelfing,10299,2026,"immoportal (asking, houses)"
Gräfenhainichen,1162,2026,"immoportal (asking, houses)"
Gröbenzell,6437,2026,"immoportal (asking, houses)"
Grünberg,1795,2026,"immoportal (asking, houses)"
Gründau,2540,2026,"immoportal (asking, houses)"
Grünhain-Beierfeld,1234,2026,"immoportal (asking, houses)"
Grünheide (Mark),3574,2026,"immoportal (asking, houses)"
Grünstadt,2987,2026,"immoportal (asking, houses)"
Grünwald,11589,2026,"immoportal (asking, houses)"
Guben,1382,2026,"immoportal (asking, houses)"
Gummersbach,2142,2026,"immoportal (asking, houses)"
Gundelfingen,4203,2026,"immoportal (asking, houses)"
Gundelfingen a. d. Donau,2941,2026,"immoportal (asking, houses)"
Gundelsheim,2791,2026,"immoportal (asking, houses)"
Gunzenhausen,2445,2026,"immoportal (asking, houses)"
Gärtringen,4282,2026,"immoportal (asking, houses)"
Gäufelden,3705,2026,"immoportal (asking, houses)"
Göppingen,3089,2026,"immoportal (asking, houses)"
Görlitz,1135,2026,"immoportal (asking, houses)"
Göttingen,2415,2026,"immoportal (asking, houses)"
Güglingen,3003,2026,"immoportal (asking, houses)"
Günzburg,3012,2026,"immoportal (asking, houses)"
Güstrow,1915,2026,"immoportal (asking, houses)"
Gütersloh,2735,2026,"immoportal (asking, houses)"
Haag i. OB,4063,2026,"immoportal (asking, houses)"
Haan,3704,2026,"immoportal (asking, houses)"
Haar,7845,2026,"immoportal (asking, houses)"
Hachenburg,2010,2026,"immoportal (asking, houses)"
Hadamar,2043,2026,"immoportal (asking, houses)"
Hage,2302,2026,"immoportal (asking, houses)"
Hagen,1982,2026,"immoportal (asking, houses)"
Hagen am Teutoburger Wald,2238,2026,"immoportal (asking, houses)"
Hagen im Bremischen,2022,2026,"immoportal (asking, houses)"
Hagenburg,1958,2026,"immoportal (asking, houses)"
Hagenow,1744,2026,"immoportal (asking, houses)"
Haibach,2944,2026,"immoportal (asking, houses)"
Haiger,1323,2026,"immoportal (asking, houses)"
Haigerloch,2190,2026,"immoportal (asking, houses)"
Haimhausen,6111,2026,"immoportal (asking, houses)"
Hainburg,3301,2026,"immoportal (asking, houses)"
Hainichen,1278,2026,"immoportal (asking, houses)"
Halberstadt,1579,2026,"immoportal (asking, houses)"
Haldensleben,1422,2026,"immoportal (asking, houses)"
Hallbergmoos,6168,2026,"immoportal (asking, houses)"
Halle (Saale),2762,2026,"immoportal (asking, houses)"
Halle (Westf.),2455,2026,"immoportal (asking, houses)"
Hallstadt,2941,2026,"immoportal (asking, houses)"
Halsbrücke,1783,2026,"immoportal (asking, houses)"
Halstenbek,4232,2026,"immoportal (asking, houses)"
Haltern am See,2869,2026,"immoportal (asking, houses)"
Halver,1882,2026,"immoportal (asking, houses)"
Hamburg,5136,2026,"immoportal (asking, houses)"
Hambühren,2033,2026,"immoportal (asking, houses)"
Hameln,1690,2026,"immoportal (asking, houses)"
Hamm,2300,2026,"immoportal (asking, houses)"
Hammelburg,1749,2026,"immoportal (asking, houses)"
Hamminkeln,2567,2026,"immoportal (asking, houses)"
Hanau,3511,2026,"immoportal (asking, houses)"
Handewitt,2762,2026,"immoportal (asking, houses)"
Hann.Münden,1723,2026,"immoportal (asking, houses)"
Hannover,3502,2026,"immoportal (asking, houses)"
Hanstedt,3412,2026,"immoportal (asking, houses)"
Hardthausen am Kocher,2964,2026,"immoportal (asking, houses)"
Haren (Ems),2002,2026,"immoportal (asking, houses)"
Hargesheim,3075,2026,"immoportal (asking, houses)"
Harrislee,3017,2026,"immoportal (asking, houses)"
Harsefeld,2840,2026,"immoportal (asking, houses)"
Harsewinkel,2551,2026,"immoportal (asking, houses)"
Harsum,2264,2026,"immoportal (asking, houses)"
Hartha,1113,2026,"immoportal (asking, houses)"
Hartmannsdorf,1791,2026,"immoportal (asking, houses)"
Hasbergen,2334,2026,"immoportal (asking, houses)"
Haselünne,2193,2026,"immoportal (asking, houses)"
Hasselroth,2489,2026,"immoportal (asking, houses)"
Hatten,2727,2026,"immoportal (asking, houses)"
Hattersheim am Main,4041,2026,"immoportal (asking, houses)"
Hattingen,3070,2026,"immoportal (asking, houses)"
Hausham,6534,2026,"immoportal (asking, houses)"
Hauzenberg,2112,2026,"immoportal (asking, houses)"
Havixbeck,2718,2026,"immoportal (asking, houses)"
Haßfurt,2120,2026,"immoportal (asking, houses)"
Haßloch,3075,2026,"immoportal (asking, houses)"
Haßmersheim,2198,2026,"immoportal (asking, houses)"
Hechingen,2426,2026,"immoportal (asking, houses)"
Heddesheim,3488,2026,"immoportal (asking, houses)"
Heide,2181,2026,"immoportal (asking, houses)"
Heidelberg,4494,2026,"immoportal (asking, houses)"
Heidenau,2597,2026,"immoportal (asking, houses)"
Heidenheim an der Brenz,2457,2026,"immoportal (asking, houses)"
Heikendorf,3777,2026,"immoportal (asking, houses)"
Heilbad Heiligenstadt,1612,2026,"immoportal (asking, houses)"
Heilbronn,3491,2026,"immoportal (asking, houses)"
Heiligenhafen,3187,2026,"immoportal (asking, houses)"
Heiligenhaus,3357,2026,"immoportal (asking, houses)"
Heimsheim,4021,2026,"immoportal (asking, houses)"
Heinsberg,2139,2026,"immoportal (asking, houses)"
Helbra,674,2026,"immoportal (asking, houses)"
Heldenstein,3439,2026,"immoportal (asking, houses)"
Helmstedt,1323,2026,"immoportal (asking, houses)"
Hemer,1843,2026,"immoportal (asking, houses)"
Hemmingen,3647,2026,"immoportal (asking, houses)"
Hemmingen,3192,2026,"immoportal (asking, houses)"
Hemsbach,3278,2026,"immoportal (asking, houses)"
Hennef (Sieg),3215,2026,"immoportal (asking, houses)"
Hennigsdorf,3979,2026,"immoportal (asking, houses)"
Henstedt-Ulzburg,3748,2026,"immoportal (asking, houses)"
Heppenheim (Bergstraße),3079,2026,"immoportal (asking, houses)"
Herbolzheim,3411,2026,"immoportal (asking, houses)"
Herborn,1589,2026,"immoportal (asking, houses)"
Herbrechtingen,2402,2026,"immoportal (asking, houses)"
Herdecke,2933,2026,"immoportal (asking, houses)"
Herford,1902,2026,"immoportal (asking, houses)"
Heringsdorf,3287,2026,"immoportal (asking, houses)"
Hermsdorf,2252,2026,"immoportal (asking, houses)"
Herne,2122,2026,"immoportal (asking, houses)"
Heroldsberg,3736,2026,"immoportal (asking, houses)"
Herrenberg,3861,2026,"immoportal (asking, houses)"
Herrsching a. Ammersee,8664,2026,"immoportal (asking, houses)"
Hersbruck,2941,2026,"immoportal (asking, houses)"
Herten,2229,2026,"immoportal (asking, houses)"
Herxheim bei Landau/Pfalz,2670,2026,"immoportal (asking, houses)"
Herzberg (Elster),1070,2026,"immoportal (asking, houses)"
Herzberg am Harz,1173,2026,"immoportal (asking, houses)"
Herzebrock-Clarholz,2543,2026,"immoportal (asking, houses)"
Herzogenaurach,3994,2026,"immoportal (asking, houses)"
Herzogenrath,2684,2026,"immoportal (asking, houses)"
Hessisch Lichtenau,1343,2026,"immoportal (asking, houses)"
Hessisch Oldendorf,1466,2026,"immoportal (asking, houses)"
Hettstedt,611,2026,"immoportal (asking, houses)"
Heubach,2713,2026,"immoportal (asking, houses)"
Heuchelheim a. d. Lahn,2230,2026,"immoportal (asking, houses)"
Heusenstamm,4366,2026,"immoportal (asking, houses)"
Heusweiler,1511,2026,"immoportal (asking, houses)"
Hiddenhausen,1874,2026,"immoportal (asking, houses)"
Hilchenbach,1701,2026,"immoportal (asking, houses)"
Hildburghausen,1194,2026,"immoportal (asking, houses)"
Hilden,3904,2026,"immoportal (asking, houses)"
Hildesheim,2298,2026,"immoportal (asking, houses)"
Hille,1658,2026,"immoportal (asking, houses)"
Hillerse,1948,2026,"immoportal (asking, houses)"
Hilpoltstein,3019,2026,"immoportal (asking, houses)"
Hilter am Teutoburger Wald,2165,2026,"immoportal (asking, houses)"
Hirschaid,3058,2026,"immoportal (asking, houses)"
Hirschberg an der Bergstraße,3748,2026,"immoportal (asking, houses)"
Hirschhorn (Neckar),2562,2026,"immoportal (asking, houses)"
Hochdorf,4314,2026,"immoportal (asking, houses)"
Hochheim am Main,4017,2026,"immoportal (asking, houses)"
Hockenheim,3175,2026,"immoportal (asking, houses)"
Hof,1583,2026,"immoportal (asking, houses)"
Hofgeismar,1603,2026,"immoportal (asking, houses)"
Hofheim am Taunus,4502,2026,"immoportal (asking, houses)"
Hohe Börde,1861,2026,"immoportal (asking, houses)"
Hohen Neuendorf,3981,2026,"immoportal (asking, houses)"
Hohenbrunn,7798,2026,"immoportal (asking, houses)"
Hohenlockstedt,2186,2026,"immoportal (asking, houses)"
Hohenstein-Ernstthal,953,2026,"immoportal (asking, houses)"
Hohndorf,1546,2026,"immoportal (asking, houses)"
Holzgerlingen,4309,2026,"immoportal (asking, houses)"
Holzkirchen,7330,2026,"immoportal (asking, houses)"
Holzminden,965,2026,"immoportal (asking, houses)"
Holzwickede,2661,2026,"immoportal (asking, houses)"
Homberg (Efze),1517,2026,"immoportal (asking, houses)"
Homburg,2019,2026,"immoportal (asking, houses)"
Hoppegarten,3834,2026,"immoportal (asking, houses)"
Horb am Neckar,2133,2026,"immoportal (asking, houses)"
Horn-Bad Meinberg,1660,2026,"immoportal (asking, houses)"
Hoyerswerda,2429,2026,"immoportal (asking, houses)"
Hude (Oldb),2711,2026,"immoportal (asking, houses)"
Hungen,1899,2026,"immoportal (asking, houses)"
Husum,2628,2026,"immoportal (asking, houses)"
Höchberg,3030,2026,"immoportal (asking, houses)"
Höchst i. Odw.,2155,2026,"immoportal (asking, houses)"
Höchstadt a. d. Aisch,3284,2026,"immoportal (asking, houses)"
Höhenkirchen-Siegertsbrunn,6935,2026,"immoportal (asking, houses)"
Höhr-Grenzhausen,1847,2026,"immoportal (asking, houses)"
Hörstel,2381,2026,"immoportal (asking, houses)"
Hösbach,2696,2026,"immoportal (asking, houses)"
Hövelhof,2704,2026,"immoportal (asking, houses)"
Höxter,990,2026,"immoportal (asking, houses)"
Hückelhoven,2309,2026,"immoportal (asking, houses)"
Hückeswagen,2455,2026,"immoportal (asking, houses)"
Hüllhorst,1720,2026,"immoportal (asking, houses)"
Hünfeld,2129,2026,"immoportal (asking, houses)"
Hünfelden,1939,2026,"immoportal (asking, houses)"
Hünstetten,2834,2026,"immoportal (asking, houses)"
Hünxe,3040,2026,"immoportal (asking, houses)"
Hürth,3720,2026,"immoportal (asking, houses)"
Hüttenberg,1816,2026,"immoportal (asking, houses)"
Ibbenbüren,2430,2026,"immoportal (asking, houses)"
Ichenhausen,2799,2026,"immoportal (asking, houses)"
Idar-Oberstein,1305,2026,"immoportal (asking, houses)"
Idstein,3353,2026,"immoportal (asking, houses)"
Ihlow,2012,2026,"immoportal (asking, houses)"
Ihringen,3397,2026,"immoportal (asking, houses)"
Ihrlerstein,2911,2026,"immoportal (asking, houses)"
Illertissen,3301,2026,"immoportal (asking, houses)"
Illingen,1354,2026,"immoportal (asking, houses)"
Ilmenau,1354,2026,"immoportal (asking, houses)"
Ilsede,1817,2026,"immoportal (asking, houses)"
Ilsfeld,3895,2026,"immoportal (asking, houses)"
Ilvesheim,3227,2026,"immoportal (asking, houses)"
Immenstaad am Bodensee,4413,2026,"immoportal (asking, houses)"
Immenstadt i. Allgäu,4346,2026,"immoportal (asking, houses)"
Inden,2581,2026,"immoportal (asking, houses)"
Ingelheim am Rhein,3565,2026,"immoportal (asking, houses)"
Ingersheim,3976,2026,"immoportal (asking, houses)"
Ingolstadt,4474,2026,"immoportal (asking, houses)"
Inning a. Ammersee,7581,2026,"immoportal (asking, houses)"
Irschenberg,7463,2026,"immoportal (asking, houses)"
Iserlohn,1710,2026,"immoportal (asking, houses)"
Isernhagen,3422,2026,"immoportal (asking, houses)"
Ismaning,8291,2026,"immoportal (asking, houses)"
Isny im Allgäu,3391,2026,"immoportal (asking, houses)"
Ispringen,3014,2026,"immoportal (asking, houses)"
Isselburg,2199,2026,"immoportal (asking, houses)"
Issum,2356,2026,"immoportal (asking, houses)"
Itzehoe,2087,2026,"immoportal (asking, houses)"
Jena,3312,2026,"immoportal (asking, houses)"
Jessen (Elster),1137,2026,"immoportal (asking, houses)"
Jesteburg,3542,2026,"immoportal (asking, houses)"
Jettingen,3487,2026,"immoportal (asking, houses)"
Jettingen-Scheppach,3198,2026,"immoportal (asking, houses)"
Jever,2107,2026,"immoportal (asking, houses)"
Jockgrim,3152,2026,"immoportal (asking, houses)"
Jork,2858,2026,"immoportal (asking, houses)"
Jüchen,2941,2026,"immoportal (asking, houses)"
Jülich,2428,2026,"immoportal (asking, houses)"
Jüterbog,2094,2026,"immoportal (asking, houses)"
Kaarst,3662,2026,"immoportal (asking, houses)"
Kabelsketal,2247,2026,"immoportal (asking, houses)"
Kahl a. Main,3130,2026,"immoportal (asking, houses)"
Kaiserslautern,2234,2026,"immoportal (asking, houses)"
Kaisheim,2633,2026,"immoportal (asking, houses)"
Kalbe (Milde),1101,2026,"immoportal (asking, houses)"
Kalkar,2604,2026,"immoportal (asking, houses)"
Kall,1967,2026,"immoportal (asking, houses)"
Kalletal,1319,2026,"immoportal (asking, houses)"
Kaltenkirchen,3314,2026,"immoportal (asking, houses)"
Kamen,2343,2026,"immoportal (asking, houses)"
Kamenz,1599,2026,"immoportal (asking, houses)"
Kamp-Lintfort,2759,2026,"immoportal (asking, houses)"
Kandel,2694,2026,"immoportal (asking, houses)"
Kandern,3231,2026,"immoportal (asking, houses)"
Kappeln,3258,2026,"immoportal (asking, houses)"
Karben,3781,2026,"immoportal (asking, houses)"
Karlsbad,3231,2026,"immoportal (asking, houses)"
Karlsdorf-Neuthard,3279,2026,"immoportal (asking, houses)"
Karlsfeld,6782,2026,"immoportal (asking, houses)"
Karlshuld,3886,2026,"immoportal (asking, houses)"
Karlsruhe,3854,2026,"immoportal (asking, houses)"
Karlstadt,1874,2026,"immoportal (asking, houses)"
Karlstein a. Main,3092,2026,"immoportal (asking, houses)"
Kassel,2642,2026,"immoportal (asking, houses)"
Kastellaun,1912,2026,"immoportal (asking, houses)"
Kaufbeuren,3735,2026,"immoportal (asking, houses)"
Kaufering,4872,2026,"immoportal (asking, houses)"
Kaufungen,1993,2026,"immoportal (asking, houses)"
Kehl,2928,2026,"immoportal (asking, houses)"
Kelheim,2878,2026,"immoportal (asking, houses)"
Kelkheim (Taunus),4533,2026,"immoportal (asking, houses)"
Kellinghusen,2261,2026,"immoportal (asking, houses)"
Kelsterbach,4134,2026,"immoportal (asking, houses)"
Keltern,3018,2026,"immoportal (asking, houses)"
Kempen,3209,2026,"immoportal (asking, houses)"
Kempten (Allgäu),4337,2026,"immoportal (asking, houses)"
Kenzingen,3286,2026,"immoportal (asking, houses)"
Kerken,2600,2026,"immoportal (asking, houses)"
Kernen im Remstal,3731,2026,"immoportal (asking, houses)"
Kerpen,2963,2026,"immoportal (asking, houses)"
Ketsch,3584,2026,"immoportal (asking, houses)"
Ketzin/Havel,3098,2026,"immoportal (asking, houses)"
Kevelaer,2527,2026,"immoportal (asking, houses)"
Kiel,2935,2026,"immoportal (asking, houses)"
Kierspe,1841,2026,"immoportal (asking, houses)"
Kirchardt,2960,2026,"immoportal (asking, houses)"
Kirchberg,1211,2026,"immoportal (asking, houses)"
Kirchen (Sieg),1468,2026,"immoportal (asking, houses)"
Kirchentellinsfurt,3890,2026,"immoportal (asking, houses)"
Kirchhain,1703,2026,"immoportal (asking, houses)"
Kirchheim am Neckar,3693,2026,"immoportal (asking, houses)"
Kirchheim b. München,6931,2026,"immoportal (asking, houses)"
Kirchheim unter Teck,3874,2026,"immoportal (asking, houses)"
Kirchheimbolanden,2536,2026,"immoportal (asking, houses)"
Kirchhundem,1386,2026,"immoportal (asking, houses)"
Kirchlengern,1796,2026,"immoportal (asking, houses)"
Kirchlinteln,2116,2026,"immoportal (asking, houses)"
Kirchseeon,6301,2026,"immoportal (asking, houses)"
Kirchzarten,4030,2026,"immoportal (asking, houses)"
Kirkel,1912,2026,"immoportal (asking, houses)"
Kirn,1613,2026,"immoportal (asking, houses)"
Kissing,4193,2026,"immoportal (asking, houses)"
Kitzingen,2202,2026,"immoportal (asking, houses)"
Kitzscher,2922,2026,"immoportal (asking, houses)"
Kißlegg,3144,2026,"immoportal (asking, houses)"
Klein-Winternheim,3986,2026,"immoportal (asking, houses)"
Kleinblittersdorf,1581,2026,"immoportal (asking, houses)"
Kleinmachnow,5726,2026,"immoportal (asking, houses)"
Kleinostheim,3213,2026,"immoportal (asking, houses)"
Kleve,2622,2026,"immoportal (asking, houses)"
Klingenberg,1681,2026,"immoportal (asking, houses)"
Klingenthal,844,2026,"immoportal (asking, houses)"
Klipphausen,2619,2026,"immoportal (asking, houses)"
Kloster Lehnin,2810,2026,"immoportal (asking, houses)"
Klötze,950,2026,"immoportal (asking, houses)"
Koblenz,2780,2026,"immoportal (asking, houses)"
Kolbermoor,5457,2026,"immoportal (asking, houses)"
Konstanz,4630,2026,"immoportal (asking, houses)"
Konz,2670,2026,"immoportal (asking, houses)"
Korb,4166,2026,"immoportal (asking, houses)"
Korbach,1443,2026,"immoportal (asking, houses)"
Korntal-Münchingen,4187,2026,"immoportal (asking, houses)"
Kornwestheim,4108,2026,"immoportal (asking, houses)"
Korschenbroich,3401,2026,"immoportal (asking, houses)"
Kottmar,839,2026,"immoportal (asking, houses)"
Kraichtal,2705,2026,"immoportal (asking, houses)"
Krailling,8857,2026,"immoportal (asking, houses)"
Kranenburg,3130,2026,"immoportal (asking, houses)"
Krefeld,3108,2026,"immoportal (asking, houses)"
Kreischa,2964,2026,"immoportal (asking, houses)"
Kressbronn am Bodensee,4667,2026,"immoportal (asking, houses)"
Kreuzau,2369,2026,"immoportal (asking, houses)"
Kreuztal,1684,2026,"immoportal (asking, houses)"
Kriftel,4364,2026,"immoportal (asking, houses)"
Kronach,1441,2026,"immoportal (asking, houses)"
Kronau,3232,2026,"immoportal (asking, houses)"
Kronberg im Taunus,5670,2026,"immoportal (asking, houses)"
Kronshagen,3463,2026,"immoportal (asking, houses)"
Krumbach (Schwaben),3010,2026,"immoportal (asking, houses)"
Krummhörn,2004,2026,"immoportal (asking, houses)"
Kuchen,2806,2026,"immoportal (asking, houses)"
Kulmbach,1929,2026,"immoportal (asking, houses)"
Kupferzell,2542,2026,"immoportal (asking, houses)"
Kuppenheim,3107,2026,"immoportal (asking, houses)"
Kusterdingen,4171,2026,"immoportal (asking, houses)"
Kämpfelbach,3075,2026,"immoportal (asking, houses)"
Köln,4298,2026,"immoportal (asking, houses)"
Köngen,4214,2026,"immoportal (asking, houses)"
Königs Wusterhausen,3867,2026,"immoportal (asking, houses)"
Königsbach-Stein,3072,2026,"immoportal (asking, houses)"
Königsbronn,2535,2026,"immoportal (asking, houses)"
Königsbrunn,4413,2026,"immoportal (asking, houses)"
Königsbrück,2034,2026,"immoportal (asking, houses)"
Königslutter am Elm,1676,2026,"immoportal (asking, houses)"
Königstein im Taunus,5793,2026,"immoportal (asking, houses)"
Königswinter,3343,2026,"immoportal (asking, houses)"
Kösching,4309,2026,"immoportal (asking, houses)"
Köthen (Anhalt),928,2026,"immoportal (asking, houses)"
Kühlungsborn,3443,2026,"immoportal (asking, houses)"
Künzell,2820,2026,"immoportal (asking, houses)"
Künzelsau,2331,2026,"immoportal (asking, houses)"
Kürten,2887,2026,"immoportal (asking, houses)"
Küssaberg,2962,2026,"immoportal (asking, houses)"
Laatzen,3223,2026,"immoportal (asking, houses)"
Laboe,3860,2026,"immoportal (asking, houses)"
Ladenburg,3401,2026,"immoportal (asking, houses)"
Laer,2596,2026,"immoportal (asking, houses)"
Lage,2148,2026,"immoportal (asking, houses)"
Lahnau,1951,2026,"immoportal (asking, houses)"
Lahnstein,2111,2026,"immoportal (asking, houses)"
Lahntal,1755,2026,"immoportal (asking, houses)"
Lahr/Schwarzwald,2982,2026,"immoportal (asking, houses)"
Laichingen,2766,2026,"immoportal (asking, houses)"
Lampertheim,3165,2026,"immoportal (asking, houses)"
Landau a. d. Isar,2595,2026,"immoportal (asking, houses)"
Landau in der Pfalz,3267,2026,"immoportal (asking, houses)"
Landsberg,2285,2026,"immoportal (asking, houses)"
Landsberg am Lech,5072,2026,"immoportal (asking, houses)"
Landshut,4447,2026,"immoportal (asking, houses)"
Langelsheim,987,2026,"immoportal (asking, houses)"
Langen (Hessen),4513,2026,"immoportal (asking, houses)"
Langenargen,4866,2026,"immoportal (asking, houses)"
Langenau,2968,2026,"immoportal (asking, houses)"
Langenfeld (Rhld.),3944,2026,"immoportal (asking, houses)"
Langenhagen,3328,2026,"immoportal (asking, houses)"
Langenpreising,4323,2026,"immoportal (asking, houses)"
Langenselbold,3123,2026,"immoportal (asking, houses)"
Langenzenn,3539,2026,"immoportal (asking, houses)"
Langerwehe,2755,2026,"immoportal (asking, houses)"
Langgöns,2125,2026,"immoportal (asking, houses)"
Langwedel,2759,2026,"immoportal (asking, houses)"
Langweid a. Lech,4053,2026,"immoportal (asking, houses)"
Lappersdorf,3676,2026,"immoportal (asking, houses)"
Lauchhammer,1099,2026,"immoportal (asking, houses)"
Lauchringen,3150,2026,"immoportal (asking, houses)"
Lauda-Königshofen,1828,2026,"immoportal (asking, houses)"
Laudenbach,3591,2026,"immoportal (asking, houses)"
Lauenburg/Elbe,2608,2026,"immoportal (asking, houses)"
Lauf a. d. Pegnitz,3454,2026,"immoportal (asking, houses)"
Laufen,4494,2026,"immoportal (asking, houses)"
Laufenburg (Baden),3030,2026,"immoportal (asking, houses)"
Lauffen am Neckar,3005,2026,"immoportal (asking, houses)"
Lauingen (Donau),2832,2026,"immoportal (asking, houses)"
Laupheim,3306,2026,"immoportal (asking, houses)"
Lauta,1556,2026,"immoportal (asking, houses)"
Lauter-Bernsbach,1357,2026,"immoportal (asking, houses)"
Lauterbach (Hessen),1617,2026,"immoportal (asking, houses)"
Lautertal (Odenwald),2922,2026,"immoportal (asking, houses)"
Lebach,1127,2026,"immoportal (asking, houses)"
Leer (Ostfriesland),2124,2026,"immoportal (asking, houses)"
Lehre,2070,2026,"immoportal (asking, houses)"
Lehrte,2815,2026,"immoportal (asking, houses)"
Leichlingen (Rhld.),3453,2026,"immoportal (asking, houses)"
Leimen,3420,2026,"immoportal (asking, houses)"
Leinefelde-Worbis,1806,2026,"immoportal (asking, houses)"
Leinfelden-Echterdingen,4662,2026,"immoportal (asking, houses)"
Leingarten,3487,2026,"immoportal (asking, houses)"
Leipheim,2944,2026,"immoportal (asking, houses)"
Leipzig,3409,2026,"immoportal (asking, houses)"
Leisnig,1357,2026,"immoportal (asking, houses)"
Lemgo,1917,2026,"immoportal (asking, houses)"
Lengede,2171,2026,"immoportal (asking, houses)"
Lengenfeld,987,2026,"immoportal (asking, houses)"
Lengerich,2283,2026,"immoportal (asking, houses)"
Lenggries,6005,2026,"immoportal (asking, houses)"
Lennestadt,1560,2026,"immoportal (asking, houses)"
Lenningen,2914,2026,"immoportal (asking, houses)"
Lenting,3941,2026,"immoportal (asking, houses)"
Leonberg,4288,2026,"immoportal (asking, houses)"
Leopoldshöhe,2645,2026,"immoportal (asking, houses)"
Leuna,2260,2026,"immoportal (asking, houses)"
Leutenbach,3635,2026,"immoportal (asking, houses)"
Leutkirch im Allgäu,3340,2026,"immoportal (asking, houses)"
Leverkusen,3552,2026,"immoportal (asking, houses)"
Lich,2390,2026,"immoportal (asking, houses)"
Lichtenau,2196,2026,"immoportal (asking, houses)"
Lichtenfels,1830,2026,"immoportal (asking, houses)"
Lichtenstein/Sa.,1011,2026,"immoportal (asking, houses)"
Liederbach am Taunus,4654,2026,"immoportal (asking, houses)"
Lilienthal,2852,2026,"immoportal (asking, houses)"
Limbach-Oberfrohna,1285,2026,"immoportal (asking, houses)"
Limburg a. d. Lahn,2683,2026,"immoportal (asking, houses)"
Limburgerhof,3836,2026,"immoportal (asking, houses)"
Lindau (Bodensee),4841,2026,"immoportal (asking, houses)"
Linden,2346,2026,"immoportal (asking, houses)"
Lindenberg i. Allgäu,3625,2026,"immoportal (asking, houses)"
Lindlar,2382,2026,"immoportal (asking, houses)"
Lingen (Ems),2359,2026,"immoportal (asking, houses)"
Lingenfeld,3029,2026,"immoportal (asking, houses)"
Linkenheim-Hochstetten,3560,2026,"immoportal (asking, houses)"
Linnich,1856,2026,"immoportal (asking, houses)"
Lippetal,2121,2026,"immoportal (asking, houses)"
Lippstadt,2389,2026,"immoportal (asking, houses)"
Lohfelden,2066,2026,"immoportal (asking, houses)"
Lohmar,3169,2026,"immoportal (asking, houses)"
Lohne (Oldenburg),2379,2026,"immoportal (asking, houses)"
Lohr a. Main,1775,2026,"immoportal (asking, houses)"
Lollar,2177,2026,"immoportal (asking, houses)"
Lorch,3015,2026,"immoportal (asking, houses)"
Lorsch,3272,2026,"immoportal (asking, houses)"
Losheim am See,1505,2026,"immoportal (asking, houses)"
Lotte,2394,2026,"immoportal (asking, houses)"
Loxstedt,1814,2026,"immoportal (asking, houses)"
Loßburg,2066,2026,"immoportal (asking, houses)"
Luckenwalde,2368,2026,"immoportal (asking, houses)"
Ludwigsburg,3902,2026,"immoportal (asking, houses)"
Ludwigsfelde,3779,2026,"immoportal (asking, houses)"
Ludwigshafen am Rhein,2787,2026,"immoportal (asking, houses)"
Ludwigslust,1461,2026,"immoportal (asking, houses)"
Lugau/Erzgeb.,1435,2026,"immoportal (asking, houses)"
Lunzenau,1292,2026,"immoportal (asking, houses)"
Lägerdorf,1875,2026,"immoportal (asking, houses)"
Löbau,1123,2026,"immoportal (asking, houses)"
Löchgau,3679,2026,"immoportal (asking, houses)"
Löcknitz,1436,2026,"immoportal (asking, houses)"
Löhne,1791,2026,"immoportal (asking, houses)"
Löningen,2113,2026,"immoportal (asking, houses)"
Lörrach,3991,2026,"immoportal (asking, houses)"
Lößnitz,1133,2026,"immoportal (asking, houses)"
Lübbecke,1706,2026,"immoportal (asking, houses)"
Lübben (Spreewald),2771,2026,"immoportal (asking, houses)"
Lübbenau/Spreewald,2087,2026,"immoportal (asking, houses)"
Lübeck,3152,2026,"immoportal (asking, houses)"
Lüdenscheid,1883,2026,"immoportal (asking, houses)"
Lüdinghausen,2812,2026,"immoportal (asking, houses)"
Lüneburg,3421,2026,"immoportal (asking, houses)"
Lünen,2501,2026,"immoportal (asking, houses)"
Lütjenburg,2711,2026,"immoportal (asking, houses)"
Lützen,1999,2026,"immoportal (asking, houses)"
Machern,3471,2026,"immoportal (asking, houses)"
Magdeburg,2291,2026,"immoportal (asking, houses)"
Magstadt,4281,2026,"immoportal (asking, houses)"
Maikammer,2620,2026,"immoportal (asking, houses)"
Mainaschaff,3135,2026,"immoportal (asking, houses)"
Mainburg,3154,2026,"immoportal (asking, houses)"
Mainhausen,3350,2026,"immoportal (asking, houses)"
Maintal,3645,2026,"immoportal (asking, houses)"
Mainz,4388,2026,"immoportal (asking, houses)"
Maisach,5903,2026,"immoportal (asking, houses)"
Malchin,1377,2026,"immoportal (asking, houses)"
Malente,3018,2026,"immoportal (asking, houses)"
Malsch,3367,2026,"immoportal (asking, houses)"
Manching,3840,2026,"immoportal (asking, houses)"
Mandelbachtal,1601,2026,"immoportal (asking, houses)"
Mannheim,3605,2026,"immoportal (asking, houses)"
Marbach am Neckar,3653,2026,"immoportal (asking, houses)"
Marburg,2210,2026,"immoportal (asking, houses)"
Marienberg,975,2026,"immoportal (asking, houses)"
Marienheide,2360,2026,"immoportal (asking, houses)"
Markdorf,4244,2026,"immoportal (asking, houses)"
Markgröningen,3835,2026,"immoportal (asking, houses)"
Markkleeberg,4132,2026,"immoportal (asking, houses)"
Markranstädt,3175,2026,"immoportal (asking, houses)"
Markt Indersdorf,5222,2026,"immoportal (asking, houses)"
Markt Schwaben,6391,2026,"immoportal (asking, houses)"
Marktheidenfeld,2299,2026,"immoportal (asking, houses)"
Marktoberdorf,3311,2026,"immoportal (asking, houses)"
Marktredwitz,1456,2026,"immoportal (asking, houses)"
Marl,2510,2026,"immoportal (asking, houses)"
Marsberg,1215,2026,"immoportal (asking, houses)"
Massenbachhausen,3406,2026,"immoportal (asking, houses)"
Mauern,4286,2026,"immoportal (asking, houses)"
Maulbronn,3140,2026,"immoportal (asking, houses)"
Maxdorf,3446,2026,"immoportal (asking, houses)"
Maxhütte-Haidhof,3185,2026,"immoportal (asking, houses)"
Mayen,2137,2026,"immoportal (asking, houses)"
Mechernich,2295,2026,"immoportal (asking, houses)"
Meckenbeuren,4456,2026,"immoportal (asking, houses)"
Meckenheim,3171,2026,"immoportal (asking, houses)"
Meerane,910,2026,"immoportal (asking, houses)"
Meerbusch,4354,2026,"immoportal (asking, houses)"
Meersburg,4421,2026,"immoportal (asking, houses)"
Meinerzhagen,1898,2026,"immoportal (asking, houses)"
Meiningen,1201,2026,"immoportal (asking, houses)"
Meitingen,3695,2026,"immoportal (asking, houses)"
Meißen,1958,2026,"immoportal (asking, houses)"
Melle,2143,2026,"immoportal (asking, houses)"
Melsungen,1743,2026,"immoportal (asking, houses)"
Memmingen,3277,2026,"immoportal (asking, houses)"
Menden (Sauerland),2012,2026,"immoportal (asking, houses)"
Mengkofen,2760,2026,"immoportal (asking, houses)"
Meppen,1949,2026,"immoportal (asking, houses)"
Mering,4783,2026,"immoportal (asking, houses)"
Merseburg,1888,2026,"immoportal (asking, houses)"
Merzenich,2428,2026,"immoportal (asking, houses)"
Merzhausen,4556,2026,"immoportal (asking, houses)"
Merzig,1748,2026,"immoportal (asking, houses)"
Meschede,1451,2026,"immoportal (asking, houses)"
Messel,3421,2026,"immoportal (asking, houses)"
Metten,2770,2026,"immoportal (asking, houses)"
Mettingen,2347,2026,"immoportal (asking, houses)"
Mettlach,1741,2026,"immoportal (asking, houses)"
Mettmann,3666,2026,"immoportal (asking, houses)"
Metzingen,3713,2026,"immoportal (asking, houses)"
Meuselwitz,1148,2026,"immoportal (asking, houses)"
Meßstetten,1708,2026,"immoportal (asking, houses)"
Michelbach an der Bilz,2731,2026,"immoportal (asking, houses)"
Michelstadt,1950,2026,"immoportal (asking, houses)"
Michendorf,4101,2026,"immoportal (asking, houses)"
Miesbach,6639,2026,"immoportal (asking, houses)"
Miltenberg,2488,2026,"immoportal (asking, houses)"
Mindelheim,3312,2026,"immoportal (asking, houses)"
Minden,1850,2026,"immoportal (asking, houses)"
Mintraching,3584,2026,"immoportal (asking, houses)"
Mittelbiberach,2912,2026,"immoportal (asking, houses)"
Mittenwalde,3260,2026,"immoportal (asking, houses)"
Mittweida,1517,2026,"immoportal (asking, houses)"
Moers,3001,2026,"immoportal (asking, houses)"
Mohlsdorf-Teichwolframsdorf,1034,2026,"immoportal (asking, houses)"
Monheim am Rhein,3877,2026,"immoportal (asking, houses)"
Monschau,2112,2026,"immoportal (asking, houses)"
Montabaur,2283,2026,"immoportal (asking, houses)"
Moormerland,1852,2026,"immoportal (asking, houses)"
Moosburg a. d. Isar,4450,2026,"immoportal (asking, houses)"
Moosinning,5446,2026,"immoportal (asking, houses)"
Morbach,1361,2026,"immoportal (asking, houses)"
Moritzburg,3679,2026,"immoportal (asking, houses)"
Morsbach,1935,2026,"immoportal (asking, houses)"
Mosbach,2257,2026,"immoportal (asking, houses)"
Much,2654,2026,"immoportal (asking, houses)"
Mudersbach,1774,2026,"immoportal (asking, houses)"
Muldestausee,1779,2026,"immoportal (asking, houses)"
Mundelsheim,3708,2026,"immoportal (asking, houses)"
Munster,1907,2026,"immoportal (asking, houses)"
Murnau a. Staffelsee,6690,2026,"immoportal (asking, houses)"
Murr,3728,2026,"immoportal (asking, houses)"
Murrhardt,2855,2026,"immoportal (asking, houses)"
Mutlangen,2839,2026,"immoportal (asking, houses)"
Mutterstadt,3248,2026,"immoportal (asking, houses)"
Möckern,1331,2026,"immoportal (asking, houses)"
Möckmühl,2456,2026,"immoportal (asking, houses)"
Möglingen,3839,2026,"immoportal (asking, houses)"
Möhnesee,2627,2026,"immoportal (asking, houses)"
Möhrendorf,3994,2026,"immoportal (asking, houses)"
Mölln,2784,2026,"immoportal (asking, houses)"
Mömbris,2419,2026,"immoportal (asking, houses)"
Mönchengladbach,2540,2026,"immoportal (asking, houses)"
Mörfelden-Walldorf,3830,2026,"immoportal (asking, houses)"
Mörlenbach,2985,2026,"immoportal (asking, houses)"
Möser,2041,2026,"immoportal (asking, houses)"
Mössingen,3478,2026,"immoportal (asking, houses)"
Mühlacker,3088,2026,"immoportal (asking, houses)"
Mühldorf a. Inn,3943,2026,"immoportal (asking, houses)"
Mühlenbecker Land,4019,2026,"immoportal (asking, houses)"
Mühlhausen/Thüringen,991,2026,"immoportal (asking, houses)"
Mühlheim am Main,3658,2026,"immoportal (asking, houses)"
Mühlheim an der Donau,2405,2026,"immoportal (asking, houses)"
Mühltal,3919,2026,"immoportal (asking, houses)"
Mülheim an der Ruhr,3250,2026,"immoportal (asking, houses)"
Mülheim-Kärlich,2390,2026,"immoportal (asking, houses)"
Müllheim,3650,2026,"immoportal (asking, houses)"
Mülsen,1208,2026,"immoportal (asking, houses)"
Münchberg,1510,2026,"immoportal (asking, houses)"
München,8215,2026,"immoportal (asking, houses)"
Münsingen,2586,2026,"immoportal (asking, houses)"
Münster,4145,2026,"immoportal (asking, houses)"
Münster (Hessen),2751,2026,"immoportal (asking, houses)"
Münzenberg,2698,2026,"immoportal (asking, houses)"
Nachrodt-Wiblingwerde,1665,2026,"immoportal (asking, houses)"
Nagold,3089,2026,"immoportal (asking, houses)"
Nassau,1791,2026,"immoportal (asking, houses)"
Nastätten,2181,2026,"immoportal (asking, houses)"
Nauen,3164,2026,"immoportal (asking, houses)"
Nauheim,3745,2026,"immoportal (asking, houses)"
Naumburg (Saale),1356,2026,"immoportal (asking, houses)"
Neckarbischofsheim,2410,2026,"immoportal (asking, houses)"
Neckargemünd,3284,2026,"immoportal (asking, houses)"
Neckarsulm,3535,2026,"immoportal (asking, houses)"
Neckartailfingen,4175,2026,"immoportal (asking, houses)"
Neckartenzlingen,3708,2026,"immoportal (asking, houses)"
Nersingen,3270,2026,"immoportal (asking, houses)"
Netphen,1677,2026,"immoportal (asking, houses)"
Nettetal,2504,2026,"immoportal (asking, houses)"
Neu Wulmstorf,3551,2026,"immoportal (asking, houses)"
Neu-Anspach,3615,2026,"immoportal (asking, houses)"
Neu-Isenburg,4587,2026,"immoportal (asking, houses)"
Neu-Ulm,3354,2026,"immoportal (asking, houses)"
Neubiberg,8356,2026,"immoportal (asking, houses)"
Neubrandenburg,2165,2026,"immoportal (asking, houses)"
Neuburg a. d. Donau,3672,2026,"immoportal (asking, houses)"
Neudenau,2716,2026,"immoportal (asking, houses)"
Neuenburg am Rhein,3663,2026,"immoportal (asking, houses)"
Neuenbürg,3524,2026,"immoportal (asking, houses)"
Neuendettelsau,2871,2026,"immoportal (asking, houses)"
Neuenhagen bei Berlin,3899,2026,"immoportal (asking, houses)"
Neuenhaus,1985,2026,"immoportal (asking, houses)"
Neuenkirchen,2223,2026,"immoportal (asking, houses)"
Neuenrade,1610,2026,"immoportal (asking, houses)"
Neuenstadt am Kocher,2928,2026,"immoportal (asking, houses)"
Neuenstein,2441,2026,"immoportal (asking, houses)"
Neufahrn b. Freising,5789,2026,"immoportal (asking, houses)"
Neuffen,3531,2026,"immoportal (asking, houses)"
Neuhausen,3778,2026,"immoportal (asking, houses)"
Neuhausen auf den Fildern,4381,2026,"immoportal (asking, houses)"
Neuhausen/Erzgeb.,1155,2026,"immoportal (asking, houses)"
Neuhof,2066,2026,"immoportal (asking, houses)"
Neuhofen,3267,2026,"immoportal (asking, houses)"
Neukalen,1509,2026,"immoportal (asking, houses)"
Neukieritzsch,2968,2026,"immoportal (asking, houses)"
Neukirchen-Vluyn,2987,2026,"immoportal (asking, houses)"
Neukirchen/Erzgeb.,1326,2026,"immoportal (asking, houses)"
Neulußheim,3228,2026,"immoportal (asking, houses)"
Neumarkt i. d. OPf.,3004,2026,"immoportal (asking, houses)"
Neumünster,2419,2026,"immoportal (asking, houses)"
Neunkirchen,1401,2026,"immoportal (asking, houses)"
Neunkirchen,1404,2026,"immoportal (asking, houses)"
Neunkirchen-Seelscheid,3063,2026,"immoportal (asking, houses)"
Neuried,3363,2026,"immoportal (asking, houses)"
Neuried,8424,2026,"immoportal (asking, houses)"
Neuruppin,2117,2026,"immoportal (asking, houses)"
Neuss,3630,2026,"immoportal (asking, houses)"
Neustadt (Hessen),1426,2026,"immoportal (asking, houses)"
Neustadt a. d. Aisch,2299,2026,"immoportal (asking, houses)"
Neustadt a. d. Donau,3084,2026,"immoportal (asking, houses)"
Neustadt am Rübenberge,2461,2026,"immoportal (asking, houses)"
Neustadt an der Orla,943,2026,"immoportal (asking, houses)"
Neustadt an der Weinstraße,2919,2026,"immoportal (asking, houses)"
Neustadt b. Coburg,1579,2026,"immoportal (asking, houses)"
Neustadt in Holstein,4183,2026,"immoportal (asking, houses)"
Neustadt in Sachsen,1803,2026,"immoportal (asking, houses)"
Neustrelitz,1832,2026,"immoportal (asking, houses)"
Neusäß,4539,2026,"immoportal (asking, houses)"
Neutraubling,3715,2026,"immoportal (asking, houses)"
Neuwied,2283,2026,"immoportal (asking, houses)"
Neuötting,3062,2026,"immoportal (asking, houses)"
Nidda,1955,2026,"immoportal (asking, houses)"
Niddatal,2806,2026,"immoportal (asking, houses)"
Nidderau,2979,2026,"immoportal (asking, houses)"
Nideggen,2311,2026,"immoportal (asking, houses)"
Niebüll,2296,2026,"immoportal (asking, houses)"
Nieder-Olm,3831,2026,"immoportal (asking, houses)"
Niederau,2175,2026,"immoportal (asking, houses)"
Niederdorfelden,3500,2026,"immoportal (asking, houses)"
Niedergörsdorf,2083,2026,"immoportal (asking, houses)"
Niederkassel,3691,2026,"immoportal (asking, houses)"
Niederkrüchten,2833,2026,"immoportal (asking, houses)"
Niedernhausen,3436,2026,"immoportal (asking, houses)"
Niederstotzingen,2825,2026,"immoportal (asking, houses)"
Niederwürschnitz,1270,2026,"immoportal (asking, houses)"
Niederzier,2215,2026,"immoportal (asking, houses)"
Niefern-Öschelbronn,3391,2026,"immoportal (asking, houses)"
Nienburg (Weser),1854,2026,"immoportal (asking, houses)"
Nierstein,3315,2026,"immoportal (asking, houses)"
Niesky,1241,2026,"immoportal (asking, houses)"
Niestetal,2355,2026,"immoportal (asking, houses)"
Nittel,2670,2026,"immoportal (asking, houses)"
Nittendorf,3306,2026,"immoportal (asking, houses)"
Norden,2239,2026,"immoportal (asking, houses)"
Nordenham,1743,2026,"immoportal (asking, houses)"
Norderstedt,4042,2026,"immoportal (asking, houses)"
Nordhausen,1075,2026,"immoportal (asking, houses)"
Nordheim,3461,2026,"immoportal (asking, houses)"
Nordhorn,2089,2026,"immoportal (asking, houses)"
Nordkirchen,2851,2026,"immoportal (asking, houses)"
Nordstemmen,1833,2026,"immoportal (asking, houses)"
Northeim,1379,2026,"immoportal (asking, houses)"
Nossen,1512,2026,"immoportal (asking, houses)"
Nottuln,2789,2026,"immoportal (asking, houses)"
Nufringen,4102,2026,"immoportal (asking, houses)"
Nuthetal,3944,2026,"immoportal (asking, houses)"
Nußloch,3392,2026,"immoportal (asking, houses)"
Nördlingen,2769,2026,"immoportal (asking, houses)"
Nörvenich,2725,2026,"immoportal (asking, houses)"
Nümbrecht,2344,2026,"immoportal (asking, houses)"
Nünchritz,2059,2026,"immoportal (asking, houses)"
Nürnberg,3753,2026,"immoportal (asking, houses)"
Nürtingen,3833,2026,"immoportal (asking, houses)"
Ober-Olm,3465,2026,"immoportal (asking, houses)"
Ober-Ramstadt,2829,2026,"immoportal (asking, houses)"
Oberasbach,3696,2026,"immoportal (asking, houses)"
Oberboihingen,3473,2026,"immoportal (asking, houses)"
Oberderdingen,3103,2026,"immoportal (asking, houses)"
Oberding,5738,2026,"immoportal (asking, houses)"
Oberhaching,8265,2026,"immoportal (asking, houses)"
Oberhausen,2388,2026,"immoportal (asking, houses)"
Oberhausen-Rheinhausen,2906,2026,"immoportal (asking, houses)"
Oberhof,1152,2026,"immoportal (asking, houses)"
Oberkirch,2975,2026,"immoportal (asking, houses)"
Oberkochen,2500,2026,"immoportal (asking, houses)"
Oberkrämer,3330,2026,"immoportal (asking, houses)"
Oberlungwitz,1356,2026,"immoportal (asking, houses)"
Obernburg a. Main,2539,2026,"immoportal (asking, houses)"
Oberndorf am Neckar,2080,2026,"immoportal (asking, houses)"
Obernkirchen,1464,2026,"immoportal (asking, houses)"
Oberschleißheim,7338,2026,"immoportal (asking, houses)"
Obersontheim,2281,2026,"immoportal (asking, houses)"
Oberstaufen,4026,2026,"immoportal (asking, houses)"
Obersulm,3324,2026,"immoportal (asking, houses)"
Obertraubling,3571,2026,"immoportal (asking, houses)"
Obertshausen,3849,2026,"immoportal (asking, houses)"
Oberursel (Taunus),5910,2026,"immoportal (asking, houses)"
Oberzent,1961,2026,"immoportal (asking, houses)"
Ochsenfurt,2332,2026,"immoportal (asking, houses)"
Ochsenhausen,3059,2026,"immoportal (asking, houses)"
Ochtrup,2381,2026,"immoportal (asking, houses)"
Odelzhausen,5395,2026,"immoportal (asking, houses)"
Odenthal,3452,2026,"immoportal (asking, houses)"
Oebisfelde-Weferlingen,1309,2026,"immoportal (asking, houses)"
Oederan,1128,2026,"immoportal (asking, houses)"
Oedheim,3323,2026,"immoportal (asking, houses)"
Oelde,2582,2026,"immoportal (asking, houses)"
Oelsnitz/Erzgeb.,1083,2026,"immoportal (asking, houses)"
Oelsnitz/Vogtl.,1034,2026,"immoportal (asking, houses)"
Oer-Erkenschwick,2643,2026,"immoportal (asking, houses)"
Oerlinghausen,2403,2026,"immoportal (asking, houses)"
Oestrich-Winkel,3020,2026,"immoportal (asking, houses)"
Offenau,3310,2026,"immoportal (asking, houses)"
Offenbach am Main,3516,2026,"immoportal (asking, houses)"
Offenburg,3318,2026,"immoportal (asking, houses)"
Ofterdingen,3633,2026,"immoportal (asking, houses)"
Oftersheim,3424,2026,"immoportal (asking, houses)"
Olbernhau,995,2026,"immoportal (asking, houses)"
Olbersdorf,1271,2026,"immoportal (asking, houses)"
Olching,6050,2026,"immoportal (asking, houses)"
Oldenburg (Oldb),3154,2026,"immoportal (asking, houses)"
Olfen,2659,2026,"immoportal (asking, houses)"
Olpe,1966,2026,"immoportal (asking, houses)"
Olsberg,1477,2026,"immoportal (asking, houses)"
Oppenheim,3558,2026,"immoportal (asking, houses)"
Oppenweiler,3610,2026,"immoportal (asking, houses)"
Oranienbaum-Wörlitz,1371,2026,"immoportal (asking, houses)"
Oranienburg,3327,2026,"immoportal (asking, houses)"
Oschatz,1698,2026,"immoportal (asking, houses)"
Oschersleben (Bode),997,2026,"immoportal (asking, houses)"
Osnabrück,2639,2026,"immoportal (asking, houses)"
Ostbevern,2700,2026,"immoportal (asking, houses)"
Ostercappeln,2266,2026,"immoportal (asking, houses)"
Osterhofen,2294,2026,"immoportal (asking, houses)"
Osterholz-Scharmbeck,2236,2026,"immoportal (asking, houses)"
Osterode am Harz,1144,2026,"immoportal (asking, houses)"
Osterwieck,1037,2026,"immoportal (asking, houses)"
Ostfildern,4564,2026,"immoportal (asking, houses)"
Osthofen,2894,2026,"immoportal (asking, houses)"
Ostrach,2512,2026,"immoportal (asking, houses)"
Ostrhauderfehn,2114,2026,"immoportal (asking, houses)"
Ottersberg,2529,2026,"immoportal (asking, houses)"
Ottobrunn,8105,2026,"immoportal (asking, houses)"
Ottweiler,1337,2026,"immoportal (asking, houses)"
Otzberg,2562,2026,"immoportal (asking, houses)"
Overath,3146,2026,"immoportal (asking, houses)"
Oyten,2676,2026,"immoportal (asking, houses)"
Paderborn,2821,2026,"immoportal (asking, houses)"
Panketal,3916,2026,"immoportal (asking, houses)"
Papenburg,2107,2026,"immoportal (asking, houses)"
Parchim,1377,2026,"immoportal (asking, houses)"
Parsberg,2840,2026,"immoportal (asking, houses)"
Passau,2820,2026,"immoportal (asking, houses)"
Pastetten,5424,2026,"immoportal (asking, houses)"
Pattensen,3453,2026,"immoportal (asking, houses)"
Pegnitz,2130,2026,"immoportal (asking, houses)"
Peine,2019,2026,"immoportal (asking, houses)"
Peiting,4329,2026,"immoportal (asking, houses)"
Peißenberg,4916,2026,"immoportal (asking, houses)"
Penig,1117,2026,"immoportal (asking, houses)"
Pentling,3821,2026,"immoportal (asking, houses)"
Penzberg,5690,2026,"immoportal (asking, houses)"
Perl,2606,2026,"immoportal (asking, houses)"
Perleberg,1140,2026,"immoportal (asking, houses)"
Petersberg,2621,2026,"immoportal (asking, houses)"
Petershagen,1640,2026,"immoportal (asking, houses)"
Petershagen/Eggersdorf,3655,2026,"immoportal (asking, houses)"
Petershausen,5178,2026,"immoportal (asking, houses)"
Pfaffenhofen a. d. Ilm,4392,2026,"immoportal (asking, houses)"
Pfarrkirchen,2582,2026,"immoportal (asking, houses)"
Pfedelbach,2970,2026,"immoportal (asking, houses)"
Pfinztal,3054,2026,"immoportal (asking, houses)"
Pforzheim,3131,2026,"immoportal (asking, houses)"
Pfullendorf,2845,2026,"immoportal (asking, houses)"
Pfullingen,3594,2026,"immoportal (asking, houses)"
Pfungstadt,3354,2026,"immoportal (asking, houses)"
Philippsburg,2899,2026,"immoportal (asking, houses)"
Pilsting,2796,2026,"immoportal (asking, houses)"
Pinneberg,3716,2026,"immoportal (asking, houses)"
Pirmasens,1263,2026,"immoportal (asking, houses)"
Pirna,2973,2026,"immoportal (asking, houses)"
Planegg,8072,2026,"immoportal (asking, houses)"
Plankstadt,3469,2026,"immoportal (asking, houses)"
Plattling,2466,2026,"immoportal (asking, houses)"
Plau am See,1782,2026,"immoportal (asking, houses)"
Plauen,1236,2026,"immoportal (asking, houses)"
Pleidelsheim,4139,2026,"immoportal (asking, houses)"
Plettenberg,1454,2026,"immoportal (asking, houses)"
Pliening,6322,2026,"immoportal (asking, houses)"
Pliezhausen,3830,2026,"immoportal (asking, houses)"
Plochingen,3598,2026,"immoportal (asking, houses)"
Plön,3183,2026,"immoportal (asking, houses)"
Plüderhausen,3278,2026,"immoportal (asking, houses)"
Pocking,2383,2026,"immoportal (asking, houses)"
Pohlheim,2199,2026,"immoportal (asking, houses)"
Poing,7569,2026,"immoportal (asking, houses)"
Porta Westfalica,1647,2026,"immoportal (asking, houses)"
Potsdam,5496,2026,"immoportal (asking, houses)"
Preetz,2830,2026,"immoportal (asking, houses)"
Prenzlau,1633,2026,"immoportal (asking, houses)"
Preußisch Oldendorf,1479,2026,"immoportal (asking, houses)"
Prien a. Chiemsee,5999,2026,"immoportal (asking, houses)"
Pritzwalk,1221,2026,"immoportal (asking, houses)"
Prüm,1966,2026,"immoportal (asking, houses)"
Puchheim,6021,2026,"immoportal (asking, houses)"
Pulheim,3987,2026,"immoportal (asking, houses)"
Pullach i. Isartal,9867,2026,"immoportal (asking, houses)"
Pulsnitz,2101,2026,"immoportal (asking, houses)"
Putzbrunn,7807,2026,"immoportal (asking, houses)"
Pöcking,8734,2026,"immoportal (asking, houses)"
Pöttmes,3568,2026,"immoportal (asking, houses)"
Pößneck,1124,2026,"immoportal (asking, houses)"
Püttlingen,1326,2026,"immoportal (asking, houses)"
Quakenbrück,1978,2026,"immoportal (asking, houses)"
Quedlinburg,1268,2026,"immoportal (asking, houses)"
Querfurt,1331,2026,"immoportal (asking, houses)"
Quickborn,3951,2026,"immoportal (asking, houses)"
Quierschied,1339,2026,"immoportal (asking, houses)"
Rabenau,2316,2026,"immoportal (asking, houses)"
Rackwitz,3064,2026,"immoportal (asking, houses)"
Radeberg,2722,2026,"immoportal (asking, houses)"
Radebeul,4122,2026,"immoportal (asking, houses)"
Radevormwald,2210,2026,"immoportal (asking, houses)"
Radolfzell am Bodensee,4155,2026,"immoportal (asking, houses)"
Raesfeld,2701,2026,"immoportal (asking, houses)"
Raguhn-Jeßnitz,1112,2026,"immoportal (asking, houses)"
Rahden,1609,2026,"immoportal (asking, houses)"
Rain,2415,2026,"immoportal (asking, houses)"
Rangsdorf,3946,2026,"immoportal (asking, houses)"
Ransbach-Baumbach,2132,2026,"immoportal (asking, houses)"
Rastatt,2996,2026,"immoportal (asking, houses)"
Rastede,2611,2026,"immoportal (asking, houses)"
Ratekau,3164,2026,"immoportal (asking, houses)"
Rathenow,2385,2026,"immoportal (asking, houses)"
Ratingen,4057,2026,"immoportal (asking, houses)"
Ratshausen,1662,2026,"immoportal (asking, houses)"
Ratzeburg,3224,2026,"immoportal (asking, houses)"
Raubling,5642,2026,"immoportal (asking, houses)"
Rauenberg,3288,2026,"immoportal (asking, houses)"
Raunheim,3810,2026,"immoportal (asking, houses)"
Ravensburg,3873,2026,"immoportal (asking, houses)"
Recke,2011,2026,"immoportal (asking, houses)"
Recklinghausen,2276,2026,"immoportal (asking, houses)"
Rednitzhembach,3309,2026,"immoportal (asking, houses)"
Rees,2508,2026,"immoportal (asking, houses)"
Regen,1892,2026,"immoportal (asking, houses)"
Regensburg,4617,2026,"immoportal (asking, houses)"
Regenstauf,3067,2026,"immoportal (asking, houses)"
Regis-Breitingen,2178,2026,"immoportal (asking, houses)"
Rehburg-Loccum,1652,2026,"immoportal (asking, houses)"
Rehlingen-Siersburg,1453,2026,"immoportal (asking, houses)"
Rehna,2176,2026,"immoportal (asking, houses)"
Reichelsheim (Odenwald),1888,2026,"immoportal (asking, houses)"
Reichelsheim (Wetterau),2570,2026,"immoportal (asking, houses)"
Reichenbach an der Fils,3650,2026,"immoportal (asking, houses)"
Reichenbach im Vogtland,840,2026,"immoportal (asking, houses)"
Reichertshofen,4042,2026,"immoportal (asking, houses)"
Reichshof,2035,2026,"immoportal (asking, houses)"
Reilingen,3250,2026,"immoportal (asking, houses)"
Reinbek,3943,2026,"immoportal (asking, houses)"
Reinheim,3027,2026,"immoportal (asking, houses)"
Reinsdorf,1004,2026,"immoportal (asking, houses)"
Reiskirchen,2084,2026,"immoportal (asking, houses)"
Reken,2399,2026,"immoportal (asking, houses)"
Rellingen,4086,2026,"immoportal (asking, houses)"
Remagen,2722,2026,"immoportal (asking, houses)"
Remchingen,3213,2026,"immoportal (asking, houses)"
Remscheid,2428,2026,"immoportal (asking, houses)"
Remseck am Neckar,4056,2026,"immoportal (asking, houses)"
Remshalden,3456,2026,"immoportal (asking, houses)"
Rendsburg,2215,2026,"immoportal (asking, houses)"
Renningen,4365,2026,"immoportal (asking, houses)"
Reutlingen,3615,2026,"immoportal (asking, houses)"
Rhauderfehn,1912,2026,"immoportal (asking, houses)"
Rheda-Wiedenbrück,2759,2026,"immoportal (asking, houses)"
Rhede,2635,2026,"immoportal (asking, houses)"
Rheinau,2560,2026,"immoportal (asking, houses)"
Rheinbach,3354,2026,"immoportal (asking, houses)"
Rheinberg,2698,2026,"immoportal (asking, houses)"
Rheinböllen,2090,2026,"immoportal (asking, houses)"
Rheine,2184,2026,"immoportal (asking, houses)"
Rheinfelden (Baden),3758,2026,"immoportal (asking, houses)"
Rheinsberg,1977,2026,"immoportal (asking, houses)"
Rheinstetten,3392,2026,"immoportal (asking, houses)"
Ribnitz-Damgarten,2283,2026,"immoportal (asking, houses)"
Riedlingen,2294,2026,"immoportal (asking, houses)"
Riedstadt,3276,2026,"immoportal (asking, houses)"
Riegelsberg,1696,2026,"immoportal (asking, houses)"
Rielasingen-Worblingen,3697,2026,"immoportal (asking, houses)"
Riesa,1633,2026,"immoportal (asking, houses)"
Rietberg,2510,2026,"immoportal (asking, houses)"
Rimsting,5432,2026,"immoportal (asking, houses)"
Rinteln,1429,2026,"immoportal (asking, houses)"
Ritterhude,2572,2026,"immoportal (asking, houses)"
Rodenbach,3177,2026,"immoportal (asking, houses)"
Rodewisch,997,2026,"immoportal (asking, houses)"
Rodgau,3545,2026,"immoportal (asking, houses)"
Roding,2633,2026,"immoportal (asking, houses)"
Rohrbach,4092,2026,"immoportal (asking, houses)"
Rohrdorf,5993,2026,"immoportal (asking, houses)"
Rommerskirchen,3199,2026,"immoportal (asking, houses)"
Ronneburg,802,2026,"immoportal (asking, houses)"
Ronnenberg,3055,2026,"immoportal (asking, houses)"
Rosbach v. d. Höhe,3553,2026,"immoportal (asking, houses)"
Rosdorf,1892,2026,"immoportal (asking, houses)"
Rosendahl,2323,2026,"immoportal (asking, houses)"
Rosengarten,3430,2026,"immoportal (asking, houses)"
Rosenheim,5496,2026,"immoportal (asking, houses)"
Rostock,3783,2026,"immoportal (asking, houses)"
Rotenburg (Wümme),2194,2026,"immoportal (asking, houses)"
Rotenburg a. d. Fulda,1208,2026,"immoportal (asking, houses)"
Roth,3017,2026,"immoportal (asking, houses)"
Roth,2244,2026,"immoportal (asking, houses)"
Rothenburg ob der Tauber,2412,2026,"immoportal (asking, houses)"
Rottach-Egern,11172,2026,"immoportal (asking, houses)"
Rottenburg am Neckar,3056,2026,"immoportal (asking, houses)"
Rottweil,2444,2026,"immoportal (asking, houses)"
Roßdorf,3311,2026,"immoportal (asking, houses)"
Roßtal,3159,2026,"immoportal (asking, houses)"
Roßwein,1200,2026,"immoportal (asking, houses)"
Rudersberg,3068,2026,"immoportal (asking, houses)"
Rudolstadt,1302,2026,"immoportal (asking, houses)"
Ruhpolding,4591,2026,"immoportal (asking, houses)"
Runkel,1683,2026,"immoportal (asking, houses)"
Ruppichteroth,2830,2026,"immoportal (asking, houses)"
Rutesheim,3971,2026,"immoportal (asking, houses)"
Rödental,1801,2026,"immoportal (asking, houses)"
Rödermark,3684,2026,"immoportal (asking, houses)"
Römerberg,3640,2026,"immoportal (asking, houses)"
Rösrath,3828,2026,"immoportal (asking, houses)"
Rötha,2528,2026,"immoportal (asking, houses)"
Röthenbach a. d. Pegnitz,3533,2026,"immoportal (asking, houses)"
Rüdersdorf bei Berlin,3271,2026,"immoportal (asking, houses)"
Rüdesheim am Rhein,2783,2026,"immoportal (asking, houses)"
Rühen,2143,2026,"immoportal (asking, houses)"
Rülzheim,2700,2026,"immoportal (asking, houses)"
Rüsselsheim am Main,3823,2026,"immoportal (asking, houses)"
Rüthen,1705,2026,"immoportal (asking, houses)"
Saalfeld/Saale,1202,2026,"immoportal (asking, houses)"
Saarbrücken,1610,2026,"immoportal (asking, houses)"
Saarlouis,1714,2026,"immoportal (asking, houses)"
Saarwellingen,1520,2026,"immoportal (asking, houses)"
Sachsenheim,3431,2026,"immoportal (asking, houses)"
Salach,3035,2026,"immoportal (asking, houses)"
Salem,4243,2026,"immoportal (asking, houses)"
Salzatal,2032,2026,"immoportal (asking, houses)"
Salzgitter,1851,2026,"immoportal (asking, houses)"
Salzkotten,2414,2026,"immoportal (asking, houses)"
Salzwedel,1491,2026,"immoportal (asking, houses)"
Sande,1818,2026,"immoportal (asking, houses)"
Sandersdorf-Brehna,1264,2026,"immoportal (asking, houses)"
Sandhausen,3477,2026,"immoportal (asking, houses)"
Sangerhausen,883,2026,"immoportal (asking, houses)"
Sankt Augustin,3490,2026,"immoportal (asking, houses)"
Sankt Georgen im Schwarzwald,2257,2026,"immoportal (asking, houses)"
Sankt Ingbert,1627,2026,"immoportal (asking, houses)"
Sankt Leon-Rot,3199,2026,"immoportal (asking, houses)"
Sankt Wendel,1258,2026,"immoportal (asking, houses)"
Sarstedt,2378,2026,"immoportal (asking, houses)"
Sasbach,2853,2026,"immoportal (asking, houses)"
Sassenberg,2527,2026,"immoportal (asking, houses)"
Sassenburg,2457,2026,"immoportal (asking, houses)"
Sassnitz,2396,2026,"immoportal (asking, houses)"
Saterland,2007,2026,"immoportal (asking, houses)"
Sauerlach,6918,2026,"immoportal (asking, houses)"
Saulheim,3275,2026,"immoportal (asking, houses)"
Schalksmühle,1701,2026,"immoportal (asking, houses)"
Schallstadt,4198,2026,"immoportal (asking, houses)"
Scharbeutz,4098,2026,"immoportal (asking, houses)"
Schauenburg,2029,2026,"immoportal (asking, houses)"
Scheeßel,1930,2026,"immoportal (asking, houses)"
Schelklingen,2639,2026,"immoportal (asking, houses)"
Schenefeld,4330,2026,"immoportal (asking, houses)"
Schermbeck,2865,2026,"immoportal (asking, houses)"
Scheyern,4401,2026,"immoportal (asking, houses)"
Schierling,3204,2026,"immoportal (asking, houses)"
Schiffdorf,2022,2026,"immoportal (asking, houses)"
Schifferstadt,3088,2026,"immoportal (asking, houses)"
Schiffweiler,1242,2026,"immoportal (asking, houses)"
Schkeuditz,2795,2026,"immoportal (asking, houses)"
Schkopau,2146,2026,"immoportal (asking, houses)"
Schlangenbad,3377,2026,"immoportal (asking, houses)"
Schleiden,1914,2026,"immoportal (asking, houses)"
Schleswig,2396,2026,"immoportal (asking, houses)"
Schleusingen,874,2026,"immoportal (asking, houses)"
Schliengen,3355,2026,"immoportal (asking, houses)"
Schliersee,8287,2026,"immoportal (asking, houses)"
Schloß Holte-Stukenbrock,2844,2026,"immoportal (asking, houses)"
Schlüchtern,2113,2026,"immoportal (asking, houses)"
Schmalkalden,929,2026,"immoportal (asking, houses)"
Schmallenberg,1562,2026,"immoportal (asking, houses)"
Schmelz,1319,2026,"immoportal (asking, houses)"
Schmitten im Taunus,3199,2026,"immoportal (asking, houses)"
Schmölln,914,2026,"immoportal (asking, houses)"
Schneeberg,1319,2026,"immoportal (asking, houses)"
Schneverdingen,2330,2026,"immoportal (asking, houses)"
Schondorf am Ammersee,6743,2026,"immoportal (asking, houses)"
Schongau,4485,2026,"immoportal (asking, houses)"
Schopfheim,3404,2026,"immoportal (asking, houses)"
Schorfheide,2771,2026,"immoportal (asking, houses)"
Schorndorf,3604,2026,"immoportal (asking, houses)"
Schortens,1910,2026,"immoportal (asking, houses)"
Schotten,1464,2026,"immoportal (asking, houses)"
Schramberg,1935,2026,"immoportal (asking, houses)"
Schriesheim,3116,2026,"immoportal (asking, houses)"
Schrobenhausen,3748,2026,"immoportal (asking, houses)"
Schrozberg,2269,2026,"immoportal (asking, houses)"
Schwabach,3597,2026,"immoportal (asking, houses)"
Schwabhausen,5368,2026,"immoportal (asking, houses)"
Schwabmünchen,3946,2026,"immoportal (asking, houses)"
Schwaigern,3128,2026,"immoportal (asking, houses)"
Schwaikheim,3571,2026,"immoportal (asking, houses)"
Schwalbach,1558,2026,"immoportal (asking, houses)"
Schwalbach am Taunus,5153,2026,"immoportal (asking, houses)"
Schwalmstadt,1161,2026,"immoportal (asking, houses)"
Schwalmtal,2710,2026,"immoportal (asking, houses)"
Schwandorf,2380,2026,"immoportal (asking, houses)"
Schwanewede,2376,2026,"immoportal (asking, houses)"
Schwarzenbek,3312,2026,"immoportal (asking, houses)"
Schwarzenberg/Erzgeb.,1321,2026,"immoportal (asking, houses)"
Schwarzheide,1350,2026,"immoportal (asking, houses)"
Schwedt/Oder,1717,2026,"immoportal (asking, houses)"
Schweinfurt,2711,2026,"immoportal (asking, houses)"
Schweitenkirchen,3990,2026,"immoportal (asking, houses)"
Schwelm,2799,2026,"immoportal (asking, houses)"
Schwentinental,3135,2026,"immoportal (asking, houses)"
Schwerin,2793,2026,"immoportal (asking, houses)"
Schwerte,2499,2026,"immoportal (asking, houses)"
Schwetzingen,3445,2026,"immoportal (asking, houses)"
Schwieberdingen,4179,2026,"immoportal (asking, houses)"
Schwielowsee,4250,2026,"immoportal (asking, houses)"
Schwäbisch Gmünd,2753,2026,"immoportal (asking, houses)"
Schwäbisch Hall,2789,2026,"immoportal (asking, houses)"
Schwülper,2515,2026,"immoportal (asking, houses)"
Schäftlarn,8166,2026,"immoportal (asking, houses)"
Schömberg,2991,2026,"immoportal (asking, houses)"
Schönaich,4277,2026,"immoportal (asking, houses)"
Schönebeck (Elbe),1082,2026,"immoportal (asking, houses)"
Schöneck,3061,2026,"immoportal (asking, houses)"
Schöneck/Vogtl.,1083,2026,"immoportal (asking, houses)"
Schönefeld,3979,2026,"immoportal (asking, houses)"
Schöneiche bei Berlin,3772,2026,"immoportal (asking, houses)"
Schönheide,866,2026,"immoportal (asking, houses)"
Schöningen,1084,2026,"immoportal (asking, houses)"
Schönwald im Schwarzwald,1994,2026,"immoportal (asking, houses)"
Schönwalde-Glien,3930,2026,"immoportal (asking, houses)"
Schöppenstedt,1217,2026,"immoportal (asking, houses)"
Schöppingen,2318,2026,"immoportal (asking, houses)"
Schüttorf,1945,2026,"immoportal (asking, houses)"
Sebnitz,1341,2026,"immoportal (asking, houses)"
Seedorf,3241,2026,"immoportal (asking, houses)"
Seefeld,7248,2026,"immoportal (asking, houses)"
Seeheim-Jugenheim,3892,2026,"immoportal (asking, houses)"
Seeland,842,2026,"immoportal (asking, houses)"
Seelze,3021,2026,"immoportal (asking, houses)"
Seesen,1135,2026,"immoportal (asking, houses)"
Seevetal,3695,2026,"immoportal (asking, houses)"
Sehmatal,1025,2026,"immoportal (asking, houses)"
Sehnde,2763,2026,"immoportal (asking, houses)"
Selb,1238,2026,"immoportal (asking, houses)"
Selfkant,2436,2026,"immoportal (asking, houses)"
Seligenstadt,3858,2026,"immoportal (asking, houses)"
Selm,2644,2026,"immoportal (asking, houses)"
Senden,3317,2026,"immoportal (asking, houses)"
Senden,2982,2026,"immoportal (asking, houses)"
Sendenhorst,2504,2026,"immoportal (asking, houses)"
Senftenberg,1556,2026,"immoportal (asking, houses)"
Siegburg,3344,2026,"immoportal (asking, houses)"
Siegen,1833,2026,"immoportal (asking, houses)"
Sigmaringen,2208,2026,"immoportal (asking, houses)"
Simbach a. Inn,2609,2026,"immoportal (asking, houses)"
Simmerath,2741,2026,"immoportal (asking, houses)"
Simmern/Hunsrück,2266,2026,"immoportal (asking, houses)"
Sindelfingen,4414,2026,"immoportal (asking, houses)"
Singen (Hohentwiel),3578,2026,"immoportal (asking, houses)"
Sinsheim,2900,2026,"immoportal (asking, houses)"
Sinzheim,3073,2026,"immoportal (asking, houses)"
Sinzig,2624,2026,"immoportal (asking, houses)"
Sinzing,3204,2026,"immoportal (asking, houses)"
Soest,2531,2026,"immoportal (asking, houses)"
Solingen,2773,2026,"immoportal (asking, houses)"
Solms,1746,2026,"immoportal (asking, houses)"
Soltau,2323,2026,"immoportal (asking, houses)"
Sondershausen,829,2026,"immoportal (asking, houses)"
Sonneberg,1202,2026,"immoportal (asking, houses)"
Sonthofen,4407,2026,"immoportal (asking, houses)"
Sontra,995,2026,"immoportal (asking, houses)"
Spaichingen,2889,2026,"immoportal (asking, houses)"
Spelle,2377,2026,"immoportal (asking, houses)"
Spenge,2326,2026,"immoportal (asking, houses)"
Speyer,3875,2026,"immoportal (asking, houses)"
Spiesen-Elversberg,1304,2026,"immoportal (asking, houses)"
Spremberg,1260,2026,"immoportal (asking, houses)"
Springe,2330,2026,"immoportal (asking, houses)"
Sprockhövel,2844,2026,"immoportal (asking, houses)"
Stade,2794,2026,"immoportal (asking, houses)"
Stadtallendorf,1733,2026,"immoportal (asking, houses)"
Stadtbergen,4444,2026,"immoportal (asking, houses)"
Stadthagen,1613,2026,"immoportal (asking, houses)"
Stadtilm,1482,2026,"immoportal (asking, houses)"
Stadtlohn,2289,2026,"immoportal (asking, houses)"
Stahnsdorf,5243,2026,"immoportal (asking, houses)"
Starnberg,8687,2026,"immoportal (asking, houses)"
Staufen im Breisgau,4206,2026,"immoportal (asking, houses)"
Staßfurt,804,2026,"immoportal (asking, houses)"
Stegaurach,2977,2026,"immoportal (asking, houses)"
Stein,3607,2026,"immoportal (asking, houses)"
Steinau an der Straße,2067,2026,"immoportal (asking, houses)"
Steinbach (Taunus),4674,2026,"immoportal (asking, houses)"
Steinen,3585,2026,"immoportal (asking, houses)"
Steinenbronn,4019,2026,"immoportal (asking, houses)"
Steinfeld (Oldenburg),2507,2026,"immoportal (asking, houses)"
Steinfurt,2537,2026,"immoportal (asking, houses)"
Steinhagen,2569,2026,"immoportal (asking, houses)"
Steinheim,1408,2026,"immoportal (asking, houses)"
Steinheim am Albuch,2342,2026,"immoportal (asking, houses)"
Steinheim an der Murr,3576,2026,"immoportal (asking, houses)"
Stelle,3416,2026,"immoportal (asking, houses)"
Stemwede,1512,2026,"immoportal (asking, houses)"
Stendal,1391,2026,"immoportal (asking, houses)"
Stephanskirchen,5825,2026,"immoportal (asking, houses)"
Stockach,3204,2026,"immoportal (asking, houses)"
Stockelsdorf,3157,2026,"immoportal (asking, houses)"
Stockstadt a. Main,3188,2026,"immoportal (asking, houses)"
Stockstadt am Rhein,3557,2026,"immoportal (asking, houses)"
Stolberg (Rhld.),2315,2026,"immoportal (asking, houses)"
Stollberg/Erzgeb.,1403,2026,"immoportal (asking, houses)"
Straelen,2925,2026,"immoportal (asking, houses)"
Stralsund,2580,2026,"immoportal (asking, houses)"
Straubenhardt,3533,2026,"immoportal (asking, houses)"
Straubing,3067,2026,"immoportal (asking, houses)"
Strausberg,3381,2026,"immoportal (asking, houses)"
Strullendorf,2876,2026,"immoportal (asking, houses)"
Stuhr,2486,2026,"immoportal (asking, houses)"
Stutensee,3552,2026,"immoportal (asking, houses)"
Stuttgart,4608,2026,"immoportal (asking, houses)"
Stühlingen,2555,2026,"immoportal (asking, houses)"
Suhl,1405,2026,"immoportal (asking, houses)"
Sulingen,1873,2026,"immoportal (asking, houses)"
Sulz am Neckar,2315,2026,"immoportal (asking, houses)"
Sulzbach (Taunus),5010,2026,"immoportal (asking, houses)"
Sulzbach a. Main,2795,2026,"immoportal (asking, houses)"
Sulzbach-Rosenberg,1868,2026,"immoportal (asking, houses)"
Sulzbach/Saar,1267,2026,"immoportal (asking, houses)"
Sulzemoos,5457,2026,"immoportal (asking, houses)"
Sundern (Sauerland),1758,2026,"immoportal (asking, houses)"
Sundhagen,2603,2026,"immoportal (asking, houses)"
Swisttal,3168,2026,"immoportal (asking, houses)"
Syke,2310,2026,"immoportal (asking, houses)"
Sylt,9828,2026,"immoportal (asking, houses)"
Söhlde,1511,2026,"immoportal (asking, houses)"
Sömmerda,1411,2026,"immoportal (asking, houses)"
Südbrookmerland,1871,2026,"immoportal (asking, houses)"
Südheide,1548,2026,"immoportal (asking, houses)"
Südliches Anhalt,828,2026,"immoportal (asking, houses)"
Süßen,3070,2026,"immoportal (asking, houses)"
Talheim,3548,2026,"immoportal (asking, houses)"
Tamm,4006,2026,"immoportal (asking, houses)"
Tangerhütte,1120,2026,"immoportal (asking, houses)"
Tangermünde,1322,2026,"immoportal (asking, houses)"
Tauberbischofsheim,2337,2026,"immoportal (asking, houses)"
Taucha,3922,2026,"immoportal (asking, houses)"
Tauche,2409,2026,"immoportal (asking, houses)"
Taufkirchen,7006,2026,"immoportal (asking, houses)"
Taufkirchen (Vils),4018,2026,"immoportal (asking, houses)"
Taunusstein,3515,2026,"immoportal (asking, houses)"
Tecklenburg,2243,2026,"immoportal (asking, houses)"
Tegernheim,4122,2026,"immoportal (asking, houses)"
Tegernsee,8946,2026,"immoportal (asking, houses)"
Telgte,2947,2026,"immoportal (asking, houses)"
Teltow,4855,2026,"immoportal (asking, houses)"
Templin,1794,2026,"immoportal (asking, houses)"
Teningen,3648,2026,"immoportal (asking, houses)"
Tettnang,4254,2026,"immoportal (asking, houses)"
Teublitz,2706,2026,"immoportal (asking, houses)"
Teutschenthal,2082,2026,"immoportal (asking, houses)"
Thale,1305,2026,"immoportal (asking, houses)"
Thalheim/Erzgeb.,1362,2026,"immoportal (asking, houses)"
Thannhausen,3033,2026,"immoportal (asking, houses)"
Tharandt,2208,2026,"immoportal (asking, houses)"
Thedinghausen,2299,2026,"immoportal (asking, houses)"
Tholey,1092,2026,"immoportal (asking, houses)"
Tiefenbach,2357,2026,"immoportal (asking, houses)"
Timmendorfer Strand,4781,2026,"immoportal (asking, houses)"
Tirschenreuth,1668,2026,"immoportal (asking, houses)"
Titisee-Neustadt,3327,2026,"immoportal (asking, houses)"
Torgau,1576,2026,"immoportal (asking, houses)"
Tornesch,3492,2026,"immoportal (asking, houses)"
Tostedt,2767,2026,"immoportal (asking, houses)"
Traben-Trarbach,1507,2026,"immoportal (asking, houses)"
Traunreut,3862,2026,"immoportal (asking, houses)"
Traunstein,4752,2026,"immoportal (asking, houses)"
Trebbin,3181,2026,"immoportal (asking, houses)"
Trebur,3233,2026,"immoportal (asking, houses)"
Treuchtlingen,2340,2026,"immoportal (asking, houses)"
Treuen,1322,2026,"immoportal (asking, houses)"
Tribsees,1473,2026,"immoportal (asking, houses)"
Trier,2911,2026,"immoportal (asking, houses)"
Triptis,902,2026,"immoportal (asking, houses)"
Trittau,3329,2026,"immoportal (asking, houses)"
Troisdorf,3520,2026,"immoportal (asking, houses)"
Trossingen,2703,2026,"immoportal (asking, houses)"
Trostberg,3572,2026,"immoportal (asking, houses)"
Tuttlingen,2786,2026,"immoportal (asking, houses)"
Tutzing,8269,2026,"immoportal (asking, houses)"
Twistringen,1944,2026,"immoportal (asking, houses)"
Töging a. Inn,3340,2026,"immoportal (asking, houses)"
Tönisvorst,3289,2026,"immoportal (asking, houses)"
Tübingen,4208,2026,"immoportal (asking, houses)"
Türkheim,3575,2026,"immoportal (asking, houses)"
Ubstadt-Weiher,2985,2026,"immoportal (asking, houses)"
Uelzen,1793,2026,"immoportal (asking, houses)"
Uetersen,3057,2026,"immoportal (asking, houses)"
Uetze,2728,2026,"immoportal (asking, houses)"
Uhingen,3011,2026,"immoportal (asking, houses)"
Uhldingen-Mühlhofen,4649,2026,"immoportal (asking, houses)"
Ulm,3935,2026,"immoportal (asking, houses)"
Umkirch,4068,2026,"immoportal (asking, houses)"
Unna,2415,2026,"immoportal (asking, houses)"
Unterföhring,8295,2026,"immoportal (asking, houses)"
Untergruppenbach,3996,2026,"immoportal (asking, houses)"
Unterhaching,7975,2026,"immoportal (asking, houses)"
Untermeitingen,4003,2026,"immoportal (asking, houses)"
Unterschleißheim,7033,2026,"immoportal (asking, houses)"
Unterwössen,4370,2026,"immoportal (asking, houses)"
Uplengen,1815,2026,"immoportal (asking, houses)"
Usingen,3174,2026,"immoportal (asking, houses)"
Uslar,1066,2026,"immoportal (asking, houses)"
Vaihingen an der Enz,3385,2026,"immoportal (asking, houses)"
Vallendar,2625,2026,"immoportal (asking, houses)"
Varel,1914,2026,"immoportal (asking, houses)"
Vaterstetten,7117,2026,"immoportal (asking, houses)"
Vechelde,2270,2026,"immoportal (asking, houses)"
Vechta,2505,2026,"immoportal (asking, houses)"
Veitshöchheim,3090,2026,"immoportal (asking, houses)"
Velbert,2804,2026,"immoportal (asking, houses)"
Velden,3354,2026,"immoportal (asking, houses)"
Velen,2108,2026,"immoportal (asking, houses)"
Vellmar,2530,2026,"immoportal (asking, houses)"
Velten,3253,2026,"immoportal (asking, houses)"
Verden (Aller),2328,2026,"immoportal (asking, houses)"
Verl,2847,2026,"immoportal (asking, houses)"
Versmold,2247,2026,"immoportal (asking, houses)"
Viechtach,1947,2026,"immoportal (asking, houses)"
Vierkirchen,5555,2026,"immoportal (asking, houses)"
Viernheim,3156,2026,"immoportal (asking, houses)"
Viersen,2541,2026,"immoportal (asking, houses)"
Villingen-Schwenningen,2695,2026,"immoportal (asking, houses)"
Vilsbiburg,3505,2026,"immoportal (asking, houses)"
Vilshofen an der Donau,2106,2026,"immoportal (asking, houses)"
Visbek,2186,2026,"immoportal (asking, houses)"
Vlotho,1603,2026,"immoportal (asking, houses)"
Voerde (Niederrhein),2929,2026,"immoportal (asking, houses)"
Vohburg a. d. Donau,4088,2026,"immoportal (asking, houses)"
Vreden,2390,2026,"immoportal (asking, houses)"
Vöhringen,3108,2026,"immoportal (asking, houses)"
Völklingen,1397,2026,"immoportal (asking, houses)"
Wachau,1753,2026,"immoportal (asking, houses)"
Wachtberg,3310,2026,"immoportal (asking, houses)"
Wadern,1206,2026,"immoportal (asking, houses)"
Wadersloh,2419,2026,"immoportal (asking, houses)"
Wadgassen,1448,2026,"immoportal (asking, houses)"
Waghäusel,3289,2026,"immoportal (asking, houses)"
Wahlstedt,2729,2026,"immoportal (asking, houses)"
Waiblingen,4047,2026,"immoportal (asking, houses)"
Waibstadt,2529,2026,"immoportal (asking, houses)"
Wald-Michelbach,2419,2026,"immoportal (asking, houses)"
Waldbronn,3312,2026,"immoportal (asking, houses)"
Waldbröl,2181,2026,"immoportal (asking, houses)"
Waldburg,3802,2026,"immoportal (asking, houses)"
Walddorfhäslach,3796,2026,"immoportal (asking, houses)"
Waldems,2824,2026,"immoportal (asking, houses)"
Waldenbuch,3817,2026,"immoportal (asking, houses)"
Waldheim,1301,2026,"immoportal (asking, houses)"
Waldkirch,3772,2026,"immoportal (asking, houses)"
Waldkirchen,2347,2026,"immoportal (asking, houses)"
Waldkraiburg,3369,2026,"immoportal (asking, houses)"
Waldsassen,1408,2026,"immoportal (asking, houses)"
Waldshut-Tiengen,2966,2026,"immoportal (asking, houses)"
Walldorf,3926,2026,"immoportal (asking, houses)"
Walldürn,1920,2026,"immoportal (asking, houses)"
Wallenhorst,2277,2026,"immoportal (asking, houses)"
Walluf,3767,2026,"immoportal (asking, houses)"
Walsrode,1920,2026,"immoportal (asking, houses)"
Waltershausen,1328,2026,"immoportal (asking, houses)"
Waltrop,2501,2026,"immoportal (asking, houses)"
Walzbachtal,3400,2026,"immoportal (asking, houses)"
Wandlitz,3716,2026,"immoportal (asking, houses)"
Wangen im Allgäu,3785,2026,"immoportal (asking, houses)"
Wanzleben-Börde,1296,2026,"immoportal (asking, houses)"
Warburg,1308,2026,"immoportal (asking, houses)"
Wardenburg,2751,2026,"immoportal (asking, houses)"
Waren (Müritz),2462,2026,"immoportal (asking, houses)"
Warendorf,2617,2026,"immoportal (asking, houses)"
Warstein,1577,2026,"immoportal (asking, houses)"
Warthausen,2917,2026,"immoportal (asking, houses)"
Wassenberg,2581,2026,"immoportal (asking, houses)"
Wasserburg a. Inn,4904,2026,"immoportal (asking, houses)"
Wedel,4045,2026,"immoportal (asking, houses)"
Wedemark,3097,2026,"immoportal (asking, houses)"
Weener,1760,2026,"immoportal (asking, houses)"
Weeze,2679,2026,"immoportal (asking, houses)"
Wegberg,2523,2026,"immoportal (asking, houses)"
Wehr,3031,2026,"immoportal (asking, houses)"
Wehrheim,3698,2026,"immoportal (asking, houses)"
Weida,857,2026,"immoportal (asking, houses)"
Weiden i. d. OPf.,2226,2026,"immoportal (asking, houses)"
Weikersheim,1696,2026,"immoportal (asking, houses)"
Weil am Rhein,3984,2026,"immoportal (asking, houses)"
Weil der Stadt,3644,2026,"immoportal (asking, houses)"
Weil im Schönbuch,4058,2026,"immoportal (asking, houses)"
Weilburg,1891,2026,"immoportal (asking, houses)"
Weiler-Simmerberg,3920,2026,"immoportal (asking, houses)"
Weilerswist,2879,2026,"immoportal (asking, houses)"
Weilheim an der Teck,3322,2026,"immoportal (asking, houses)"
Weilheim i. OB,5467,2026,"immoportal (asking, houses)"
Weilmünster,1715,2026,"immoportal (asking, houses)"
Weilrod,2611,2026,"immoportal (asking, houses)"
Weimar,3024,2026,"immoportal (asking, houses)"
Weinböhla,3770,2026,"immoportal (asking, houses)"
Weingarten,3693,2026,"immoportal (asking, houses)"
Weingarten (Baden),3475,2026,"immoportal (asking, houses)"
Weinheim,3846,2026,"immoportal (asking, houses)"
Weinsberg,3455,2026,"immoportal (asking, houses)"
Weinstadt,3836,2026,"immoportal (asking, houses)"
Weissach,4102,2026,"immoportal (asking, houses)"
Weissach im Tal,3322,2026,"immoportal (asking, houses)"
Weitersburg,2632,2026,"immoportal (asking, houses)"
Weiterstadt,3530,2026,"immoportal (asking, houses)"
Weißenburg i. Bay.,2647,2026,"immoportal (asking, houses)"
Weißenfels,1281,2026,"immoportal (asking, houses)"
Weißenhorn,3590,2026,"immoportal (asking, houses)"
Weißensberg,4361,2026,"immoportal (asking, houses)"
Weißenthurm,2507,2026,"immoportal (asking, houses)"
Weißwasser/O.L.,1427,2026,"immoportal (asking, houses)"
Welver,2011,2026,"immoportal (asking, houses)"
Welzheim,3380,2026,"immoportal (asking, houses)"
Wendeburg,2165,2026,"immoportal (asking, houses)"
Wendelstein,3364,2026,"immoportal (asking, houses)"
Wenden,1819,2026,"immoportal (asking, houses)"
Wendlingen am Neckar,4173,2026,"immoportal (asking, houses)"
Wennigsen (Deister),2593,2026,"immoportal (asking, houses)"
Wentorf bei Hamburg,3982,2026,"immoportal (asking, houses)"
Wenzenbach,3744,2026,"immoportal (asking, houses)"
Werdau,949,2026,"immoportal (asking, houses)"
Werder (Havel),3741,2026,"immoportal (asking, houses)"
Werdohl,1424,2026,"immoportal (asking, houses)"
Werl,2297,2026,"immoportal (asking, houses)"
Werlte,2246,2026,"immoportal (asking, houses)"
Wermelskirchen,2798,2026,"immoportal (asking, houses)"
Wernau (Neckar),3690,2026,"immoportal (asking, houses)"
Werne,2522,2026,"immoportal (asking, houses)"
Werneck,2058,2026,"immoportal (asking, houses)"
Wernigerode,1692,2026,"immoportal (asking, houses)"
Wertheim,2142,2026,"immoportal (asking, houses)"
Werther (Westf.),2276,2026,"immoportal (asking, houses)"
Wertingen,3282,2026,"immoportal (asking, houses)"
Wesel,2485,2026,"immoportal (asking, houses)"
Wesseling,3404,2026,"immoportal (asking, houses)"
Westerkappeln,2304,2026,"immoportal (asking, houses)"
Westerstede,2272,2026,"immoportal (asking, houses)"
Westoverledingen,1871,2026,"immoportal (asking, houses)"
Wettenberg,2279,2026,"immoportal (asking, houses)"
Wetter (Ruhr),2810,2026,"immoportal (asking, houses)"
Wetzlar,1955,2026,"immoportal (asking, houses)"
Weyhe,2594,2026,"immoportal (asking, houses)"
Weßling,7905,2026,"immoportal (asking, houses)"
Wickede (Ruhr),2153,2026,"immoportal (asking, houses)"
Wiefelstede,2521,2026,"immoportal (asking, houses)"
Wiehl,2359,2026,"immoportal (asking, houses)"
Wiernsheim,3414,2026,"immoportal (asking, houses)"
Wiesbaden,4547,2026,"immoportal (asking, houses)"
Wiesloch,3247,2026,"immoportal (asking, houses)"
Wiesmoor,2150,2026,"immoportal (asking, houses)"
Wietmarschen,2306,2026,"immoportal (asking, houses)"
Wildau,3888,2026,"immoportal (asking, houses)"
Wildberg,2890,2026,"immoportal (asking, houses)"
Wildeshausen,2475,2026,"immoportal (asking, houses)"
Wilhelmshaven,1911,2026,"immoportal (asking, houses)"
Wilkau-Haßlau,976,2026,"immoportal (asking, houses)"
Willich,3129,2026,"immoportal (asking, houses)"
Willstätt,2839,2026,"immoportal (asking, houses)"
Wilnsdorf,1727,2026,"immoportal (asking, houses)"
Wilsdruff,2665,2026,"immoportal (asking, houses)"
Windeck,2180,2026,"immoportal (asking, houses)"
Winnenden,3846,2026,"immoportal (asking, houses)"
Winsen (Aller),2262,2026,"immoportal (asking, houses)"
Winsen (Luhe),3084,2026,"immoportal (asking, houses)"
Winterbach,3669,2026,"immoportal (asking, houses)"
Winterberg,1927,2026,"immoportal (asking, houses)"
Wipperfürth,2134,2026,"immoportal (asking, houses)"
Wirges,1927,2026,"immoportal (asking, houses)"
Wismar,2474,2026,"immoportal (asking, houses)"
Wissen,1728,2026,"immoportal (asking, houses)"
Witten,2935,2026,"immoportal (asking, houses)"
Wittenberg,1347,2026,"immoportal (asking, houses)"
Wittenberge,1360,2026,"immoportal (asking, houses)"
Wittenburg,1740,2026,"immoportal (asking, houses)"
Wittingen,1413,2026,"immoportal (asking, houses)"
Wittlich,2195,2026,"immoportal (asking, houses)"
Wittmund,2167,2026,"immoportal (asking, houses)"
Wittstock/Dosse,1212,2026,"immoportal (asking, houses)"
Witzenhausen,1259,2026,"immoportal (asking, houses)"
Wolfenbüttel,2276,2026,"immoportal (asking, houses)"
Wolfhagen,1513,2026,"immoportal (asking, houses)"
Wolfratshausen,6258,2026,"immoportal (asking, houses)"
Wolfsburg,2421,2026,"immoportal (asking, houses)"
Wolfschlugen,3567,2026,"immoportal (asking, houses)"
Wolgast,2038,2026,"immoportal (asking, houses)"
Wolmirstedt,1961,2026,"immoportal (asking, houses)"
Wolnzach,3998,2026,"immoportal (asking, houses)"
Worms,2823,2026,"immoportal (asking, houses)"
Worpswede,2523,2026,"immoportal (asking, houses)"
Wunstorf,2648,2026,"immoportal (asking, houses)"
Wuppertal,2659,2026,"immoportal (asking, houses)"
Wurster Nordseeküste,2192,2026,"immoportal (asking, houses)"
Wurzen,1924,2026,"immoportal (asking, houses)"
Wustermark,3736,2026,"immoportal (asking, houses)"
Wutha-Farnroda,1283,2026,"immoportal (asking, houses)"
Wächtersbach,2481,2026,"immoportal (asking, houses)"
Wöllstadt,2759,2026,"immoportal (asking, houses)"
Wörrstadt,3386,2026,"immoportal (asking, houses)"
Wörth,5347,2026,"immoportal (asking, houses)"
Wörth am Rhein,2968,2026,"immoportal (asking, houses)"
Wörthsee,8450,2026,"immoportal (asking, houses)"
Wülfrath,3535,2026,"immoportal (asking, houses)"
Wünschendorf/Elster,957,2026,"immoportal (asking, houses)"
Würselen,2694,2026,"immoportal (asking, houses)"
Würzburg,3243,2026,"immoportal (asking, houses)"
Xanten,2845,2026,"immoportal (asking, houses)"
Zarrentin am Schaalsee,2251,2026,"immoportal (asking, houses)"
Zehdenick,2015,2026,"immoportal (asking, houses)"
Zeitz,753,2026,"immoportal (asking, houses)"
Zell (Mosel),1344,2026,"immoportal (asking, houses)"
Zell am Harmersbach,2864,2026,"immoportal (asking, houses)"
Zella-Mehlis,1127,2026,"immoportal (asking, houses)"
Zerbst/Anhalt,1074,2026,"immoportal (asking, houses)"
Zetel,2056,2026,"immoportal (asking, houses)"
Zeulenroda-Triebes,815,2026,"immoportal (asking, houses)"
Zeuthen,4128,2026,"immoportal (asking, houses)"
Zeven,2128,2026,"immoportal (asking, houses)"
Zirndorf,3794,2026,"immoportal (asking, houses)"
Zittau,734,2026,"immoportal (asking, houses)"
Zorneding,6017,2026,"immoportal (asking, houses)"
Zossen,3286,2026,"immoportal (asking, houses)"
Zschopau,1050,2026,"immoportal (asking, houses)"
Zusmarshausen,3434,2026,"immoportal (asking, houses)"
Zweibrücken,1700,2026,"immoportal (asking, houses)"
Zwenkau,2998,2026,"immoportal (asking, houses)"
Zwickau,1323,2026,"immoportal (asking, houses)"
Zwiesel,1435,2026,"immoportal (asking, houses)"
Zwönitz,1301,2026,"immoportal (asking, houses)"
Zöllnitz,2251,2026,"immoportal (asking, houses)"
Zörbig,1190,2026,"immoportal (asking, houses)"
Zülpich,2651,2026,"immoportal (asking, houses)"
Öhringen,3024,2026,"immoportal (asking, houses)"
Östringen,2708,2026,"immoportal (asking, houses)"
Übach-Palenberg,2428,2026,"immoportal (asking, houses)"
Überherrn,1829,2026,"immoportal (asking, houses)"
Überlingen,4905,2026,"immoportal (asking, houses)"
Ühlingen-Birkendorf,2675,2026,"immoportal (asking, houses)"
