municipality,eur_m2,period,source
Abancourt,1412,2024,DVF
Abancourt|60,1412,2024,DVF
Abaucourt,1223,2024,DVF
Abaucourt|54,1223,2024,DVF
Abbaretz,1803,2024,DVF
Abbaretz|44,1803,2024,DVF
Abbecourt,3155,2024,DVF
Abbecourt|60,3155,2024,DVF
Abbeville,1700,2024,DVF
Abbeville|80,1700,2024,DVF
Abbécourt,950,2024,DVF
Abbécourt|02,950,2024,DVF
Abbévillers,2228,2024,DVF
Abbévillers|25,2228,2024,DVF
Abeilhan,2571,2024,DVF
Abeilhan|34,2571,2024,DVF
Abergement-la-Ronce,1722,2024,DVF
Abergement-la-Ronce|39,1722,2024,DVF
Abilly,1395,2024,DVF
Abilly|37,1395,2024,DVF
Abjat-sur-Bandiat,1566,2024,DVF
Abjat-sur-Bandiat|24,1566,2024,DVF
Ablain-Saint-Nazaire,1758,2024,DVF
Ablain-Saint-Nazaire|62,1758,2024,DVF
Ableiges,2983,2024,DVF
Ableiges|95,2983,2024,DVF
Ablis,2764,2024,DVF
Ablis|78,2764,2024,DVF
Ablon,3298,2024,DVF
Ablon-sur-Seine,3762,2024,DVF
Ablon-sur-Seine|94,3762,2024,DVF
Ablon|14,3298,2024,DVF
Abondance,4255,2024,DVF
Abondance|74,4255,2024,DVF
Abondant,2175,2024,DVF
Abondant|28,2175,2024,DVF
Aboën,1860,2024,DVF
Aboën|42,1860,2024,DVF
Abrest,1644,2024,DVF
Abrest|03,1644,2024,DVF
Abriès-Ristolas,2498,2024,DVF
Abriès-Ristolas|05,2498,2024,DVF
Abscon,1136,2024,DVF
Abscon|59,1136,2024,DVF
Abzac,1432,2024,DVF
Abzac|16,1104,2024,DVF
Abzac|33,1432,2024,DVF
Accous,1524,2024,DVF
Accous|64,1524,2024,DVF
Achery,1382,2024,DVF
Achery|02,1382,2024,DVF
Acheville,2117,2024,DVF
Acheville|62,2117,2024,DVF
Achicourt,2039,2024,DVF
Achicourt|62,2039,2024,DVF
Achiet-le-Grand,1682,2024,DVF
Achiet-le-Grand|62,1682,2024,DVF
Achiet-le-Petit,1260,2024,DVF
Achiet-le-Petit|62,1260,2024,DVF
Achères,3787,2024,DVF
Achères-la-Forêt,2956,2024,DVF
Achères-la-Forêt|77,2956,2024,DVF
Achères|18,1505,2024,DVF
Achères|78,3787,2024,DVF
Acigné,3011,2024,DVF
Acigné|35,3011,2024,DVF
Acon,1385,2024,DVF
Acon|27,1385,2024,DVF
Acq,2059,2024,DVF
Acquigny,1839,2024,DVF
Acquigny|27,1839,2024,DVF
Acquin-Westbécourt,1697,2024,DVF
Acquin-Westbécourt|62,1697,2024,DVF
Acq|62,2059,2024,DVF
Acy,1481,2024,DVF
Acy-en-Multien,2251,2024,DVF
Acy-en-Multien|60,2251,2024,DVF
Acy|02,1481,2024,DVF
Adainville,4133,2024,DVF
Adainville|78,4133,2024,DVF
Adelans-et-le-Val-de-Bithaine,1358,2024,DVF
Adelans-et-le-Val-de-Bithaine|70,1358,2024,DVF
Adervielle-Pouchergues,2292,2024,DVF
Adervielle-Pouchergues|65,2292,2024,DVF
Adissan,2514,2024,DVF
Adissan|34,2514,2024,DVF
Adriers,943,2024,DVF
Adriers|86,943,2024,DVF
Adé,1717,2024,DVF
Adé|65,1717,2024,DVF
Afa,3955,2024,DVF
Afa|2A,3955,2024,DVF
Affoux,1542,2024,DVF
Affoux|69,1542,2024,DVF
Agde,4223,2024,DVF
Agde|34,4223,2024,DVF
Agen,1785,2024,DVF
Agen-d'Aveyron,2185,2024,DVF
Agen-d'Aveyron|12,2185,2024,DVF
Agencourt,2515,2024,DVF
Agencourt|21,2515,2024,DVF
Agen|47,1785,2024,DVF
Agey,1835,2024,DVF
Agey|21,1835,2024,DVF
Agincourt,2049,2024,DVF
Agincourt|54,2049,2024,DVF
Agnac,1942,2024,DVF
Agnac|47,1942,2024,DVF
Agneaux,1881,2024,DVF
Agneaux|50,1881,2024,DVF
Agnetz,2061,2024,DVF
Agnetz|60,2061,2024,DVF
Agnez-lès-Duisans,2050,2024,DVF
Agnez-lès-Duisans|62,2050,2024,DVF
Agnos,2172,2024,DVF
Agnos|64,2172,2024,DVF
Agny,1672,2024,DVF
Agny|62,1672,2024,DVF
Agon-Coutainville,4577,2024,DVF
Agon-Coutainville|50,4577,2024,DVF
Agonac,1655,2024,DVF
Agonac|24,1655,2024,DVF
Agonès,2393,2024,DVF
Agonès|34,2393,2024,DVF
Agris,1366,2024,DVF
Agris|16,1366,2024,DVF
Aguessac,1691,2024,DVF
Aguessac|12,1691,2024,DVF
Ahetze,5761,2024,DVF
Ahetze|64,5761,2024,DVF
Ahuillé,1839,2024,DVF
Ahuillé|53,1839,2024,DVF
Ahun,953,2024,DVF
Ahun|23,953,2024,DVF
Ahuy,3315,2024,DVF
Ahuy|21,3315,2024,DVF
Aibre,1255,2024,DVF
Aibre|25,1255,2024,DVF
Aiffres,1931,2024,DVF
Aiffres|79,1931,2024,DVF
Aiglemont,1892,2024,DVF
Aiglemont|08,1892,2024,DVF
Aiglun,2206,2024,DVF
Aiglun|04,2206,2024,DVF
Aignan,1190,2024,DVF
Aignan|32,1190,2024,DVF
Aigneville,922,2024,DVF
Aigneville|80,922,2024,DVF
Aigné,2192,2024,DVF
Aigné|72,2192,2024,DVF
Aigondigné,1531,2024,DVF
Aigondigné|79,1531,2024,DVF
Aigre,1071,2024,DVF
Aigrefeuille,3469,2024,DVF
Aigrefeuille-d'Aunis,3006,2024,DVF
Aigrefeuille-d'Aunis|17,3006,2024,DVF
Aigrefeuille-sur-Maine,2774,2024,DVF
Aigrefeuille-sur-Maine|44,2774,2024,DVF
Aigrefeuille|31,3469,2024,DVF
Aigremont,5191,2024,DVF
Aigremont|30,2394,2024,DVF
Aigremont|78,5191,2024,DVF
Aigre|16,1071,2024,DVF
Aiguebelette-le-Lac,3396,2024,DVF
Aiguebelette-le-Lac|73,3396,2024,DVF
Aiguefonde,1520,2024,DVF
Aiguefonde|81,1520,2024,DVF
Aigueperse,1707,2024,DVF
Aigueperse|63,1707,2024,DVF
Aigueperse|69,1521,2024,DVF
Aigues-Mortes,4276,2024,DVF
Aigues-Mortes|30,4276,2024,DVF
Aigues-Vives,2896,2024,DVF
Aigues-Vives|09,2687,2024,DVF
Aigues-Vives|11,1476,2024,DVF
Aigues-Vives|30,2896,2024,DVF
Aigues-Vives|34,1292,2024,DVF
Aiguilhe,2470,2024,DVF
Aiguilhe|43,2470,2024,DVF
Aiguilles,1633,2024,DVF
Aiguilles|05,1633,2024,DVF
Aiguillon,1368,2024,DVF
Aiguillon|47,1368,2024,DVF
Aigurande,1148,2024,DVF
Aigurande|36,1148,2024,DVF
Aillant-sur-Milleron,1015,2024,DVF
Aillant-sur-Milleron|45,1015,2024,DVF
Aillas,2014,2024,DVF
Aillas|33,2014,2024,DVF
Aillevillers-et-Lyaumont,949,2024,DVF
Aillevillers-et-Lyaumont|70,949,2024,DVF
Aillon-le-Jeune,2201,2024,DVF
Aillon-le-Jeune|73,2201,2024,DVF
Ailly,1917,2024,DVF
Ailly-le-Haut-Clocher,1731,2024,DVF
Ailly-le-Haut-Clocher|80,1731,2024,DVF
Ailly-sur-Noye,1819,2024,DVF
Ailly-sur-Noye|80,1819,2024,DVF
Ailly-sur-Somme,2100,2024,DVF
Ailly-sur-Somme|80,2100,2024,DVF
Ailly|27,1917,2024,DVF
Aimargues,2890,2024,DVF
Aimargues|30,2890,2024,DVF
Aime-la-Plagne,4645,2024,DVF
Aime-la-Plagne|73,4645,2024,DVF
Ainay-le-Château,879,2024,DVF
Ainay-le-Château|03,879,2024,DVF
Ainay-le-Vieil,707,2024,DVF
Ainay-le-Vieil|18,707,2024,DVF
Aincourt,2425,2024,DVF
Aincourt|95,2425,2024,DVF
Ainhoa,3058,2024,DVF
Ainhoa|64,3058,2024,DVF
Airaines,1286,2024,DVF
Airaines|80,1286,2024,DVF
Aire-sur-l'Adour,1607,2024,DVF
Aire-sur-l'Adour|40,1607,2024,DVF
Aire-sur-la-Lys,1553,2024,DVF
Aire-sur-la-Lys|62,1553,2024,DVF
Airel,1188,2024,DVF
Airel|50,1188,2024,DVF
Airion,1570,2024,DVF
Airion|60,1570,2024,DVF
Airon-Notre-Dame,2872,2024,DVF
Airon-Notre-Dame|62,2872,2024,DVF
Airoux,1528,2024,DVF
Airoux|11,1528,2024,DVF
Airvault,1140,2024,DVF
Airvault|79,1140,2024,DVF
Aiserey,2280,2024,DVF
Aiserey|21,2280,2024,DVF
Aiton,3030,2024,DVF
Aiton|73,3030,2024,DVF
Aix-Noulette,1781,2024,DVF
Aix-Noulette|62,1781,2024,DVF
Aix-Villemaur-Pâlis,1155,2024,DVF
Aix-Villemaur-Pâlis|10,1155,2024,DVF
Aix-en-Provence,5300,2024,DVF
Aix-en-Provence|13,5300,2024,DVF
Aix-en-Pévèle,2401,2024,DVF
Aix-en-Pévèle|59,2401,2024,DVF
Aix-les-Bains,4444,2024,DVF
Aix-les-Bains|73,4444,2024,DVF
Aixe-sur-Vienne,1728,2024,DVF
Aixe-sur-Vienne|87,1728,2024,DVF
Aizenay,2507,2024,DVF
Aizenay|85,2507,2024,DVF
Ajaccio,3956,2024,DVF
Ajaccio|2A,3956,2024,DVF
Ajain,963,2024,DVF
Ajain|23,963,2024,DVF
Alairac,2034,2024,DVF
Alairac|11,2034,2024,DVF
Alan,1228,2024,DVF
Alan|31,1228,2024,DVF
Alata,4529,2024,DVF
Alata|2A,4529,2024,DVF
Alba-la-Romaine,2367,2024,DVF
Alba-la-Romaine|07,2367,2024,DVF
Alban,1015,2024,DVF
Alban|81,1015,2024,DVF
Albas,1229,2024,DVF
Albas|46,1229,2024,DVF
Albert,1399,2024,DVF
Albertville,2365,2024,DVF
Albertville|73,2365,2024,DVF
Albert|80,1399,2024,DVF
Albi,2293,2024,DVF
Albias,1855,2024,DVF
Albias|82,1855,2024,DVF
Albiez-Montrond,2718,2024,DVF
Albiez-Montrond|73,2718,2024,DVF
Albigny-sur-Saône,4378,2024,DVF
Albigny-sur-Saône|69,4378,2024,DVF
Albine,975,2024,DVF
Albine|81,975,2024,DVF
Albitreccia,6590,2024,DVF
Albitreccia|2A,6590,2024,DVF
Albi|81,2293,2024,DVF
Albon,2225,2024,DVF
Albon|26,2225,2024,DVF
Alboussière,2019,2024,DVF
Alboussière|07,2019,2024,DVF
Albussac,1837,2024,DVF
Albussac|19,1837,2024,DVF
Alby-sur-Chéran,4037,2024,DVF
Alby-sur-Chéran|74,4037,2024,DVF
Alençon,1463,2024,DVF
Alençon|61,1463,2024,DVF
Alet-les-Bains,1509,2024,DVF
Alet-les-Bains|11,1509,2024,DVF
Alex,5936,2024,DVF
Alexain,1185,2024,DVF
Alexain|53,1185,2024,DVF
Alex|74,5936,2024,DVF
Alfortville,4934,2024,DVF
Alfortville|94,4934,2024,DVF
Algajola,5962,2024,DVF
Algajola|2B,5962,2024,DVF
Alignan-du-Vent,2185,2024,DVF
Alignan-du-Vent|34,2185,2024,DVF
Alissas,1846,2024,DVF
Alissas|07,1846,2024,DVF
Alix,3549,2024,DVF
Alixan,2498,2024,DVF
Alixan|26,2498,2024,DVF
Alix|69,3549,2024,DVF
Alizay,2038,2024,DVF
Alizay|27,2038,2024,DVF
Allaire,1959,2024,DVF
Allaire|56,1959,2024,DVF
Allamps,1591,2024,DVF
Allamps|54,1591,2024,DVF
Allan,2592,2024,DVF
Allanche,969,2024,DVF
Allanche|15,969,2024,DVF
Allan|26,2592,2024,DVF
Allassac,1615,2024,DVF
Allassac|19,1615,2024,DVF
Allauch,4445,2024,DVF
Allauch|13,4445,2024,DVF
Alleins,3201,2024,DVF
Alleins|13,3201,2024,DVF
Allemagne-en-Provence,2534,2024,DVF
Allemagne-en-Provence|04,2534,2024,DVF
Allemans,1638,2024,DVF
Allemans|24,1638,2024,DVF
Allemond,4035,2024,DVF
Allemond|38,4035,2024,DVF
Allennes-les-Marais,2299,2024,DVF
Allennes-les-Marais|59,2299,2024,DVF
Allerey-sur-Saône,1475,2024,DVF
Allerey-sur-Saône|71,1475,2024,DVF
Allery,1467,2024,DVF
Allery|80,1467,2024,DVF
Alles-sur-Dordogne,1886,2024,DVF
Alles-sur-Dordogne|24,1886,2024,DVF
Allevard,2152,2024,DVF
Allevard|38,2152,2024,DVF
Allex,2391,2024,DVF
Allex|26,2391,2024,DVF
Alleyras,1425,2024,DVF
Alleyras|43,1425,2024,DVF
Alligny-Cosne,1348,2024,DVF
Alligny-Cosne|58,1348,2024,DVF
Alligny-en-Morvan,1525,2024,DVF
Alligny-en-Morvan|58,1525,2024,DVF
Allineuc,1284,2024,DVF
Allineuc|22,1284,2024,DVF
Allinges,3999,2024,DVF
Allinges|74,3999,2024,DVF
Allogny,1268,2024,DVF
Allogny|18,1268,2024,DVF
Alloinay,1245,2024,DVF
Alloinay|79,1245,2024,DVF
Allondrelle-la-Malmaison,1460,2024,DVF
Allondrelle-la-Malmaison|54,1460,2024,DVF
Allonne,2394,2024,DVF
Allonnes,1568,2024,DVF
Allonnes|49,1638,2024,DVF
Allonnes|72,1568,2024,DVF
Allonne|60,2394,2024,DVF
Allonne|79,1188,2024,DVF
Allonzier-la-Caille,4676,2024,DVF
Allonzier-la-Caille|74,4676,2024,DVF
Allos,2975,2024,DVF
Allos|04,2975,2024,DVF
Allouagne,1636,2024,DVF
Allouagne|62,1636,2024,DVF
Alloue,949,2024,DVF
Alloue|16,949,2024,DVF
Allouis,1523,2024,DVF
Allouis|18,1523,2024,DVF
Allouville-Bellefosse,2268,2024,DVF
Allouville-Bellefosse|76,2268,2024,DVF
Alluyes,1112,2024,DVF
Alluyes|28,1112,2024,DVF
Ally,1425,2024,DVF
Ally|15,1425,2024,DVF
Allègre,1078,2024,DVF
Allègre-les-Fumades,2070,2024,DVF
Allègre-les-Fumades|30,2070,2024,DVF
Allègre|43,1078,2024,DVF
Allériot,2015,2024,DVF
Allériot|71,2015,2024,DVF
Almenêches,1209,2024,DVF
Almenêches|61,1209,2024,DVF
Alos,1760,2024,DVF
Alos|09,1760,2024,DVF
Aloxe-Corton,3032,2024,DVF
Aloxe-Corton|21,3032,2024,DVF
Alquines,1435,2024,DVF
Alquines|62,1435,2024,DVF
Althen-des-Paluds,3220,2024,DVF
Althen-des-Paluds|84,3220,2024,DVF
Altier,1304,2024,DVF
Altier|48,1304,2024,DVF
Altillac,1469,2024,DVF
Altillac|19,1469,2024,DVF
Alvignac,1890,2024,DVF
Alvignac|46,1890,2024,DVF
Alvimare,1601,2024,DVF
Alvimare|76,1601,2024,DVF
Alzon,1456,2024,DVF
Alzonne,1352,2024,DVF
Alzonne|11,1352,2024,DVF
Alzon|30,1456,2024,DVF
Alès,1796,2024,DVF
Alès|30,1796,2024,DVF
Alénya,2695,2024,DVF
Alénya|66,2695,2024,DVF
Aléria,2310,2024,DVF
Aléria|2B,2310,2024,DVF
Amagne,1488,2024,DVF
Amagne|08,1488,2024,DVF
Amance,1181,2024,DVF
Amance|70,1181,2024,DVF
Amancy,4491,2024,DVF
Amancy|74,4491,2024,DVF
Amange,1851,2024,DVF
Amange|39,1851,2024,DVF
Amanlis,2238,2024,DVF
Amanlis|35,2238,2024,DVF
Amayé-sur-Orne,2175,2024,DVF
Amayé-sur-Orne|14,2175,2024,DVF
Amazy,790,2024,DVF
Amazy|58,790,2024,DVF
Ambarès-et-Lagrave,2767,2024,DVF
Ambarès-et-Lagrave|33,2767,2024,DVF
Ambazac,1749,2024,DVF
Ambazac|87,1749,2024,DVF
Ambernac,1095,2024,DVF
Ambernac|16,1095,2024,DVF
Ambert,1451,2024,DVF
Ambert|63,1451,2024,DVF
Ambeyrac,1372,2024,DVF
Ambeyrac|12,1372,2024,DVF
Ambierle,1802,2024,DVF
Ambierle|42,1802,2024,DVF
Ambillou,1806,2024,DVF
Ambillou|37,1806,2024,DVF
Ambilly,3885,2024,DVF
Ambilly|74,3885,2024,DVF
Ambiévillers,693,2024,DVF
Ambiévillers|70,693,2024,DVF
Amblainville,2821,2024,DVF
Amblainville|60,2821,2024,DVF
Ambleny,1959,2024,DVF
Ambleny|02,1959,2024,DVF
Ambleteuse,3075,2024,DVF
Ambleteuse|62,3075,2024,DVF
Ambleville,3298,2024,DVF
Ambleville|95,3298,2024,DVF
Amboise,2516,2024,DVF
Amboise|37,2516,2024,DVF
Ambon,3123,2024,DVF
Ambonnay,2019,2024,DVF
Ambonnay|51,2019,2024,DVF
Ambon|56,3123,2024,DVF
Ambrault,676,2024,DVF
Ambrault|36,676,2024,DVF
Ambrières-les-Vallées,1289,2024,DVF
Ambrières-les-Vallées|53,1289,2024,DVF
Ambronay,2322,2024,DVF
Ambronay|01,2322,2024,DVF
Ambrus,1137,2024,DVF
Ambrus|47,1137,2024,DVF
Ambutrix,2431,2024,DVF
Ambutrix|01,2431,2024,DVF
Ambès,1982,2024,DVF
Ambès|33,1982,2024,DVF
Ambérieu-en-Bugey,2323,2024,DVF
Ambérieu-en-Bugey|01,2323,2024,DVF
Ambérieux,3236,2024,DVF
Ambérieux-en-Dombes,2711,2024,DVF
Ambérieux-en-Dombes|01,2711,2024,DVF
Ambérieux|69,3236,2024,DVF
Amettes,1556,2024,DVF
Amettes|62,1556,2024,DVF
Ameugny,1943,2024,DVF
Ameugny|71,1943,2024,DVF
Amfreville,2762,2024,DVF
Amfreville-Saint-Amand,1487,2024,DVF
Amfreville-Saint-Amand|27,1487,2024,DVF
Amfreville-la-Mi-Voie,2316,2024,DVF
Amfreville-la-Mi-Voie|76,2316,2024,DVF
Amfreville-sous-les-Monts,1806,2024,DVF
Amfreville-sous-les-Monts|27,1806,2024,DVF
Amfreville-sur-Iton,2066,2024,DVF
Amfreville-sur-Iton|27,2066,2024,DVF
Amfreville|14,2762,2024,DVF
Amiens,2459,2024,DVF
Amiens|80,2459,2024,DVF
Amigny-Rouy,1558,2024,DVF
Amigny-Rouy|02,1558,2024,DVF
Amillis,1820,2024,DVF
Amillis|77,1820,2024,DVF
Amilly,1893,2024,DVF
Amilly|28,2160,2024,DVF
Amilly|45,1893,2024,DVF
Amné,1336,2024,DVF
Amné|72,1336,2024,DVF
Amou,1544,2024,DVF
Amou|40,1544,2024,DVF
Amplepuis,1687,2024,DVF
Amplepuis|69,1687,2024,DVF
Amponville,2662,2024,DVF
Amponville|77,2662,2024,DVF
Ampuis,2725,2024,DVF
Ampuis|69,2725,2024,DVF
Ampus,2365,2024,DVF
Ampus|83,2365,2024,DVF
Amuré,1695,2024,DVF
Amuré|79,1695,2024,DVF
Amy,1374,2024,DVF
Amy|60,1374,2024,DVF
Amélie-les-Bains-Palalda,1471,2024,DVF
Amélie-les-Bains-Palalda|66,1471,2024,DVF
Anais,1684,2024,DVF
Anais|16,1684,2024,DVF
Ance Féas,2487,2024,DVF
Ance Féas|64,2487,2024,DVF
Anceaumeville,1876,2024,DVF
Anceaumeville|76,1876,2024,DVF
Ancelle,2781,2024,DVF
Ancelle|05,2781,2024,DVF
Ancenis-Saint-Géréon,2620,2024,DVF
Ancenis-Saint-Géréon|44,2620,2024,DVF
Ancerville,1220,2024,DVF
Ancerville|55,1220,2024,DVF
Anché,1819,2024,DVF
Anché|37,1819,2024,DVF
Anché|86,993,2024,DVF
Ancier,1453,2024,DVF
Ancier|70,1453,2024,DVF
Ancinnes,1364,2024,DVF
Ancinnes|72,1364,2024,DVF
Ancourt,1838,2024,DVF
Ancourt|76,1838,2024,DVF
Ancretteville-sur-Mer,1938,2024,DVF
Ancretteville-sur-Mer|76,1938,2024,DVF
Anctoville-sur-Boscq,2911,2024,DVF
Anctoville-sur-Boscq|50,2911,2024,DVF
Ancy-le-Franc,980,2024,DVF
Ancy-le-Franc|89,980,2024,DVF
Ancône,2375,2024,DVF
Ancône|26,2375,2024,DVF
Andance,1385,2024,DVF
Andancette,2410,2024,DVF
Andancette|26,2410,2024,DVF
Andance|07,1385,2024,DVF
Andel,1931,2024,DVF
Andelnans,1662,2024,DVF
Andelnans|90,1662,2024,DVF
Andelot-Blancheville,1000,2024,DVF
Andelot-Blancheville|52,1000,2024,DVF
Andel|22,1931,2024,DVF
Andernay,1370,2024,DVF
Andernay|55,1370,2024,DVF
Andernos-les-Bains,5451,2024,DVF
Andernos-les-Bains|33,5451,2024,DVF
Andert-et-Condon,2084,2024,DVF
Andert-et-Condon|01,2084,2024,DVF
Andeville,2475,2024,DVF
Andeville|60,2475,2024,DVF
Andilly,4173,2024,DVF
Andilly|17,2222,2024,DVF
Andilly|95,4173,2024,DVF
Andon,1968,2024,DVF
Andon|06,1968,2024,DVF
Andouillé,1635,2024,DVF
Andouillé-Neuville,2333,2024,DVF
Andouillé-Neuville|35,2333,2024,DVF
Andouillé|53,1635,2024,DVF
Andres,1953,2024,DVF
Andrest,1694,2024,DVF
Andrest|65,1694,2024,DVF
Andres|62,1953,2024,DVF
Andryes,1261,2024,DVF
Andryes|89,1261,2024,DVF
Andrésy,3472,2024,DVF
Andrésy|78,3472,2024,DVF
Andrézieux-Bouthéon,2230,2024,DVF
Andrézieux-Bouthéon|42,2230,2024,DVF
Anduze,2098,2024,DVF
Anduze|30,2098,2024,DVF
Andé,2232,2024,DVF
Andé|27,2232,2024,DVF
Anet,2153,2024,DVF
Anet|28,2153,2024,DVF
Angaïs,2129,2024,DVF
Angaïs|64,2129,2024,DVF
Angers,3256,2024,DVF
Angers|49,3256,2024,DVF
Angerville,2205,2024,DVF
Angerville-l'Orcher,2874,2024,DVF
Angerville-l'Orcher|76,2874,2024,DVF
Angerville-la-Campagne,1798,2024,DVF
Angerville-la-Campagne|27,1798,2024,DVF
Angerville-la-Martel,2146,2024,DVF
Angerville-la-Martel|76,2146,2024,DVF
Angerville|91,2205,2024,DVF
Angervilliers,3238,2024,DVF
Angervilliers|91,3238,2024,DVF
Angicourt,2567,2024,DVF
Angicourt|60,2567,2024,DVF
Angiens,1876,2024,DVF
Angiens|76,1876,2024,DVF
Anglade,1441,2024,DVF
Anglade|33,1441,2024,DVF
Anglards-de-Salers,1374,2024,DVF
Anglards-de-Salers|15,1374,2024,DVF
Anglars-Nozac,1854,2024,DVF
Anglars-Nozac|46,1854,2024,DVF
Anglars-Saint-Félix,1170,2024,DVF
Anglars-Saint-Félix|12,1170,2024,DVF
Anglefort,2437,2024,DVF
Anglefort|01,2437,2024,DVF
Angles,2884,2024,DVF
Angles-sur-l'Anglin,1244,2024,DVF
Angles-sur-l'Anglin|86,1244,2024,DVF
Anglesqueville-l'Esneval,2538,2024,DVF
Anglesqueville-l'Esneval|76,2538,2024,DVF
Angles|85,2884,2024,DVF
Anglet,5782,2024,DVF
Anglet|64,5782,2024,DVF
Angliers,2966,2024,DVF
Angliers|17,2966,2024,DVF
Angliers|86,1116,2024,DVF
Anglure,1414,2024,DVF
Anglure|51,1414,2024,DVF
Anglès,1902,2024,DVF
Anglès|81,1902,2024,DVF
Angoisse,1285,2024,DVF
Angoisse|24,1285,2024,DVF
Angoulins,3995,2024,DVF
Angoulins|17,3995,2024,DVF
Angoulême,1778,2024,DVF
Angoulême|16,1778,2024,DVF
Angoumé,2127,2024,DVF
Angoumé|40,2127,2024,DVF
Angoustrine-Villeneuve-des-Escaldes,3143,2024,DVF
Angoustrine-Villeneuve-des-Escaldes|66,3143,2024,DVF
Angres,1742,2024,DVF
Angresse,4701,2024,DVF
Angresse|40,4701,2024,DVF
Angres|62,1742,2024,DVF
Angrie,1441,2024,DVF
Angrie|49,1441,2024,DVF
Angy,2189,2024,DVF
Angy|60,2189,2024,DVF
Angé,1675,2024,DVF
Angé|41,1675,2024,DVF
Anhiers,1273,2024,DVF
Anhiers|59,1273,2024,DVF
Aniane,2474,2024,DVF
Aniane|34,2474,2024,DVF
Aniche,1270,2024,DVF
Aniche|59,1270,2024,DVF
Anisy,3032,2024,DVF
Anisy|14,3032,2024,DVF
Anizy-le-Grand,1403,2024,DVF
Anizy-le-Grand|02,1403,2024,DVF
Anjou,2158,2024,DVF
Anjouin,1214,2024,DVF
Anjouin|36,1214,2024,DVF
Anjoutey,1727,2024,DVF
Anjoutey|90,1727,2024,DVF
Anjou|38,2158,2024,DVF
Anlhiac,2020,2024,DVF
Anlhiac|24,2020,2024,DVF
Annay,1762,2024,DVF
Annay-la-Côte,1494,2024,DVF
Annay-la-Côte|89,1494,2024,DVF
Annay|58,1238,2024,DVF
Annay|62,1762,2024,DVF
Annebault,3207,2024,DVF
Annebault|14,3207,2024,DVF
Annecy,5379,2024,DVF
Annecy|74,5379,2024,DVF
Annemasse,3465,2024,DVF
Annemasse|74,3465,2024,DVF
Annepont,1894,2024,DVF
Annepont|17,1894,2024,DVF
Annequin,1713,2024,DVF
Annequin|62,1713,2024,DVF
Annesse-et-Beaulieu,1843,2024,DVF
Annesse-et-Beaulieu|24,1843,2024,DVF
Annet-sur-Marne,3719,2024,DVF
Annet-sur-Marne|77,3719,2024,DVF
Anneux,1651,2024,DVF
Anneux|59,1651,2024,DVF
Anneville-Ambourville,1955,2024,DVF
Anneville-Ambourville|76,1955,2024,DVF
Anneville-en-Saire,1472,2024,DVF
Anneville-en-Saire|50,1472,2024,DVF
Anneville-sur-Scie,1710,2024,DVF
Anneville-sur-Scie|76,1710,2024,DVF
Anneyron,2148,2024,DVF
Anneyron|26,2148,2024,DVF
Annezin,1705,2024,DVF
Annezin|62,1705,2024,DVF
Annoisin-Chatelans,2767,2024,DVF
Annoisin-Chatelans|38,2767,2024,DVF
Annoix,1067,2024,DVF
Annoix|18,1067,2024,DVF
Annonay,1483,2024,DVF
Annonay|07,1483,2024,DVF
Annot,1596,2024,DVF
Annot|04,1596,2024,DVF
Annœullin,2193,2024,DVF
Annœullin|59,2193,2024,DVF
Anor,1491,2024,DVF
Anor|59,1491,2024,DVF
Anost,1170,2024,DVF
Anost|71,1170,2024,DVF
Anould,1706,2024,DVF
Anould|88,1706,2024,DVF
Ansac-sur-Vienne,894,2024,DVF
Ansac-sur-Vienne|16,894,2024,DVF
Ansauvillers,1569,2024,DVF
Ansauvillers|60,1569,2024,DVF
Anse,3248,2024,DVF
Anse|69,3248,2024,DVF
Ansouis,3144,2024,DVF
Ansouis|84,3144,2024,DVF
Anstaing,3095,2024,DVF
Anstaing|59,3095,2024,DVF
Anteuil,1554,2024,DVF
Anteuil|25,1554,2024,DVF
Antezant-la-Chapelle,1026,2024,DVF
Antezant-la-Chapelle|17,1026,2024,DVF
Anthelupt,1677,2024,DVF
Anthelupt|54,1677,2024,DVF
Anthon,3521,2024,DVF
Anthon|38,3521,2024,DVF
Anthy-sur-Léman,5352,2024,DVF
Anthy-sur-Léman|74,5352,2024,DVF
Antibes,5660,2024,DVF
Antibes|06,5660,2024,DVF
Antignac,841,2024,DVF
Antignac|15,841,2024,DVF
Antigny,1024,2024,DVF
Antigny|85,1096,2024,DVF
Antigny|86,1024,2024,DVF
Antogny-le-Tillac,1310,2024,DVF
Antogny-le-Tillac|37,1310,2024,DVF
Antoingt,1540,2024,DVF
Antoingt|63,1540,2024,DVF
Antonne-et-Trigonant,3456,2024,DVF
Antonne-et-Trigonant|24,3456,2024,DVF
Antony,5316,2024,DVF
Antony|92,5316,2024,DVF
Antran,1414,2024,DVF
Antran|86,1414,2024,DVF
Antully,1165,2024,DVF
Antully|71,1165,2024,DVF
Anvin,1453,2024,DVF
Anvin|62,1453,2024,DVF
Any-Martin-Rieux,888,2024,DVF
Any-Martin-Rieux|02,888,2024,DVF
Anzin,1256,2024,DVF
Anzin-Saint-Aubin,2751,2024,DVF
Anzin-Saint-Aubin|62,2751,2024,DVF
Anzin|59,1256,2024,DVF
Anzy-le-Duc,1798,2024,DVF
Anzy-le-Duc|71,1798,2024,DVF
Anzême,791,2024,DVF
Anzême|23,791,2024,DVF
Aoste,2330,2024,DVF
Aoste|38,2330,2024,DVF
Aouste-sur-Sye,2548,2024,DVF
Aouste-sur-Sye|26,2548,2024,DVF
Apinac,2261,2024,DVF
Apinac|42,2261,2024,DVF
Appeville,2016,2024,DVF
Appeville-Annebault,2010,2024,DVF
Appeville-Annebault|27,2010,2024,DVF
Appeville|50,2016,2024,DVF
Appietto,4513,2024,DVF
Appietto|2A,4513,2024,DVF
Appilly,1021,2024,DVF
Appilly|60,1021,2024,DVF
Appoigny,1615,2024,DVF
Appoigny|89,1615,2024,DVF
Apprieu,2689,2024,DVF
Apprieu|38,2689,2024,DVF
Apremont,2217,2024,DVF
Apremont|60,3643,2024,DVF
Apremont|85,2217,2024,DVF
Apt,2192,2024,DVF
Apt|84,2192,2024,DVF
Aragnouet,2568,2024,DVF
Aragnouet|65,2568,2024,DVF
Aragon,2765,2024,DVF
Aragon|11,2765,2024,DVF
Aramon,2877,2024,DVF
Aramon|30,2877,2024,DVF
Arandon-Passins,2447,2024,DVF
Arandon-Passins|38,2447,2024,DVF
Araules,1971,2024,DVF
Araules|43,1971,2024,DVF
Arbanats,2692,2024,DVF
Arbanats|33,2692,2024,DVF
Arbas,1497,2024,DVF
Arbas|31,1497,2024,DVF
Arbent,2471,2024,DVF
Arbent|01,2471,2024,DVF
Arbin,2649,2024,DVF
Arbin|73,2649,2024,DVF
Arbois,1802,2024,DVF
Arbois|39,1802,2024,DVF
Arbonne,6069,2024,DVF
Arbonne-la-Forêt,3398,2024,DVF
Arbonne-la-Forêt|77,3398,2024,DVF
Arbonne|64,6069,2024,DVF
Arbouans,1109,2024,DVF
Arbouans|25,1109,2024,DVF
Arboys en Bugey,1706,2024,DVF
Arboys en Bugey|01,1706,2024,DVF
Arbus,2151,2024,DVF
Arbusigny,4012,2024,DVF
Arbusigny|74,4012,2024,DVF
Arbus|64,2151,2024,DVF
Arbéost,1775,2024,DVF
Arbéost|65,1775,2024,DVF
Arc-en-Barrois,1223,2024,DVF
Arc-en-Barrois|52,1223,2024,DVF
Arc-et-Senans,1687,2024,DVF
Arc-et-Senans|25,1687,2024,DVF
Arc-lès-Gray,1131,2024,DVF
Arc-lès-Gray|70,1131,2024,DVF
Arc-sur-Tille,2606,2024,DVF
Arc-sur-Tille|21,2606,2024,DVF
Arcachon,8300,2024,DVF
Arcachon|33,8300,2024,DVF
Arcambal,1319,2024,DVF
Arcambal|46,1319,2024,DVF
Arcangues,6059,2024,DVF
Arcangues|64,6059,2024,DVF
Arceau,2746,2024,DVF
Arceau|21,2746,2024,DVF
Arcenant,1574,2024,DVF
Arcenant|21,1574,2024,DVF
Arcens,1354,2024,DVF
Arcens|07,1354,2024,DVF
Arces,2342,2024,DVF
Arces-Dilo,1069,2024,DVF
Arces-Dilo|89,1069,2024,DVF
Arces|17,2342,2024,DVF
Arcey,1487,2024,DVF
Arcey|25,1487,2024,DVF
Archamps,5188,2024,DVF
Archamps|74,5188,2024,DVF
Arches,1796,2024,DVF
Arches|88,1796,2024,DVF
Archettes,1333,2024,DVF
Archettes|88,1333,2024,DVF
Archiac,1301,2024,DVF
Archiac|17,1301,2024,DVF
Archignat,908,2024,DVF
Archignat|03,908,2024,DVF
Archigny,1269,2024,DVF
Archigny|86,1269,2024,DVF
Archingeay,1650,2024,DVF
Archingeay|17,1650,2024,DVF
Arcins,2674,2024,DVF
Arcins|33,2674,2024,DVF
Arcis-sur-Aube,1256,2024,DVF
Arcis-sur-Aube|10,1256,2024,DVF
Arcisses,1930,2024,DVF
Arcisses|28,1930,2024,DVF
Arcizac-Adour,2034,2024,DVF
Arcizac-Adour|65,2034,2024,DVF
Arconsat,1057,2024,DVF
Arconsat|63,1057,2024,DVF
Arcueil,5604,2024,DVF
Arcueil|94,5604,2024,DVF
Arcy-sur-Cure,959,2024,DVF
Arcy-sur-Cure|89,959,2024,DVF
Ardentes,1322,2024,DVF
Ardentes|36,1322,2024,DVF
Ardillières,1985,2024,DVF
Ardillières|17,1985,2024,DVF
Ardin,1247,2024,DVF
Ardin|79,1247,2024,DVF
Ardoix,1931,2024,DVF
Ardoix|07,1931,2024,DVF
Ardon,2816,2024,DVF
Ardon|45,2816,2024,DVF
Ardres,2093,2024,DVF
Ardres|62,2093,2024,DVF
Areines,1948,2024,DVF
Areines|41,1948,2024,DVF
Arelaune-en-Seine,1882,2024,DVF
Arelaune-en-Seine|76,1882,2024,DVF
Arenthon,4245,2024,DVF
Arenthon|74,4245,2024,DVF
Aressy,2602,2024,DVF
Aressy|64,2602,2024,DVF
Arette,2164,2024,DVF
Arette|64,2164,2024,DVF
Arfeuilles,1414,2024,DVF
Arfeuilles|03,1414,2024,DVF
Arfons,1196,2024,DVF
Arfons|81,1196,2024,DVF
Argagnon,2009,2024,DVF
Argagnon|64,2009,2024,DVF
Argeliers,1996,2024,DVF
Argeliers|11,1996,2024,DVF
Argelliers,3008,2024,DVF
Argelliers|34,3008,2024,DVF
Argelos,1624,2024,DVF
Argelos|40,1624,2024,DVF
Argelès-Gazost,2354,2024,DVF
Argelès-Gazost|65,2354,2024,DVF
Argelès-sur-Mer,3606,2024,DVF
Argelès-sur-Mer|66,3606,2024,DVF
Argences,2404,2024,DVF
Argences en Aubrac,1098,2024,DVF
Argences en Aubrac|12,1098,2024,DVF
Argences|14,2404,2024,DVF
Argens-Minervois,2284,2024,DVF
Argens-Minervois|11,2284,2024,DVF
Argent-sur-Sauldre,1320,2024,DVF
Argent-sur-Sauldre|18,1320,2024,DVF
Argentan,1543,2024,DVF
Argentan|61,1543,2024,DVF
Argentat-sur-Dordogne,1293,2024,DVF
Argentat-sur-Dordogne|19,1293,2024,DVF
Argenteuil,3552,2024,DVF
Argenteuil|95,3552,2024,DVF
Argentine,2182,2024,DVF
Argentine|73,2182,2024,DVF
Argenton,1682,2024,DVF
Argenton-sur-Creuse,1289,2024,DVF
Argenton-sur-Creuse|36,1289,2024,DVF
Argentonnay,1044,2024,DVF
Argentonnay|79,1044,2024,DVF
Argenton|47,1682,2024,DVF
Argentré,1890,2024,DVF
Argentré-du-Plessis,2104,2024,DVF
Argentré-du-Plessis|35,2104,2024,DVF
Argentré|53,1890,2024,DVF
Argenvières,887,2024,DVF
Argenvières|18,887,2024,DVF
Argilliers,2769,2024,DVF
Argilliers|30,2769,2024,DVF
Argis,1154,2024,DVF
Argis|01,1154,2024,DVF
Argol,2482,2024,DVF
Argol|29,2482,2024,DVF
Argonay,6083,2024,DVF
Argonay|74,6083,2024,DVF
Argoules,1407,2024,DVF
Argoules|80,1407,2024,DVF
Argy,777,2024,DVF
Argy|36,777,2024,DVF
Arignac,1508,2024,DVF
Arignac|09,1508,2024,DVF
Arinthod,1466,2024,DVF
Arinthod|39,1466,2024,DVF
Arlanc,933,2024,DVF
Arlanc|63,933,2024,DVF
Arlay,1503,2024,DVF
Arlay|39,1503,2024,DVF
Arlebosc,2303,2024,DVF
Arlebosc|07,2303,2024,DVF
Arles,3004,2024,DVF
Arles-sur-Tech,1846,2024,DVF
Arles-sur-Tech|66,1846,2024,DVF
Arles|13,3004,2024,DVF
Arleuf,1096,2024,DVF
Arleuf|58,1096,2024,DVF
Arleux,1617,2024,DVF
Arleux-en-Gohelle,2062,2024,DVF
Arleux-en-Gohelle|62,2062,2024,DVF
Arleux|59,1617,2024,DVF
Armbouts-Cappel,2115,2024,DVF
Armbouts-Cappel|59,2115,2024,DVF
Armeau,1580,2024,DVF
Armeau|89,1580,2024,DVF
Armentières,1965,2024,DVF
Armentières|59,1965,2024,DVF
Armissan,2375,2024,DVF
Armissan|11,2375,2024,DVF
Armoy,4266,2024,DVF
Armoy|74,4266,2024,DVF
Arnac,1331,2024,DVF
Arnac-Pompadour,1139,2024,DVF
Arnac-Pompadour|19,1139,2024,DVF
Arnac-la-Poste,1065,2024,DVF
Arnac-la-Poste|87,1065,2024,DVF
Arnac|15,1331,2024,DVF
Arnage,1913,2024,DVF
Arnage|72,1913,2024,DVF
Arnas,3176,2024,DVF
Arnas|69,3176,2024,DVF
Arnaville,1939,2024,DVF
Arnaville|54,1939,2024,DVF
Arnay-le-Duc,940,2024,DVF
Arnay-le-Duc|21,940,2024,DVF
Arnières-sur-Iton,1775,2024,DVF
Arnières-sur-Iton|27,1775,2024,DVF
Arnouville,3672,2024,DVF
Arnouville|95,3672,2024,DVF
Arnèke,1957,2024,DVF
Arnèke|59,1957,2024,DVF
Arnéguy,2030,2024,DVF
Arnéguy|64,2030,2024,DVF
Aromas,1497,2024,DVF
Aromas|39,1497,2024,DVF
Aron,1589,2024,DVF
Aron|53,1589,2024,DVF
Arpaillargues-et-Aureillac,3729,2024,DVF
Arpaillargues-et-Aureillac|30,3729,2024,DVF
Arpajon,3247,2024,DVF
Arpajon-sur-Cère,1641,2024,DVF
Arpajon-sur-Cère|15,1641,2024,DVF
Arpajon|91,3247,2024,DVF
Arpheuilles-Saint-Priest,756,2024,DVF
Arpheuilles-Saint-Priest|03,756,2024,DVF
Arquenay,1477,2024,DVF
Arquenay|53,1477,2024,DVF
Arques,1662,2024,DVF
Arques-la-Bataille,1780,2024,DVF
Arques-la-Bataille|76,1780,2024,DVF
Arques|11,1508,2024,DVF
Arques|62,1662,2024,DVF
Arquian,1118,2024,DVF
Arquian|58,1118,2024,DVF
Arradon,5125,2024,DVF
Arradon|56,5125,2024,DVF
Arras,2358,2024,DVF
Arras-en-Lavedan,2423,2024,DVF
Arras-en-Lavedan|65,2423,2024,DVF
Arras-sur-Rhône,1546,2024,DVF
Arras-sur-Rhône|07,1546,2024,DVF
Arras|62,2358,2024,DVF
Arraute-Charritte,1588,2024,DVF
Arraute-Charritte|64,1588,2024,DVF
Arraye-et-Han,1461,2024,DVF
Arraye-et-Han|54,1461,2024,DVF
Arreau,2428,2024,DVF
Arreau|65,2428,2024,DVF
Arrens-Marsous,2321,2024,DVF
Arrens-Marsous|65,2321,2024,DVF
Arrest,2218,2024,DVF
Arrest|80,2218,2024,DVF
Arrien-en-Bethmale,1507,2024,DVF
Arrien-en-Bethmale|09,1507,2024,DVF
Arromanches-les-Bains,2993,2024,DVF
Arromanches-les-Bains|14,2993,2024,DVF
Arronnes,1290,2024,DVF
Arronnes|03,1290,2024,DVF
Arros-de-Nay,2240,2024,DVF
Arros-de-Nay|64,2240,2024,DVF
Arrènes,1115,2024,DVF
Arrènes|23,1115,2024,DVF
Ars,1541,2024,DVF
Ars-en-Ré,7182,2024,DVF
Ars-en-Ré|17,7182,2024,DVF
Ars-sur-Formans,2811,2024,DVF
Ars-sur-Formans|01,2811,2024,DVF
Arsac,3318,2024,DVF
Arsac-en-Velay,1843,2024,DVF
Arsac-en-Velay|43,1843,2024,DVF
Arsac|33,3318,2024,DVF
Arsy,1904,2024,DVF
Arsy|60,1904,2024,DVF
Ars|16,1541,2024,DVF
Art-sur-Meurthe,2188,2024,DVF
Art-sur-Meurthe|54,2188,2024,DVF
Artannes-sur-Indre,2257,2024,DVF
Artannes-sur-Indre|37,2257,2024,DVF
Artas,2654,2024,DVF
Artas|38,2654,2024,DVF
Artemare,2013,2024,DVF
Artemare|01,2013,2024,DVF
Artenay,1799,2024,DVF
Artenay|45,1799,2024,DVF
Arthaz-Pont-Notre-Dame,4810,2024,DVF
Arthaz-Pont-Notre-Dame|74,4810,2024,DVF
Arthez-d'Asson,1413,2024,DVF
Arthez-d'Asson|64,1413,2024,DVF
Arthez-de-Béarn,1635,2024,DVF
Arthez-de-Béarn|64,1635,2024,DVF
Arthon,1269,2024,DVF
Arthon|36,1269,2024,DVF
Arthès,1819,2024,DVF
Arthès|81,1819,2024,DVF
Artigat,1644,2024,DVF
Artigat|09,1644,2024,DVF
Artignosc-sur-Verdon,2949,2024,DVF
Artignosc-sur-Verdon|83,2949,2024,DVF
Artigueloutan,2071,2024,DVF
Artigueloutan|64,2071,2024,DVF
Artiguelouve,2558,2024,DVF
Artiguelouve|64,2558,2024,DVF
Artigues-près-Bordeaux,3116,2024,DVF
Artigues-près-Bordeaux|33,3116,2024,DVF
Artix,1923,2024,DVF
Artix|64,1923,2024,DVF
Artonne,1384,2024,DVF
Artonne|63,1384,2024,DVF
Artres,1882,2024,DVF
Artres|59,1882,2024,DVF
Arudy,1699,2024,DVF
Arudy|64,1699,2024,DVF
Arvert,2708,2024,DVF
Arvert|17,2708,2024,DVF
Arveyres,2578,2024,DVF
Arveyres|33,2578,2024,DVF
Arvieu,2602,2024,DVF
Arvieux,3353,2024,DVF
Arvieux|05,3353,2024,DVF
Arvieu|12,2602,2024,DVF
Arvillard,2252,2024,DVF
Arvillard|73,2252,2024,DVF
Arvillers,1290,2024,DVF
Arvillers|80,1290,2024,DVF
Arvière-en-Valromey,1453,2024,DVF
Arvière-en-Valromey|01,1453,2024,DVF
Arzacq-Arraziguet,1259,2024,DVF
Arzacq-Arraziguet|64,1259,2024,DVF
Arzal,2897,2024,DVF
Arzal|56,2897,2024,DVF
Arzano,1988,2024,DVF
Arzano|29,1988,2024,DVF
Arzens,1308,2024,DVF
Arzens|11,1308,2024,DVF
Arzon,5539,2024,DVF
Arzon|56,5539,2024,DVF
Arâches-la-Frasse,5153,2024,DVF
Arâches-la-Frasse|74,5153,2024,DVF
Arçais,1624,2024,DVF
Arçais|79,1624,2024,DVF
Arçay,1573,2024,DVF
Arçay|18,1573,2024,DVF
Arçay|86,948,2024,DVF
Arçon,2493,2024,DVF
Arçonnay,1535,2024,DVF
Arçonnay|72,1535,2024,DVF
Arçon|25,2493,2024,DVF
Arès,5229,2024,DVF
Arès|33,5229,2024,DVF
Ascain,4911,2024,DVF
Ascain|64,4911,2024,DVF
Aschères-le-Marché,1754,2024,DVF
Aschères-le-Marché|45,1754,2024,DVF
Ascou,1786,2024,DVF
Ascoux,1315,2024,DVF
Ascoux|45,1315,2024,DVF
Ascou|09,1786,2024,DVF
Asfeld,2016,2024,DVF
Asfeld|08,2016,2024,DVF
Aslonnes,1681,2024,DVF
Aslonnes|86,1681,2024,DVF
Asnelles,3283,2024,DVF
Asnelles|14,3283,2024,DVF
Asnières,1905,2024,DVF
Asnières-la-Giraud,1336,2024,DVF
Asnières-la-Giraud|17,1336,2024,DVF
Asnières-lès-Dijon,3420,2024,DVF
Asnières-lès-Dijon|21,3420,2024,DVF
Asnières-sur-Nouère,1510,2024,DVF
Asnières-sur-Nouère|16,1510,2024,DVF
Asnières-sur-Oise,3200,2024,DVF
Asnières-sur-Oise|95,3200,2024,DVF
Asnières-sur-Seine,6364,2024,DVF
Asnières-sur-Seine|92,6364,2024,DVF
Asnières|27,1905,2024,DVF
Aspet,1236,2024,DVF
Aspet|31,1236,2024,DVF
Aspin-en-Lavedan,1050,2024,DVF
Aspin-en-Lavedan|65,1050,2024,DVF
Aspiran,2094,2024,DVF
Aspiran|34,2094,2024,DVF
Aspremont,5058,2024,DVF
Aspremont|05,1513,2024,DVF
Aspremont|06,5058,2024,DVF
Aspres-sur-Buëch,1846,2024,DVF
Aspres-sur-Buëch|05,1846,2024,DVF
Asprières,1354,2024,DVF
Asprières|12,1354,2024,DVF
Asque,1091,2024,DVF
Asque|65,1091,2024,DVF
Asquins,1622,2024,DVF
Asquins|89,1622,2024,DVF
Assais-les-Jumeaux,937,2024,DVF
Assais-les-Jumeaux|79,937,2024,DVF
Assas,4477,2024,DVF
Assas|34,4477,2024,DVF
Assat,2407,2024,DVF
Assat|64,2407,2024,DVF
Assevent,1603,2024,DVF
Assevent|59,1603,2024,DVF
Assier,1681,2024,DVF
Assier|46,1681,2024,DVF
Assieu,2865,2024,DVF
Assieu|38,2865,2024,DVF
Assis-sur-Serre,1165,2024,DVF
Assis-sur-Serre|02,1165,2024,DVF
Asson,2264,2024,DVF
Asson|64,2264,2024,DVF
Assé-le-Bérenger,1141,2024,DVF
Assé-le-Bérenger|53,1141,2024,DVF
Assé-le-Riboul,842,2024,DVF
Assé-le-Riboul|72,842,2024,DVF
Assérac,2464,2024,DVF
Assérac|44,2464,2024,DVF
Astaffort,1251,2024,DVF
Astaffort|47,1251,2024,DVF
Asté,1474,2024,DVF
Asté|65,1474,2024,DVF
Athesans-Étroitefontaine,1440,2024,DVF
Athesans-Étroitefontaine|70,1440,2024,DVF
Athies,1640,2024,DVF
Athies-sous-Laon,1463,2024,DVF
Athies-sous-Laon|02,1463,2024,DVF
Athies|62,1640,2024,DVF
Athies|80,1161,2024,DVF
Athis,1663,2024,DVF
Athis-Mons,3579,2024,DVF
Athis-Mons|91,3579,2024,DVF
Athis-Val de Rouvre,1346,2024,DVF
Athis-Val de Rouvre|61,1346,2024,DVF
Athis|51,1663,2024,DVF
Athée,1776,2024,DVF
Athée-sur-Cher,2369,2024,DVF
Athée-sur-Cher|37,2369,2024,DVF
Athée|21,1776,2024,DVF
Athée|53,1263,2024,DVF
Attainville,3567,2024,DVF
Attainville|95,3567,2024,DVF
Attiches,2562,2024,DVF
Attiches|59,2562,2024,DVF
Attichy,1985,2024,DVF
Attichy|60,1985,2024,DVF
Attignat,2318,2024,DVF
Attignat|01,2318,2024,DVF
Attigny,1190,2024,DVF
Attigny|08,1190,2024,DVF
Attin,2296,2024,DVF
Attin|62,2296,2024,DVF
Atton,1958,2024,DVF
Atton|54,1958,2024,DVF
Aubagne,3471,2024,DVF
Aubagne|13,3471,2024,DVF
Aubais,3236,2024,DVF
Aubais|30,3236,2024,DVF
Aubazines,2294,2024,DVF
Aubazines|19,2294,2024,DVF
Aube,1407,2024,DVF
Aubenas,1841,2024,DVF
Aubenas|07,1841,2024,DVF
Aubencheul-au-Bac,2084,2024,DVF
Aubencheul-au-Bac|59,2084,2024,DVF
Aubenton,691,2024,DVF
Aubenton|02,691,2024,DVF
Auberchicourt,1332,2024,DVF
Auberchicourt|59,1332,2024,DVF
Aubergenville,2639,2024,DVF
Aubergenville|78,2639,2024,DVF
Auberives-sur-Varèze,2112,2024,DVF
Auberives-sur-Varèze|38,2112,2024,DVF
Aubermesnil-Beaumais,1863,2024,DVF
Aubermesnil-Beaumais|76,1863,2024,DVF
Aubers,2931,2024,DVF
Aubers|59,2931,2024,DVF
Aubertin,2850,2024,DVF
Aubertin|64,2850,2024,DVF
Auberville,3231,2024,DVF
Auberville-la-Renault,2286,2024,DVF
Auberville-la-Renault|76,2286,2024,DVF
Auberville|14,3231,2024,DVF
Aubervilliers,3983,2024,DVF
Aubervilliers|93,3983,2024,DVF
Aubessagne,1447,2024,DVF
Aubessagne|05,1447,2024,DVF
Aube|61,1407,2024,DVF
Aubiac,2345,2024,DVF
Aubiac|47,2345,2024,DVF
Aubiat,1868,2024,DVF
Aubiat|63,1868,2024,DVF
Aubiet,1923,2024,DVF
Aubiet|32,1923,2024,DVF
Aubignan,2773,2024,DVF
Aubignan|84,2773,2024,DVF
Aubigny,1713,2024,DVF
Aubigny-Les Clouzeaux,2406,2024,DVF
Aubigny-Les Clouzeaux|85,2406,2024,DVF
Aubigny-au-Bac,1482,2024,DVF
Aubigny-au-Bac|59,1482,2024,DVF
Aubigny-en-Artois,1824,2024,DVF
Aubigny-en-Artois|62,1824,2024,DVF
Aubigny-en-Plaine,1758,2024,DVF
Aubigny-en-Plaine|21,1758,2024,DVF
Aubigny-sur-Nère,1364,2024,DVF
Aubigny-sur-Nère|18,1364,2024,DVF
Aubigny|80,1713,2024,DVF
Aubigné,1807,2024,DVF
Aubigné-Racan,1278,2024,DVF
Aubigné-Racan|72,1278,2024,DVF
Aubigné|35,1807,2024,DVF
Aubin,1119,2024,DVF
Aubin-Saint-Vaast,1534,2024,DVF
Aubin-Saint-Vaast|62,1534,2024,DVF
Aubin|12,1119,2024,DVF
Aubière,2533,2024,DVF
Aubière|63,2533,2024,DVF
Aubord,2612,2024,DVF
Aubord|30,2612,2024,DVF
Auboué,1167,2024,DVF
Auboué|54,1167,2024,DVF
Aubrives,1369,2024,DVF
Aubrives|08,1369,2024,DVF
Aubry-du-Hainaut,1831,2024,DVF
Aubry-du-Hainaut|59,1831,2024,DVF
Aubusson,836,2024,DVF
Aubusson|23,836,2024,DVF
Auby,1466,2024,DVF
Auby|59,1466,2024,DVF
Aucaleuc,1997,2024,DVF
Aucaleuc|22,1997,2024,DVF
Aucamville,2686,2024,DVF
Aucamville|31,2686,2024,DVF
Aucamville|82,2272,2024,DVF
Aucey-la-Plaine,1652,2024,DVF
Aucey-la-Plaine|50,1652,2024,DVF
Auch,1762,2024,DVF
Auchay-sur-Vendée,1339,2024,DVF
Auchay-sur-Vendée|85,1339,2024,DVF
Auchel,1136,2024,DVF
Auchel|62,1136,2024,DVF
Auchy-au-Bois,1070,2024,DVF
Auchy-au-Bois|62,1070,2024,DVF
Auchy-les-Mines,1795,2024,DVF
Auchy-les-Mines|62,1795,2024,DVF
Auchy-lez-Orchies,2552,2024,DVF
Auchy-lez-Orchies|59,2552,2024,DVF
Auchy-lès-Hesdin,954,2024,DVF
Auchy-lès-Hesdin|62,954,2024,DVF
Auch|32,1762,2024,DVF
Audenge,3979,2024,DVF
Audenge|33,3979,2024,DVF
Audierne,2663,2024,DVF
Audierne|29,2663,2024,DVF
Audignies,1797,2024,DVF
Audignies|59,1797,2024,DVF
Audignon,1686,2024,DVF
Audignon|40,1686,2024,DVF
Audincourt,1305,2024,DVF
Audincourt|25,1305,2024,DVF
Audincthun,1266,2024,DVF
Audincthun|62,1266,2024,DVF
Audinghen,3407,2024,DVF
Audinghen|62,3407,2024,DVF
Audon,1788,2024,DVF
Audon|40,1788,2024,DVF
Audressein,1732,2024,DVF
Audressein|09,1732,2024,DVF
Audresselles,4065,2024,DVF
Audresselles|62,4065,2024,DVF
Audrieu,2208,2024,DVF
Audrieu|14,2208,2024,DVF
Audruicq,1883,2024,DVF
Audruicq|62,1883,2024,DVF
Audun-le-Roman,1962,2024,DVF
Audun-le-Roman|54,1962,2024,DVF
Auffargis,3100,2024,DVF
Auffargis|78,3100,2024,DVF
Augan,1466,2024,DVF
Augan|56,1466,2024,DVF
Auger-Saint-Vincent,2852,2024,DVF
Auger-Saint-Vincent|60,2852,2024,DVF
Augerolles,1337,2024,DVF
Augerolles|63,1337,2024,DVF
Augers-en-Brie,1604,2024,DVF
Augers-en-Brie|77,1604,2024,DVF
Augignac,1428,2024,DVF
Augignac|24,1428,2024,DVF
Augy,1954,2024,DVF
Augy-sur-Aubois,1224,2024,DVF
Augy-sur-Aubois|18,1224,2024,DVF
Augy|89,1954,2024,DVF
Augé,1388,2024,DVF
Augé|79,1388,2024,DVF
Aujac,2682,2024,DVF
Aujac|30,2682,2024,DVF
Aujargues,3427,2024,DVF
Aujargues|30,3427,2024,DVF
Aulas,1407,2024,DVF
Aulas|30,1407,2024,DVF
Aulnat,2162,2024,DVF
Aulnat|63,2162,2024,DVF
Aulnay,1400,2024,DVF
Aulnay-sous-Bois,3638,2024,DVF
Aulnay-sous-Bois|93,3638,2024,DVF
Aulnay-sur-Iton,2191,2024,DVF
Aulnay-sur-Iton|27,2191,2024,DVF
Aulnay-sur-Mauldre,3153,2024,DVF
Aulnay-sur-Mauldre|78,3153,2024,DVF
Aulnay|17,1400,2024,DVF
Aulnois-sous-Laon,1316,2024,DVF
Aulnois-sous-Laon|02,1316,2024,DVF
Aulnoy-lez-Valenciennes,1884,2024,DVF
Aulnoy-lez-Valenciennes|59,1884,2024,DVF
Aulnoye-Aymeries,1192,2024,DVF
Aulnoye-Aymeries|59,1192,2024,DVF
Ault,2690,2024,DVF
Ault|80,2690,2024,DVF
Aulus-les-Bains,1335,2024,DVF
Aulus-les-Bains|09,1335,2024,DVF
Aumagne,1451,2024,DVF
Aumagne|17,1451,2024,DVF
Aumale,1476,2024,DVF
Aumale|76,1476,2024,DVF
Aumelas,2748,2024,DVF
Aumelas|34,2748,2024,DVF
Aumes,1456,2024,DVF
Aumessas,1729,2024,DVF
Aumessas|30,1729,2024,DVF
Aumes|34,1456,2024,DVF
Aumur,1479,2024,DVF
Aumur|39,1479,2024,DVF
Auménancourt,1756,2024,DVF
Auménancourt|51,1756,2024,DVF
Aunac-sur-Charente,1110,2024,DVF
Aunac-sur-Charente|16,1110,2024,DVF
Aunay-en-Bazois,1284,2024,DVF
Aunay-en-Bazois|58,1284,2024,DVF
Aunay-sous-Auneau,2263,2024,DVF
Aunay-sous-Auneau|28,2263,2024,DVF
Aunay-sous-Crécy,1642,2024,DVF
Aunay-sous-Crécy|28,1642,2024,DVF
Auneau-Bleury-Saint-Symphorien,2166,2024,DVF
Auneau-Bleury-Saint-Symphorien|28,2166,2024,DVF
Auneuil,2071,2024,DVF
Auneuil|60,2071,2024,DVF
Aunou-sur-Orne,1682,2024,DVF
Aunou-sur-Orne|61,1682,2024,DVF
Aups,2468,2024,DVF
Aups|83,2468,2024,DVF
Auray,3567,2024,DVF
Auray|56,3567,2024,DVF
Aure sur Mer,2232,2024,DVF
Aure sur Mer|14,2232,2024,DVF
Aurec-sur-Loire,1954,2024,DVF
Aurec-sur-Loire|43,1954,2024,DVF
Aureil,2012,2024,DVF
Aureilhan,1718,2024,DVF
Aureilhan|40,2929,2024,DVF
Aureilhan|65,1718,2024,DVF
Aureille,4065,2024,DVF
Aureille|13,4065,2024,DVF
Aureil|87,2012,2024,DVF
Aureville,3172,2024,DVF
Aureville|31,3172,2024,DVF
Auriac,1505,2024,DVF
Auriac-sur-Dropt,1472,2024,DVF
Auriac-sur-Dropt|47,1472,2024,DVF
Auriac-sur-Vendinelle,1726,2024,DVF
Auriac-sur-Vendinelle|31,1726,2024,DVF
Auriac|19,1505,2024,DVF
Auribeau-sur-Siagne,5031,2024,DVF
Auribeau-sur-Siagne|06,5031,2024,DVF
Aurice,1593,2024,DVF
Aurice|40,1593,2024,DVF
Aurignac,1322,2024,DVF
Aurignac|31,1322,2024,DVF
Aurillac,1443,2024,DVF
Aurillac|15,1443,2024,DVF
Auriol,4121,2024,DVF
Auriol|13,4121,2024,DVF
Auris,3911,2024,DVF
Auris|38,3911,2024,DVF
Auriébat,1378,2024,DVF
Auriébat|65,1378,2024,DVF
Auros,1705,2024,DVF
Auros|33,1705,2024,DVF
Aussac-Vadalle,1591,2024,DVF
Aussac-Vadalle|16,1591,2024,DVF
Aussevielle,2537,2024,DVF
Aussevielle|64,2537,2024,DVF
Aussillon,1297,2024,DVF
Aussillon|81,1297,2024,DVF
Aussois,3630,2024,DVF
Aussois|73,3630,2024,DVF
Ausson,1935,2024,DVF
Aussonce,1927,2024,DVF
Aussonce|08,1927,2024,DVF
Aussonne,2725,2024,DVF
Aussonne|31,2725,2024,DVF
Ausson|31,1935,2024,DVF
Autainville,1344,2024,DVF
Autainville|41,1344,2024,DVF
Auterive,2163,2024,DVF
Auterive|31,2163,2024,DVF
Auteuil,4281,2024,DVF
Auteuil|60,2089,2024,DVF
Auteuil|78,4281,2024,DVF
Autheuil-Authouillet,1742,2024,DVF
Autheuil-Authouillet|27,1742,2024,DVF
Authezat,1795,2024,DVF
Authezat|63,1795,2024,DVF
Authie,2986,2024,DVF
Authie|14,2986,2024,DVF
Authon,1328,2024,DVF
Authon-du-Perche,1443,2024,DVF
Authon-du-Perche|28,1443,2024,DVF
Authon|41,1328,2024,DVF
Authou,1405,2024,DVF
Authou|27,1405,2024,DVF
Authumes,1504,2024,DVF
Authumes|71,1504,2024,DVF
Autignac,1737,2024,DVF
Autignac|34,1737,2024,DVF
Autrans-Méaudre en Vercors,3428,2024,DVF
Autrans-Méaudre en Vercors|38,3428,2024,DVF
Autrecourt-et-Pourron,1105,2024,DVF
Autrecourt-et-Pourron|08,1105,2024,DVF
Autreville,1631,2024,DVF
Autreville|02,1631,2024,DVF
Autrey,1933,2024,DVF
Autrey|54,1933,2024,DVF
Autruy-sur-Juine,1948,2024,DVF
Autruy-sur-Juine|45,1948,2024,DVF
Autry-le-Châtel,1217,2024,DVF
Autry-le-Châtel|45,1217,2024,DVF
Autrêches,1585,2024,DVF
Autrêches|60,1585,2024,DVF
Autun,1192,2024,DVF
Autun|71,1192,2024,DVF
Auve,1186,2024,DVF
Auvers,1793,2024,DVF
Auvers-le-Hamon,1475,2024,DVF
Auvers-le-Hamon|72,1475,2024,DVF
Auvers-sur-Oise,3594,2024,DVF
Auvers-sur-Oise|95,3594,2024,DVF
Auvers|50,1793,2024,DVF
Auvet-et-la-Chapelotte,978,2024,DVF
Auvet-et-la-Chapelotte|70,978,2024,DVF
Auve|51,1186,2024,DVF
Auvillar,1351,2024,DVF
Auvillars,2296,2024,DVF
Auvillars-sur-Saône,2060,2024,DVF
Auvillars-sur-Saône|21,2060,2024,DVF
Auvillars|14,2296,2024,DVF
Auvillar|82,1351,2024,DVF
Auvillers-les-Forges,1325,2024,DVF
Auvillers-les-Forges|08,1325,2024,DVF
Auvilliers-en-Gâtinais,1336,2024,DVF
Auvilliers-en-Gâtinais|45,1336,2024,DVF
Aux Marais,2405,2024,DVF
Aux Marais|60,2405,2024,DVF
Auxerre,1760,2024,DVF
Auxerre|89,1760,2024,DVF
Auxey-Duresses,1921,2024,DVF
Auxey-Duresses|21,1921,2024,DVF
Auxi-le-Château,1141,2024,DVF
Auxi-le-Château|62,1141,2024,DVF
Auxon,1299,2024,DVF
Auxonne,1622,2024,DVF
Auxonne|21,1622,2024,DVF
Auxon|10,1299,2024,DVF
Auxy,1152,2024,DVF
Auxy|45,1152,2024,DVF
Auzances,904,2024,DVF
Auzances|23,904,2024,DVF
Auzat,1066,2024,DVF
Auzat-la-Combelle,1268,2024,DVF
Auzat-la-Combelle|63,1268,2024,DVF
Auzat|09,1066,2024,DVF
Auzebosc,1942,2024,DVF
Auzebosc|76,1942,2024,DVF
Auzelles,800,2024,DVF
Auzelles|63,800,2024,DVF
Auzeville-Tolosane,3305,2024,DVF
Auzeville-Tolosane|31,3305,2024,DVF
Auzielle,3387,2024,DVF
Auzielle|31,3387,2024,DVF
Auzits,865,2024,DVF
Auzits|12,865,2024,DVF
Auzon,1077,2024,DVF
Auzon|43,1077,2024,DVF
Auzouer-en-Touraine,1752,2024,DVF
Auzouer-en-Touraine|37,1752,2024,DVF
Auzouville-sur-Ry,2001,2024,DVF
Auzouville-sur-Ry|76,2001,2024,DVF
Availles-Limouzine,958,2024,DVF
Availles-Limouzine|86,958,2024,DVF
Availles-en-Châtellerault,1617,2024,DVF
Availles-en-Châtellerault|86,1617,2024,DVF
Avallon,1392,2024,DVF
Avallon|89,1392,2024,DVF
Avanne-Aveney,2170,2024,DVF
Avanne-Aveney|25,2170,2024,DVF
Avanton,1964,2024,DVF
Avanton|86,1964,2024,DVF
Avaray,1473,2024,DVF
Avaray|41,1473,2024,DVF
Avaux,1667,2024,DVF
Avaux|08,1667,2024,DVF
Aveize,2179,2024,DVF
Aveize|69,2179,2024,DVF
Aveizieux,2217,2024,DVF
Aveizieux|42,2217,2024,DVF
Avelin,2977,2024,DVF
Avelin|59,2977,2024,DVF
Avenay-Val-d'Or,2076,2024,DVF
Avenay-Val-d'Or|51,2076,2024,DVF
Avensan,2525,2024,DVF
Avensan|33,2525,2024,DVF
Averdon,1450,2024,DVF
Averdon|41,1450,2024,DVF
Avermes,1763,2024,DVF
Avermes|03,1763,2024,DVF
Avernes,2628,2024,DVF
Avernes|95,2628,2024,DVF
Averton,887,2024,DVF
Averton|53,887,2024,DVF
Avesnelles,1273,2024,DVF
Avesnelles|59,1273,2024,DVF
Avesnes-en-Val,1571,2024,DVF
Avesnes-en-Val|76,1571,2024,DVF
Avesnes-le-Comte,1296,2024,DVF
Avesnes-le-Comte|62,1296,2024,DVF
Avesnes-le-Sec,1374,2024,DVF
Avesnes-le-Sec|59,1374,2024,DVF
Avesnes-les-Aubert,1186,2024,DVF
Avesnes-les-Aubert|59,1186,2024,DVF
Avesnes-sur-Helpe,966,2024,DVF
Avesnes-sur-Helpe|59,966,2024,DVF
Avessac,1552,2024,DVF
Avessac|44,1552,2024,DVF
Avezé,1265,2024,DVF
Avezé|72,1265,2024,DVF
Avignon,2425,2024,DVF
Avignonet-Lauragais,2161,2024,DVF
Avignonet-Lauragais|31,2161,2024,DVF
Avignon|84,2425,2024,DVF
Avilly-Saint-Léonard,3847,2024,DVF
Avilly-Saint-Léonard|60,3847,2024,DVF
Avion,1466,2024,DVF
Avion|62,1466,2024,DVF
Aviron,1910,2024,DVF
Aviron|27,1910,2024,DVF
Avize,1945,2024,DVF
Avize|51,1945,2024,DVF
Avoine,1979,2024,DVF
Avoine|37,1979,2024,DVF
Avoise,1514,2024,DVF
Avoise|72,1514,2024,DVF
Avon,2979,2024,DVF
Avon-les-Roches,1677,2024,DVF
Avon-les-Roches|37,1677,2024,DVF
Avon|77,2979,2024,DVF
Avoudrey,1808,2024,DVF
Avoudrey|25,1808,2024,DVF
Avrainville,2717,2024,DVF
Avrainville|91,2717,2024,DVF
Avranches,2178,2024,DVF
Avranches|50,2178,2024,DVF
Avrechy,2456,2024,DVF
Avrechy|60,2456,2024,DVF
Avremesnil,2057,2024,DVF
Avremesnil|76,2057,2024,DVF
Avressieux,2000,2024,DVF
Avressieux|73,2000,2024,DVF
Avrigny,2136,2024,DVF
Avrigny|60,2136,2024,DVF
Avril,2528,2024,DVF
Avrillé,3130,2024,DVF
Avrillé-les-Ponceaux,3143,2024,DVF
Avrillé-les-Ponceaux|37,3143,2024,DVF
Avrillé|49,3130,2024,DVF
Avrillé|85,2380,2024,DVF
Avril|54,2528,2024,DVF
Avy,1509,2024,DVF
Avy|17,1509,2024,DVF
Avène,1525,2024,DVF
Avène|34,1525,2024,DVF
Avèze,1960,2024,DVF
Avèze|30,1960,2024,DVF
Awoingt,1980,2024,DVF
Awoingt|59,1980,2024,DVF
Ax-les-Thermes,2545,2024,DVF
Ax-les-Thermes|09,2545,2024,DVF
Axat,1018,2024,DVF
Axat|11,1018,2024,DVF
Aydat,2701,2024,DVF
Aydat|63,2701,2024,DVF
Aydoilles,2027,2024,DVF
Aydoilles|88,2027,2024,DVF
Ayen,1122,2024,DVF
Ayen|19,1122,2024,DVF
Ayguemorte-les-Graves,2992,2024,DVF
Ayguemorte-les-Graves|33,2992,2024,DVF
Ayguesvives,2595,2024,DVF
Ayguesvives|31,2595,2024,DVF
Ayn,2320,2024,DVF
Aynac,1552,2024,DVF
Aynac|46,1552,2024,DVF
Ayn|73,2320,2024,DVF
Ayrens,1494,2024,DVF
Ayrens|15,1494,2024,DVF
Ayron,1204,2024,DVF
Ayron|86,1204,2024,DVF
Ayse,3607,2024,DVF
Ayse|74,3607,2024,DVF
Aytré,3771,2024,DVF
Aytré|17,3771,2024,DVF
Azas,2275,2024,DVF
Azas|31,2275,2024,DVF
Azay-le-Brûlé,1308,2024,DVF
Azay-le-Brûlé|79,1308,2024,DVF
Azay-le-Ferron,896,2024,DVF
Azay-le-Ferron|36,896,2024,DVF
Azay-le-Rideau,2387,2024,DVF
Azay-le-Rideau|37,2387,2024,DVF
Azay-sur-Cher,2318,2024,DVF
Azay-sur-Cher|37,2318,2024,DVF
Azay-sur-Thouet,964,2024,DVF
Azay-sur-Thouet|79,964,2024,DVF
Azerables,942,2024,DVF
Azerables|23,942,2024,DVF
Azerailles,1643,2024,DVF
Azerailles|54,1643,2024,DVF
Azillanet,1578,2024,DVF
Azillanet|34,1578,2024,DVF
Azille,1562,2024,DVF
Azille|11,1562,2024,DVF
Azur,4045,2024,DVF
Azur|40,4045,2024,DVF
Azy,1282,2024,DVF
Azy|18,1282,2024,DVF
Azé,2084,2024,DVF
Azé|41,1390,2024,DVF
Azé|71,2084,2024,DVF
Aïcirits-Camou-Suhast,2037,2024,DVF
Aïcirits-Camou-Suhast|64,2037,2024,DVF
Aÿ-Champagne,1726,2024,DVF
Aÿ-Champagne|51,1726,2024,DVF
Babeau-Bouldoux,1811,2024,DVF
Babeau-Bouldoux|34,1811,2024,DVF
Babœuf,1186,2024,DVF
Babœuf|60,1186,2024,DVF
Baccarat,1243,2024,DVF
Baccarat|54,1243,2024,DVF
Baccon,2005,2024,DVF
Baccon|45,2005,2024,DVF
Bachant,1417,2024,DVF
Bachant|59,1417,2024,DVF
Bachy,2966,2024,DVF
Bachy|59,2966,2024,DVF
Bacilly,2071,2024,DVF
Bacilly|50,2071,2024,DVF
Bacqueville,1953,2024,DVF
Bacqueville-en-Caux,1507,2024,DVF
Bacqueville-en-Caux|76,1507,2024,DVF
Bacqueville|27,1953,2024,DVF
Badaroux,1864,2024,DVF
Badaroux|48,1864,2024,DVF
Badecon-le-Pin,837,2024,DVF
Badecon-le-Pin|36,837,2024,DVF
Badefols-d'Ans,1482,2024,DVF
Badefols-d'Ans|24,1482,2024,DVF
Baden,4720,2024,DVF
Badens,1508,2024,DVF
Badens|11,1508,2024,DVF
Baden|56,4720,2024,DVF
Badevel,1407,2024,DVF
Badevel|25,1407,2024,DVF
Badonviller,812,2024,DVF
Badonviller|54,812,2024,DVF
Bagard,2553,2024,DVF
Bagard|30,2553,2024,DVF
Bages,2402,2024,DVF
Bages|11,3235,2024,DVF
Bages|66,2402,2024,DVF
Bagnac-sur-Célé,1046,2024,DVF
Bagnac-sur-Célé|46,1046,2024,DVF
Bagneaux,1181,2024,DVF
Bagneaux-sur-Loing,2138,2024,DVF
Bagneaux-sur-Loing|77,2138,2024,DVF
Bagneaux|89,1181,2024,DVF
Bagneux,5261,2024,DVF
Bagneux|51,1533,2024,DVF
Bagneux|92,5261,2024,DVF
Bagnoles de l'Orne Normandie,2112,2024,DVF
Bagnoles de l'Orne Normandie|61,2112,2024,DVF
Bagnolet,5593,2024,DVF
Bagnolet|93,5593,2024,DVF
Bagnols,2212,2024,DVF
Bagnols-en-Forêt,3913,2024,DVF
Bagnols-en-Forêt|83,3913,2024,DVF
Bagnols-sur-Cèze,1927,2024,DVF
Bagnols-sur-Cèze|30,1927,2024,DVF
Bagnols|63,2212,2024,DVF
Bagnols|69,3759,2024,DVF
Bagnères-de-Bigorre,2179,2024,DVF
Bagnères-de-Bigorre|65,2179,2024,DVF
Bagnères-de-Luchon,2492,2024,DVF
Bagnères-de-Luchon|31,2492,2024,DVF
Baguer-Morvan,2311,2024,DVF
Baguer-Morvan|35,2311,2024,DVF
Baguer-Pican,2385,2024,DVF
Baguer-Pican|35,2385,2024,DVF
Baho,2240,2024,DVF
Baho|66,2240,2024,DVF
Bahus-Soubiran,1888,2024,DVF
Bahus-Soubiran|40,1888,2024,DVF
Baignes-Sainte-Radegonde,1230,2024,DVF
Baignes-Sainte-Radegonde|16,1230,2024,DVF
Baigts-de-Béarn,1995,2024,DVF
Baigts-de-Béarn|64,1995,2024,DVF
Baillargues,3926,2024,DVF
Baillargues|34,3926,2024,DVF
Bailleau-Armenonville,2368,2024,DVF
Bailleau-Armenonville|28,2368,2024,DVF
Bailleau-le-Pin,1959,2024,DVF
Bailleau-le-Pin|28,1959,2024,DVF
Baillet-en-France,3676,2024,DVF
Baillet-en-France|95,3676,2024,DVF
Bailleul,2369,2024,DVF
Bailleul-Sir-Berthoult,1977,2024,DVF
Bailleul-Sir-Berthoult|62,1977,2024,DVF
Bailleul-la-Vallée,1723,2024,DVF
Bailleul-la-Vallée|27,1723,2024,DVF
Bailleul-le-Soc,1537,2024,DVF
Bailleul-le-Soc|60,1537,2024,DVF
Bailleul-sur-Thérain,1939,2024,DVF
Bailleul-sur-Thérain|60,1939,2024,DVF
Bailleul|59,2369,2024,DVF
Bailleul|61,1429,2024,DVF
Bailleval,2367,2024,DVF
Bailleval|60,2367,2024,DVF
Bailly,4381,2024,DVF
Bailly-Romainvilliers,4365,2024,DVF
Bailly-Romainvilliers|77,4365,2024,DVF
Bailly-en-Rivière,1765,2024,DVF
Bailly-en-Rivière|76,1765,2024,DVF
Bailly|60,1600,2024,DVF
Bailly|78,4381,2024,DVF
Bain-de-Bretagne,2129,2024,DVF
Bain-de-Bretagne|35,2129,2024,DVF
Baincthun,2105,2024,DVF
Baincthun|62,2105,2024,DVF
Bains,1993,2024,DVF
Bains-sur-Oust,1759,2024,DVF
Bains-sur-Oust|35,1759,2024,DVF
Bains|43,1993,2024,DVF
Bainville-sur-Madon,1891,2024,DVF
Bainville-sur-Madon|54,1891,2024,DVF
Bairon et ses environs,1153,2024,DVF
Bairon et ses environs|08,1153,2024,DVF
Bais,1429,2024,DVF
Baisieux,2851,2024,DVF
Baisieux|59,2851,2024,DVF
Bais|35,1429,2024,DVF
Bais|53,825,2024,DVF
Baix,2118,2024,DVF
Baixas,1790,2024,DVF
Baixas|66,1790,2024,DVF
Baix|07,2118,2024,DVF
Baladou,1321,2024,DVF
Baladou|46,1321,2024,DVF
Balagny-sur-Thérain,2021,2024,DVF
Balagny-sur-Thérain|60,2021,2024,DVF
Balaguères,941,2024,DVF
Balaguères|09,941,2024,DVF
Balan,1379,2024,DVF
Balan|01,3195,2024,DVF
Balan|08,1379,2024,DVF
Balaruc-le-Vieux,3695,2024,DVF
Balaruc-le-Vieux|34,3695,2024,DVF
Balaruc-les-Bains,4252,2024,DVF
Balaruc-les-Bains|34,4252,2024,DVF
Balazuc,3084,2024,DVF
Balazuc|07,3084,2024,DVF
Balazé,1952,2024,DVF
Balazé|35,1952,2024,DVF
Balbigny,1683,2024,DVF
Balbigny|42,1683,2024,DVF
Balinghem,1818,2024,DVF
Balinghem|62,1818,2024,DVF
Baliros,2040,2024,DVF
Baliros|64,2040,2024,DVF
Ballainvilliers,3357,2024,DVF
Ballainvilliers|91,3357,2024,DVF
Ballaison,3481,2024,DVF
Ballaison|74,3481,2024,DVF
Ballan-Miré,2834,2024,DVF
Ballan-Miré|37,2834,2024,DVF
Ballancourt-sur-Essonne,2951,2024,DVF
Ballancourt-sur-Essonne|91,2951,2024,DVF
Balledent,1137,2024,DVF
Balledent|87,1137,2024,DVF
Balleroy-sur-Drôme,1589,2024,DVF
Balleroy-sur-Drôme|14,1589,2024,DVF
Ballon,2687,2024,DVF
Ballon-Saint Mars,1314,2024,DVF
Ballon-Saint Mars|72,1314,2024,DVF
Ballon|17,2687,2024,DVF
Ballots,1437,2024,DVF
Ballots|53,1437,2024,DVF
Balma,3547,2024,DVF
Balma|31,3547,2024,DVF
Balsièges,2378,2024,DVF
Balsièges|48,2378,2024,DVF
Balzac,2191,2024,DVF
Balzac|16,2191,2024,DVF
Bambecque,1946,2024,DVF
Bambecque|59,1946,2024,DVF
Ban-de-Laveline,2107,2024,DVF
Ban-de-Laveline|88,2107,2024,DVF
Ban-sur-Meurthe-Clefcy,2397,2024,DVF
Ban-sur-Meurthe-Clefcy|88,2397,2024,DVF
Banassac-Canilhac,1428,2024,DVF
Banassac-Canilhac|48,1428,2024,DVF
Bandol,6762,2024,DVF
Bandol|83,6762,2024,DVF
Baneins,2520,2024,DVF
Baneins|01,2520,2024,DVF
Baneuil,1740,2024,DVF
Baneuil|24,1740,2024,DVF
Bangor,4345,2024,DVF
Bangor|56,4345,2024,DVF
Bannalec,1830,2024,DVF
Bannalec|29,1830,2024,DVF
Bannay,1122,2024,DVF
Bannay|18,1122,2024,DVF
Banne,2361,2024,DVF
Banneville-la-Campagne,2480,2024,DVF
Banneville-la-Campagne|14,2480,2024,DVF
Banne|07,2361,2024,DVF
Banon,1987,2024,DVF
Banon|04,1987,2024,DVF
Bantanges,1275,2024,DVF
Bantanges|71,1275,2024,DVF
Bantigny,1570,2024,DVF
Bantigny|59,1570,2024,DVF
Banville,3444,2024,DVF
Banville|14,3444,2024,DVF
Banyuls-dels-Aspres,2469,2024,DVF
Banyuls-dels-Aspres|66,2469,2024,DVF
Banyuls-sur-Mer,3911,2024,DVF
Banyuls-sur-Mer|66,3911,2024,DVF
Baons-le-Comte,1351,2024,DVF
Baons-le-Comte|76,1351,2024,DVF
Bapaume,1298,2024,DVF
Bapaume|62,1298,2024,DVF
Bar-le-Duc,1395,2024,DVF
Bar-le-Duc|55,1395,2024,DVF
Bar-sur-Aube,1018,2024,DVF
Bar-sur-Aube|10,1018,2024,DVF
Bar-sur-Seine,1150,2024,DVF
Bar-sur-Seine|10,1150,2024,DVF
Baracé,2060,2024,DVF
Baracé|49,2060,2024,DVF
Baralle,1342,2024,DVF
Baralle|62,1342,2024,DVF
Baraqueville,1979,2024,DVF
Baraqueville|12,1979,2024,DVF
Baratier,3141,2024,DVF
Baratier|05,3141,2024,DVF
Barbaira,1669,2024,DVF
Barbaira|11,1669,2024,DVF
Barbaste,1571,2024,DVF
Barbaste|47,1571,2024,DVF
Barbazan,1599,2024,DVF
Barbazan-Debat,1865,2024,DVF
Barbazan-Debat|65,1865,2024,DVF
Barbazan|31,1599,2024,DVF
Barbentane,2939,2024,DVF
Barbentane|13,2939,2024,DVF
Barberaz,3496,2024,DVF
Barberaz|73,3496,2024,DVF
Barberey-Saint-Sulpice,2311,2024,DVF
Barberey-Saint-Sulpice|10,2311,2024,DVF
Barbery,1872,2024,DVF
Barbery|14,1872,2024,DVF
Barbeville,2192,2024,DVF
Barbeville|14,2192,2024,DVF
Barbezieux-Saint-Hilaire,1583,2024,DVF
Barbezieux-Saint-Hilaire|16,1583,2024,DVF
Barbirey-sur-Ouche,1744,2024,DVF
Barbirey-sur-Ouche|21,1744,2024,DVF
Barbizon,5110,2024,DVF
Barbizon|77,5110,2024,DVF
Barbières,2540,2024,DVF
Barbières|26,2540,2024,DVF
Barbonne-Fayel,1502,2024,DVF
Barbonne-Fayel|51,1502,2024,DVF
Barbonville,1671,2024,DVF
Barbonville|54,1671,2024,DVF
Barby,3552,2024,DVF
Barby|73,3552,2024,DVF
Barbâtre,4303,2024,DVF
Barbâtre|85,4303,2024,DVF
Barc,1591,2024,DVF
Barcelonne-du-Gers,1412,2024,DVF
Barcelonne-du-Gers|32,1412,2024,DVF
Barcelonnette,2588,2024,DVF
Barcelonnette|04,2588,2024,DVF
Barcus,1471,2024,DVF
Barcus|64,1471,2024,DVF
Barcy,2319,2024,DVF
Barcy|77,2319,2024,DVF
Barc|27,1591,2024,DVF
Bard,2075,2024,DVF
Bardos,2856,2024,DVF
Bardos|64,2856,2024,DVF
Bardouville,2049,2024,DVF
Bardouville|76,2049,2024,DVF
Bard|42,2075,2024,DVF
Barentin,1967,2024,DVF
Barentin|76,1967,2024,DVF
Barenton,914,2024,DVF
Barenton-Bugny,1139,2024,DVF
Barenton-Bugny|02,1139,2024,DVF
Barenton|50,914,2024,DVF
Barfleur,3125,2024,DVF
Barfleur|50,3125,2024,DVF
Bargemon,3304,2024,DVF
Bargemon|83,3304,2024,DVF
Barguelonne-en-Quercy,1634,2024,DVF
Barguelonne-en-Quercy|46,1634,2024,DVF
Barjac,2714,2024,DVF
Barjac|30,2714,2024,DVF
Barjac|48,1724,2024,DVF
Barjols,2382,2024,DVF
Barjols|83,2382,2024,DVF
Barjouville,2458,2024,DVF
Barjouville|28,2458,2024,DVF
Barlieu,1165,2024,DVF
Barlieu|18,1165,2024,DVF
Barlin,1326,2024,DVF
Barlin|62,1326,2024,DVF
Barnas,1175,2024,DVF
Barnas|07,1175,2024,DVF
Barneville-Carteret,3709,2024,DVF
Barneville-Carteret|50,3709,2024,DVF
Baron,3381,2024,DVF
Baron-sur-Odon,2439,2024,DVF
Baron-sur-Odon|14,2439,2024,DVF
Baron|60,3381,2024,DVF
Barquet,2026,2024,DVF
Barquet|27,2026,2024,DVF
Barran,1480,2024,DVF
Barran|32,1480,2024,DVF
Barraux,2795,2024,DVF
Barraux|38,2795,2024,DVF
Barret,1415,2024,DVF
Barret-sur-Méouge,2141,2024,DVF
Barret-sur-Méouge|05,2141,2024,DVF
Barrettali,1880,2024,DVF
Barrettali|2B,1880,2024,DVF
Barret|16,1415,2024,DVF
Barrou,1126,2024,DVF
Barrou|37,1126,2024,DVF
Barrême,1373,2024,DVF
Barrême|04,1373,2024,DVF
Barsac,2101,2024,DVF
Barsac|33,2101,2024,DVF
Bart,1672,2024,DVF
Bart|25,1672,2024,DVF
Barèges,2281,2024,DVF
Barèges|65,2281,2024,DVF
Bas-Mauco,1997,2024,DVF
Bas-Mauco|40,1997,2024,DVF
Bas-en-Basset,1950,2024,DVF
Bas-en-Basset|43,1950,2024,DVF
Bascons,1763,2024,DVF
Bascons|40,1763,2024,DVF
Baslieux,2030,2024,DVF
Baslieux-lès-Fismes,1686,2024,DVF
Baslieux-lès-Fismes|51,1686,2024,DVF
Baslieux|54,2030,2024,DVF
Basly,2613,2024,DVF
Basly|14,2613,2024,DVF
Bassac,1216,2024,DVF
Bassac|16,1216,2024,DVF
Bassan,2280,2024,DVF
Bassan|34,2280,2024,DVF
Basse-Goulaine,3525,2024,DVF
Basse-Goulaine|44,3525,2024,DVF
Basse-sur-le-Rupt,2330,2024,DVF
Basse-sur-le-Rupt|88,2330,2024,DVF
Bassens,2984,2024,DVF
Bassens|33,2984,2024,DVF
Bassens|73,3474,2024,DVF
Bassignac,1546,2024,DVF
Bassignac|15,1546,2024,DVF
Bassillac et Auberoche,2095,2024,DVF
Bassillac et Auberoche|24,2095,2024,DVF
Bassou,1289,2024,DVF
Bassou|89,1289,2024,DVF
Bassussarry,4847,2024,DVF
Bassussarry|64,4847,2024,DVF
Bastelica,1816,2024,DVF
Bastelicaccia,4756,2024,DVF
Bastelicaccia|2A,4756,2024,DVF
Bastelica|2A,1816,2024,DVF
Bastia,3076,2024,DVF
Bastia|2B,3076,2024,DVF
Basville,554,2024,DVF
Basville|23,554,2024,DVF
Batilly,2585,2024,DVF
Batilly-en-Gâtinais,1327,2024,DVF
Batilly-en-Gâtinais|45,1327,2024,DVF
Batilly|54,2585,2024,DVF
Batz-sur-Mer,5135,2024,DVF
Batz-sur-Mer|44,5135,2024,DVF
Baud,2196,2024,DVF
Baudemont,1183,2024,DVF
Baudemont|71,1183,2024,DVF
Baudinard-sur-Verdon,3459,2024,DVF
Baudinard-sur-Verdon|83,3459,2024,DVF
Baudoncourt,1332,2024,DVF
Baudoncourt|70,1332,2024,DVF
Baudonvilliers,1835,2024,DVF
Baudonvilliers|55,1835,2024,DVF
Baudreix,1864,2024,DVF
Baudreix|64,1864,2024,DVF
Baudres,754,2024,DVF
Baudres|36,754,2024,DVF
Baudrières,1889,2024,DVF
Baudrières|71,1889,2024,DVF
Bauduen,5158,2024,DVF
Bauduen|83,5158,2024,DVF
Baud|56,2196,2024,DVF
Baugy,1151,2024,DVF
Baugy|18,1151,2024,DVF
Baugé-en-Anjou,1578,2024,DVF
Baugé-en-Anjou|49,1578,2024,DVF
Baulay,966,2024,DVF
Baulay|70,966,2024,DVF
Baule,1802,2024,DVF
Baule|45,1802,2024,DVF
Baulne,2852,2024,DVF
Baulne|91,2852,2024,DVF
Baulon,2284,2024,DVF
Baulon|35,2284,2024,DVF
Baume-les-Dames,1696,2024,DVF
Baume-les-Dames|25,1696,2024,DVF
Baurech,2662,2024,DVF
Baurech|33,2662,2024,DVF
Bauvin,2009,2024,DVF
Bauvin|59,2009,2024,DVF
Bauzy,1628,2024,DVF
Bauzy|41,1628,2024,DVF
Bavans,1649,2024,DVF
Bavans|25,1649,2024,DVF
Bavay,1432,2024,DVF
Bavay|59,1432,2024,DVF
Bavent,2978,2024,DVF
Bavent|14,2978,2024,DVF
Baverans,1860,2024,DVF
Baverans|39,1860,2024,DVF
Bavilliers,1578,2024,DVF
Bavilliers|90,1578,2024,DVF
Bavinchove,1850,2024,DVF
Bavinchove|59,1850,2024,DVF
Bavincourt,1529,2024,DVF
Bavincourt|62,1529,2024,DVF
Bayac,1801,2024,DVF
Bayac|24,1801,2024,DVF
Bayard-sur-Marne,1500,2024,DVF
Bayard-sur-Marne|52,1500,2024,DVF
Bayas,2006,2024,DVF
Bayas|33,2006,2024,DVF
Baye,2259,2024,DVF
Bayel,889,2024,DVF
Bayel|10,889,2024,DVF
Bayenghem-lès-Éperlecques,1968,2024,DVF
Bayenghem-lès-Éperlecques|62,1968,2024,DVF
Bayet,1263,2024,DVF
Bayet|03,1263,2024,DVF
Bayeux,2467,2024,DVF
Bayeux|14,2467,2024,DVF
Baye|29,2259,2024,DVF
Baye|51,1174,2024,DVF
Bayon,1517,2024,DVF
Bayonne,4251,2024,DVF
Bayonne|64,4251,2024,DVF
Bayons,1604,2024,DVF
Bayons|04,1604,2024,DVF
Bayonville-sur-Mad,1239,2024,DVF
Bayonville-sur-Mad|54,1239,2024,DVF
Bayon|54,1517,2024,DVF
Bazainville,3845,2024,DVF
Bazainville|78,3845,2024,DVF
Bazancourt,1950,2024,DVF
Bazancourt|51,1950,2024,DVF
Bazas,1970,2024,DVF
Bazas|33,1970,2024,DVF
Bazeilles,1613,2024,DVF
Bazeilles|08,1613,2024,DVF
Bazelat,864,2024,DVF
Bazelat|23,864,2024,DVF
Bazemont,3615,2024,DVF
Bazemont|78,3615,2024,DVF
Bazet,1811,2024,DVF
Bazet|65,1811,2024,DVF
Bazicourt,2751,2024,DVF
Bazicourt|60,2751,2024,DVF
Bazincourt-sur-Epte,2079,2024,DVF
Bazincourt-sur-Epte|27,2079,2024,DVF
Baziège,2674,2024,DVF
Baziège|31,2674,2024,DVF
Bazoches-au-Houlme,1284,2024,DVF
Bazoches-au-Houlme|61,1284,2024,DVF
Bazoches-en-Dunois,1618,2024,DVF
Bazoches-en-Dunois|28,1618,2024,DVF
Bazoches-et-Saint-Thibaut,1748,2024,DVF
Bazoches-et-Saint-Thibaut|02,1748,2024,DVF
Bazoches-les-Gallerandes,1560,2024,DVF
Bazoches-les-Gallerandes|45,1560,2024,DVF
Bazoches-lès-Bray,1580,2024,DVF
Bazoches-lès-Bray|77,1580,2024,DVF
Bazoches-sur-Guyonne,5763,2024,DVF
Bazoches-sur-Guyonne|78,5763,2024,DVF
Bazoches-sur-Hoëne,1162,2024,DVF
Bazoches-sur-Hoëne|61,1162,2024,DVF
Bazoches-sur-le-Betz,1742,2024,DVF
Bazoches-sur-le-Betz|45,1742,2024,DVF
Bazoges-en-Paillers,1824,2024,DVF
Bazoges-en-Paillers|85,1824,2024,DVF
Bazoges-en-Pareds,1148,2024,DVF
Bazoges-en-Pareds|85,1148,2024,DVF
Bazolles,951,2024,DVF
Bazolles|58,951,2024,DVF
Bazougers,1661,2024,DVF
Bazougers|53,1661,2024,DVF
Bazouges Cré sur Loir,1646,2024,DVF
Bazouges Cré sur Loir|72,1646,2024,DVF
Bazouges-la-Pérouse,1713,2024,DVF
Bazouges-la-Pérouse|35,1713,2024,DVF
Bazuel,1345,2024,DVF
Bazuel|59,1345,2024,DVF
Bazus,3010,2024,DVF
Bazus|31,3010,2024,DVF
Baâlon,946,2024,DVF
Baâlon|55,946,2024,DVF
Beaubery,2541,2024,DVF
Beaubery|71,2541,2024,DVF
Beaucaire,1730,2024,DVF
Beaucaire|30,1730,2024,DVF
Beaucaire|32,1892,2024,DVF
Beaucamps-Ligny,2099,2024,DVF
Beaucamps-Ligny|59,2099,2024,DVF
Beaucamps-le-Vieux,1234,2024,DVF
Beaucamps-le-Vieux|80,1234,2024,DVF
Beauce la Romaine,1298,2024,DVF
Beauce la Romaine|41,1298,2024,DVF
Beauchamp,3927,2024,DVF
Beauchamps,1465,2024,DVF
Beauchamps|50,1378,2024,DVF
Beauchamps|80,1465,2024,DVF
Beauchamp|95,3927,2024,DVF
Beauchastel,2086,2024,DVF
Beauchastel|07,2086,2024,DVF
Beaucourt,1592,2024,DVF
Beaucourt-sur-l'Hallue,1089,2024,DVF
Beaucourt-sur-l'Hallue|80,1089,2024,DVF
Beaucourt|90,1592,2024,DVF
Beaucouzé,2963,2024,DVF
Beaucouzé|49,2963,2024,DVF
Beaucroissant,2669,2024,DVF
Beaucroissant|38,2669,2024,DVF
Beaucé,1795,2024,DVF
Beaucé|35,1795,2024,DVF
Beaufay,1978,2024,DVF
Beaufay|72,1978,2024,DVF
Beaufort,4965,2024,DVF
Beaufort-Orbagna,1604,2024,DVF
Beaufort-Orbagna|39,1604,2024,DVF
Beaufort-en-Anjou,1868,2024,DVF
Beaufort-en-Anjou|49,1868,2024,DVF
Beaufort|38,1802,2024,DVF
Beaufort|59,1623,2024,DVF
Beaufort|73,4965,2024,DVF
Beaufou,2046,2024,DVF
Beaufou|85,2046,2024,DVF
Beaugas,1388,2024,DVF
Beaugas|47,1388,2024,DVF
Beaugeay,2002,2024,DVF
Beaugeay|17,2002,2024,DVF
Beaugency,1953,2024,DVF
Beaugency|45,1953,2024,DVF
Beaujeu,1700,2024,DVF
Beaujeu-Saint-Vallier-Pierrejux-et-Quitteur,1519,2024,DVF
Beaujeu-Saint-Vallier-Pierrejux-et-Quitteur|70,1519,2024,DVF
Beaujeu|69,1700,2024,DVF
Beaulieu,3963,2024,DVF
Beaulieu-les-Fontaines,1139,2024,DVF
Beaulieu-les-Fontaines|60,1139,2024,DVF
Beaulieu-lès-Loches,1792,2024,DVF
Beaulieu-lès-Loches|37,1792,2024,DVF
Beaulieu-sous-Parthenay,1398,2024,DVF
Beaulieu-sous-Parthenay|79,1398,2024,DVF
Beaulieu-sous-la-Roche,1807,2024,DVF
Beaulieu-sous-la-Roche|85,1807,2024,DVF
Beaulieu-sur-Dordogne,1415,2024,DVF
Beaulieu-sur-Dordogne|19,1415,2024,DVF
Beaulieu-sur-Layon,2130,2024,DVF
Beaulieu-sur-Layon|49,2130,2024,DVF
Beaulieu-sur-Loire,1431,2024,DVF
Beaulieu-sur-Loire|45,1431,2024,DVF
Beaulieu-sur-Mer,7897,2024,DVF
Beaulieu-sur-Mer|06,7897,2024,DVF
Beaulieu-sur-Oudon,1392,2024,DVF
Beaulieu-sur-Oudon|53,1392,2024,DVF
Beaulieu|07,3613,2024,DVF
Beaulieu|34,3963,2024,DVF
Beaulieu|43,1719,2024,DVF
Beaulieu|63,1051,2024,DVF
Beaulon,1216,2024,DVF
Beaulon|03,1216,2024,DVF
Beaumerie-Saint-Martin,1255,2024,DVF
Beaumerie-Saint-Martin|62,1255,2024,DVF
Beaumes-de-Venise,3160,2024,DVF
Beaumes-de-Venise|84,3160,2024,DVF
Beaumetz-lès-Loges,1912,2024,DVF
Beaumetz-lès-Loges|62,1912,2024,DVF
Beaumont,2507,2024,DVF
Beaumont Saint-Cyr,1571,2024,DVF
Beaumont Saint-Cyr|86,1571,2024,DVF
Beaumont-Louestault,1681,2024,DVF
Beaumont-Louestault|37,1681,2024,DVF
Beaumont-Monteux,2344,2024,DVF
Beaumont-Monteux|26,2344,2024,DVF
Beaumont-Pied-de-Bœuf,1006,2024,DVF
Beaumont-Pied-de-Bœuf|72,1006,2024,DVF
Beaumont-de-Lomagne,1327,2024,DVF
Beaumont-de-Lomagne|82,1327,2024,DVF
Beaumont-de-Pertuis,2520,2024,DVF
Beaumont-de-Pertuis|84,2520,2024,DVF
Beaumont-du-Gâtinais,1232,2024,DVF
Beaumont-du-Gâtinais|77,1232,2024,DVF
Beaumont-en-Argonne,1429,2024,DVF
Beaumont-en-Argonne|08,1429,2024,DVF
Beaumont-en-Auge,4534,2024,DVF
Beaumont-en-Auge|14,4534,2024,DVF
Beaumont-en-Véron,1969,2024,DVF
Beaumont-en-Véron|37,1969,2024,DVF
Beaumont-le-Roger,1819,2024,DVF
Beaumont-le-Roger|27,1819,2024,DVF
Beaumont-lès-Valence,2898,2024,DVF
Beaumont-lès-Valence|26,2898,2024,DVF
Beaumont-sur-Lèze,2150,2024,DVF
Beaumont-sur-Lèze|31,2150,2024,DVF
Beaumont-sur-Oise,3114,2024,DVF
Beaumont-sur-Oise|95,3114,2024,DVF
Beaumont-sur-Sarthe,1197,2024,DVF
Beaumont-sur-Sarthe|72,1197,2024,DVF
Beaumont-sur-Vesle,2457,2024,DVF
Beaumont-sur-Vesle|51,2457,2024,DVF
Beaumontel,1587,2024,DVF
Beaumontel|27,1587,2024,DVF
Beaumontois en Périgord,1906,2024,DVF
Beaumontois en Périgord|24,1906,2024,DVF
Beaumont|63,2507,2024,DVF
Beaumont|74,4876,2024,DVF
Beaumont|89,1249,2024,DVF
Beaune,2800,2024,DVF
Beaune-la-Rolande,1723,2024,DVF
Beaune-la-Rolande|45,1723,2024,DVF
Beaune|21,2800,2024,DVF
Beaupont,1570,2024,DVF
Beaupont|01,1570,2024,DVF
Beaupouyet,2101,2024,DVF
Beaupouyet|24,2101,2024,DVF
Beaupréau-en-Mauges,1793,2024,DVF
Beaupréau-en-Mauges|49,1793,2024,DVF
Beaupuy,1992,2024,DVF
Beaupuy|31,3079,2024,DVF
Beaupuy|47,1992,2024,DVF
Beauquesne,1517,2024,DVF
Beauquesne|80,1517,2024,DVF
Beaurains,2039,2024,DVF
Beaurains-lès-Noyon,1506,2024,DVF
Beaurains-lès-Noyon|60,1506,2024,DVF
Beaurains|62,2039,2024,DVF
Beaurainville,1712,2024,DVF
Beaurainville|62,1712,2024,DVF
Beauregard,2537,2024,DVF
Beauregard-Vendon,2382,2024,DVF
Beauregard-Vendon|63,2382,2024,DVF
Beauregard-de-Terrasson,1753,2024,DVF
Beauregard-de-Terrasson|24,1753,2024,DVF
Beauregard-l'Évêque,2335,2024,DVF
Beauregard-l'Évêque|63,2335,2024,DVF
Beauregard|01,2537,2024,DVF
Beaurepaire,1755,2024,DVF
Beaurepaire-en-Bresse,3728,2024,DVF
Beaurepaire-en-Bresse|71,3728,2024,DVF
Beaurepaire|38,1755,2024,DVF
Beaurepaire|76,1532,2024,DVF
Beaurepaire|85,1815,2024,DVF
Beaurevoir,836,2024,DVF
Beaurevoir|02,836,2024,DVF
Beausemblant,2066,2024,DVF
Beausemblant|26,2066,2024,DVF
Beausoleil,7185,2024,DVF
Beausoleil|06,7185,2024,DVF
Beaussais-Vitré,1015,2024,DVF
Beaussais-Vitré|79,1015,2024,DVF
Beaussais-sur-Mer,3347,2024,DVF
Beaussais-sur-Mer|22,3347,2024,DVF
Beaussault,1385,2024,DVF
Beaussault|76,1385,2024,DVF
Beautheil-Saints,2814,2024,DVF
Beautheil-Saints|77,2814,2024,DVF
Beautiran,2469,2024,DVF
Beautiran|33,2469,2024,DVF
Beautor,1031,2024,DVF
Beautor|02,1031,2024,DVF
Beauvais,1933,2024,DVF
Beauvais|60,1933,2024,DVF
Beauval,1438,2024,DVF
Beauval-en-Caux,2171,2024,DVF
Beauval-en-Caux|76,2171,2024,DVF
Beauvallon,2979,2024,DVF
Beauvallon|26,2652,2024,DVF
Beauvallon|69,2979,2024,DVF
Beauval|80,1438,2024,DVF
Beauvezer,2323,2024,DVF
Beauvezer|04,2323,2024,DVF
Beauville,1974,2024,DVF
Beauville|47,1974,2024,DVF
Beauvoir,1271,2024,DVF
Beauvoir-de-Marc,2592,2024,DVF
Beauvoir-de-Marc|38,2592,2024,DVF
Beauvoir-en-Lyons,1708,2024,DVF
Beauvoir-en-Lyons|76,1708,2024,DVF
Beauvoir-sur-Mer,2454,2024,DVF
Beauvoir-sur-Mer|85,2454,2024,DVF
Beauvoir-sur-Niort,1592,2024,DVF
Beauvoir-sur-Niort|79,1592,2024,DVF
Beauvoir|89,1271,2024,DVF
Beauvois-en-Cambrésis,1150,2024,DVF
Beauvois-en-Cambrésis|59,1150,2024,DVF
Beauvoisin,2734,2024,DVF
Beauvoisin|30,2734,2024,DVF
Beaux,1619,2024,DVF
Beaux|43,1619,2024,DVF
Beauzac,1797,2024,DVF
Beauzac|43,1797,2024,DVF
Beauzelle,3069,2024,DVF
Beauzelle|31,3069,2024,DVF
Bec-de-Mortagne,2311,2024,DVF
Bec-de-Mortagne|76,2311,2024,DVF
Bedenac,1542,2024,DVF
Bedenac|17,1542,2024,DVF
Bedous,1547,2024,DVF
Bedous|64,1547,2024,DVF
Beffes,943,2024,DVF
Beffes|18,943,2024,DVF
Behonne,1076,2024,DVF
Behonne|55,1076,2024,DVF
Beignon,1867,2024,DVF
Beignon|56,1867,2024,DVF
Beillé,1116,2024,DVF
Beillé|72,1116,2024,DVF
Beine-Nauroy,2525,2024,DVF
Beine-Nauroy|51,2525,2024,DVF
Beire-le-Châtel,2071,2024,DVF
Beire-le-Châtel|21,2071,2024,DVF
Belberaud,3096,2024,DVF
Belberaud|31,3096,2024,DVF
Belbeuf,2795,2024,DVF
Belbeuf|76,2795,2024,DVF
Belcaire,1664,2024,DVF
Belcaire|11,1664,2024,DVF
Belcodène,4344,2024,DVF
Belcodène|13,4344,2024,DVF
Belfonds,1450,2024,DVF
Belfonds|61,1450,2024,DVF
Belfort,1373,2024,DVF
Belfort-du-Quercy,1467,2024,DVF
Belfort-du-Quercy|46,1467,2024,DVF
Belfort|90,1373,2024,DVF
Belforêt-en-Perche,1828,2024,DVF
Belforêt-en-Perche|61,1828,2024,DVF
Belgeard,1424,2024,DVF
Belgeard|53,1424,2024,DVF
Belgentier,3519,2024,DVF
Belgentier|83,3519,2024,DVF
Belgodère,4146,2024,DVF
Belgodère|2B,4146,2024,DVF
Belhomert-Guéhouville,1327,2024,DVF
Belhomert-Guéhouville|28,1327,2024,DVF
Belin-Béliet,2832,2024,DVF
Belin-Béliet|33,2832,2024,DVF
Bellac,1161,2024,DVF
Bellac|87,1161,2024,DVF
Bellaing,2010,2024,DVF
Bellaing|59,2010,2024,DVF
Belle Vie en Auge,2507,2024,DVF
Belle Vie en Auge|14,2507,2024,DVF
Belle-Isle-en-Terre,1332,2024,DVF
Belle-Isle-en-Terre|22,1332,2024,DVF
Belle-Église,2637,2024,DVF
Belle-Église|60,2637,2024,DVF
Belleau,1536,2024,DVF
Belleau|54,1536,2024,DVF
Bellechaume,1745,2024,DVF
Bellechaume|89,1745,2024,DVF
Bellefond,3398,2024,DVF
Bellefond|21,3398,2024,DVF
Bellefont-La Rauze,1367,2024,DVF
Bellefont-La Rauze|46,1367,2024,DVF
Bellefontaine,2427,2024,DVF
Bellefontaine|39,2427,2024,DVF
Bellefontaine|88,1286,2024,DVF
Bellefontaine|95,3345,2024,DVF
Bellegarde,2976,2024,DVF
Bellegarde-Marsal,1546,2024,DVF
Bellegarde-Marsal|81,1546,2024,DVF
Bellegarde-Poussieu,1849,2024,DVF
Bellegarde-Poussieu|38,1849,2024,DVF
Bellegarde-du-Razès,2274,2024,DVF
Bellegarde-du-Razès|11,2274,2024,DVF
Bellegarde-en-Forez,1534,2024,DVF
Bellegarde-en-Forez|42,1534,2024,DVF
Bellegarde|30,2976,2024,DVF
Bellegarde|45,1358,2024,DVF
Belleherbe,1674,2024,DVF
Belleherbe|25,1674,2024,DVF
Bellenaves,1205,2024,DVF
Bellenaves|03,1205,2024,DVF
Bellencombre,1844,2024,DVF
Bellencombre|76,1844,2024,DVF
Belleneuve,2229,2024,DVF
Belleneuve|21,2229,2024,DVF
Bellenglise,1010,2024,DVF
Bellenglise|02,1010,2024,DVF
Bellengreville,2695,2024,DVF
Bellengreville|14,2695,2024,DVF
Bellengreville|76,1956,2024,DVF
Belleray,1743,2024,DVF
Belleray|55,1743,2024,DVF
Bellerive-sur-Allier,1991,2024,DVF
Bellerive-sur-Allier|03,1991,2024,DVF
Belleroche,1452,2024,DVF
Belleroche|42,1452,2024,DVF
Belleu,1749,2024,DVF
Belleuse,1587,2024,DVF
Belleuse|80,1587,2024,DVF
Belleu|02,1749,2024,DVF
Bellevaux,2869,2024,DVF
Bellevaux|74,2869,2024,DVF
Bellevesvre,1502,2024,DVF
Bellevesvre|71,1502,2024,DVF
Bellevigne,1369,2024,DVF
Bellevigne-en-Layon,1822,2024,DVF
Bellevigne-en-Layon|49,1822,2024,DVF
Bellevigne-les-Châteaux,1647,2024,DVF
Bellevigne-les-Châteaux|49,1647,2024,DVF
Bellevigne|16,1369,2024,DVF
Bellevigny,2065,2024,DVF
Bellevigny|85,2065,2024,DVF
Belleville,1875,2024,DVF
Belleville-en-Beaujolais,2606,2024,DVF
Belleville-en-Beaujolais|69,2606,2024,DVF
Belleville-sur-Loire,1295,2024,DVF
Belleville-sur-Loire|18,1295,2024,DVF
Belleville-sur-Meuse,1376,2024,DVF
Belleville-sur-Meuse|55,1376,2024,DVF
Belleville|54,1875,2024,DVF
Bellevue-la-Montagne,1338,2024,DVF
Bellevue-la-Montagne|43,1338,2024,DVF
Belley,2005,2024,DVF
Belley|01,2005,2024,DVF
Bellicourt,1016,2024,DVF
Bellicourt|02,1016,2024,DVF
Bellignat,1667,2024,DVF
Bellignat|01,1667,2024,DVF
Bellignies,1169,2024,DVF
Bellignies|59,1169,2024,DVF
Bellocq,1632,2024,DVF
Bellocq|64,1632,2024,DVF
Bellot,1852,2024,DVF
Bellot|77,1852,2024,DVF
Bellou-en-Houlme,1505,2024,DVF
Bellou-en-Houlme|61,1505,2024,DVF
Belloy-en-France,3180,2024,DVF
Belloy-en-France|95,3180,2024,DVF
Belloy-sur-Somme,1508,2024,DVF
Belloy-sur-Somme|80,1508,2024,DVF
Bellême,2108,2024,DVF
Bellême|61,2108,2024,DVF
Belmesnil,1522,2024,DVF
Belmesnil|76,1522,2024,DVF
Belmont-Tramonet,2289,2024,DVF
Belmont-Tramonet|73,2289,2024,DVF
Belmont-de-la-Loire,1389,2024,DVF
Belmont-de-la-Loire|42,1389,2024,DVF
Belmont-sur-Buttant,2077,2024,DVF
Belmont-sur-Buttant|88,2077,2024,DVF
Belmont-sur-Rance,1008,2024,DVF
Belmont-sur-Rance|12,1008,2024,DVF
Belpech,1640,2024,DVF
Belpech|11,1640,2024,DVF
Belrupt-en-Verdunois,1972,2024,DVF
Belrupt-en-Verdunois|55,1972,2024,DVF
Belsentes,1466,2024,DVF
Belsentes|07,1466,2024,DVF
Belvianes-et-Cavirac,1120,2024,DVF
Belvianes-et-Cavirac|11,1120,2024,DVF
Belvèze-du-Razès,1534,2024,DVF
Belvèze-du-Razès|11,1534,2024,DVF
Belvédère,2109,2024,DVF
Belvédère|06,2109,2024,DVF
Belvézet,2684,2024,DVF
Belvézet|30,2684,2024,DVF
Belz,3788,2024,DVF
Belz|56,3788,2024,DVF
Benais,1851,2024,DVF
Benais|37,1851,2024,DVF
Bendejun,2889,2024,DVF
Bendejun|06,2889,2024,DVF
Benerville-sur-Mer,6307,2024,DVF
Benerville-sur-Mer|14,6307,2024,DVF
Benest,1167,2024,DVF
Benest|16,1167,2024,DVF
Benet,1801,2024,DVF
Benet|85,1801,2024,DVF
Bengy-sur-Craon,1314,2024,DVF
Bengy-sur-Craon|18,1314,2024,DVF
Bennecourt,1954,2024,DVF
Bennecourt|78,1954,2024,DVF
Benon,1817,2024,DVF
Benon|17,1817,2024,DVF
Benoîtville,1806,2024,DVF
Benoîtville|50,1806,2024,DVF
Benquet,2018,2024,DVF
Benquet|40,2018,2024,DVF
Bercenay-en-Othe,1309,2024,DVF
Bercenay-en-Othe|10,1309,2024,DVF
Berchères-Saint-Germain,1979,2024,DVF
Berchères-Saint-Germain|28,1979,2024,DVF
Berchères-sur-Vesgre,3144,2024,DVF
Berchères-sur-Vesgre|28,3144,2024,DVF
Berck,2970,2024,DVF
Berck|62,2970,2024,DVF
Berd'huis,1528,2024,DVF
Berd'huis|61,1528,2024,DVF
Berfay,1038,2024,DVF
Berfay|72,1038,2024,DVF
Bergerac,1709,2024,DVF
Bergerac|24,1709,2024,DVF
Bergues,2376,2024,DVF
Bergues-sur-Sambre,1146,2024,DVF
Bergues-sur-Sambre|02,1146,2024,DVF
Bergues|59,2376,2024,DVF
Berhet,1053,2024,DVF
Berhet|22,1053,2024,DVF
Berjou,1722,2024,DVF
Berjou|61,1722,2024,DVF
Berlaimont,1304,2024,DVF
Berlaimont|59,1304,2024,DVF
Berles-Monchel,2412,2024,DVF
Berles-Monchel|62,2412,2024,DVF
Bermerain,1305,2024,DVF
Bermerain|59,1305,2024,DVF
Bernac,1558,2024,DVF
Bernac-Debat,1551,2024,DVF
Bernac-Debat|65,1551,2024,DVF
Bernac|16,1558,2024,DVF
Bernadets,2208,2024,DVF
Bernadets|64,2208,2024,DVF
Bernaville,1360,2024,DVF
Bernaville|80,1360,2024,DVF
Bernay,2000,2024,DVF
Bernay-Neuvy-en-Champagne,1012,2024,DVF
Bernay-Neuvy-en-Champagne|72,1012,2024,DVF
Bernay-Saint-Martin,1325,2024,DVF
Bernay-Saint-Martin|17,1325,2024,DVF
Bernay-Vilbert,2509,2024,DVF
Bernay-Vilbert|77,2509,2024,DVF
Bernay|27,2000,2024,DVF
Bernes,1292,2024,DVF
Bernes-sur-Oise,3452,2024,DVF
Bernes-sur-Oise|95,3452,2024,DVF
Bernes|80,1292,2024,DVF
Berneuil,1848,2024,DVF
Berneuil-en-Bray,2016,2024,DVF
Berneuil-en-Bray|60,2016,2024,DVF
Berneuil-sur-Aisne,1808,2024,DVF
Berneuil-sur-Aisne|60,1808,2024,DVF
Berneuil|17,1848,2024,DVF
Berneville,1768,2024,DVF
Berneville|62,1768,2024,DVF
Bernex,4535,2024,DVF
Bernex|74,4535,2024,DVF
Bernin,4270,2024,DVF
Bernin|38,4270,2024,DVF
Bernis,2870,2024,DVF
Bernis|30,2870,2024,DVF
Bernières,2333,2024,DVF
Bernières-sur-Mer,3792,2024,DVF
Bernières-sur-Mer|14,3792,2024,DVF
Bernières|76,2333,2024,DVF
Bernos-Beaulac,1845,2024,DVF
Bernos-Beaulac|33,1845,2024,DVF
Bernoy-le-Château,1670,2024,DVF
Bernoy-le-Château|02,1670,2024,DVF
Berné,1865,2024,DVF
Berné|56,1865,2024,DVF
Berre-l'Étang,3091,2024,DVF
Berre-l'Étang|13,3091,2024,DVF
Berre-les-Alpes,3668,2024,DVF
Berre-les-Alpes|06,3668,2024,DVF
Berriac,1464,2024,DVF
Berriac|11,1464,2024,DVF
Berrias-et-Casteljau,3059,2024,DVF
Berrias-et-Casteljau|07,3059,2024,DVF
Berric,2641,2024,DVF
Berric|56,2641,2024,DVF
Berrien,1080,2024,DVF
Berrien|29,1080,2024,DVF
Berru,2506,2024,DVF
Berru|51,2506,2024,DVF
Berry-Bouy,2011,2024,DVF
Berry-Bouy|18,2011,2024,DVF
Bersac-sur-Rivalier,1238,2024,DVF
Bersac-sur-Rivalier|87,1238,2024,DVF
Berson,1846,2024,DVF
Berson|33,1846,2024,DVF
Bersée,2408,2024,DVF
Bersée|59,2408,2024,DVF
Bertaucourt-Epourdon,1288,2024,DVF
Bertaucourt-Epourdon|02,1288,2024,DVF
Berteaucourt-les-Dames,1374,2024,DVF
Berteaucourt-les-Dames|80,1374,2024,DVF
Berthecourt,2412,2024,DVF
Berthecourt|60,2412,2024,DVF
Berthegon,1128,2024,DVF
Berthegon|86,1128,2024,DVF
Berthenay,2408,2024,DVF
Berthenay|37,2408,2024,DVF
Bertholène,1445,2024,DVF
Bertholène|12,1445,2024,DVF
Bertignat,1051,2024,DVF
Bertignat|63,1051,2024,DVF
Bertincourt,1244,2024,DVF
Bertincourt|62,1244,2024,DVF
Bertrambois,1041,2024,DVF
Bertrambois|54,1041,2024,DVF
Bertric-Burée,1396,2024,DVF
Bertric-Burée|24,1396,2024,DVF
Bertrichamps,1716,2024,DVF
Bertrichamps|54,1716,2024,DVF
Bertry,1207,2024,DVF
Bertry|59,1207,2024,DVF
Berville-en-Caux,2067,2024,DVF
Berville-en-Caux|76,2067,2024,DVF
Berville-sur-Mer,2321,2024,DVF
Berville-sur-Mer|27,2321,2024,DVF
Besançon,2281,2024,DVF
Besançon|25,2281,2024,DVF
Beslon,1542,2024,DVF
Beslon|50,1542,2024,DVF
Besneville,1559,2024,DVF
Besneville|50,1559,2024,DVF
Besné,2454,2024,DVF
Besné|44,2454,2024,DVF
Bessais-le-Fromental,1194,2024,DVF
Bessais-le-Fromental|18,1194,2024,DVF
Bessan,2427,2024,DVF
Bessancourt,3662,2024,DVF
Bessancourt|95,3662,2024,DVF
Bessans,4294,2024,DVF
Bessans|73,4294,2024,DVF
Bessan|34,2427,2024,DVF
Bessay,1417,2024,DVF
Bessay-sur-Allier,1160,2024,DVF
Bessay-sur-Allier|03,1160,2024,DVF
Bessay|85,1417,2024,DVF
Besse-et-Saint-Anastaise,3177,2024,DVF
Besse-et-Saint-Anastaise|63,3177,2024,DVF
Besse-sur-Issole,2812,2024,DVF
Besse-sur-Issole|83,2812,2024,DVF
Bessenay,2672,2024,DVF
Bessenay|69,2672,2024,DVF
Bessens,1762,2024,DVF
Bessens|82,1762,2024,DVF
Bessey,2546,2024,DVF
Bessey-lès-Cîteaux,2104,2024,DVF
Bessey-lès-Cîteaux|21,2104,2024,DVF
Bessey|42,2546,2024,DVF
Bessines,2036,2024,DVF
Bessines-sur-Gartempe,1026,2024,DVF
Bessines-sur-Gartempe|87,1026,2024,DVF
Bessines|79,2036,2024,DVF
Bessières,2379,2024,DVF
Bessières|31,2379,2024,DVF
Besson,1803,2024,DVF
Bessoncourt,1748,2024,DVF
Bessoncourt|90,1748,2024,DVF
Besson|03,1803,2024,DVF
Bessèges,1532,2024,DVF
Bessèges|30,1532,2024,DVF
Bessé-sur-Braye,1190,2024,DVF
Bessé-sur-Braye|72,1190,2024,DVF
Betaucourt,745,2024,DVF
Betaucourt|70,745,2024,DVF
Betchat,1648,2024,DVF
Betchat|09,1648,2024,DVF
Bethmale,1478,2024,DVF
Bethmale|09,1478,2024,DVF
Bethon,1408,2024,DVF
Bethoncourt,1251,2024,DVF
Bethoncourt|25,1251,2024,DVF
Bethon|51,1408,2024,DVF
Beton-Bazoches,1951,2024,DVF
Beton-Bazoches|77,1951,2024,DVF
Betplan,1342,2024,DVF
Betplan|32,1342,2024,DVF
Bettancourt-la-Ferrée,1277,2024,DVF
Bettancourt-la-Ferrée|52,1277,2024,DVF
Bettant,1665,2024,DVF
Bettant|01,1665,2024,DVF
Betton,3523,2024,DVF
Betton|35,3523,2024,DVF
Betz,3446,2024,DVF
Betz-le-Château,1090,2024,DVF
Betz-le-Château|37,1090,2024,DVF
Betz|60,3446,2024,DVF
Beugnies,1260,2024,DVF
Beugnies|59,1260,2024,DVF
Beugnon-Thireuil,1023,2024,DVF
Beugnon-Thireuil|79,1023,2024,DVF
Beuil,3551,2024,DVF
Beuil|06,3551,2024,DVF
Beure,1935,2024,DVF
Beurey-sur-Saulx,877,2024,DVF
Beurey-sur-Saulx|55,877,2024,DVF
Beure|25,1935,2024,DVF
Beurières,1302,2024,DVF
Beurières|63,1302,2024,DVF
Beurlay,1566,2024,DVF
Beurlay|17,1566,2024,DVF
Beuvardes,1084,2024,DVF
Beuvardes|02,1084,2024,DVF
Beuveille,2113,2024,DVF
Beuveille|54,2113,2024,DVF
Beuvillers,1842,2024,DVF
Beuvillers|14,1842,2024,DVF
Beuvillers|54,2669,2024,DVF
Beuvrages,1336,2024,DVF
Beuvrages|59,1336,2024,DVF
Beuvraignes,1448,2024,DVF
Beuvraignes|80,1448,2024,DVF
Beuvrequen,2757,2024,DVF
Beuvrequen|62,2757,2024,DVF
Beuvry,1646,2024,DVF
Beuvry-la-Forêt,2234,2024,DVF
Beuvry-la-Forêt|59,2234,2024,DVF
Beuvry|62,1646,2024,DVF
Beuxes,1082,2024,DVF
Beuxes|86,1082,2024,DVF
Beuzec-Cap-Sizun,1876,2024,DVF
Beuzec-Cap-Sizun|29,1876,2024,DVF
Beuzeville,2305,2024,DVF
Beuzeville-la-Grenier,2334,2024,DVF
Beuzeville-la-Grenier|76,2334,2024,DVF
Beuzevillette,1812,2024,DVF
Beuzevillette|76,1812,2024,DVF
Beuzeville|27,2305,2024,DVF
Bey,1448,2024,DVF
Beychac-et-Caillau,2746,2024,DVF
Beychac-et-Caillau|33,2746,2024,DVF
Beynac,1188,2024,DVF
Beynac-et-Cazenac,2036,2024,DVF
Beynac-et-Cazenac|24,2036,2024,DVF
Beynac|87,1188,2024,DVF
Beynat,1410,2024,DVF
Beynat|19,1410,2024,DVF
Beynes,3387,2024,DVF
Beynes|78,3387,2024,DVF
Beynost,3428,2024,DVF
Beynost|01,3428,2024,DVF
Beyssenac,1511,2024,DVF
Beyssenac|19,1511,2024,DVF
Bey|71,1448,2024,DVF
Bez-et-Esparon,1919,2024,DVF
Bez-et-Esparon|30,1919,2024,DVF
Bezannes,3640,2024,DVF
Bezannes|51,3640,2024,DVF
Bezons,4319,2024,DVF
Bezons|95,4319,2024,DVF
Bezouce,2951,2024,DVF
Bezouce|30,2951,2024,DVF
Biache-Saint-Vaast,1590,2024,DVF
Biache-Saint-Vaast|62,1590,2024,DVF
Biaches,1222,2024,DVF
Biaches|80,1222,2024,DVF
Biard,2420,2024,DVF
Biard|86,2420,2024,DVF
Biarritz,7822,2024,DVF
Biarritz|64,7822,2024,DVF
Biars-sur-Cère,1806,2024,DVF
Biars-sur-Cère|46,1806,2024,DVF
Bias,1575,2024,DVF
Bias|40,2515,2024,DVF
Bias|47,1575,2024,DVF
Biaudos,3166,2024,DVF
Biaudos|40,3166,2024,DVF
Bibost,3424,2024,DVF
Bibost|69,3424,2024,DVF
Bichancourt,1199,2024,DVF
Bichancourt|02,1199,2024,DVF
Biches,1166,2024,DVF
Biches|58,1166,2024,DVF
Bicqueley,1359,2024,DVF
Bicqueley|54,1359,2024,DVF
Bidache,2486,2024,DVF
Bidache|64,2486,2024,DVF
Bidart,6884,2024,DVF
Bidart|64,6884,2024,DVF
Bidos,1647,2024,DVF
Bidos|64,1647,2024,DVF
Bielle,1598,2024,DVF
Bielle|64,1598,2024,DVF
Bierne,2138,2024,DVF
Bierne|59,2138,2024,DVF
Bierné-les-Villages,1123,2024,DVF
Bierné-les-Villages|53,1123,2024,DVF
Biert,1503,2024,DVF
Biert|09,1503,2024,DVF
Biesles,1070,2024,DVF
Biesles|52,1070,2024,DVF
Bieujac,1712,2024,DVF
Bieujac|33,1712,2024,DVF
Biganos,3635,2024,DVF
Biganos|33,3635,2024,DVF
Bignan,2286,2024,DVF
Bignan|56,2286,2024,DVF
Bignay,1285,2024,DVF
Bignay|17,1285,2024,DVF
Bignicourt-sur-Marne,1511,2024,DVF
Bignicourt-sur-Marne|51,1511,2024,DVF
Bignoux,1816,2024,DVF
Bignoux|86,1816,2024,DVF
Biguglia,3277,2024,DVF
Biguglia|2B,3277,2024,DVF
Bihorel,2148,2024,DVF
Bihorel|76,2148,2024,DVF
Bihucourt,1101,2024,DVF
Bihucourt|62,1101,2024,DVF
Bilieu,2686,2024,DVF
Bilieu|38,2686,2024,DVF
Billancourt,1378,2024,DVF
Billancourt|80,1378,2024,DVF
Billezois,1112,2024,DVF
Billezois|03,1112,2024,DVF
Billiat,4062,2024,DVF
Billiat|01,4062,2024,DVF
Billiers,2707,2024,DVF
Billiers|56,2707,2024,DVF
Billio,1493,2024,DVF
Billio|56,1493,2024,DVF
Billom,1629,2024,DVF
Billom|63,1629,2024,DVF
Billy,1197,2024,DVF
Billy-Berclau,1840,2024,DVF
Billy-Berclau|62,1840,2024,DVF
Billy-Montigny,1459,2024,DVF
Billy-Montigny|62,1459,2024,DVF
Billy-lès-Chanceaux,972,2024,DVF
Billy-lès-Chanceaux|21,972,2024,DVF
Billy-sur-Aisne,1869,2024,DVF
Billy-sur-Aisne|02,1869,2024,DVF
Billy|03,1298,2024,DVF
Billy|41,1197,2024,DVF
Billère,2168,2024,DVF
Billère|64,2168,2024,DVF
Billé,1515,2024,DVF
Billé|35,1515,2024,DVF
Binas,1906,2024,DVF
Binas|41,1906,2024,DVF
Binges,2275,2024,DVF
Binges|21,2275,2024,DVF
Binic-Étables-sur-Mer,3192,2024,DVF
Binic-Étables-sur-Mer|22,3192,2024,DVF
Biol,2191,2024,DVF
Biol|38,2191,2024,DVF
Biot,5473,2024,DVF
Biot|06,5473,2024,DVF
Bioule,3304,2024,DVF
Bioule|82,3304,2024,DVF
Biozat,1421,2024,DVF
Biozat|03,1421,2024,DVF
Biriatou,2842,2024,DVF
Biriatou|64,2842,2024,DVF
Biron,1555,2024,DVF
Biron|17,1555,2024,DVF
Biron|64,1768,2024,DVF
Biscarrosse,3886,2024,DVF
Biscarrosse|40,3886,2024,DVF
Bissezeele,2080,2024,DVF
Bissezeele|59,2080,2024,DVF
Bitry,1482,2024,DVF
Bitry|58,1482,2024,DVF
Biviers,4455,2024,DVF
Biviers|38,4455,2024,DVF
Biville-la-Baignarde,1760,2024,DVF
Biville-la-Baignarde|76,1760,2024,DVF
Bizanet,2277,2024,DVF
Bizanet|11,2277,2024,DVF
Bizanos,2395,2024,DVF
Bizanos|64,2395,2024,DVF
Bize-Minervois,1684,2024,DVF
Bize-Minervois|11,1684,2024,DVF
Bizonnes,2821,2024,DVF
Bizonnes|38,2821,2024,DVF
Bièvres,4738,2024,DVF
Bièvres|91,4738,2024,DVF
Biéville-Beuville,3023,2024,DVF
Biéville-Beuville|14,3023,2024,DVF
Blacourt,2244,2024,DVF
Blacourt|60,2244,2024,DVF
Blacqueville,1841,2024,DVF
Blacqueville|76,1841,2024,DVF
Blacy,1461,2024,DVF
Blacy|51,1461,2024,DVF
Blacé,2519,2024,DVF
Blacé|69,2519,2024,DVF
Blagnac,3202,2024,DVF
Blagnac|31,3202,2024,DVF
Blagny,1398,2024,DVF
Blagny|08,1398,2024,DVF
Blain,2175,2024,DVF
Blaincourt-lès-Précy,3263,2024,DVF
Blaincourt-lès-Précy|60,3263,2024,DVF
Blainville-Crevon,1989,2024,DVF
Blainville-Crevon|76,1989,2024,DVF
Blainville-sur-Mer,2804,2024,DVF
Blainville-sur-Mer|50,2804,2024,DVF
Blainville-sur-Orne,2805,2024,DVF
Blainville-sur-Orne|14,2805,2024,DVF
Blainville-sur-l'Eau,1883,2024,DVF
Blainville-sur-l'Eau|54,1883,2024,DVF
Blain|44,2175,2024,DVF
Blaison-Saint-Sulpice,2614,2024,DVF
Blaison-Saint-Sulpice|49,2614,2024,DVF
Blajan,1285,2024,DVF
Blajan|31,1285,2024,DVF
Blamont,1924,2024,DVF
Blamont|25,1924,2024,DVF
Blancafort,1070,2024,DVF
Blancafort|18,1070,2024,DVF
Blancs-Coteaux,1550,2024,DVF
Blancs-Coteaux|51,1550,2024,DVF
Blandouet-Saint Jean,1506,2024,DVF
Blandouet-Saint Jean|53,1506,2024,DVF
Blangy-Tronville,2414,2024,DVF
Blangy-Tronville|80,2414,2024,DVF
Blangy-le-Château,2973,2024,DVF
Blangy-le-Château|14,2973,2024,DVF
Blangy-sur-Bresle,1573,2024,DVF
Blangy-sur-Bresle|76,1573,2024,DVF
Blangy-sur-Ternoise,867,2024,DVF
Blangy-sur-Ternoise|62,867,2024,DVF
Blanquefort,3329,2024,DVF
Blanquefort-sur-Briolance,1929,2024,DVF
Blanquefort-sur-Briolance|47,1929,2024,DVF
Blanquefort|33,3329,2024,DVF
Blanzat,2281,2024,DVF
Blanzat|63,2281,2024,DVF
Blanzay,1001,2024,DVF
Blanzay|86,1001,2024,DVF
Blanzy,1414,2024,DVF
Blanzy|71,1414,2024,DVF
Blaringhem,1919,2024,DVF
Blaringhem|59,1919,2024,DVF
Blaru,2646,2024,DVF
Blaru|78,2646,2024,DVF
Blasimon,1062,2024,DVF
Blasimon|33,1062,2024,DVF
Blausasc,4161,2024,DVF
Blausasc|06,4161,2024,DVF
Blauzac,3470,2024,DVF
Blauzac|30,3470,2024,DVF
Blavozy,2826,2024,DVF
Blavozy|43,2826,2024,DVF
Blaye,1668,2024,DVF
Blaye-les-Mines,1257,2024,DVF
Blaye-les-Mines|81,1257,2024,DVF
Blaye|33,1668,2024,DVF
Blaymont,1235,2024,DVF
Blaymont|47,1235,2024,DVF
Blendecques,1544,2024,DVF
Blendecques|62,1544,2024,DVF
Blennes,1443,2024,DVF
Blennes|77,1443,2024,DVF
Blesle,1526,2024,DVF
Blesle|43,1526,2024,DVF
Blessac,1157,2024,DVF
Blessac|23,1157,2024,DVF
Blessy,1357,2024,DVF
Blessy|62,1357,2024,DVF
Blet,774,2024,DVF
Bletterans,1759,2024,DVF
Bletterans|39,1759,2024,DVF
Blet|18,774,2024,DVF
Bleurville,1094,2024,DVF
Bleurville|88,1094,2024,DVF
Bligny-lès-Beaune,2678,2024,DVF
Bligny-lès-Beaune|21,2678,2024,DVF
Bligny-sur-Ouche,1516,2024,DVF
Bligny-sur-Ouche|21,1516,2024,DVF
Blois,1915,2024,DVF
Blois|41,1915,2024,DVF
Blond,1122,2024,DVF
Blond|87,1122,2024,DVF
Blonville-sur-Mer,4574,2024,DVF
Blonville-sur-Mer|14,4574,2024,DVF
Blosseville,2072,2024,DVF
Blosseville|76,2072,2024,DVF
Blosville,1580,2024,DVF
Blosville|50,1580,2024,DVF
Blou,2324,2024,DVF
Blou|49,2324,2024,DVF
Blussans,1613,2024,DVF
Blussans|25,1613,2024,DVF
Blyes,2953,2024,DVF
Blyes|01,2953,2024,DVF
Blâmont,1119,2024,DVF
Blâmont|54,1119,2024,DVF
Bléneau,1068,2024,DVF
Bléneau|89,1068,2024,DVF
Blénod-lès-Pont-à-Mousson,1835,2024,DVF
Blénod-lès-Pont-à-Mousson|54,1835,2024,DVF
Blénod-lès-Toul,1270,2024,DVF
Blénod-lès-Toul|54,1270,2024,DVF
Bléquin,1297,2024,DVF
Bléquin|62,1297,2024,DVF
Blérancourt,1460,2024,DVF
Blérancourt|02,1460,2024,DVF
Bléré,2569,2024,DVF
Bléré|37,2569,2024,DVF
Bobigny,3497,2024,DVF
Bobigny|93,3497,2024,DVF
Bobital,1926,2024,DVF
Bobital|22,1926,2024,DVF
Bodilis,1475,2024,DVF
Bodilis|29,1475,2024,DVF
Boeil-Bezing,2084,2024,DVF
Boeil-Bezing|64,2084,2024,DVF
Boeschepe,2236,2024,DVF
Boeschepe|59,2236,2024,DVF
Boffres,2009,2024,DVF
Boffres|07,2009,2024,DVF
Bogny-sur-Meuse,1192,2024,DVF
Bogny-sur-Meuse|08,1192,2024,DVF
Bogy,2402,2024,DVF
Bogy|07,2402,2024,DVF
Bogève,3120,2024,DVF
Bogève|74,3120,2024,DVF
Bohain-en-Vermandois,777,2024,DVF
Bohain-en-Vermandois|02,777,2024,DVF
Bohal,1561,2024,DVF
Bohal|56,1561,2024,DVF
Bohars,2556,2024,DVF
Bohars|29,2556,2024,DVF
Boigneville,1967,2024,DVF
Boigneville|91,1967,2024,DVF
Boigny-sur-Bionne,2150,2024,DVF
Boigny-sur-Bionne|45,2150,2024,DVF
Boiry-Saint-Martin,1483,2024,DVF
Boiry-Saint-Martin|62,1483,2024,DVF
Boiry-Sainte-Rictrude,1551,2024,DVF
Boiry-Sainte-Rictrude|62,1551,2024,DVF
Bois,1404,2024,DVF
Bois-Arnault,1093,2024,DVF
Bois-Arnault|27,1093,2024,DVF
Bois-Bernard,1902,2024,DVF
Bois-Bernard|62,1902,2024,DVF
Bois-Colombes,6674,2024,DVF
Bois-Colombes|92,6674,2024,DVF
Bois-Grenier,2823,2024,DVF
Bois-Grenier|59,2823,2024,DVF
Bois-Guillaume,3076,2024,DVF
Bois-Guillaume|76,3076,2024,DVF
Bois-Jérôme-Saint-Ouen,2377,2024,DVF
Bois-Jérôme-Saint-Ouen|27,2377,2024,DVF
Bois-Normand-près-Lyre,996,2024,DVF
Bois-Normand-près-Lyre|27,996,2024,DVF
Bois-d'Amont,2863,2024,DVF
Bois-d'Amont|39,2863,2024,DVF
Bois-d'Arcy,3438,2024,DVF
Bois-d'Arcy|78,3438,2024,DVF
Bois-de-Céné,1891,2024,DVF
Bois-de-Céné|85,1891,2024,DVF
Bois-de-Haye,2141,2024,DVF
Bois-de-Haye|54,2141,2024,DVF
Bois-le-Roi,3969,2024,DVF
Bois-le-Roi|27,1848,2024,DVF
Bois-le-Roi|77,3969,2024,DVF
Boischampré,1515,2024,DVF
Boischampré|61,1515,2024,DVF
Boiscommun,1723,2024,DVF
Boiscommun|45,1723,2024,DVF
Boisemont,3928,2024,DVF
Boisemont|95,3928,2024,DVF
Boisgervilly,1846,2024,DVF
Boisgervilly|35,1846,2024,DVF
Boismorand,1547,2024,DVF
Boismorand|45,1547,2024,DVF
Boismé,1203,2024,DVF
Boismé|79,1203,2024,DVF
Boisredon,1496,2024,DVF
Boisredon|17,1496,2024,DVF
Boisse-Penchot,869,2024,DVF
Boisse-Penchot|12,869,2024,DVF
Boisseaux,1442,2024,DVF
Boisseaux|45,1442,2024,DVF
Boisseron,3133,2024,DVF
Boisseron|34,3133,2024,DVF
Boisset,1260,2024,DVF
Boisset-Saint-Priest,1874,2024,DVF
Boisset-Saint-Priest|42,1874,2024,DVF
Boisset-et-Gaujac,2498,2024,DVF
Boisset-et-Gaujac|30,2498,2024,DVF
Boisset-lès-Montrond,2301,2024,DVF
Boisset-lès-Montrond|42,2301,2024,DVF
Boissettes,3827,2024,DVF
Boissettes|77,3827,2024,DVF
Boisset|15,1260,2024,DVF
Boisseuil,2140,2024,DVF
Boisseuil|87,2140,2024,DVF
Boissey,1950,2024,DVF
Boissey|01,1950,2024,DVF
Boissezon,1130,2024,DVF
Boissezon|81,1130,2024,DVF
Boissise-la-Bertrand,3439,2024,DVF
Boissise-la-Bertrand|77,3439,2024,DVF
Boissise-le-Roi,2872,2024,DVF
Boissise-le-Roi|77,2872,2024,DVF
Boissières,2135,2024,DVF
Boissières|30,2135,2024,DVF
Boissy-Fresnoy,2107,2024,DVF
Boissy-Fresnoy|60,2107,2024,DVF
Boissy-Saint-Léger,3338,2024,DVF
Boissy-Saint-Léger|94,3338,2024,DVF
Boissy-l'Aillerie,3004,2024,DVF
Boissy-l'Aillerie|95,3004,2024,DVF
Boissy-la-Rivière,2483,2024,DVF
Boissy-la-Rivière|91,2483,2024,DVF
Boissy-le-Châtel,2202,2024,DVF
Boissy-le-Châtel|77,2202,2024,DVF
Boissy-le-Cutté,2908,2024,DVF
Boissy-le-Cutté|91,2908,2024,DVF
Boissy-lès-Perche,1795,2024,DVF
Boissy-lès-Perche|28,1795,2024,DVF
Boissy-sans-Avoir,3694,2024,DVF
Boissy-sans-Avoir|78,3694,2024,DVF
Boissy-sous-Saint-Yon,3246,2024,DVF
Boissy-sous-Saint-Yon|91,3246,2024,DVF
Boistrudan,1695,2024,DVF
Boistrudan|35,1695,2024,DVF
Bois|17,1404,2024,DVF
Boivre-la-Vallée,1386,2024,DVF
Boivre-la-Vallée|86,1386,2024,DVF
Bolbec,1457,2024,DVF
Bolbec|76,1457,2024,DVF
Bolleville,1969,2024,DVF
Bolleville|76,1969,2024,DVF
Bollezeele,1839,2024,DVF
Bollezeele|59,1839,2024,DVF
Bollène,1953,2024,DVF
Bollène|84,1953,2024,DVF
Bologne,1238,2024,DVF
Bologne|52,1238,2024,DVF
Bolquère,3789,2024,DVF
Bolquère|66,3789,2024,DVF
Bombon,2769,2024,DVF
Bombon|77,2769,2024,DVF
Bompas,2474,2024,DVF
Bompas|66,2474,2024,DVF
Bomy,1508,2024,DVF
Bomy|62,1508,2024,DVF
Bon Repos sur Blavet,1306,2024,DVF
Bon Repos sur Blavet|22,1306,2024,DVF
Bon-Encontre,1873,2024,DVF
Bon-Encontre|47,1873,2024,DVF
Bonac-Irazein,2402,2024,DVF
Bonac-Irazein|09,2402,2024,DVF
Bonchamp-lès-Laval,2245,2024,DVF
Bonchamp-lès-Laval|53,2245,2024,DVF
Boncourt,2439,2024,DVF
Boncourt-sur-Meuse,1091,2024,DVF
Boncourt-sur-Meuse|55,1091,2024,DVF
Boncourt|28,2439,2024,DVF
Bondoufle,3049,2024,DVF
Bondoufle|91,3049,2024,DVF
Bondues,4243,2024,DVF
Bondues|59,4243,2024,DVF
Bondy,3236,2024,DVF
Bondy|93,3236,2024,DVF
Bonifacio,5017,2024,DVF
Bonifacio|2A,5017,2024,DVF
Bonnac,1469,2024,DVF
Bonnac-la-Côte,1515,2024,DVF
Bonnac-la-Côte|87,1515,2024,DVF
Bonnac|09,1469,2024,DVF
Bonnard,1532,2024,DVF
Bonnard|89,1532,2024,DVF
Bonnat,1008,2024,DVF
Bonnat|23,1008,2024,DVF
Bonnay,2017,2024,DVF
Bonnay-Saint-Ythaire,1521,2024,DVF
Bonnay-Saint-Ythaire|71,1521,2024,DVF
Bonnay|25,2017,2024,DVF
Bonne,4366,2024,DVF
Bonnebosq,2649,2024,DVF
Bonnebosq|14,2649,2024,DVF
Bonnefont,1351,2024,DVF
Bonnefont|65,1351,2024,DVF
Bonneil,1827,2024,DVF
Bonneil|02,1827,2024,DVF
Bonnelles,3526,2024,DVF
Bonnelles|78,3526,2024,DVF
Bonnemain,1931,2024,DVF
Bonnemain|35,1931,2024,DVF
Bonnemaison,2018,2024,DVF
Bonnemaison|14,2018,2024,DVF
Bonnencontre,1377,2024,DVF
Bonnencontre|21,1377,2024,DVF
Bonnes,1405,2024,DVF
Bonnes|16,1704,2024,DVF
Bonnes|86,1405,2024,DVF
Bonnetan,3926,2024,DVF
Bonnetan|33,3926,2024,DVF
Bonneuil-Matours,1532,2024,DVF
Bonneuil-Matours|86,1532,2024,DVF
Bonneuil-en-France,4174,2024,DVF
Bonneuil-en-France|95,4174,2024,DVF
Bonneuil-en-Valois,1961,2024,DVF
Bonneuil-en-Valois|60,1961,2024,DVF
Bonneuil-sur-Marne,4075,2024,DVF
Bonneuil-sur-Marne|94,4075,2024,DVF
Bonneval,1628,2024,DVF
Bonneval|28,1628,2024,DVF
Bonneveau,943,2024,DVF
Bonneveau|41,943,2024,DVF
Bonneville,3323,2024,DVF
Bonneville-Aptot,1952,2024,DVF
Bonneville-Aptot|27,1952,2024,DVF
Bonneville-la-Louvet,2637,2024,DVF
Bonneville-la-Louvet|14,2637,2024,DVF
Bonneville-sur-Touques,4456,2024,DVF
Bonneville-sur-Touques|14,4456,2024,DVF
Bonneville|74,3323,2024,DVF
Bonne|74,4366,2024,DVF
Bonnieux,5349,2024,DVF
Bonnieux|84,5349,2024,DVF
Bonnières,1971,2024,DVF
Bonnières-sur-Seine,2590,2024,DVF
Bonnières-sur-Seine|78,2590,2024,DVF
Bonnières|60,1971,2024,DVF
Bonny-sur-Loire,1222,2024,DVF
Bonny-sur-Loire|45,1222,2024,DVF
Bonnée,1219,2024,DVF
Bonnée|45,1219,2024,DVF
Bonnétable,1233,2024,DVF
Bonnétable|72,1233,2024,DVF
Bonrepos-sur-Aussonnelle,3487,2024,DVF
Bonrepos-sur-Aussonnelle|31,3487,2024,DVF
Bons-Tassilly,2061,2024,DVF
Bons-Tassilly|14,2061,2024,DVF
Bons-en-Chablais,4351,2024,DVF
Bons-en-Chablais|74,4351,2024,DVF
Bonsecours,2410,2024,DVF
Bonsecours|76,2410,2024,DVF
Bonson,2378,2024,DVF
Bonson|06,3534,2024,DVF
Bonson|42,2378,2024,DVF
Boos,2419,2024,DVF
Boos|76,2419,2024,DVF
Boqueho,1428,2024,DVF
Boqueho|22,1428,2024,DVF
Boran-sur-Oise,3233,2024,DVF
Boran-sur-Oise|60,3233,2024,DVF
Bord-Saint-Georges,921,2024,DVF
Bord-Saint-Georges|23,921,2024,DVF
Bordeaux,4549,2024,DVF
Bordeaux-Saint-Clair,3198,2024,DVF
Bordeaux-Saint-Clair|76,3198,2024,DVF
Bordeaux|33,4549,2024,DVF
Bordes,2266,2024,DVF
Bordes-Uchentein,1915,2024,DVF
Bordes-Uchentein|09,1915,2024,DVF
Bordes-de-Rivière,1614,2024,DVF
Bordes-de-Rivière|31,1614,2024,DVF
Bordes|64,2266,2024,DVF
Bords,1306,2024,DVF
Bords|17,1306,2024,DVF
Bordères-Louron,2618,2024,DVF
Bordères-Louron|65,2618,2024,DVF
Bordères-et-Lamensans,1765,2024,DVF
Bordères-et-Lamensans|40,1765,2024,DVF
Bordères-sur-l'Échez,1698,2024,DVF
Bordères-sur-l'Échez|65,1698,2024,DVF
Borgo,3274,2024,DVF
Borgo|2B,3274,2024,DVF
Bormes-les-Mimosas,5998,2024,DVF
Bormes-les-Mimosas|83,5998,2024,DVF
Bornel,2795,2024,DVF
Bornel|60,2795,2024,DVF
Borre,2216,2024,DVF
Borre|59,2216,2024,DVF
Bort-l'Étang,1590,2024,DVF
Bort-l'Étang|63,1590,2024,DVF
Bort-les-Orgues,943,2024,DVF
Bort-les-Orgues|19,943,2024,DVF
Bosc-Guérard-Saint-Adrien,2379,2024,DVF
Bosc-Guérard-Saint-Adrien|76,2379,2024,DVF
Bosc-Hyons,2326,2024,DVF
Bosc-Hyons|76,2326,2024,DVF
Bosc-le-Hard,1649,2024,DVF
Bosc-le-Hard|76,1649,2024,DVF
Bosdarros,2339,2024,DVF
Bosdarros|64,2339,2024,DVF
Bosgouet,2106,2024,DVF
Bosgouet|27,2106,2024,DVF
Bosmie-l'Aiguille,1770,2024,DVF
Bosmie-l'Aiguille|87,1770,2024,DVF
Bosquel,1489,2024,DVF
Bosquel|80,1489,2024,DVF
Bosrobert,1679,2024,DVF
Bosrobert|27,1679,2024,DVF
Bosroumois,2089,2024,DVF
Bosroumois|27,2089,2024,DVF
Bossay-sur-Claise,999,2024,DVF
Bossay-sur-Claise|37,999,2024,DVF
Bossey,5834,2024,DVF
Bossey|74,5834,2024,DVF
Bossée,1548,2024,DVF
Bossée|37,1548,2024,DVF
Bosville,1687,2024,DVF
Bosville|76,1687,2024,DVF
Botans,1536,2024,DVF
Botans|90,1536,2024,DVF
Botsorhel,910,2024,DVF
Botsorhel|29,910,2024,DVF
Bou,1952,2024,DVF
Bouafle,2840,2024,DVF
Bouafle|78,2840,2024,DVF
Bouaye,3098,2024,DVF
Bouaye|44,3098,2024,DVF
Boubers-sur-Canche,1302,2024,DVF
Boubers-sur-Canche|62,1302,2024,DVF
Bouc-Bel-Air,5322,2024,DVF
Bouc-Bel-Air|13,5322,2024,DVF
Boucau,4013,2024,DVF
Boucau|64,4013,2024,DVF
Bouchain,1575,2024,DVF
Bouchain|59,1575,2024,DVF
Bouchamps-lès-Craon,1509,2024,DVF
Bouchamps-lès-Craon|53,1509,2024,DVF
Bouchemaine,3358,2024,DVF
Bouchemaine|49,3358,2024,DVF
Bouchet,3209,2024,DVF
Bouchet|26,3209,2024,DVF
Boucieu-le-Roi,1748,2024,DVF
Boucieu-le-Roi|07,1748,2024,DVF
Bouclans,1666,2024,DVF
Bouclans|25,1666,2024,DVF
Boucoiran-et-Nozières,2510,2024,DVF
Boucoiran-et-Nozières|30,2510,2024,DVF
Boucé,1356,2024,DVF
Boucé|03,1967,2024,DVF
Boucé|61,1356,2024,DVF
Boudou,1580,2024,DVF
Boudou|82,1580,2024,DVF
Boueilh-Boueilho-Lasque,1311,2024,DVF
Boueilh-Boueilho-Lasque|64,1311,2024,DVF
Bouelles,1151,2024,DVF
Bouelles|76,1151,2024,DVF
Bouessay,1823,2024,DVF
Bouessay|53,1823,2024,DVF
Bouesse,1143,2024,DVF
Bouesse|36,1143,2024,DVF
Bouffémont,3400,2024,DVF
Bouffémont|95,3400,2024,DVF
Bougainville,2150,2024,DVF
Bougainville|80,2150,2024,DVF
Bougarber,2636,2024,DVF
Bougarber|64,2636,2024,DVF
Bougival,4805,2024,DVF
Bougival|78,4805,2024,DVF
Bouglainval,2065,2024,DVF
Bouglainval|28,2065,2024,DVF
Bougligny,2035,2024,DVF
Bougligny|77,2035,2024,DVF
Bougneau,1808,2024,DVF
Bougneau|17,1808,2024,DVF
Bougnon,1315,2024,DVF
Bougnon|70,1315,2024,DVF
Bouguenais,3033,2024,DVF
Bouguenais|44,3033,2024,DVF
Bougé-Chambalud,2260,2024,DVF
Bougé-Chambalud|38,2260,2024,DVF
Bouhet,2160,2024,DVF
Bouhet|17,2160,2024,DVF
Bouhy,934,2024,DVF
Bouhy|58,934,2024,DVF
Bouillac,1886,2024,DVF
Bouillac|12,676,2024,DVF
Bouillac|82,1886,2024,DVF
Bouillancourt-en-Séry,1584,2024,DVF
Bouillancourt-en-Séry|80,1584,2024,DVF
Bouilland,1934,2024,DVF
Bouilland|21,1934,2024,DVF
Bouillargues,2506,2024,DVF
Bouillargues|30,2506,2024,DVF
Bouilly,1802,2024,DVF
Bouilly-en-Gâtinais,1794,2024,DVF
Bouilly-en-Gâtinais|45,1794,2024,DVF
Bouilly|10,1802,2024,DVF
Bouillé-Ménard,1061,2024,DVF
Bouillé-Ménard|49,1061,2024,DVF
Bouin,2334,2024,DVF
Bouin-Plumoison,1669,2024,DVF
Bouin-Plumoison|62,1669,2024,DVF
Bouin|85,2334,2024,DVF
Boujailles,1852,2024,DVF
Boujailles|25,1852,2024,DVF
Boujan-sur-Libron,2437,2024,DVF
Boujan-sur-Libron|34,2437,2024,DVF
Boulazac Isle Manoire,1999,2024,DVF
Boulazac Isle Manoire|24,1999,2024,DVF
Boulbon,4366,2024,DVF
Boulbon|13,4366,2024,DVF
Bouleternère,1628,2024,DVF
Bouleternère|66,1628,2024,DVF
Bouleurs,3326,2024,DVF
Bouleurs|77,3326,2024,DVF
Bouliac,4200,2024,DVF
Bouliac|33,4200,2024,DVF
Boulieu-lès-Annonay,2028,2024,DVF
Boulieu-lès-Annonay|07,2028,2024,DVF
Bouligney,1143,2024,DVF
Bouligney|70,1143,2024,DVF
Bouligny,1230,2024,DVF
Bouligny|55,1230,2024,DVF
Boulin,1912,2024,DVF
Boulin|65,1912,2024,DVF
Boulleret,1272,2024,DVF
Boulleret|18,1272,2024,DVF
Boulleville,2293,2024,DVF
Boulleville|27,2293,2024,DVF
Bouloc,2593,2024,DVF
Bouloc|31,2593,2024,DVF
Boulogne-Billancourt,8313,2024,DVF
Boulogne-Billancourt|92,8313,2024,DVF
Boulogne-sur-Gesse,1359,2024,DVF
Boulogne-sur-Gesse|31,1359,2024,DVF
Boulogne-sur-Mer,1800,2024,DVF
Boulogne-sur-Mer|62,1800,2024,DVF
Bouloire,1360,2024,DVF
Bouloire|72,1360,2024,DVF
Boulon,1595,2024,DVF
Boulon|14,1595,2024,DVF
Boulot,2134,2024,DVF
Boulot|70,2134,2024,DVF
Boult-aux-Bois,650,2024,DVF
Boult-aux-Bois|08,650,2024,DVF
Boult-sur-Suippe,2262,2024,DVF
Boult-sur-Suippe|51,2262,2024,DVF
Boulzicourt,1275,2024,DVF
Boulzicourt|08,1275,2024,DVF
Bouquehault,1710,2024,DVF
Bouquehault|62,1710,2024,DVF
Bouquemaison,1310,2024,DVF
Bouquemaison|80,1310,2024,DVF
Bouquetot,2652,2024,DVF
Bouquetot|27,2652,2024,DVF
Bouray-sur-Juine,2917,2024,DVF
Bouray-sur-Juine|91,2917,2024,DVF
Bourbon-Lancy,1229,2024,DVF
Bourbon-Lancy|71,1229,2024,DVF
Bourbon-l'Archambault,1230,2024,DVF
Bourbon-l'Archambault|03,1230,2024,DVF
Bourbonne-les-Bains,820,2024,DVF
Bourbonne-les-Bains|52,820,2024,DVF
Bourbourg,1695,2024,DVF
Bourbourg|59,1695,2024,DVF
Bourbriac,1556,2024,DVF
Bourbriac|22,1556,2024,DVF
Bourcefranc-le-Chapus,2297,2024,DVF
Bourcefranc-le-Chapus|17,2297,2024,DVF
Bourdeaux,1602,2024,DVF
Bourdeaux|26,1602,2024,DVF
Bourdeilles,1726,2024,DVF
Bourdeilles|24,1726,2024,DVF
Bourdettes,2124,2024,DVF
Bourdettes|64,2124,2024,DVF
Bourdic,3975,2024,DVF
Bourdic|30,3975,2024,DVF
Bourdonné,3608,2024,DVF
Bourdonné|78,3608,2024,DVF
Bourecq,1086,2024,DVF
Bourecq|62,1086,2024,DVF
Bouresse,1349,2024,DVF
Bouresse|86,1349,2024,DVF
Bourg,1532,2024,DVF
Bourg-Achard,2310,2024,DVF
Bourg-Achard|27,2310,2024,DVF
Bourg-Argental,1491,2024,DVF
Bourg-Argental|42,1491,2024,DVF
Bourg-Beaudouin,2033,2024,DVF
Bourg-Beaudouin|27,2033,2024,DVF
Bourg-Blanc,2089,2024,DVF
Bourg-Blanc|29,2089,2024,DVF
Bourg-Charente,1497,2024,DVF
Bourg-Charente|16,1497,2024,DVF
Bourg-Fidèle,1280,2024,DVF
Bourg-Fidèle|08,1280,2024,DVF
Bourg-Lastic,1042,2024,DVF
Bourg-Lastic|63,1042,2024,DVF
Bourg-Madame,3108,2024,DVF
Bourg-Madame|66,3108,2024,DVF
Bourg-Saint-Andéol,1787,2024,DVF
Bourg-Saint-Andéol|07,1787,2024,DVF
Bourg-Saint-Bernard,1783,2024,DVF
Bourg-Saint-Bernard|31,1783,2024,DVF
Bourg-Saint-Christophe,2777,2024,DVF
Bourg-Saint-Christophe|01,2777,2024,DVF
Bourg-Saint-Maurice,5798,2024,DVF
Bourg-Saint-Maurice|73,5798,2024,DVF
Bourg-de-Péage,2197,2024,DVF
Bourg-de-Péage|26,2197,2024,DVF
Bourg-des-Comptes,2361,2024,DVF
Bourg-des-Comptes|35,2361,2024,DVF
Bourg-en-Bresse,2083,2024,DVF
Bourg-en-Bresse|01,2083,2024,DVF
Bourg-et-Comin,1557,2024,DVF
Bourg-et-Comin|02,1557,2024,DVF
Bourg-l'Évêque,1214,2024,DVF
Bourg-l'Évêque|49,1214,2024,DVF
Bourg-la-Reine,5582,2024,DVF
Bourg-la-Reine|92,5582,2024,DVF
Bourg-lès-Valence,2201,2024,DVF
Bourg-lès-Valence|26,2201,2024,DVF
Bourganeuf,812,2024,DVF
Bourganeuf|23,812,2024,DVF
Bourgbarré,2515,2024,DVF
Bourgbarré|35,2515,2024,DVF
Bourges,1697,2024,DVF
Bourges|18,1697,2024,DVF
Bourghelles,2856,2024,DVF
Bourghelles|59,2856,2024,DVF
Bourgneuf,3141,2024,DVF
Bourgneuf|17,3141,2024,DVF
Bourgneuf|73,2699,2024,DVF
Bourgogne-Fresne,2426,2024,DVF
Bourgogne-Fresne|51,2426,2024,DVF
Bourgoin-Jallieu,2613,2024,DVF
Bourgoin-Jallieu|38,2613,2024,DVF
Bourgon,1070,2024,DVF
Bourgon|53,1070,2024,DVF
Bourgs sur Colagne,1544,2024,DVF
Bourgs sur Colagne|48,1544,2024,DVF
Bourgueil,1691,2024,DVF
Bourgueil|37,1691,2024,DVF
Bourguenolles,1907,2024,DVF
Bourguenolles|50,1907,2024,DVF
Bourguignon,1728,2024,DVF
Bourguignon|25,1728,2024,DVF
Bourguébus,2643,2024,DVF
Bourguébus|14,2643,2024,DVF
Bourgvallées,1513,2024,DVF
Bourgvallées|50,1513,2024,DVF
Bourg|33,1532,2024,DVF
Bourlon,1158,2024,DVF
Bourlon|62,1158,2024,DVF
Bourmont-entre-Meuse-et-Mouzon,674,2024,DVF
Bourmont-entre-Meuse-et-Mouzon|52,674,2024,DVF
Bournainville-Faverolles,2073,2024,DVF
Bournainville-Faverolles|27,2073,2024,DVF
Bourneau,1473,2024,DVF
Bourneau|85,1473,2024,DVF
Bourneville-Sainte-Croix,1887,2024,DVF
Bourneville-Sainte-Croix|27,1887,2024,DVF
Bournezeau,1802,2024,DVF
Bournezeau|85,1802,2024,DVF
Bournoncle-Saint-Pierre,1591,2024,DVF
Bournoncle-Saint-Pierre|43,1591,2024,DVF
Bourogne,1728,2024,DVF
Bourogne|90,1728,2024,DVF
Bourran,1552,2024,DVF
Bourran|47,1552,2024,DVF
Bourret,1722,2024,DVF
Bourret|82,1722,2024,DVF
Bourriot-Bergonce,1529,2024,DVF
Bourriot-Bergonce|40,1529,2024,DVF
Bourron-Marlotte,4149,2024,DVF
Bourron-Marlotte|77,4149,2024,DVF
Bours,1540,2024,DVF
Boursault,1976,2024,DVF
Boursault|51,1976,2024,DVF
Boursay,922,2024,DVF
Boursay|41,922,2024,DVF
Bourseul,1729,2024,DVF
Bourseul|22,1729,2024,DVF
Bourseville,1754,2024,DVF
Bourseville|80,1754,2024,DVF
Bours|62,1943,2024,DVF
Bours|65,1540,2024,DVF
Bourth,1936,2024,DVF
Bourthes,1212,2024,DVF
Bourthes|62,1212,2024,DVF
Bourth|27,1936,2024,DVF
Boury-en-Vexin,2388,2024,DVF
Boury-en-Vexin|60,2388,2024,DVF
Bousbecque,2752,2024,DVF
Bousbecque|59,2752,2024,DVF
Bousies,1395,2024,DVF
Bousies|59,1395,2024,DVF
Bousignies,2189,2024,DVF
Bousignies-sur-Roc,1254,2024,DVF
Bousignies-sur-Roc|59,1254,2024,DVF
Bousignies|59,2189,2024,DVF
Boussac,1202,2024,DVF
Boussac-Bourg,1221,2024,DVF
Boussac-Bourg|23,1221,2024,DVF
Boussac|23,1202,2024,DVF
Boussais,1156,2024,DVF
Boussais|79,1156,2024,DVF
Boussay,1861,2024,DVF
Boussay|37,1710,2024,DVF
Boussay|44,1861,2024,DVF
Boussenac,1828,2024,DVF
Boussenac|09,1828,2024,DVF
Boussens,1755,2024,DVF
Boussens|31,1755,2024,DVF
Boussières,2172,2024,DVF
Boussières-sur-Sambre,1738,2024,DVF
Boussières-sur-Sambre|59,1738,2024,DVF
Boussières|25,2172,2024,DVF
Boussois,1251,2024,DVF
Boussois|59,1251,2024,DVF
Boussy-Saint-Antoine,2769,2024,DVF
Boussy-Saint-Antoine|91,2769,2024,DVF
Bout-du-Pont-de-Larn,1535,2024,DVF
Bout-du-Pont-de-Larn|81,1535,2024,DVF
Boutenac,1658,2024,DVF
Boutenac|11,1658,2024,DVF
Boutiers-Saint-Trojan,1559,2024,DVF
Boutiers-Saint-Trojan|16,1559,2024,DVF
Boutigny,2588,2024,DVF
Boutigny-Prouais,3090,2024,DVF
Boutigny-Prouais|28,3090,2024,DVF
Boutigny-sur-Essonne,2863,2024,DVF
Boutigny-sur-Essonne|91,2863,2024,DVF
Boutigny|77,2588,2024,DVF
Bouttencourt,1386,2024,DVF
Bouttencourt|80,1386,2024,DVF
Boutx,1712,2024,DVF
Boutx|31,1712,2024,DVF
Bouvaincourt-sur-Bresle,1634,2024,DVF
Bouvaincourt-sur-Bresle|80,1634,2024,DVF
Bouverans,2523,2024,DVF
Bouverans|25,2523,2024,DVF
Bouvesse-Quirieu,2114,2024,DVF
Bouvesse-Quirieu|38,2114,2024,DVF
Bouvignies,2004,2024,DVF
Bouvignies|59,2004,2024,DVF
Bouvigny-Boyeffles,1842,2024,DVF
Bouvigny-Boyeffles|62,1842,2024,DVF
Bouville,1981,2024,DVF
Bouville|76,1981,2024,DVF
Bouvron,2222,2024,DVF
Bouvron|44,2222,2024,DVF
Bouxières-aux-Chênes,2129,2024,DVF
Bouxières-aux-Chênes|54,2129,2024,DVF
Bouxières-aux-Dames,2014,2024,DVF
Bouxières-aux-Dames|54,2014,2024,DVF
Bouyon,2766,2024,DVF
Bouyon|06,2766,2024,DVF
Bouzel,2426,2024,DVF
Bouzel|63,2426,2024,DVF
Bouzigues,4576,2024,DVF
Bouzigues|34,4576,2024,DVF
Bouzincourt,1201,2024,DVF
Bouzincourt|80,1201,2024,DVF
Bouzy,1785,2024,DVF
Bouzy-la-Forêt,1788,2024,DVF
Bouzy-la-Forêt|45,1788,2024,DVF
Bouzy|51,1785,2024,DVF
Bou|45,1952,2024,DVF
Bouère,1109,2024,DVF
Bouère|53,1109,2024,DVF
Boué,1100,2024,DVF
Bouée,3060,2024,DVF
Bouée|44,3060,2024,DVF
Boué|02,1100,2024,DVF
Bovelles,1969,2024,DVF
Bovelles|80,1969,2024,DVF
Boves,2135,2024,DVF
Boves|80,2135,2024,DVF
Boyeux-Saint-Jérôme,1364,2024,DVF
Boyeux-Saint-Jérôme|01,1364,2024,DVF
Boynes,1311,2024,DVF
Boynes|45,1311,2024,DVF
Boz,2048,2024,DVF
Bozel,5439,2024,DVF
Bozel|73,5439,2024,DVF
Bozouls,1801,2024,DVF
Bozouls|12,1801,2024,DVF
Boz|01,2048,2024,DVF
Boé,2037,2024,DVF
Boé|47,2037,2024,DVF
Boëge,3723,2024,DVF
Boëge|74,3723,2024,DVF
Boën-sur-Lignon,1459,2024,DVF
Boën-sur-Lignon|42,1459,2024,DVF
Boëssé-le-Sec,1104,2024,DVF
Boëssé-le-Sec|72,1104,2024,DVF
Boô-Silhen,2870,2024,DVF
Boô-Silhen|65,2870,2024,DVF
Brachy,1988,2024,DVF
Brachy|76,1988,2024,DVF
Bracieux,2140,2024,DVF
Bracieux|41,2140,2024,DVF
Bragny-sur-Saône,1528,2024,DVF
Bragny-sur-Saône|71,1528,2024,DVF
Brain-sur-Allonnes,1502,2024,DVF
Brain-sur-Allonnes|49,1502,2024,DVF
Braine,1395,2024,DVF
Braine|02,1395,2024,DVF
Brains,2879,2024,DVF
Brains-sur-Gée,1386,2024,DVF
Brains-sur-Gée|72,1386,2024,DVF
Brains|44,2879,2024,DVF
Braize,1067,2024,DVF
Braize|03,1067,2024,DVF
Bram,1314,2024,DVF
Bram|11,1314,2024,DVF
Branceilles,1829,2024,DVF
Branceilles|19,1829,2024,DVF
Branches,1702,2024,DVF
Branches|89,1702,2024,DVF
Brandivy,2229,2024,DVF
Brandivy|56,2229,2024,DVF
Brando,4465,2024,DVF
Brando|2B,4465,2024,DVF
Brandérion,2360,2024,DVF
Brandérion|56,2360,2024,DVF
Branges,1543,2024,DVF
Branges|71,1543,2024,DVF
Brannay,2168,2024,DVF
Brannay|89,2168,2024,DVF
Branne,2048,2024,DVF
Branne|33,2048,2024,DVF
Branoux-les-Taillades,1309,2024,DVF
Branoux-les-Taillades|30,1309,2024,DVF
Bransat,981,2024,DVF
Bransat|03,981,2024,DVF
Branscourt,1976,2024,DVF
Branscourt|51,1976,2024,DVF
Brantôme en Périgord,1808,2024,DVF
Brantôme en Périgord|24,1808,2024,DVF
Bras,2857,2024,DVF
Bras-d'Asse,2373,2024,DVF
Bras-d'Asse|04,2373,2024,DVF
Bras-sur-Meuse,1414,2024,DVF
Bras-sur-Meuse|55,1414,2024,DVF
Brasles,2107,2024,DVF
Brasles|02,2107,2024,DVF
Brasparts,1078,2024,DVF
Brasparts|29,1078,2024,DVF
Brassac,1284,2024,DVF
Brassac-les-Mines,1216,2024,DVF
Brassac-les-Mines|63,1216,2024,DVF
Brassac|81,1284,2024,DVF
Brassy,1489,2024,DVF
Brassy|58,1489,2024,DVF
Bras|83,2857,2024,DVF
Braud-et-Saint-Louis,1639,2024,DVF
Braud-et-Saint-Louis|33,1639,2024,DVF
Brax,3092,2024,DVF
Brax|31,3092,2024,DVF
Brax|47,2186,2024,DVF
Bray-Dunes,3146,2024,DVF
Bray-Dunes|59,3146,2024,DVF
Bray-Saint-Aignan,1727,2024,DVF
Bray-Saint-Aignan|45,1727,2024,DVF
Bray-et-Lû,2489,2024,DVF
Bray-et-Lû|95,2489,2024,DVF
Bray-sur-Seine,1702,2024,DVF
Bray-sur-Seine|77,1702,2024,DVF
Bray-sur-Somme,1415,2024,DVF
Bray-sur-Somme|80,1415,2024,DVF
Brazey-en-Plaine,2076,2024,DVF
Brazey-en-Plaine|21,2076,2024,DVF
Brebières,1826,2024,DVF
Brebières|62,1826,2024,DVF
Brech,3073,2024,DVF
Brech|56,3073,2024,DVF
Brecé,1657,2024,DVF
Brecé|53,1657,2024,DVF
Breil-sur-Roya,1864,2024,DVF
Breil-sur-Roya|06,1864,2024,DVF
Breilly,1720,2024,DVF
Breilly|80,1720,2024,DVF
Brem-sur-Mer,3227,2024,DVF
Brem-sur-Mer|85,3227,2024,DVF
Bren,1815,2024,DVF
Brennilis,1212,2024,DVF
Brennilis|29,1212,2024,DVF
Brenouille,2460,2024,DVF
Brenouille|60,2460,2024,DVF
Brens,2069,2024,DVF
Brens|01,1970,2024,DVF
Brens|81,2069,2024,DVF
Brenthonne,4696,2024,DVF
Brenthonne|74,4696,2024,DVF
Bren|26,1815,2024,DVF
Bresdon,1143,2024,DVF
Bresdon|17,1143,2024,DVF
Bresles,1952,2024,DVF
Bresles|60,1952,2024,DVF
Bresse Vallons,2134,2024,DVF
Bresse Vallons|01,2134,2024,DVF
Bressey-sur-Tille,2655,2024,DVF
Bressey-sur-Tille|21,2655,2024,DVF
Bressolles,3084,2024,DVF
Bressolles|01,3084,2024,DVF
Bressolles|03,1777,2024,DVF
Bressols,2498,2024,DVF
Bressols|82,2498,2024,DVF
Bressuire,1510,2024,DVF
Bressuire|79,1510,2024,DVF
Brest,2278,2024,DVF
Brestot,1497,2024,DVF
Brestot|27,1497,2024,DVF
Brest|29,2278,2024,DVF
Bretagne-d'Armagnac,1312,2024,DVF
Bretagne-d'Armagnac|32,1312,2024,DVF
Bretagne-de-Marsan,2200,2024,DVF
Bretagne-de-Marsan|40,2200,2024,DVF
Breteil,2202,2024,DVF
Breteil|35,2202,2024,DVF
Bretenière,2673,2024,DVF
Bretenière|21,2673,2024,DVF
Bretenoux,1378,2024,DVF
Bretenoux|46,1378,2024,DVF
Breteuil,1466,2024,DVF
Breteuil|27,1466,2024,DVF
Breteuil|60,1878,2024,DVF
Bretignolles,1315,2024,DVF
Bretignolles-sur-Mer,4045,2024,DVF
Bretignolles-sur-Mer|85,4045,2024,DVF
Bretignolles|79,1315,2024,DVF
Bretigny,3036,2024,DVF
Bretigny|21,3036,2024,DVF
Bretoncelles,1410,2024,DVF
Bretoncelles|61,1410,2024,DVF
Brette-les-Pins,1710,2024,DVF
Brette-les-Pins|72,1710,2024,DVF
Brettes,723,2024,DVF
Brettes|16,723,2024,DVF
Bretteville,2725,2024,DVF
Bretteville-du-Grand-Caux,2237,2024,DVF
Bretteville-du-Grand-Caux|76,2237,2024,DVF
Bretteville-sur-Ay,2896,2024,DVF
Bretteville-sur-Ay|50,2896,2024,DVF
Bretteville-sur-Laize,2569,2024,DVF
Bretteville-sur-Laize|14,2569,2024,DVF
Bretteville-sur-Odon,3056,2024,DVF
Bretteville-sur-Odon|14,3056,2024,DVF
Bretteville|50,2725,2024,DVF
Breuches,952,2024,DVF
Breuches|70,952,2024,DVF
Breuil-Bois-Robert,2588,2024,DVF
Breuil-Bois-Robert|78,2588,2024,DVF
Breuil-Magné,2728,2024,DVF
Breuil-Magné|17,2728,2024,DVF
Breuil-le-Sec,2307,2024,DVF
Breuil-le-Sec|60,2307,2024,DVF
Breuil-le-Vert,2214,2024,DVF
Breuil-le-Vert|60,2214,2024,DVF
Breuillet,3086,2024,DVF
Breuillet|17,3305,2024,DVF
Breuillet|91,3086,2024,DVF
Breuilpont,2023,2024,DVF
Breuilpont|27,2023,2024,DVF
Breurey-lès-Faverney,854,2024,DVF
Breurey-lès-Faverney|70,854,2024,DVF
Breux-Jouy,2891,2024,DVF
Breux-Jouy|91,2891,2024,DVF
Brevans,2953,2024,DVF
Brevans|39,2953,2024,DVF
Brevilliers,1555,2024,DVF
Brevilliers|70,1555,2024,DVF
Brezolles,1519,2024,DVF
Brezolles|28,1519,2024,DVF
Briantes,918,2024,DVF
Briantes|36,918,2024,DVF
Briançon,3056,2024,DVF
Briançon|05,3056,2024,DVF
Briare,1635,2024,DVF
Briare|45,1635,2024,DVF
Briarres-sur-Essonne,1773,2024,DVF
Briarres-sur-Essonne|45,1773,2024,DVF
Briastre,1117,2024,DVF
Briastre|59,1117,2024,DVF
Briatexte,1732,2024,DVF
Briatexte|81,1732,2024,DVF
Briaucourt,879,2024,DVF
Briaucourt|52,879,2024,DVF
Bricquebec-en-Cotentin,1918,2024,DVF
Bricquebec-en-Cotentin|50,1918,2024,DVF
Bricquebosq,2186,2024,DVF
Bricquebosq|50,2186,2024,DVF
Bricqueville-sur-Mer,2348,2024,DVF
Bricqueville-sur-Mer|50,2348,2024,DVF
Brides-les-Bains,4320,2024,DVF
Brides-les-Bains|73,4320,2024,DVF
Bridoré,1066,2024,DVF
Bridoré|37,1066,2024,DVF
Brie,1736,2024,DVF
Brie-Comte-Robert,3410,2024,DVF
Brie-Comte-Robert|77,3410,2024,DVF
Briec,1895,2024,DVF
Briec|29,1895,2024,DVF
Brielles,1449,2024,DVF
Brielles|35,1449,2024,DVF
Brienne,1737,2024,DVF
Brienne-le-Château,1149,2024,DVF
Brienne-le-Château|10,1149,2024,DVF
Brienne|71,1737,2024,DVF
Briennon,1719,2024,DVF
Briennon|42,1719,2024,DVF
Brienon-sur-Armançon,1126,2024,DVF
Brienon-sur-Armançon|89,1126,2024,DVF
Brie|16,1736,2024,DVF
Brie|35,2143,2024,DVF
Brignac,2307,2024,DVF
Brignac-la-Plaine,1675,2024,DVF
Brignac-la-Plaine|19,1675,2024,DVF
Brignac|34,2307,2024,DVF
Brignais,3956,2024,DVF
Brignais|69,3956,2024,DVF
Brignemont,1829,2024,DVF
Brignemont|31,1829,2024,DVF
Brignoles,2588,2024,DVF
Brignoles|83,2588,2024,DVF
Brigueil-le-Chantre,654,2024,DVF
Brigueil-le-Chantre|86,654,2024,DVF
Brigueuil,1082,2024,DVF
Brigueuil|16,1082,2024,DVF
Briis-sous-Forges,3394,2024,DVF
Briis-sous-Forges|91,3394,2024,DVF
Brillac,893,2024,DVF
Brillac|16,893,2024,DVF
Brillevast,1922,2024,DVF
Brillevast|50,1922,2024,DVF
Brillon,2179,2024,DVF
Brillon-en-Barrois,1251,2024,DVF
Brillon-en-Barrois|55,1251,2024,DVF
Brillon|59,2179,2024,DVF
Brimeux,1550,2024,DVF
Brimeux|62,1550,2024,DVF
Brin-sur-Seille,1926,2024,DVF
Brin-sur-Seille|54,1926,2024,DVF
Brindas,4294,2024,DVF
Brindas|69,4294,2024,DVF
Brinon-sur-Sauldre,1570,2024,DVF
Brinon-sur-Sauldre|18,1570,2024,DVF
Briollay,2272,2024,DVF
Briollay|49,2272,2024,DVF
Brion,1413,2024,DVF
Brionne,1552,2024,DVF
Brionne|27,1552,2024,DVF
Brion|89,1413,2024,DVF
Briord,2257,2024,DVF
Briord|01,2257,2024,DVF
Brioude,1477,2024,DVF
Brioude|43,1477,2024,DVF
Brioux-sur-Boutonne,1168,2024,DVF
Brioux-sur-Boutonne|79,1168,2024,DVF
Briouze,1432,2024,DVF
Briouze|61,1432,2024,DVF
Briquemesnil-Floxicourt,1951,2024,DVF
Briquemesnil-Floxicourt|80,1951,2024,DVF
Briscous,3592,2024,DVF
Briscous|64,3592,2024,DVF
Brison-Saint-Innocent,6410,2024,DVF
Brison-Saint-Innocent|73,6410,2024,DVF
Brissac,2734,2024,DVF
Brissac Loire Aubance,2128,2024,DVF
Brissac Loire Aubance|49,2128,2024,DVF
Brissac|34,2734,2024,DVF
Brissy-Hamégicourt,1348,2024,DVF
Brissy-Hamégicourt|02,1348,2024,DVF
Brive-la-Gaillarde,1974,2024,DVF
Brive-la-Gaillarde|19,1974,2024,DVF
Brives-Charensac,1614,2024,DVF
Brives-Charensac|43,1614,2024,DVF
Brives-sur-Charente,1266,2024,DVF
Brives-sur-Charente|17,1266,2024,DVF
Brix,2434,2024,DVF
Brix|50,2434,2024,DVF
Brizambourg,1229,2024,DVF
Brizambourg|17,1229,2024,DVF
Brizon,4698,2024,DVF
Brizon|74,4698,2024,DVF
Brières-les-Scellés,3128,2024,DVF
Brières-les-Scellés|91,3128,2024,DVF
Brié-et-Angonnes,3540,2024,DVF
Brié-et-Angonnes|38,3540,2024,DVF
Brocas,1926,2024,DVF
Brocas|40,1926,2024,DVF
Broglie,1201,2024,DVF
Broglie|27,1201,2024,DVF
Brognard,1520,2024,DVF
Brognard|25,1520,2024,DVF
Brombos,1421,2024,DVF
Brombos|60,1421,2024,DVF
Brommat,995,2024,DVF
Brommat|12,995,2024,DVF
Bromont-Lamothe,1496,2024,DVF
Bromont-Lamothe|63,1496,2024,DVF
Bron,3310,2024,DVF
Bron|69,3310,2024,DVF
Broons,1551,2024,DVF
Broons|22,1551,2024,DVF
Broquiès,2037,2024,DVF
Broquiès|12,2037,2024,DVF
Brosses,1037,2024,DVF
Brosses|89,1037,2024,DVF
Brosville,1601,2024,DVF
Brosville|27,1601,2024,DVF
Brou,1469,2024,DVF
Brou-sur-Chantereine,2845,2024,DVF
Brou-sur-Chantereine|77,2845,2024,DVF
Brouains,960,2024,DVF
Brouains|50,960,2024,DVF
Broualan,1982,2024,DVF
Broualan|35,1982,2024,DVF
Brouchy,929,2024,DVF
Brouchy|80,929,2024,DVF
Brouckerque,1948,2024,DVF
Brouckerque|59,1948,2024,DVF
Brouilla,2789,2024,DVF
Brouilla|66,2789,2024,DVF
Brousse,1518,2024,DVF
Brousses-et-Villaret,2178,2024,DVF
Brousses-et-Villaret|11,2178,2024,DVF
Brousseval,795,2024,DVF
Brousseval|52,795,2024,DVF
Broussey-Raulecourt,1262,2024,DVF
Broussey-Raulecourt|55,1262,2024,DVF
Brousse|81,1518,2024,DVF
Brou|28,1469,2024,DVF
Broué,2771,2024,DVF
Broué|28,2771,2024,DVF
Broye,1077,2024,DVF
Broye-Aubigney-Montseugny,1222,2024,DVF
Broye-Aubigney-Montseugny|70,1222,2024,DVF
Broyes,1304,2024,DVF
Broyes|51,1304,2024,DVF
Broye|71,1077,2024,DVF
Broût-Vernet,1402,2024,DVF
Broût-Vernet|03,1402,2024,DVF
Bruailles,1697,2024,DVF
Bruailles|71,1697,2024,DVF
Bruay-la-Buissière,1379,2024,DVF
Bruay-la-Buissière|62,1379,2024,DVF
Bruay-sur-l'Escaut,1396,2024,DVF
Bruay-sur-l'Escaut|59,1396,2024,DVF
Bruc-sur-Aff,1741,2024,DVF
Bruc-sur-Aff|35,1741,2024,DVF
Bruch,980,2024,DVF
Bruch|47,980,2024,DVF
Brue-Auriac,2228,2024,DVF
Brue-Auriac|83,2228,2024,DVF
Brugairolles,999,2024,DVF
Brugairolles|11,999,2024,DVF
Bruges,3747,2024,DVF
Bruges-Capbis-Mifaget,1366,2024,DVF
Bruges-Capbis-Mifaget|64,1366,2024,DVF
Bruges|33,3747,2024,DVF
Brugheas,1621,2024,DVF
Brugheas|03,1621,2024,DVF
Bruguières,2855,2024,DVF
Bruguières|31,2855,2024,DVF
Bruille-Saint-Amand,1995,2024,DVF
Bruille-Saint-Amand|59,1995,2024,DVF
Bruille-lez-Marchiennes,1979,2024,DVF
Bruille-lez-Marchiennes|59,1979,2024,DVF
Brullioles,2075,2024,DVF
Brullioles|69,2075,2024,DVF
Brunehamel,719,2024,DVF
Brunehamel|02,719,2024,DVF
Brunet,1532,2024,DVF
Brunet|04,1532,2024,DVF
Bruniquel,1264,2024,DVF
Bruniquel|82,1264,2024,DVF
Brunoy,3586,2024,DVF
Brunoy|91,3586,2024,DVF
Brunvillers-la-Motte,2279,2024,DVF
Brunvillers-la-Motte|60,2279,2024,DVF
Brunémont,1864,2024,DVF
Brunémont|59,1864,2024,DVF
Brussieu,1969,2024,DVF
Brussieu|69,1969,2024,DVF
Brusvily,1876,2024,DVF
Brusvily|22,1876,2024,DVF
Bruville,1574,2024,DVF
Bruville|54,1574,2024,DVF
Brux,1418,2024,DVF
Brux|86,1418,2024,DVF
Bruyères,1115,2024,DVF
Bruyères-et-Montbérault,1695,2024,DVF
Bruyères-et-Montbérault|02,1695,2024,DVF
Bruyères-le-Châtel,3062,2024,DVF
Bruyères-le-Châtel|91,3062,2024,DVF
Bruyères-sur-Oise,2759,2024,DVF
Bruyères-sur-Oise|95,2759,2024,DVF
Bruyères|88,1115,2024,DVF
Bruz,3122,2024,DVF
Bruz|35,3122,2024,DVF
Bruère-Allichamps,926,2024,DVF
Bruère-Allichamps|18,926,2024,DVF
Bry,1929,2024,DVF
Bry-sur-Marne,5088,2024,DVF
Bry-sur-Marne|94,5088,2024,DVF
Bry|59,1929,2024,DVF
Bréal-sous-Montfort,2466,2024,DVF
Bréal-sous-Montfort|35,2466,2024,DVF
Bréal-sous-Vitré,1953,2024,DVF
Bréal-sous-Vitré|35,1953,2024,DVF
Bréançon,3764,2024,DVF
Bréançon|95,3764,2024,DVF
Bréau-Mars,2253,2024,DVF
Bréau-Mars|30,2253,2024,DVF
Bréauté,2225,2024,DVF
Bréauté|76,2225,2024,DVF
Brécey,1518,2024,DVF
Brécey|50,1518,2024,DVF
Brécy,1652,2024,DVF
Brécy|18,1652,2024,DVF
Brécé,2648,2024,DVF
Brécé|35,2648,2024,DVF
Brée,1189,2024,DVF
Brée|53,1189,2024,DVF
Brégnier-Cordon,1976,2024,DVF
Brégnier-Cordon|01,1976,2024,DVF
Brégy,2332,2024,DVF
Brégy|60,2332,2024,DVF
Bréhal,3374,2024,DVF
Bréhal|50,3374,2024,DVF
Bréhan,1775,2024,DVF
Bréhand,1588,2024,DVF
Bréhand|22,1588,2024,DVF
Bréhan|56,1775,2024,DVF
Bréhémont,1287,2024,DVF
Bréhémont|37,1287,2024,DVF
Brélidy,1369,2024,DVF
Brélidy|22,1369,2024,DVF
Brénod,1196,2024,DVF
Brénod|01,1196,2024,DVF
Brétigny,1653,2024,DVF
Brétigny-sur-Orge,3306,2024,DVF
Brétigny-sur-Orge|91,3306,2024,DVF
Brétigny|60,1653,2024,DVF
Bréval,2730,2024,DVF
Bréval|78,2730,2024,DVF
Bréviandes,1998,2024,DVF
Bréviandes|10,1998,2024,DVF
Bréville-sur-Mer,3524,2024,DVF
Bréville-sur-Mer|50,3524,2024,DVF
Brévilly,1003,2024,DVF
Brévilly|08,1003,2024,DVF
Brévonnes,1500,2024,DVF
Brévonnes|10,1500,2024,DVF
Bréxent-Énocq,2503,2024,DVF
Bréxent-Énocq|62,2503,2024,DVF
Bréziers,1188,2024,DVF
Bréziers|05,1188,2024,DVF
Brézilhac,482,2024,DVF
Brézilhac|11,482,2024,DVF
Brézins,2350,2024,DVF
Brézins|38,2350,2024,DVF
Brêmes,2244,2024,DVF
Brêmes|62,2244,2024,DVF
Brûlain,1135,2024,DVF
Brûlain|79,1135,2024,DVF
Brûlon,1096,2024,DVF
Brûlon|72,1096,2024,DVF
Buais-Les-Monts,784,2024,DVF
Buais-Les-Monts|50,784,2024,DVF
Bubry,1628,2024,DVF
Bubry|56,1628,2024,DVF
Buc,5257,2024,DVF
Bucey-lès-Gy,1042,2024,DVF
Bucey-lès-Gy|70,1042,2024,DVF
Buchelay,2751,2024,DVF
Buchelay|78,2751,2024,DVF
Buchy,2257,2024,DVF
Buchy|76,2257,2024,DVF
Buchères,2292,2024,DVF
Buchères|10,2292,2024,DVF
Bucquoy,1373,2024,DVF
Bucquoy|62,1373,2024,DVF
Bucy-le-Long,1813,2024,DVF
Bucy-le-Long|02,1813,2024,DVF
Buc|78,5257,2024,DVF
Budelière,1561,2024,DVF
Budelière|23,1561,2024,DVF
Budos,1735,2024,DVF
Budos|33,1735,2024,DVF
Bueil,2245,2024,DVF
Bueil-en-Touraine,1465,2024,DVF
Bueil-en-Touraine|37,1465,2024,DVF
Bueil|27,2245,2024,DVF
Buellas,2311,2024,DVF
Buellas|01,2311,2024,DVF
Buffières,1740,2024,DVF
Buffières|71,1740,2024,DVF
Bugeat,1069,2024,DVF
Bugeat|19,1069,2024,DVF
Bugnicourt,1413,2024,DVF
Bugnicourt|59,1413,2024,DVF
Buigny-Saint-Maclou,1932,2024,DVF
Buigny-Saint-Maclou|80,1932,2024,DVF
Buire,1249,2024,DVF
Buire|02,1249,2024,DVF
Buironfosse,942,2024,DVF
Buironfosse|02,942,2024,DVF
Buis-les-Baronnies,2658,2024,DVF
Buis-les-Baronnies|26,2658,2024,DVF
Bujaleuf,1333,2024,DVF
Bujaleuf|87,1333,2024,DVF
Bulat-Pestivien,1314,2024,DVF
Bulat-Pestivien|22,1314,2024,DVF
Bulgnéville,1172,2024,DVF
Bulgnéville|88,1172,2024,DVF
Bulles,1675,2024,DVF
Bulles|60,1675,2024,DVF
Bulligny,919,2024,DVF
Bulligny|54,919,2024,DVF
Bullion,3159,2024,DVF
Bullion|78,3159,2024,DVF
Bully,2848,2024,DVF
Bully-les-Mines,1585,2024,DVF
Bully-les-Mines|62,1585,2024,DVF
Bully|69,2848,2024,DVF
Bully|76,1564,2024,DVF
Buno-Bonnevaux,3538,2024,DVF
Buno-Bonnevaux|91,3538,2024,DVF
Bunzac,1397,2024,DVF
Bunzac|16,1397,2024,DVF
Burbure,1343,2024,DVF
Burbure|62,1343,2024,DVF
Burcin,2231,2024,DVF
Burcin|38,2231,2024,DVF
Burcy,1930,2024,DVF
Burcy|77,1930,2024,DVF
Bures-sur-Yvette,4382,2024,DVF
Bures-sur-Yvette|91,4382,2024,DVF
Burgille,2163,2024,DVF
Burgille|25,2163,2024,DVF
Burie,1513,2024,DVF
Burie|17,1513,2024,DVF
Burlats,1701,2024,DVF
Burlats|81,1701,2024,DVF
Buros,2642,2024,DVF
Buros|64,2642,2024,DVF
Bury,1954,2024,DVF
Bury|60,1954,2024,DVF
Burzet,1797,2024,DVF
Burzet|07,1797,2024,DVF
Busigny,1103,2024,DVF
Busigny|59,1103,2024,DVF
Busnes,1518,2024,DVF
Busnes|62,1518,2024,DVF
Busque,2043,2024,DVF
Busque|81,2043,2024,DVF
Bussac-Forêt,1495,2024,DVF
Bussac-Forêt|17,1495,2024,DVF
Bussac-sur-Charente,1764,2024,DVF
Bussac-sur-Charente|17,1764,2024,DVF
Bussang,1612,2024,DVF
Bussang|88,1612,2024,DVF
Busserolles,1427,2024,DVF
Busserolles|24,1427,2024,DVF
Busset,1371,2024,DVF
Busset|03,1371,2024,DVF
Bussière-Badil,1065,2024,DVF
Bussière-Badil|24,1065,2024,DVF
Bussière-Dunoise,958,2024,DVF
Bussière-Dunoise|23,958,2024,DVF
Bussière-Galant,1153,2024,DVF
Bussière-Galant|87,1153,2024,DVF
Bussières,1727,2024,DVF
Bussières-et-Pruns,1176,2024,DVF
Bussières-et-Pruns|63,1176,2024,DVF
Bussières|42,1727,2024,DVF
Bussières|70,1889,2024,DVF
Bussières|71,2238,2024,DVF
Bussières|77,1762,2024,DVF
Bussy-Saint-Georges,4255,2024,DVF
Bussy-Saint-Georges|77,4255,2024,DVF
Bussy-Saint-Martin,4628,2024,DVF
Bussy-Saint-Martin|77,4628,2024,DVF
Bussy-en-Othe,1260,2024,DVF
Bussy-en-Othe|89,1260,2024,DVF
Bussy-le-Grand,2007,2024,DVF
Bussy-le-Grand|21,2007,2024,DVF
Buthiers,1916,2024,DVF
Buthiers|77,1916,2024,DVF
Butot-Vénesville,1700,2024,DVF
Butot-Vénesville|76,1700,2024,DVF
Butry-sur-Oise,3145,2024,DVF
Butry-sur-Oise|95,3145,2024,DVF
Buxerolles,2120,2024,DVF
Buxerolles|86,2120,2024,DVF
Buxeuil,996,2024,DVF
Buxeuil|36,793,2024,DVF
Buxeuil|86,996,2024,DVF
Buxières-les-Mines,871,2024,DVF
Buxières-les-Mines|03,871,2024,DVF
Buxières-sous-les-Côtes,953,2024,DVF
Buxières-sous-les-Côtes|55,953,2024,DVF
Buxy,2096,2024,DVF
Buxy|71,2096,2024,DVF
Buzancy,888,2024,DVF
Buzancy|08,888,2024,DVF
Buzançais,1253,2024,DVF
Buzançais|36,1253,2024,DVF
Buzet-sur-Baïse,1341,2024,DVF
Buzet-sur-Baïse|47,1341,2024,DVF
Buzet-sur-Tarn,2497,2024,DVF
Buzet-sur-Tarn|31,2497,2024,DVF
Buzon,999,2024,DVF
Buzon|65,999,2024,DVF
Buzy,1924,2024,DVF
Buzy|64,1924,2024,DVF
Bâgé-Dommartin,1874,2024,DVF
Bâgé-Dommartin|01,1874,2024,DVF
Bâgé-le-Châtel,2157,2024,DVF
Bâgé-le-Châtel|01,2157,2024,DVF
Bègles,3696,2024,DVF
Bègles|33,3696,2024,DVF
Bèze,2536,2024,DVF
Bèze|21,2536,2024,DVF
Béard-Géovreissiat,1956,2024,DVF
Béard-Géovreissiat|01,1956,2024,DVF
Béceleuf,1269,2024,DVF
Béceleuf|79,1269,2024,DVF
Bécherel,2149,2024,DVF
Bécherel|35,2149,2024,DVF
Bécon-les-Granits,2231,2024,DVF
Bécon-les-Granits|49,2231,2024,DVF
Bédarieux,1275,2024,DVF
Bédarieux|34,1275,2024,DVF
Bédarrides,2650,2024,DVF
Bédarrides|84,2650,2024,DVF
Bédoin,3555,2024,DVF
Bédoin|84,3555,2024,DVF
Bédouès-Cocurès,2796,2024,DVF
Bédouès-Cocurès|48,2796,2024,DVF
Béduer,1511,2024,DVF
Béduer|46,1511,2024,DVF
Bédée,2512,2024,DVF
Bédée|35,2512,2024,DVF
Bégaar,1913,2024,DVF
Bégaar|40,1913,2024,DVF
Bégadan,1238,2024,DVF
Bégadan|33,1238,2024,DVF
Béganne,1785,2024,DVF
Béganne|56,1785,2024,DVF
Bégard,1666,2024,DVF
Bégard|22,1666,2024,DVF
Bégrolles-en-Mauges,2006,2024,DVF
Bégrolles-en-Mauges|49,2006,2024,DVF
Béguey,1850,2024,DVF
Béguey|33,1850,2024,DVF
Béhen,1588,2024,DVF
Béhen|80,1588,2024,DVF
Bélarga,2755,2024,DVF
Bélarga|34,2755,2024,DVF
Bélesta,1231,2024,DVF
Bélesta|09,1231,2024,DVF
Béligneux,2789,2024,DVF
Béligneux|01,2789,2024,DVF
Bélus,2344,2024,DVF
Bélus|40,2344,2024,DVF
Bélâbre,742,2024,DVF
Bélâbre|36,742,2024,DVF
Bémécourt,1304,2024,DVF
Bémécourt|27,1304,2024,DVF
Bénaménil,1196,2024,DVF
Bénaménil|54,1196,2024,DVF
Bénesse-Maremne,3965,2024,DVF
Bénesse-Maremne|40,3965,2024,DVF
Bénodet,3517,2024,DVF
Bénodet|29,3517,2024,DVF
Bénouville,3156,2024,DVF
Bénouville|14,3156,2024,DVF
Bény,1621,2024,DVF
Bény-sur-Mer,3056,2024,DVF
Bény-sur-Mer|14,3056,2024,DVF
Bény|01,1621,2024,DVF
Bénéjacq,2021,2024,DVF
Bénéjacq|64,2021,2024,DVF
Bénévent-l'Abbaye,741,2024,DVF
Bénévent-l'Abbaye|23,741,2024,DVF
Béon,1755,2024,DVF
Béon|89,1755,2024,DVF
Bérat,2369,2024,DVF
Bérat|31,2369,2024,DVF
Béraut,1585,2024,DVF
Béraut|32,1585,2024,DVF
Bérenx,2766,2024,DVF
Bérenx|64,2766,2024,DVF
Bérigny,1289,2024,DVF
Bérigny|50,1289,2024,DVF
Bérou-la-Mulotière,995,2024,DVF
Bérou-la-Mulotière|28,995,2024,DVF
Béruges,1923,2024,DVF
Béruges|86,1923,2024,DVF
Bérulle,1019,2024,DVF
Bérulle|10,1019,2024,DVF
Bésayes,2009,2024,DVF
Bésayes|26,2009,2024,DVF
Bétaille,2027,2024,DVF
Bétaille|46,2027,2024,DVF
Béthencourt,1025,2024,DVF
Béthencourt-sur-Mer,1463,2024,DVF
Béthencourt-sur-Mer|80,1463,2024,DVF
Béthencourt|59,1025,2024,DVF
Bétheniville,1537,2024,DVF
Bétheniville|51,1537,2024,DVF
Bétheny,2562,2024,DVF
Bétheny|51,2562,2024,DVF
Béthines,815,2024,DVF
Béthines|86,815,2024,DVF
Béthisy-Saint-Martin,2013,2024,DVF
Béthisy-Saint-Martin|60,2013,2024,DVF
Béthisy-Saint-Pierre,2184,2024,DVF
Béthisy-Saint-Pierre|60,2184,2024,DVF
Béthune,1676,2024,DVF
Béthune|62,1676,2024,DVF
Bétête,811,2024,DVF
Bétête|23,811,2024,DVF
Béville-le-Comte,2183,2024,DVF
Béville-le-Comte|28,2183,2024,DVF
Bévillers,1476,2024,DVF
Bévillers|59,1476,2024,DVF
Bézenet,965,2024,DVF
Bézenet|03,965,2024,DVF
Béziers,1969,2024,DVF
Béziers|34,1969,2024,DVF
Bézu-Saint-Germain,1840,2024,DVF
Bézu-Saint-Germain|02,1840,2024,DVF
Bézu-Saint-Éloi,2269,2024,DVF
Bézu-Saint-Éloi|27,2269,2024,DVF
Bézu-la-Forêt,2013,2024,DVF
Bézu-la-Forêt|27,2013,2024,DVF
Bû,2332,2024,DVF
Bû|28,2332,2024,DVF
Bœurs-en-Othe,818,2024,DVF
Bœurs-en-Othe|89,818,2024,DVF
Cabanac-et-Villagrains,2543,2024,DVF
Cabanac-et-Villagrains|33,2543,2024,DVF
Cabannes,2776,2024,DVF
Cabannes|13,2776,2024,DVF
Cabariot,2144,2024,DVF
Cabariot|17,2144,2024,DVF
Cabasse,2710,2024,DVF
Cabasse|83,2710,2024,DVF
Cabestany,2609,2024,DVF
Cabestany|66,2609,2024,DVF
Cabourg,5481,2024,DVF
Cabourg|14,5481,2024,DVF
Cabrerolles,1580,2024,DVF
Cabrerolles|34,1580,2024,DVF
Cabris,5798,2024,DVF
Cabris|06,5798,2024,DVF
Cabrières,2924,2024,DVF
Cabrières-d'Aigues,4350,2024,DVF
Cabrières-d'Aigues|84,4350,2024,DVF
Cabrières-d'Avignon,4011,2024,DVF
Cabrières-d'Avignon|84,4011,2024,DVF
Cabrières|30,2924,2024,DVF
Cabrières|34,2060,2024,DVF
Cabriès,5716,2024,DVF
Cabriès|13,5716,2024,DVF
Cachan,4908,2024,DVF
Cachan|94,4908,2024,DVF
Cachen,1495,2024,DVF
Cachen|40,1495,2024,DVF
Cadalen,2215,2024,DVF
Cadalen|81,2215,2024,DVF
Cadaujac,3423,2024,DVF
Cadaujac|33,3423,2024,DVF
Caden,1964,2024,DVF
Cadenet,3592,2024,DVF
Cadenet|84,3592,2024,DVF
Caden|56,1964,2024,DVF
Caderousse,2126,2024,DVF
Caderousse|84,2126,2024,DVF
Cadillac-en-Fronsadais,1965,2024,DVF
Cadillac-en-Fronsadais|33,1965,2024,DVF
Cadillac-sur-Garonne,2153,2024,DVF
Cadillac-sur-Garonne|33,2153,2024,DVF
Cadolive,3962,2024,DVF
Cadolive|13,3962,2024,DVF
Cadours,1880,2024,DVF
Cadours|31,1880,2024,DVF
Caen,3045,2024,DVF
Caen|14,3045,2024,DVF
Cagnac-les-Mines,1571,2024,DVF
Cagnac-les-Mines|81,1571,2024,DVF
Cagnano,2769,2024,DVF
Cagnano|2B,2769,2024,DVF
Cagnes-sur-Mer,4984,2024,DVF
Cagnes-sur-Mer|06,4984,2024,DVF
Cagnoncles,1584,2024,DVF
Cagnoncles|59,1584,2024,DVF
Cagnotte,1219,2024,DVF
Cagnotte|40,1219,2024,DVF
Cagny,2201,2024,DVF
Cagny|14,2201,2024,DVF
Cagny|80,2341,2024,DVF
Cahagnes,1667,2024,DVF
Cahagnes|14,1667,2024,DVF
Cahan,955,2024,DVF
Cahan|61,955,2024,DVF
Cahors,1782,2024,DVF
Cahors|46,1782,2024,DVF
Cahuzac-sur-Vère,1754,2024,DVF
Cahuzac-sur-Vère|81,1754,2024,DVF
Cailhau,2118,2024,DVF
Cailhau|11,2118,2024,DVF
Caille,3134,2024,DVF
Caille|06,3134,2024,DVF
Caillouet-Orgeville,2547,2024,DVF
Caillouet-Orgeville|27,2547,2024,DVF
Cailloux-sur-Fontaines,4433,2024,DVF
Cailloux-sur-Fontaines|69,4433,2024,DVF
Cailly,1732,2024,DVF
Cailly-sur-Eure,2718,2024,DVF
Cailly-sur-Eure|27,2718,2024,DVF
Cailly|76,1732,2024,DVF
Cairanne,3028,2024,DVF
Cairanne|84,3028,2024,DVF
Cairon,2665,2024,DVF
Cairon|14,2665,2024,DVF
Caissargues,2646,2024,DVF
Caissargues|30,2646,2024,DVF
Caix,1688,2024,DVF
Caix|80,1688,2024,DVF
Cajarc,1934,2024,DVF
Cajarc|46,1934,2024,DVF
Calais,1723,2024,DVF
Calais|62,1723,2024,DVF
Calan,2316,2024,DVF
Calanhel,1253,2024,DVF
Calanhel|22,1253,2024,DVF
Calan|56,2316,2024,DVF
Calcatoggio,5251,2024,DVF
Calcatoggio|2A,5251,2024,DVF
Calenzana,3493,2024,DVF
Calenzana|2B,3493,2024,DVF
Calignac,1098,2024,DVF
Calignac|47,1098,2024,DVF
Caligny,1328,2024,DVF
Caligny|61,1328,2024,DVF
Callac,1296,2024,DVF
Callac|22,1296,2024,DVF
Callas,2741,2024,DVF
Callas|83,2741,2024,DVF
Callen,2197,2024,DVF
Callengeville,1705,2024,DVF
Callengeville|76,1705,2024,DVF
Callen|40,2197,2024,DVF
Calleville,1735,2024,DVF
Calleville-les-Deux-Églises,1768,2024,DVF
Calleville-les-Deux-Églises|76,1768,2024,DVF
Calleville|27,1735,2024,DVF
Callian,4148,2024,DVF
Callian|83,4148,2024,DVF
Calmont,1683,2024,DVF
Calmont|12,2379,2024,DVF
Calmont|31,1683,2024,DVF
Calonges,1923,2024,DVF
Calonges|47,1923,2024,DVF
Calonne-Ricouart,1329,2024,DVF
Calonne-Ricouart|62,1329,2024,DVF
Calonne-sur-la-Lys,1928,2024,DVF
Calonne-sur-la-Lys|62,1928,2024,DVF
Calorguen,2797,2024,DVF
Calorguen|22,2797,2024,DVF
Caluire-et-Cuire,4194,2024,DVF
Caluire-et-Cuire|69,4194,2024,DVF
Calvi,5157,2024,DVF
Calviac-en-Périgord,2422,2024,DVF
Calviac-en-Périgord|24,2422,2024,DVF
Calvignac,3705,2024,DVF
Calvignac|46,3705,2024,DVF
Calvisson,3370,2024,DVF
Calvisson|30,3370,2024,DVF
Calvi|2B,5157,2024,DVF
Calès,2559,2024,DVF
Calès|24,2559,2024,DVF
Camaret-sur-Aigues,2798,2024,DVF
Camaret-sur-Aigues|84,2798,2024,DVF
Camaret-sur-Mer,2741,2024,DVF
Camaret-sur-Mer|29,2741,2024,DVF
Camarsac,2749,2024,DVF
Camarsac|33,2749,2024,DVF
Camarès,1036,2024,DVF
Camarès|12,1036,2024,DVF
Cambernon,1484,2024,DVF
Cambernon|50,1484,2024,DVF
Cambes,3081,2024,DVF
Cambes-en-Plaine,2750,2024,DVF
Cambes-en-Plaine|14,2750,2024,DVF
Cambes|33,3081,2024,DVF
Camblain-Châtelain,1299,2024,DVF
Camblain-Châtelain|62,1299,2024,DVF
Camblain-l'Abbé,1567,2024,DVF
Camblain-l'Abbé|62,1567,2024,DVF
Camblanes-et-Meynac,3579,2024,DVF
Camblanes-et-Meynac|33,3579,2024,DVF
Cambo-les-Bains,3817,2024,DVF
Cambo-les-Bains|64,3817,2024,DVF
Cambon,1971,2024,DVF
Cambon-lès-Lavaur,2026,2024,DVF
Cambon-lès-Lavaur|81,2026,2024,DVF
Cambon|81,1971,2024,DVF
Camboulazet,1553,2024,DVF
Camboulazet|12,1553,2024,DVF
Cambounet-sur-le-Sor,1302,2024,DVF
Cambounet-sur-le-Sor|81,1302,2024,DVF
Cambrai,1529,2024,DVF
Cambrai|59,1529,2024,DVF
Cambremer,2093,2024,DVF
Cambremer|14,2093,2024,DVF
Cambrin,1734,2024,DVF
Cambrin|62,1734,2024,DVF
Cambronne-lès-Clermont,2259,2024,DVF
Cambronne-lès-Clermont|60,2259,2024,DVF
Cambronne-lès-Ribécourt,1756,2024,DVF
Cambronne-lès-Ribécourt|60,1756,2024,DVF
Camelin,1447,2024,DVF
Camelin|02,1447,2024,DVF
Camiers,3508,2024,DVF
Camiers|62,3508,2024,DVF
Camiran,1604,2024,DVF
Camiran|33,1604,2024,DVF
Camlez,2011,2024,DVF
Camlez|22,2011,2024,DVF
Camon,2122,2024,DVF
Camon|80,2122,2024,DVF
Camors,2076,2024,DVF
Camors|56,2076,2024,DVF
Camoël,2704,2024,DVF
Camoël|56,2704,2024,DVF
Campagnac,1362,2024,DVF
Campagnac-lès-Quercy,1800,2024,DVF
Campagnac-lès-Quercy|24,1800,2024,DVF
Campagnac|12,1362,2024,DVF
Campagnan,2350,2024,DVF
Campagnan|34,2350,2024,DVF
Campagne,2048,2024,DVF
Campagne-lès-Boulonnais,1500,2024,DVF
Campagne-lès-Boulonnais|62,1500,2024,DVF
Campagne-lès-Hesdin,1709,2024,DVF
Campagne-lès-Hesdin|62,1709,2024,DVF
Campagne-sur-Aude,1357,2024,DVF
Campagne-sur-Aude|11,1357,2024,DVF
Campagne|40,2048,2024,DVF
Campan,2582,2024,DVF
Campan|65,2582,2024,DVF
Campbon,2292,2024,DVF
Campbon|44,2292,2024,DVF
Campeaux,1412,2024,DVF
Campeaux|60,1412,2024,DVF
Camphin-en-Carembault,2469,2024,DVF
Camphin-en-Carembault|59,2469,2024,DVF
Camphin-en-Pévèle,3444,2024,DVF
Camphin-en-Pévèle|59,3444,2024,DVF
Campigny,1618,2024,DVF
Campigny|27,1618,2024,DVF
Camplong,1661,2024,DVF
Camplong|34,1661,2024,DVF
Camprond,1591,2024,DVF
Camprond|50,1591,2024,DVF
Camps-la-Source,2796,2024,DVF
Camps-la-Source|83,2796,2024,DVF
Camps-sur-l'Isle,1941,2024,DVF
Camps-sur-l'Isle|33,1941,2024,DVF
Campsas,2029,2024,DVF
Campsas|82,2029,2024,DVF
Campuac,1402,2024,DVF
Campuac|12,1402,2024,DVF
Campénéac,1693,2024,DVF
Campénéac|56,1693,2024,DVF
Camurac,1806,2024,DVF
Camurac|11,1806,2024,DVF
Camélas,3852,2024,DVF
Camélas|66,3852,2024,DVF
Canaples,1478,2024,DVF
Canaples|80,1478,2024,DVF
Canappeville,1987,2024,DVF
Canappeville|27,1987,2024,DVF
Canari,2791,2024,DVF
Canari|2B,2791,2024,DVF
Canaules-et-Argentières,2274,2024,DVF
Canaules-et-Argentières|30,2274,2024,DVF
Cancale,4227,2024,DVF
Cancale|35,4227,2024,DVF
Canchy,1269,2024,DVF
Canchy|80,1269,2024,DVF
Cancon,1208,2024,DVF
Cancon|47,1208,2024,DVF
Candas,1517,2024,DVF
Candas|80,1517,2024,DVF
Candes-Saint-Martin,1868,2024,DVF
Candes-Saint-Martin|37,1868,2024,DVF
Candillargues,3359,2024,DVF
Candillargues|34,3359,2024,DVF
Candresse,2887,2024,DVF
Candresse|40,2887,2024,DVF
Candé,1593,2024,DVF
Candé-sur-Beuvron,1576,2024,DVF
Candé-sur-Beuvron|41,1576,2024,DVF
Candé|49,1593,2024,DVF
Canehan,1768,2024,DVF
Canehan|76,1768,2024,DVF
Canet,2830,2024,DVF
Canet-de-Salars,1539,2024,DVF
Canet-de-Salars|12,1539,2024,DVF
Canet-en-Roussillon,3695,2024,DVF
Canet-en-Roussillon|66,3695,2024,DVF
Canet|11,1821,2024,DVF
Canet|34,2830,2024,DVF
Cangey,1987,2024,DVF
Cangey|37,1987,2024,DVF
Caniac-du-Causse,1638,2024,DVF
Caniac-du-Causse|46,1638,2024,DVF
Canihuel,1428,2024,DVF
Canihuel|22,1428,2024,DVF
Canisy,1610,2024,DVF
Canisy|50,1610,2024,DVF
Canly,1781,2024,DVF
Canly|60,1781,2024,DVF
Cannes,6294,2024,DVF
Cannes-Écluse,2284,2024,DVF
Cannes-Écluse|77,2284,2024,DVF
Cannes|06,6294,2024,DVF
Canohès,2795,2024,DVF
Canohès|66,2795,2024,DVF
Cantaron,2980,2024,DVF
Cantaron|06,2980,2024,DVF
Canteleu,1786,2024,DVF
Canteleu|76,1786,2024,DVF
Canteloup,1546,2024,DVF
Canteloup|14,1546,2024,DVF
Cantenay-Épinard,2843,2024,DVF
Cantenay-Épinard|49,2843,2024,DVF
Cantin,1733,2024,DVF
Cantin|59,1733,2024,DVF
Cantoin,1464,2024,DVF
Cantoin|12,1464,2024,DVF
Canville-les-Deux-Églises,1842,2024,DVF
Canville-les-Deux-Églises|76,1842,2024,DVF
Cany-Barville,1797,2024,DVF
Cany-Barville|76,1797,2024,DVF
Canéjan,3524,2024,DVF
Canéjan|33,3524,2024,DVF
Caouënnec-Lanvézéac,1970,2024,DVF
Caouënnec-Lanvézéac|22,1970,2024,DVF
Cap-d'Ail,8166,2024,DVF
Cap-d'Ail|06,8166,2024,DVF
Capbreton,6602,2024,DVF
Capbreton|40,6602,2024,DVF
Capdenac,1446,2024,DVF
Capdenac-Gare,1396,2024,DVF
Capdenac-Gare|12,1396,2024,DVF
Capdenac|46,1446,2024,DVF
Capendu,1278,2024,DVF
Capendu|11,1278,2024,DVF
Capestang,2195,2024,DVF
Capestang|34,2195,2024,DVF
Capian,2162,2024,DVF
Capian|33,2162,2024,DVF
Capinghem,3139,2024,DVF
Capinghem|59,3139,2024,DVF
Cappelle-Brouck,1779,2024,DVF
Cappelle-Brouck|59,1779,2024,DVF
Cappelle-en-Pévèle,2927,2024,DVF
Cappelle-en-Pévèle|59,2927,2024,DVF
Cappelle-la-Grande,1807,2024,DVF
Cappelle-la-Grande|59,1807,2024,DVF
Cappy,1169,2024,DVF
Cappy|80,1169,2024,DVF
Captieux,1442,2024,DVF
Captieux|33,1442,2024,DVF
Capvern,1489,2024,DVF
Capvern|65,1489,2024,DVF
Caraman,2346,2024,DVF
Caramany,825,2024,DVF
Caramany|66,825,2024,DVF
Caraman|31,2346,2024,DVF
Carantec,3390,2024,DVF
Carantec|29,3390,2024,DVF
Carantilly,1389,2024,DVF
Carantilly|50,1389,2024,DVF
Carbon-Blanc,2813,2024,DVF
Carbon-Blanc|33,2813,2024,DVF
Carbonne,2186,2024,DVF
Carbonne|31,2186,2024,DVF
Carbuccia,3468,2024,DVF
Carbuccia|2A,3468,2024,DVF
Carcans,3965,2024,DVF
Carcans|33,3965,2024,DVF
Carcarès-Sainte-Croix,1612,2024,DVF
Carcarès-Sainte-Croix|40,1612,2024,DVF
Carcassonne,1571,2024,DVF
Carcassonne|11,1571,2024,DVF
Carcen-Ponson,2340,2024,DVF
Carcen-Ponson|40,2340,2024,DVF
Carcès,3152,2024,DVF
Carcès|83,3152,2024,DVF
Cardaillac,1838,2024,DVF
Cardaillac|46,1838,2024,DVF
Cardet,2421,2024,DVF
Cardet|30,2421,2024,DVF
Cardroc,1691,2024,DVF
Cardroc|35,1691,2024,DVF
Carelles,1197,2024,DVF
Carelles|53,1197,2024,DVF
Carency,1978,2024,DVF
Carency|62,1978,2024,DVF
Carennac,1617,2024,DVF
Carennac|46,1617,2024,DVF
Carentan-les-Marais,1677,2024,DVF
Carentan-les-Marais|50,1677,2024,DVF
Carentoir,1561,2024,DVF
Carentoir|56,1561,2024,DVF
Cargèse,4474,2024,DVF
Cargèse|2A,4474,2024,DVF
Carhaix-Plouguer,1448,2024,DVF
Carhaix-Plouguer|29,1448,2024,DVF
Carignan,1326,2024,DVF
Carignan-de-Bordeaux,3335,2024,DVF
Carignan-de-Bordeaux|33,3335,2024,DVF
Carignan|08,1326,2024,DVF
Carla-Bayle,2532,2024,DVF
Carla-Bayle|09,2532,2024,DVF
Carlepont,1983,2024,DVF
Carlepont|60,1983,2024,DVF
Carlux,2278,2024,DVF
Carlux|24,2278,2024,DVF
Carmaux,1197,2024,DVF
Carmaux|81,1197,2024,DVF
Carnac,5956,2024,DVF
Carnac|56,5956,2024,DVF
Carnas,3037,2024,DVF
Carnas|30,3037,2024,DVF
Carnetin,4010,2024,DVF
Carnetin|77,4010,2024,DVF
Carnin,2647,2024,DVF
Carnin|59,2647,2024,DVF
Carnières,1470,2024,DVF
Carnières|59,1470,2024,DVF
Carnoules,2888,2024,DVF
Carnoules|83,2888,2024,DVF
Carnoux-en-Provence,4207,2024,DVF
Carnoux-en-Provence|13,4207,2024,DVF
Carnoët,919,2024,DVF
Carnoët|22,919,2024,DVF
Caro,1696,2024,DVF
Carolles,3788,2024,DVF
Carolles|50,3788,2024,DVF
Caromb,3095,2024,DVF
Caromb|84,3095,2024,DVF
Caro|56,1696,2024,DVF
Carpentras,2230,2024,DVF
Carpentras|84,2230,2024,DVF
Carpiquet,3107,2024,DVF
Carpiquet|14,3107,2024,DVF
Carquefou,3346,2024,DVF
Carquefou|44,3346,2024,DVF
Carqueiranne,6396,2024,DVF
Carqueiranne|83,6396,2024,DVF
Carresse-Cassaber,1840,2024,DVF
Carresse-Cassaber|64,1840,2024,DVF
Carrières-sous-Poissy,3658,2024,DVF
Carrières-sous-Poissy|78,3658,2024,DVF
Carrières-sur-Seine,5114,2024,DVF
Carrières-sur-Seine|78,5114,2024,DVF
Carros,4115,2024,DVF
Carros|06,4115,2024,DVF
Carrouges,1401,2024,DVF
Carrouges|61,1401,2024,DVF
Carry-le-Rouet,6067,2024,DVF
Carry-le-Rouet|13,6067,2024,DVF
Cars,2032,2024,DVF
Carsac-Aillac,2117,2024,DVF
Carsac-Aillac|24,2117,2024,DVF
Carsan,2717,2024,DVF
Carsan|30,2717,2024,DVF
Cars|33,2032,2024,DVF
Cartelègue,2127,2024,DVF
Cartelègue|33,2127,2024,DVF
Cartignies,1575,2024,DVF
Cartignies|59,1575,2024,DVF
Cartigny,1105,2024,DVF
Cartigny-l'Épinay,1268,2024,DVF
Cartigny-l'Épinay|14,1268,2024,DVF
Cartigny|80,1105,2024,DVF
Carville-la-Folletière,2045,2024,DVF
Carville-la-Folletière|76,2045,2024,DVF
Carvin,1683,2024,DVF
Carvin|62,1683,2024,DVF
Casaglione,4941,2024,DVF
Casaglione|2A,4941,2024,DVF
Casalabriva,2699,2024,DVF
Casalabriva|2A,2699,2024,DVF
Cascastel-des-Corbières,552,2024,DVF
Cascastel-des-Corbières|11,552,2024,DVF
Cases-de-Pène,2066,2024,DVF
Cases-de-Pène|66,2066,2024,DVF
Cassagnabère-Tournas,1637,2024,DVF
Cassagnabère-Tournas|31,1637,2024,DVF
Cassagne,1568,2024,DVF
Cassagnes-Bégonhès,1190,2024,DVF
Cassagnes-Bégonhès|12,1190,2024,DVF
Cassagne|31,1568,2024,DVF
Cassaniouze,1821,2024,DVF
Cassaniouze|15,1821,2024,DVF
Cassel,2065,2024,DVF
Cassel|59,2065,2024,DVF
Cassen,1458,2024,DVF
Casseneuil,1435,2024,DVF
Casseneuil|47,1435,2024,DVF
Cassen|40,1458,2024,DVF
Cassis,7919,2024,DVF
Cassis|13,7919,2024,DVF
Casson,2592,2024,DVF
Casson|44,2592,2024,DVF
Cast,1479,2024,DVF
Castagniers,3659,2024,DVF
Castagniers|06,3659,2024,DVF
Castandet,1564,2024,DVF
Castandet|40,1564,2024,DVF
Castanet-Tolosan,3082,2024,DVF
Castanet-Tolosan|31,3082,2024,DVF
Castanet-le-Haut,1503,2024,DVF
Castanet-le-Haut|34,1503,2024,DVF
Castel-Sarrazin,1541,2024,DVF
Castel-Sarrazin|40,1541,2024,DVF
Castelculier,2092,2024,DVF
Castelculier|47,2092,2024,DVF
Castelferrus,2824,2024,DVF
Castelferrus|82,2824,2024,DVF
Castelfranc,1198,2024,DVF
Castelfranc|46,1198,2024,DVF
Castelginest,2840,2024,DVF
Castelginest|31,2840,2024,DVF
Casteljaloux,1738,2024,DVF
Casteljaloux|47,1738,2024,DVF
Castellane,1957,2024,DVF
Castellane|04,1957,2024,DVF
Castellar,4732,2024,DVF
Castellare-di-Casinca,2849,2024,DVF
Castellare-di-Casinca|2B,2849,2024,DVF
Castellar|06,4732,2024,DVF
Castellet-en-Luberon,2777,2024,DVF
Castellet-en-Luberon|84,2777,2024,DVF
Castelmaurou,3242,2024,DVF
Castelmaurou|31,3242,2024,DVF
Castelmayran,1422,2024,DVF
Castelmayran|82,1422,2024,DVF
Castelmoron-sur-Lot,1294,2024,DVF
Castelmoron-sur-Lot|47,1294,2024,DVF
Castelnau d'Auzan Labarrère,1356,2024,DVF
Castelnau d'Auzan Labarrère|32,1356,2024,DVF
Castelnau-Barbarens,1348,2024,DVF
Castelnau-Barbarens|32,1348,2024,DVF
Castelnau-Chalosse,1944,2024,DVF
Castelnau-Chalosse|40,1944,2024,DVF
Castelnau-Durban,1480,2024,DVF
Castelnau-Durban|09,1480,2024,DVF
Castelnau-Magnoac,1618,2024,DVF
Castelnau-Magnoac|65,1618,2024,DVF
Castelnau-Montratier,1707,2024,DVF
Castelnau-Montratier|46,1707,2024,DVF
Castelnau-Pégayrols,1569,2024,DVF
Castelnau-Pégayrols|12,1569,2024,DVF
Castelnau-Rivière-Basse,1310,2024,DVF
Castelnau-Rivière-Basse|65,1310,2024,DVF
Castelnau-d'Aude,1226,2024,DVF
Castelnau-d'Aude|11,1226,2024,DVF
Castelnau-d'Estrétefonds,2645,2024,DVF
Castelnau-d'Estrétefonds|31,2645,2024,DVF
Castelnau-de-Guers,2162,2024,DVF
Castelnau-de-Guers|34,2162,2024,DVF
Castelnau-de-Lévis,2107,2024,DVF
Castelnau-de-Lévis|81,2107,2024,DVF
Castelnau-de-Montmiral,2212,2024,DVF
Castelnau-de-Montmiral|81,2212,2024,DVF
Castelnau-de-Médoc,2648,2024,DVF
Castelnau-de-Médoc|33,2648,2024,DVF
Castelnau-le-Lez,4225,2024,DVF
Castelnau-le-Lez|34,4225,2024,DVF
Castelnau-sur-Gupie,1813,2024,DVF
Castelnau-sur-Gupie|47,1813,2024,DVF
Castelnaud-de-Gratecambe,1210,2024,DVF
Castelnaud-de-Gratecambe|47,1210,2024,DVF
Castelnaud-la-Chapelle,3307,2024,DVF
Castelnaud-la-Chapelle|24,3307,2024,DVF
Castelnaudary,1477,2024,DVF
Castelnaudary|11,1477,2024,DVF
Castels et Bézenac,1715,2024,DVF
Castels et Bézenac|24,1715,2024,DVF
Castelsagrat,1529,2024,DVF
Castelsagrat|82,1529,2024,DVF
Castelsarrasin,1583,2024,DVF
Castelsarrasin|82,1583,2024,DVF
Castetnau-Camblong,1605,2024,DVF
Castetnau-Camblong|64,1605,2024,DVF
Castetpugon,1504,2024,DVF
Castetpugon|64,1504,2024,DVF
Castets,2554,2024,DVF
Castets et Castillon,2056,2024,DVF
Castets et Castillon|33,2056,2024,DVF
Castets|40,2554,2024,DVF
Castillon,3534,2024,DVF
Castillon-Debats,1793,2024,DVF
Castillon-Debats|32,1793,2024,DVF
Castillon-du-Gard,3490,2024,DVF
Castillon-du-Gard|30,3490,2024,DVF
Castillon-en-Couserans,2363,2024,DVF
Castillon-en-Couserans|09,2363,2024,DVF
Castillon-la-Bataille,1544,2024,DVF
Castillon-la-Bataille|33,1544,2024,DVF
Castillonnès,1369,2024,DVF
Castillonnès|47,1369,2024,DVF
Castillon|06,3534,2024,DVF
Castine-en-Plaine,2511,2024,DVF
Castine-en-Plaine|14,2511,2024,DVF
Castres,1670,2024,DVF
Castres-Gironde,2677,2024,DVF
Castres-Gironde|33,2677,2024,DVF
Castres|81,1670,2024,DVF
Castries,3899,2024,DVF
Castries|34,3899,2024,DVF
Cast|29,1479,2024,DVF
Castéra-Verduzan,1710,2024,DVF
Castéra-Verduzan|32,1710,2024,DVF
Castétis,1252,2024,DVF
Castétis|64,1252,2024,DVF
Catenay,1972,2024,DVF
Catenay|76,1972,2024,DVF
Catenoy,2342,2024,DVF
Catenoy|60,2342,2024,DVF
Catillon-Fumechon,1562,2024,DVF
Catillon-Fumechon|60,1562,2024,DVF
Catillon-sur-Sambre,938,2024,DVF
Catillon-sur-Sambre|59,938,2024,DVF
Catllar,2102,2024,DVF
Catllar|66,2102,2024,DVF
Cattenières,1106,2024,DVF
Cattenières|59,1106,2024,DVF
Catus,1501,2024,DVF
Catus|46,1501,2024,DVF
Caubiac,1992,2024,DVF
Caubiac|31,1992,2024,DVF
Caubios-Loos,2406,2024,DVF
Caubios-Loos|64,2406,2024,DVF
Caubon-Saint-Sauveur,2364,2024,DVF
Caubon-Saint-Sauveur|47,2364,2024,DVF
Cauchy-à-la-Tour,1372,2024,DVF
Cauchy-à-la-Tour|62,1372,2024,DVF
Caudan,2594,2024,DVF
Caudan|56,2594,2024,DVF
Caudebec-lès-Elbeuf,1517,2024,DVF
Caudebec-lès-Elbeuf|76,1517,2024,DVF
Caudebronde,1676,2024,DVF
Caudebronde|11,1676,2024,DVF
Caudecoste,1764,2024,DVF
Caudecoste|47,1764,2024,DVF
Caudiès-de-Fenouillèdes,1191,2024,DVF
Caudiès-de-Fenouillèdes|66,1191,2024,DVF
Caudrot,1633,2024,DVF
Caudrot|33,1633,2024,DVF
Caudry,1093,2024,DVF
Caudry|59,1093,2024,DVF
Cauffry,1960,2024,DVF
Cauffry|60,1960,2024,DVF
Caugé,1904,2024,DVF
Caugé|27,1904,2024,DVF
Caujac,1742,2024,DVF
Caujac|31,1742,2024,DVF
Caulnes,1542,2024,DVF
Caulnes|22,1542,2024,DVF
Caumont,2481,2024,DVF
Caumont-sur-Aure,1382,2024,DVF
Caumont-sur-Aure|14,1382,2024,DVF
Caumont-sur-Durance,2983,2024,DVF
Caumont-sur-Durance|84,2983,2024,DVF
Caumont-sur-Garonne,1401,2024,DVF
Caumont-sur-Garonne|47,1401,2024,DVF
Caumont|27,2481,2024,DVF
Caunes-Minervois,2278,2024,DVF
Caunes-Minervois|11,2278,2024,DVF
Caupenne,1161,2024,DVF
Caupenne-d'Armagnac,1365,2024,DVF
Caupenne-d'Armagnac|32,1365,2024,DVF
Caupenne|40,1161,2024,DVF
Caurel,2170,2024,DVF
Caurel|22,2170,2024,DVF
Caurel|51,2821,2024,DVF
Cauro,3636,2024,DVF
Cauroir,1410,2024,DVF
Cauroir|59,1410,2024,DVF
Cauro|2A,3636,2024,DVF
Caussade,1639,2024,DVF
Caussade|82,1639,2024,DVF
Causse-de-la-Selle,3811,2024,DVF
Causse-de-la-Selle|34,3811,2024,DVF
Causse-et-Diège,1660,2024,DVF
Causse-et-Diège|12,1660,2024,DVF
Caussens,1874,2024,DVF
Caussens|32,1874,2024,DVF
Causses-et-Veyran,1880,2024,DVF
Causses-et-Veyran|34,1880,2024,DVF
Caussols,3383,2024,DVF
Caussols|06,3383,2024,DVF
Cauterets,3596,2024,DVF
Cauterets|65,3596,2024,DVF
Cauvicourt,2241,2024,DVF
Cauvicourt|14,2241,2024,DVF
Cauvigny,2152,2024,DVF
Cauvigny|60,2152,2024,DVF
Cauville-sur-Mer,2641,2024,DVF
Cauville-sur-Mer|76,2641,2024,DVF
Caux,2457,2024,DVF
Caux-et-Sauzens,1844,2024,DVF
Caux-et-Sauzens|11,1844,2024,DVF
Caux|34,2457,2024,DVF
Cavaillon,2540,2024,DVF
Cavaillon|84,2540,2024,DVF
Cavalaire-sur-Mer,6172,2024,DVF
Cavalaire-sur-Mer|83,6172,2024,DVF
Cavan,1630,2024,DVF
Cavanac,1361,2024,DVF
Cavanac|11,1361,2024,DVF
Cavan|22,1630,2024,DVF
Caveirac,3041,2024,DVF
Caveirac|30,3041,2024,DVF
Caves,2420,2024,DVF
Caves|11,2420,2024,DVF
Cavignac,1946,2024,DVF
Cavignac|33,1946,2024,DVF
Cavillargues,2513,2024,DVF
Cavillargues|30,2513,2024,DVF
Cayeux-sur-Mer,2891,2024,DVF
Cayeux-sur-Mer|80,2891,2024,DVF
Caylus,1331,2024,DVF
Caylus|82,1331,2024,DVF
Cayres,1756,2024,DVF
Cayres|43,1756,2024,DVF
Cazals,1588,2024,DVF
Cazals|46,1588,2024,DVF
Cazaubon,1614,2024,DVF
Cazaubon|32,1614,2024,DVF
Cazaunous,1398,2024,DVF
Cazaunous|31,1398,2024,DVF
Cazaux-Fréchet-Anéran-Camors,3566,2024,DVF
Cazaux-Fréchet-Anéran-Camors|65,3566,2024,DVF
Cazedarnes,1764,2024,DVF
Cazedarnes|34,1764,2024,DVF
Cazes-Mondenard,1463,2024,DVF
Cazes-Mondenard|82,1463,2024,DVF
Cazideroque,1859,2024,DVF
Cazideroque|47,1859,2024,DVF
Cazilhac,2727,2024,DVF
Cazilhac|11,2028,2024,DVF
Cazilhac|34,2727,2024,DVF
Cazouls-lès-Béziers,1814,2024,DVF
Cazouls-lès-Béziers|34,1814,2024,DVF
Cazères,1870,2024,DVF
Cazères-sur-l'Adour,1508,2024,DVF
Cazères-sur-l'Adour|40,1508,2024,DVF
Cazères|31,1870,2024,DVF
Caëstre,1951,2024,DVF
Caëstre|59,1951,2024,DVF
Ceaucé,1220,2024,DVF
Ceaucé|61,1220,2024,DVF
Ceaux-en-Loudun,1194,2024,DVF
Ceaux-en-Loudun|86,1194,2024,DVF
Ceffonds,947,2024,DVF
Ceffonds|52,947,2024,DVF
Ceilhes-et-Rocozels,1323,2024,DVF
Ceilhes-et-Rocozels|34,1323,2024,DVF
Ceillac,3084,2024,DVF
Ceillac|05,3084,2024,DVF
Ceintrey,1909,2024,DVF
Ceintrey|54,1909,2024,DVF
Celle-Lévescault,1569,2024,DVF
Celle-Lévescault|86,1569,2024,DVF
Cellefrouin,1531,2024,DVF
Cellefrouin|16,1531,2024,DVF
Celles-sur-Belle,1347,2024,DVF
Celles-sur-Belle|79,1347,2024,DVF
Celles-sur-Durolle,1118,2024,DVF
Celles-sur-Durolle|63,1118,2024,DVF
Celles-sur-Ource,1483,2024,DVF
Celles-sur-Ource|10,1483,2024,DVF
Celles-sur-Plaine,852,2024,DVF
Celles-sur-Plaine|88,852,2024,DVF
Cellettes,1947,2024,DVF
Cellettes|16,1225,2024,DVF
Cellettes|41,1947,2024,DVF
Cellieu,3250,2024,DVF
Cellieu|42,3250,2024,DVF
Cellé,1277,2024,DVF
Cellé|41,1277,2024,DVF
Cempuis,1480,2024,DVF
Cempuis|60,1480,2024,DVF
Cendras,2505,2024,DVF
Cendras|30,2505,2024,DVF
Cenne-Monestiés,1363,2024,DVF
Cenne-Monestiés|11,1363,2024,DVF
Cenon,3126,2024,DVF
Cenon-sur-Vienne,1652,2024,DVF
Cenon-sur-Vienne|86,1652,2024,DVF
Cenon|33,3126,2024,DVF
Cepoy,1447,2024,DVF
Cepoy|45,1447,2024,DVF
Cerbois,810,2024,DVF
Cerbois|18,810,2024,DVF
Cerbère,3152,2024,DVF
Cerbère|66,3152,2024,DVF
Cercier,3857,2024,DVF
Cercier|74,3857,2024,DVF
Cercié,2272,2024,DVF
Cercié|69,2272,2024,DVF
Cercottes,2125,2024,DVF
Cercottes|45,2125,2024,DVF
Cercoux,2549,2024,DVF
Cercoux|17,2549,2024,DVF
Cercy-la-Tour,971,2024,DVF
Cercy-la-Tour|58,971,2024,DVF
Cerdon,1621,2024,DVF
Cerdon|01,1286,2024,DVF
Cerdon|45,1621,2024,DVF
Cerelles,3074,2024,DVF
Cerelles|37,3074,2024,DVF
Cerfontaine,1801,2024,DVF
Cerfontaine|59,1801,2024,DVF
Cergy,3269,2024,DVF
Cergy|95,3269,2024,DVF
Cerisiers,1277,2024,DVF
Cerisiers|89,1277,2024,DVF
Cerisy,1987,2024,DVF
Cerisy-Belle-Étoile,1121,2024,DVF
Cerisy-Belle-Étoile|61,1121,2024,DVF
Cerisy-la-Forêt,1295,2024,DVF
Cerisy-la-Forêt|50,1295,2024,DVF
Cerisy-la-Salle,1290,2024,DVF
Cerisy-la-Salle|50,1290,2024,DVF
Cerisy|80,1987,2024,DVF
Cerizay,1382,2024,DVF
Cerizay|79,1382,2024,DVF
Cernay,1542,2024,DVF
Cernay-la-Ville,3556,2024,DVF
Cernay-la-Ville|78,3556,2024,DVF
Cernay-lès-Reims,3075,2024,DVF
Cernay-lès-Reims|51,3075,2024,DVF
Cernay|86,1542,2024,DVF
Cernex,4116,2024,DVF
Cernex|74,4116,2024,DVF
Cerny,2698,2024,DVF
Cerny|91,2698,2024,DVF
Cers,2669,2024,DVF
Cers|34,2669,2024,DVF
Certines,2650,2024,DVF
Certines|01,2650,2024,DVF
Cervens,3919,2024,DVF
Cervens|74,3919,2024,DVF
Cervione,2696,2024,DVF
Cervione|2B,2696,2024,DVF
Cervon,1381,2024,DVF
Cervon|58,1381,2024,DVF
Cesny-aux-Vignes,2588,2024,DVF
Cesny-aux-Vignes|14,2588,2024,DVF
Cesny-les-Sources,2076,2024,DVF
Cesny-les-Sources|14,2076,2024,DVF
Cessenon-sur-Orb,1734,2024,DVF
Cessenon-sur-Orb|34,1734,2024,DVF
Cesseras,1924,2024,DVF
Cesseras|34,1924,2024,DVF
Cesset,867,2024,DVF
Cesset|03,867,2024,DVF
Cesseville,1382,2024,DVF
Cesseville|27,1382,2024,DVF
Cessieu,3114,2024,DVF
Cessieu|38,3114,2024,DVF
Cessières-Suzy,1566,2024,DVF
Cessières-Suzy|02,1566,2024,DVF
Cesson,2936,2024,DVF
Cesson-Sévigné,3829,2024,DVF
Cesson-Sévigné|35,3829,2024,DVF
Cesson|77,2936,2024,DVF
Cessy,5160,2024,DVF
Cessy|01,5160,2024,DVF
Cestas,3602,2024,DVF
Cestas|33,3602,2024,DVF
Cestayrols,1534,2024,DVF
Cestayrols|81,1534,2024,DVF
Ceton,1274,2024,DVF
Ceton|61,1274,2024,DVF
Cevins,2081,2024,DVF
Cevins|73,2081,2024,DVF
Ceyrat,2800,2024,DVF
Ceyrat|63,2800,2024,DVF
Ceyreste,5047,2024,DVF
Ceyreste|13,5047,2024,DVF
Ceyssac,1604,2024,DVF
Ceyssac|43,1604,2024,DVF
Ceyzériat,2721,2024,DVF
Ceyzériat|01,2721,2024,DVF
Ceyzérieu,2129,2024,DVF
Ceyzérieu|01,2129,2024,DVF
Chabanais,904,2024,DVF
Chabanais|16,904,2024,DVF
Chabanière,3332,2024,DVF
Chabanière|69,3332,2024,DVF
Chabeuil,2871,2024,DVF
Chabeuil|26,2871,2024,DVF
Chablis,1632,2024,DVF
Chablis|89,1632,2024,DVF
Chabottes,2002,2024,DVF
Chabottes|05,2002,2024,DVF
Chabournay,1761,2024,DVF
Chabournay|86,1761,2024,DVF
Chabrac,1186,2024,DVF
Chabrac|16,1186,2024,DVF
Chabreloche,1164,2024,DVF
Chabreloche|63,1164,2024,DVF
Chabrignac,1091,2024,DVF
Chabrignac|19,1091,2024,DVF
Chabrillan,3040,2024,DVF
Chabrillan|26,3040,2024,DVF
Chabris,1209,2024,DVF
Chabris|36,1209,2024,DVF
Chadenac,2026,2024,DVF
Chadenac|17,2026,2024,DVF
Chadrac,2136,2024,DVF
Chadrac|43,2136,2024,DVF
Chaffois,3362,2024,DVF
Chaffois|25,3362,2024,DVF
Chagey,1660,2024,DVF
Chagey|70,1660,2024,DVF
Chagny,1673,2024,DVF
Chagny|71,1673,2024,DVF
Chahaignes,1208,2024,DVF
Chahaignes|72,1208,2024,DVF
Chaillac,1137,2024,DVF
Chaillac-sur-Vienne,1632,2024,DVF
Chaillac-sur-Vienne|87,1632,2024,DVF
Chaillac|36,1137,2024,DVF
Chailland,1731,2024,DVF
Chailland|53,1731,2024,DVF
Chailles,1904,2024,DVF
Chailles|41,1904,2024,DVF
Chaillevette,2217,2024,DVF
Chaillevette|17,2217,2024,DVF
Chailley,1188,2024,DVF
Chailley|89,1188,2024,DVF
Chailloué,908,2024,DVF
Chailloué|61,908,2024,DVF
Chailly-en-Bière,3309,2024,DVF
Chailly-en-Bière|77,3309,2024,DVF
Chailly-en-Brie,2140,2024,DVF
Chailly-en-Brie|77,2140,2024,DVF
Chailly-en-Gâtinais,1566,2024,DVF
Chailly-en-Gâtinais|45,1566,2024,DVF
Chaillé-les-Marais,1511,2024,DVF
Chaillé-les-Marais|85,1511,2024,DVF
Chainaz-les-Frasses,3209,2024,DVF
Chainaz-les-Frasses|74,3209,2024,DVF
Chaingy,2860,2024,DVF
Chaingy|45,2860,2024,DVF
Chaintreaux,2929,2024,DVF
Chaintreaux|77,2929,2024,DVF
Chaintré,2465,2024,DVF
Chaintré|71,2465,2024,DVF
Chaise-Dieu-du-Theil,1103,2024,DVF
Chaise-Dieu-du-Theil|27,1103,2024,DVF
Chalabre,1055,2024,DVF
Chalabre|11,1055,2024,DVF
Chalain-d'Uzore,2282,2024,DVF
Chalain-d'Uzore|42,2282,2024,DVF
Chalain-le-Comtal,1853,2024,DVF
Chalain-le-Comtal|42,1853,2024,DVF
Chalaines,1306,2024,DVF
Chalaines|55,1306,2024,DVF
Chalais,1202,2024,DVF
Chalais|16,1202,2024,DVF
Chalais|86,1162,2024,DVF
Chalamont,2269,2024,DVF
Chalamont|01,2269,2024,DVF
Chalandray,1662,2024,DVF
Chalandray|86,1662,2024,DVF
Chalandry,1252,2024,DVF
Chalandry-Elaire,2061,2024,DVF
Chalandry-Elaire|08,2061,2024,DVF
Chalandry|02,1252,2024,DVF
Chalautre-la-Grande,1676,2024,DVF
Chalautre-la-Grande|77,1676,2024,DVF
Chalautre-la-Petite,1640,2024,DVF
Chalautre-la-Petite|77,1640,2024,DVF
Chaleins,3212,2024,DVF
Chaleins|01,3212,2024,DVF
Chalencon,2120,2024,DVF
Chalencon|07,2120,2024,DVF
Chalezeule,2256,2024,DVF
Chalezeule|25,2256,2024,DVF
Chalifert,3147,2024,DVF
Chalifert|77,3147,2024,DVF
Chaligny,1791,2024,DVF
Chaligny|54,1791,2024,DVF
Chalindrey,922,2024,DVF
Chalindrey|52,922,2024,DVF
Chalivoy-Milon,590,2024,DVF
Chalivoy-Milon|18,590,2024,DVF
Challain-la-Potherie,1384,2024,DVF
Challain-la-Potherie|49,1384,2024,DVF
Challans,2659,2024,DVF
Challans|85,2659,2024,DVF
Challerange,1042,2024,DVF
Challerange|08,1042,2024,DVF
Challes,1587,2024,DVF
Challes-les-Eaux,3504,2024,DVF
Challes-les-Eaux|73,3504,2024,DVF
Challes|72,1587,2024,DVF
Challet,1670,2024,DVF
Challet|28,1670,2024,DVF
Challex,4001,2024,DVF
Challex|01,4001,2024,DVF
Challonges,2658,2024,DVF
Challonges|74,2658,2024,DVF
Challuy,1350,2024,DVF
Challuy|58,1350,2024,DVF
Chalmaison,1772,2024,DVF
Chalmaison|77,1772,2024,DVF
Chalmazel-Jeansagnière,1031,2024,DVF
Chalmazel-Jeansagnière|42,1031,2024,DVF
Chalmoux,862,2024,DVF
Chalmoux|71,862,2024,DVF
Chalo-Saint-Mars,2347,2024,DVF
Chalo-Saint-Mars|91,2347,2024,DVF
Chalon-sur-Saône,1499,2024,DVF
Chalon-sur-Saône|71,1499,2024,DVF
Chalonnes-sur-Loire,2255,2024,DVF
Chalonnes-sur-Loire|49,2255,2024,DVF
Chalus,1383,2024,DVF
Chalus|63,1383,2024,DVF
Chalèze,2104,2024,DVF
Chalèze|25,2104,2024,DVF
Chamadelle,1689,2024,DVF
Chamadelle|33,1689,2024,DVF
Chamagnieu,2746,2024,DVF
Chamagnieu|38,2746,2024,DVF
Chamalières,2595,2024,DVF
Chamalières-sur-Loire,1407,2024,DVF
Chamalières-sur-Loire|43,1407,2024,DVF
Chamalières|63,2595,2024,DVF
Chamant,4172,2024,DVF
Chamant|60,4172,2024,DVF
Chamarande,2539,2024,DVF
Chamarande|91,2539,2024,DVF
Chambaron sur Morge,2231,2024,DVF
Chambaron sur Morge|63,2231,2024,DVF
Chambellay,1319,2024,DVF
Chambellay|49,1319,2024,DVF
Chamberet,1275,2024,DVF
Chamberet|19,1275,2024,DVF
Chambilly,1068,2024,DVF
Chambilly|71,1068,2024,DVF
Chamblac,2149,2024,DVF
Chamblac|27,2149,2024,DVF
Chambles,2339,2024,DVF
Chambles|42,2339,2024,DVF
Chamblet,1134,2024,DVF
Chamblet|03,1134,2024,DVF
Chambley-Bussières,1739,2024,DVF
Chambley-Bussières|54,1739,2024,DVF
Chambly,3267,2024,DVF
Chambly|60,3267,2024,DVF
Chambois,1863,2024,DVF
Chambois|27,1863,2024,DVF
Chambon,1893,2024,DVF
Chambon-la-Forêt,1583,2024,DVF
Chambon-la-Forêt|45,1583,2024,DVF
Chambon-sur-Lac,1890,2024,DVF
Chambon-sur-Lac|63,1890,2024,DVF
Chambon-sur-Voueize,752,2024,DVF
Chambon-sur-Voueize|23,752,2024,DVF
Chambonas,2439,2024,DVF
Chambonas|07,2439,2024,DVF
Chambonchard,876,2024,DVF
Chambonchard|23,876,2024,DVF
Chambon|17,1893,2024,DVF
Chamborand,998,2024,DVF
Chamborand|23,998,2024,DVF
Chamboret,1377,2024,DVF
Chamboret|87,1377,2024,DVF
Chamborigaud,1137,2024,DVF
Chamborigaud|30,1137,2024,DVF
Chambors,2770,2024,DVF
Chambors|60,2770,2024,DVF
Chambost-Allières,2342,2024,DVF
Chambost-Allières|69,2342,2024,DVF
Chambost-Longessaigne,1840,2024,DVF
Chambost-Longessaigne|69,1840,2024,DVF
Chamboulive,1549,2024,DVF
Chamboulive|19,1549,2024,DVF
Chambourcy,4708,2024,DVF
Chambourcy|78,4708,2024,DVF
Chambourg-sur-Indre,1902,2024,DVF
Chambourg-sur-Indre|37,1902,2024,DVF
Chambray-lès-Tours,2760,2024,DVF
Chambray-lès-Tours|37,2760,2024,DVF
Chambry,2594,2024,DVF
Chambry|77,2594,2024,DVF
Chambéon,2428,2024,DVF
Chambéon|42,2428,2024,DVF
Chambéry,3074,2024,DVF
Chambéry|73,3074,2024,DVF
Chambœuf,2994,2024,DVF
Chambœuf|42,2994,2024,DVF
Chamelet,2134,2024,DVF
Chamelet|69,2134,2024,DVF
Chamesol,1212,2024,DVF
Chamesol|25,1212,2024,DVF
Chameyrat,1536,2024,DVF
Chameyrat|19,1536,2024,DVF
Chamigny,1941,2024,DVF
Chamigny|77,1941,2024,DVF
Chamonix-Mont-Blanc,9455,2024,DVF
Chamonix-Mont-Blanc|74,9455,2024,DVF
Chamouilley,1106,2024,DVF
Chamouilley|52,1106,2024,DVF
Chamoux-sur-Gelon,2492,2024,DVF
Chamoux-sur-Gelon|73,2492,2024,DVF
Chamoy,1199,2024,DVF
Chamoy|10,1199,2024,DVF
Champ-sur-Drac,2926,2024,DVF
Champ-sur-Drac|38,2926,2024,DVF
Champagnac,1155,2024,DVF
Champagnac-de-Belair,1540,2024,DVF
Champagnac-de-Belair|24,1540,2024,DVF
Champagnac-la-Rivière,1170,2024,DVF
Champagnac-la-Rivière|87,1170,2024,DVF
Champagnac-le-Vieux,552,2024,DVF
Champagnac-le-Vieux|43,552,2024,DVF
Champagnac|15,1155,2024,DVF
Champagnat,1079,2024,DVF
Champagnat|23,1079,2024,DVF
Champagnat|71,2050,2024,DVF
Champagne,1993,2024,DVF
Champagne-Mouton,1175,2024,DVF
Champagne-Mouton|16,1175,2024,DVF
Champagne-au-Mont-d'Or,4027,2024,DVF
Champagne-au-Mont-d'Or|69,4027,2024,DVF
Champagne-en-Valromey,1877,2024,DVF
Champagne-en-Valromey|01,1877,2024,DVF
Champagne-et-Fontaine,2055,2024,DVF
Champagne-et-Fontaine|24,2055,2024,DVF
Champagne-sur-Oise,3222,2024,DVF
Champagne-sur-Oise|95,3222,2024,DVF
Champagne-sur-Seine,2498,2024,DVF
Champagne-sur-Seine|77,2498,2024,DVF
Champagneux,2316,2024,DVF
Champagneux|73,2316,2024,DVF
Champagney,1418,2024,DVF
Champagney|70,1418,2024,DVF
Champagne|07,1993,2024,DVF
Champagne|17,1652,2024,DVF
Champagnole,1880,2024,DVF
Champagnole|39,1880,2024,DVF
Champagny-en-Vanoise,5932,2024,DVF
Champagny-en-Vanoise|73,5932,2024,DVF
Champagné,1594,2024,DVF
Champagné-Saint-Hilaire,886,2024,DVF
Champagné-Saint-Hilaire|86,886,2024,DVF
Champagné-les-Marais,1862,2024,DVF
Champagné-les-Marais|85,1862,2024,DVF
Champagné|72,1594,2024,DVF
Champanges,3933,2024,DVF
Champanges|74,3933,2024,DVF
Champaubert,1293,2024,DVF
Champaubert|51,1293,2024,DVF
Champcevinel,2035,2024,DVF
Champcevinel|24,2035,2024,DVF
Champcevrais,716,2024,DVF
Champcevrais|89,716,2024,DVF
Champcueil,2789,2024,DVF
Champcueil|91,2789,2024,DVF
Champdeniers,1469,2024,DVF
Champdeniers|79,1469,2024,DVF
Champdieu,2065,2024,DVF
Champdieu|42,2065,2024,DVF
Champdor-Corcelles,1594,2024,DVF
Champdor-Corcelles|01,1594,2024,DVF
Champdôtre,1608,2024,DVF
Champdôtre|21,1608,2024,DVF
Champeau-en-Morvan,2016,2024,DVF
Champeau-en-Morvan|21,2016,2024,DVF
Champeaux,2950,2024,DVF
Champeaux|35,2267,2024,DVF
Champeaux|50,2950,2024,DVF
Champeaux|77,2796,2024,DVF
Champeix,1590,2024,DVF
Champeix|63,1590,2024,DVF
Champenoux,2237,2024,DVF
Champenoux|54,2237,2024,DVF
Champey,1357,2024,DVF
Champey-sur-Moselle,1228,2024,DVF
Champey-sur-Moselle|54,1228,2024,DVF
Champey|70,1357,2024,DVF
Champfleur,1451,2024,DVF
Champfleur|72,1451,2024,DVF
Champforgeuil,1723,2024,DVF
Champforgeuil|71,1723,2024,DVF
Champfromier,1792,2024,DVF
Champfromier|01,1792,2024,DVF
Champgenéteux,910,2024,DVF
Champgenéteux|53,910,2024,DVF
Champhol,2452,2024,DVF
Champhol|28,2452,2024,DVF
Champier,1871,2024,DVF
Champier|38,1871,2024,DVF
Champignelles,1272,2024,DVF
Champignelles|89,1272,2024,DVF
Champigneulles,1802,2024,DVF
Champigneulles|54,1802,2024,DVF
Champigny,1767,2024,DVF
Champigny en Rochereau,1586,2024,DVF
Champigny en Rochereau|86,1586,2024,DVF
Champigny-en-Beauce,1213,2024,DVF
Champigny-en-Beauce|41,1213,2024,DVF
Champigny-la-Futelaye,2164,2024,DVF
Champigny-la-Futelaye|27,2164,2024,DVF
Champigny-lès-Langres,1684,2024,DVF
Champigny-lès-Langres|52,1684,2024,DVF
Champigny-sur-Marne,4096,2024,DVF
Champigny-sur-Marne|94,4096,2024,DVF
Champigny-sur-Veude,1511,2024,DVF
Champigny-sur-Veude|37,1511,2024,DVF
Champigny|51,3032,2024,DVF
Champigny|89,1767,2024,DVF
Champis,1944,2024,DVF
Champis|07,1944,2024,DVF
Champlan,3780,2024,DVF
Champlan|91,3780,2024,DVF
Champlemy,997,2024,DVF
Champlemy|58,997,2024,DVF
Champlitte,1013,2024,DVF
Champlitte|70,1013,2024,DVF
Champlost,1163,2024,DVF
Champlost|89,1163,2024,DVF
Champniers,1706,2024,DVF
Champniers-et-Reilhac,1368,2024,DVF
Champniers-et-Reilhac|24,1368,2024,DVF
Champniers|16,1706,2024,DVF
Champniers|86,1046,2024,DVF
Champnétery,1131,2024,DVF
Champnétery|87,1131,2024,DVF
Champrond-en-Gâtine,1347,2024,DVF
Champrond-en-Gâtine|28,1347,2024,DVF
Champrond-en-Perchet,1678,2024,DVF
Champrond-en-Perchet|28,1678,2024,DVF
Champs,1024,2024,DVF
Champs-Romain,1702,2024,DVF
Champs-Romain|24,1702,2024,DVF
Champs-sur-Marne,3771,2024,DVF
Champs-sur-Marne|77,3771,2024,DVF
Champs-sur-Tarentaine-Marchal,958,2024,DVF
Champs-sur-Tarentaine-Marchal|15,958,2024,DVF
Champs-sur-Yonne,2188,2024,DVF
Champs-sur-Yonne|89,2188,2024,DVF
Champsac,1516,2024,DVF
Champsac|87,1516,2024,DVF
Champsecret,1084,2024,DVF
Champsecret|61,1084,2024,DVF
Champsevraine,902,2024,DVF
Champsevraine|52,902,2024,DVF
Champs|63,1024,2024,DVF
Champtocé-sur-Loire,1678,2024,DVF
Champtocé-sur-Loire|49,1678,2024,DVF
Champvans,2038,2024,DVF
Champvans|39,2038,2024,DVF
Chamrousse,2976,2024,DVF
Chamrousse|38,2976,2024,DVF
Chamvres,1507,2024,DVF
Chamvres|89,1507,2024,DVF
Chanac,1712,2024,DVF
Chanac|48,1712,2024,DVF
Chanas,2420,2024,DVF
Chanas|38,2420,2024,DVF
Chanat-la-Mouteyre,2436,2024,DVF
Chanat-la-Mouteyre|63,2436,2024,DVF
Chanay,3016,2024,DVF
Chanay|01,3016,2024,DVF
Chanaz,3535,2024,DVF
Chanaz|73,3535,2024,DVF
Chanceaux-sur-Choisille,2334,2024,DVF
Chanceaux-sur-Choisille|37,2334,2024,DVF
Chancelade,1851,2024,DVF
Chancelade|24,1851,2024,DVF
Chancenay,1293,2024,DVF
Chancenay|52,1293,2024,DVF
Chandai,2147,2024,DVF
Chandai|61,2147,2024,DVF
Chandon,1977,2024,DVF
Chandon|42,1977,2024,DVF
Chaneins,2471,2024,DVF
Chaneins|01,2471,2024,DVF
Changey,1862,2024,DVF
Changey|52,1862,2024,DVF
Changis-sur-Marne,2682,2024,DVF
Changis-sur-Marne|77,2682,2024,DVF
Changy,1442,2024,DVF
Changy|42,1442,2024,DVF
Changé,2210,2024,DVF
Changé|53,2210,2024,DVF
Changé|72,2094,2024,DVF
Chaniers,1822,2024,DVF
Chaniers|17,1822,2024,DVF
Channay-sur-Lathan,1383,2024,DVF
Channay-sur-Lathan|37,1383,2024,DVF
Chanonat,3236,2024,DVF
Chanonat|63,3236,2024,DVF
Chanos-Curson,2055,2024,DVF
Chanos-Curson|26,2055,2024,DVF
Chanoz-Châtenay,2386,2024,DVF
Chanoz-Châtenay|01,2386,2024,DVF
Chanteau,1738,2024,DVF
Chanteau|45,1738,2024,DVF
Chanteheux,1680,2024,DVF
Chanteheux|54,1680,2024,DVF
Chanteix,1723,2024,DVF
Chanteix|19,1723,2024,DVF
Chantelle,1186,2024,DVF
Chantelle|03,1186,2024,DVF
Chanteloup,2375,2024,DVF
Chanteloup-en-Brie,3960,2024,DVF
Chanteloup-en-Brie|77,3960,2024,DVF
Chanteloup-les-Vignes,3106,2024,DVF
Chanteloup-les-Vignes|78,3106,2024,DVF
Chanteloup|35,2375,2024,DVF
Chanteloup|79,1122,2024,DVF
Chantemerle-les-Blés,2611,2024,DVF
Chantemerle-les-Blés|26,2611,2024,DVF
Chantenay-Saint-Imbert,1002,2024,DVF
Chantenay-Saint-Imbert|58,1002,2024,DVF
Chantenay-Villedieu,1090,2024,DVF
Chantenay-Villedieu|72,1090,2024,DVF
Chantepie,3246,2024,DVF
Chantepie|35,3246,2024,DVF
Chantepérier,2474,2024,DVF
Chantepérier|38,2474,2024,DVF
Chantilly,3909,2024,DVF
Chantilly|60,3909,2024,DVF
Chantonnay,1807,2024,DVF
Chantonnay|85,1807,2024,DVF
Chantraine,1827,2024,DVF
Chantraines,880,2024,DVF
Chantraines|52,880,2024,DVF
Chantraine|88,1827,2024,DVF
Chantrigné,1096,2024,DVF
Chantrigné|53,1096,2024,DVF
Chantérac,1721,2024,DVF
Chantérac|24,1721,2024,DVF
Chanu,1203,2024,DVF
Chanu|61,1203,2024,DVF
Chanverrie,2041,2024,DVF
Chanverrie|85,2041,2024,DVF
Chaon,1301,2024,DVF
Chaon|41,1301,2024,DVF
Chaource,1320,2024,DVF
Chaource|10,1320,2024,DVF
Chaourse,772,2024,DVF
Chaourse|02,772,2024,DVF
Chapaize,1485,2024,DVF
Chapaize|71,1485,2024,DVF
Chapareillan,2793,2024,DVF
Chapareillan|38,2793,2024,DVF
Chapdes-Beaufort,2138,2024,DVF
Chapdes-Beaufort|63,2138,2024,DVF
Chapeau,1415,2024,DVF
Chapeau|03,1415,2024,DVF
Chapeiry,4855,2024,DVF
Chapeiry|74,4855,2024,DVF
Chapelle-Royale,1250,2024,DVF
Chapelle-Royale|28,1250,2024,DVF
Chapelle-Voland,1220,2024,DVF
Chapelle-Voland|39,1220,2024,DVF
Chapet,3417,2024,DVF
Chapet|78,3417,2024,DVF
Chaponnay,4164,2024,DVF
Chaponnay|69,4164,2024,DVF
Chaponost,4254,2024,DVF
Chaponost|69,4254,2024,DVF
Chappes,2309,2024,DVF
Chappes|63,2309,2024,DVF
Chaptelat,1836,2024,DVF
Chaptelat|87,1836,2024,DVF
Charancieu,2576,2024,DVF
Charancieu|38,2576,2024,DVF
Charantonnay,2635,2024,DVF
Charantonnay|38,2635,2024,DVF
Charavines,2317,2024,DVF
Charavines|38,2317,2024,DVF
Charbonnat,738,2024,DVF
Charbonnat|71,738,2024,DVF
Charbonnier-les-Mines,1609,2024,DVF
Charbonnier-les-Mines|63,1609,2024,DVF
Charbonnières-les-Bains,5092,2024,DVF
Charbonnières-les-Bains|69,5092,2024,DVF
Charbonnières-les-Varennes,1991,2024,DVF
Charbonnières-les-Varennes|63,1991,2024,DVF
Charbuy,1596,2024,DVF
Charbuy|89,1596,2024,DVF
Charchigné,1082,2024,DVF
Charchigné|53,1082,2024,DVF
Charencey,1586,2024,DVF
Charencey|61,1586,2024,DVF
Charency-Vezin,1736,2024,DVF
Charency-Vezin|54,1736,2024,DVF
Charentay,2492,2024,DVF
Charentay|69,2492,2024,DVF
Charentilly,2447,2024,DVF
Charentilly|37,2447,2024,DVF
Charenton-du-Cher,1439,2024,DVF
Charenton-du-Cher|18,1439,2024,DVF
Charenton-le-Pont,7338,2024,DVF
Charenton-le-Pont|94,7338,2024,DVF
Charentonnay,880,2024,DVF
Charentonnay|18,880,2024,DVF
Charette-Varennes,992,2024,DVF
Charette-Varennes|71,992,2024,DVF
Chargey-lès-Gray,1433,2024,DVF
Chargey-lès-Gray|70,1433,2024,DVF
Chargé,1972,2024,DVF
Chargé|37,1972,2024,DVF
Charix,2106,2024,DVF
Charix|01,2106,2024,DVF
Charleval,3559,2024,DVF
Charleval|13,3559,2024,DVF
Charleval|27,1822,2024,DVF
Charleville-Mézières,1504,2024,DVF
Charleville-Mézières|08,1504,2024,DVF
Charlieu,1410,2024,DVF
Charlieu|42,1410,2024,DVF
Charly,4226,2024,DVF
Charly-sur-Marne,1952,2024,DVF
Charly-sur-Marne|02,1952,2024,DVF
Charly|69,4226,2024,DVF
Charmauvillers,2208,2024,DVF
Charmauvillers|25,2208,2024,DVF
Charmeil,1566,2024,DVF
Charmeil|03,1566,2024,DVF
Charmes,1451,2024,DVF
Charmes-sur-Rhône,2422,2024,DVF
Charmes-sur-Rhône|07,2422,2024,DVF
Charmes-sur-l'Herbasse,2626,2024,DVF
Charmes-sur-l'Herbasse|26,2626,2024,DVF
Charmes|02,934,2024,DVF
Charmes|03,1624,2024,DVF
Charmes|88,1451,2024,DVF
Charmoille,1530,2024,DVF
Charmoille|70,1530,2024,DVF
Charmois-l'Orgueilleux,1314,2024,DVF
Charmois-l'Orgueilleux|88,1314,2024,DVF
Charmont-sous-Barbuise,1630,2024,DVF
Charmont-sous-Barbuise|10,1630,2024,DVF
Charmoy,1302,2024,DVF
Charmoy|89,1302,2024,DVF
Charnas,2412,2024,DVF
Charnas|07,2412,2024,DVF
Charnay-lès-Mâcon,2491,2024,DVF
Charnay-lès-Mâcon|71,2491,2024,DVF
Charnizay,878,2024,DVF
Charnizay|37,878,2024,DVF
Charnoz-sur-Ain,3206,2024,DVF
Charnoz-sur-Ain|01,3206,2024,DVF
Charny,3428,2024,DVF
Charny Orée de Puisaye,1245,2024,DVF
Charny Orée de Puisaye|89,1245,2024,DVF
Charny|77,3428,2024,DVF
Charnècles,2138,2024,DVF
Charnècles|38,2138,2024,DVF
Charolles,1400,2024,DVF
Charolles|71,1400,2024,DVF
Charols,2548,2024,DVF
Charols|26,2548,2024,DVF
Charonville,1584,2024,DVF
Charonville|28,1584,2024,DVF
Charpey,3156,2024,DVF
Charpey|26,3156,2024,DVF
Charpont,2166,2024,DVF
Charpont|28,2166,2024,DVF
Charquemont,2220,2024,DVF
Charquemont|25,2220,2024,DVF
Charrin,1458,2024,DVF
Charrin|58,1458,2024,DVF
Charron,2395,2024,DVF
Charron|17,2395,2024,DVF
Charroux,849,2024,DVF
Charroux|03,1658,2024,DVF
Charroux|86,849,2024,DVF
Chars,2818,2024,DVF
Charsonville,1150,2024,DVF
Charsonville|45,1150,2024,DVF
Chars|95,2818,2024,DVF
Chartainvilliers,2365,2024,DVF
Chartainvilliers|28,2365,2024,DVF
Chartres,2513,2024,DVF
Chartres-de-Bretagne,3055,2024,DVF
Chartres-de-Bretagne|35,3055,2024,DVF
Chartres|28,2513,2024,DVF
Chartrettes,3413,2024,DVF
Chartrettes|77,3413,2024,DVF
Chartèves,2750,2024,DVF
Chartèves|02,2750,2024,DVF
Charvieu-Chavagneux,3191,2024,DVF
Charvieu-Chavagneux|38,3191,2024,DVF
Charvonnex,4525,2024,DVF
Charvonnex|74,4525,2024,DVF
Chasnais,2094,2024,DVF
Chasnais|85,2094,2024,DVF
Chasné-sur-Illet,2416,2024,DVF
Chasné-sur-Illet|35,2416,2024,DVF
Chaspinhac,1810,2024,DVF
Chaspinhac|43,1810,2024,DVF
Chaspuzac,1990,2024,DVF
Chaspuzac|43,1990,2024,DVF
Chasse-sur-Rhône,2847,2024,DVF
Chasse-sur-Rhône|38,2847,2024,DVF
Chasselay,3813,2024,DVF
Chasselay|69,3813,2024,DVF
Chassemy,1502,2024,DVF
Chassemy|02,1502,2024,DVF
Chassenard,1055,2024,DVF
Chassenard|03,1055,2024,DVF
Chasseneuil,1041,2024,DVF
Chasseneuil-du-Poitou,2222,2024,DVF
Chasseneuil-du-Poitou|86,2222,2024,DVF
Chasseneuil-sur-Bonnieure,1161,2024,DVF
Chasseneuil-sur-Bonnieure|16,1161,2024,DVF
Chasseneuil|36,1041,2024,DVF
Chassenon,1195,2024,DVF
Chassenon|16,1195,2024,DVF
Chassey-lès-Montbozon,1075,2024,DVF
Chassey-lès-Montbozon|70,1075,2024,DVF
Chassiecq,1330,2024,DVF
Chassiecq|16,1330,2024,DVF
Chassiers,3006,2024,DVF
Chassiers|07,3006,2024,DVF
Chassieu,4272,2024,DVF
Chassieu|69,4272,2024,DVF
Chassignolles,713,2024,DVF
Chassignolles|36,713,2024,DVF
Chassigny-sous-Dun,1578,2024,DVF
Chassigny-sous-Dun|71,1578,2024,DVF
Chassors,1634,2024,DVF
Chassors|16,1634,2024,DVF
Chasteaux,1616,2024,DVF
Chasteaux|19,1616,2024,DVF
Chastel-Nouvel,2756,2024,DVF
Chastel-Nouvel|48,2756,2024,DVF
Chastreix,1930,2024,DVF
Chastreix|63,1930,2024,DVF
Chatain,1183,2024,DVF
Chatain|86,1183,2024,DVF
Chatou,5626,2024,DVF
Chatou|78,5626,2024,DVF
Chatte,2260,2024,DVF
Chatte|38,2260,2024,DVF
Chatuzange-le-Goubet,2667,2024,DVF
Chatuzange-le-Goubet|26,2667,2024,DVF
Chauché,1731,2024,DVF
Chauché|85,1731,2024,DVF
Chauconin-Neufmontiers,2710,2024,DVF
Chauconin-Neufmontiers|77,2710,2024,DVF
Chaudefonds-sur-Layon,2072,2024,DVF
Chaudefonds-sur-Layon|49,2072,2024,DVF
Chaudenay,1712,2024,DVF
Chaudenay|52,965,2024,DVF
Chaudenay|71,1712,2024,DVF
Chaudes-Aigues,1585,2024,DVF
Chaudes-Aigues|15,1585,2024,DVF
Chaudeyrac,1107,2024,DVF
Chaudeyrac|48,1107,2024,DVF
Chaudon,1986,2024,DVF
Chaudon|28,1986,2024,DVF
Chauffailles,1373,2024,DVF
Chauffailles|71,1373,2024,DVF
Chauffours,2051,2024,DVF
Chauffours|28,2051,2024,DVF
Chauffry,2258,2024,DVF
Chauffry|77,2258,2024,DVF
Chaufour-Notre-Dame,1666,2024,DVF
Chaufour-Notre-Dame|72,1666,2024,DVF
Chaulgnes,1305,2024,DVF
Chaulgnes|58,1305,2024,DVF
Chaulieu,1866,2024,DVF
Chaulieu|50,1866,2024,DVF
Chaulnes,1231,2024,DVF
Chaulnes|80,1231,2024,DVF
Chaumard,1638,2024,DVF
Chaumard|58,1638,2024,DVF
Chaumes-en-Brie,2770,2024,DVF
Chaumes-en-Brie|77,2770,2024,DVF
Chaumes-en-Retz,2608,2024,DVF
Chaumes-en-Retz|44,2608,2024,DVF
Chaumont,1432,2024,DVF
Chaumont-en-Vexin,2615,2024,DVF
Chaumont-en-Vexin|60,2615,2024,DVF
Chaumont-sur-Loire,1681,2024,DVF
Chaumont-sur-Loire|41,1681,2024,DVF
Chaumont-sur-Tharonne,1581,2024,DVF
Chaumont-sur-Tharonne|41,1581,2024,DVF
Chaumontel,3787,2024,DVF
Chaumontel|95,3787,2024,DVF
Chaumont|52,1432,2024,DVF
Chaumont|89,2088,2024,DVF
Chaumot,1494,2024,DVF
Chaumot|89,1494,2024,DVF
Chaumousey,1986,2024,DVF
Chaumousey|88,1986,2024,DVF
Chaunay,939,2024,DVF
Chaunay|86,939,2024,DVF
Chauny,1408,2024,DVF
Chauny|02,1408,2024,DVF
Chauray,2077,2024,DVF
Chauray|79,2077,2024,DVF
Chauriat,1900,2024,DVF
Chauriat|63,1900,2024,DVF
Chaussan,3625,2024,DVF
Chaussan|69,3625,2024,DVF
Chaussenac,1373,2024,DVF
Chaussenac|15,1373,2024,DVF
Chaussin,1389,2024,DVF
Chaussin|39,1389,2024,DVF
Chaussy,2718,2024,DVF
Chaussy|95,2718,2024,DVF
Chauvigny,1402,2024,DVF
Chauvigny|86,1402,2024,DVF
Chauvigné,1414,2024,DVF
Chauvigné|35,1414,2024,DVF
Chauvé,2780,2024,DVF
Chauvé|44,2780,2024,DVF
Chaux,1583,2024,DVF
Chaux-des-Crotenay,2485,2024,DVF
Chaux-des-Crotenay|39,2485,2024,DVF
Chaux|21,2241,2024,DVF
Chaux|90,1583,2024,DVF
Chauzon,2296,2024,DVF
Chauzon|07,2296,2024,DVF
Chavagne,2853,2024,DVF
Chavagnes-en-Paillers,1625,2024,DVF
Chavagnes-en-Paillers|85,1625,2024,DVF
Chavagnes-les-Redoux,1359,2024,DVF
Chavagnes-les-Redoux|85,1359,2024,DVF
Chavagne|35,2853,2024,DVF
Chavanay,2271,2024,DVF
Chavanay|42,2271,2024,DVF
Chavannes,1360,2024,DVF
Chavannes-sur-Reyssouze,1644,2024,DVF
Chavannes-sur-Reyssouze|01,1644,2024,DVF
Chavannes|26,1360,2024,DVF
Chavanod,4193,2024,DVF
Chavanod|74,4193,2024,DVF
Chavanoz,3416,2024,DVF
Chavanoz|38,3416,2024,DVF
Chavaroux,2011,2024,DVF
Chavaroux|63,2011,2024,DVF
Chavelot,1740,2024,DVF
Chavelot|88,1740,2024,DVF
Chavenay,4368,2024,DVF
Chavenay|78,4368,2024,DVF
Chaveyriat,2350,2024,DVF
Chaveyriat|01,2350,2024,DVF
Chavignon,1680,2024,DVF
Chavignon|02,1680,2024,DVF
Chavigny,1940,2024,DVF
Chavigny-Bailleul,2418,2024,DVF
Chavigny-Bailleul|27,2418,2024,DVF
Chavigny|54,1940,2024,DVF
Chaville,5957,2024,DVF
Chaville|92,5957,2024,DVF
Chazay-d'Azergues,4046,2024,DVF
Chazay-d'Azergues|69,4046,2024,DVF
Chazelles,1157,2024,DVF
Chazelles-sur-Lyon,2227,2024,DVF
Chazelles-sur-Lyon|42,2227,2024,DVF
Chazelles|16,1157,2024,DVF
Chazey-Bons,2015,2024,DVF
Chazey-Bons|01,2015,2024,DVF
Chazey-sur-Ain,2444,2024,DVF
Chazey-sur-Ain|01,2444,2024,DVF
Chazé-sur-Argos,1604,2024,DVF
Chazé-sur-Argos|49,1604,2024,DVF
Chef-Boutonne,1160,2024,DVF
Chef-Boutonne|79,1160,2024,DVF
Cheffes,1769,2024,DVF
Cheffes|49,1769,2024,DVF
Cheffois,1352,2024,DVF
Cheffois|85,1352,2024,DVF
Cheillé,2624,2024,DVF
Cheillé|37,2624,2024,DVF
Cheissoux,1798,2024,DVF
Cheissoux|87,1798,2024,DVF
Cheix-en-Retz,2211,2024,DVF
Cheix-en-Retz|44,2211,2024,DVF
Chelles,3520,2024,DVF
Chelles|60,2235,2024,DVF
Chelles|77,3520,2024,DVF
Chelun,1234,2024,DVF
Chelun|35,1234,2024,DVF
Chemaudin et Vaux,2324,2024,DVF
Chemaudin et Vaux|25,2324,2024,DVF
Chemazé,1330,2024,DVF
Chemazé|53,1330,2024,DVF
Chemilli,1823,2024,DVF
Chemilli|61,1823,2024,DVF
Chemilly-sur-Yonne,1747,2024,DVF
Chemilly-sur-Yonne|89,1747,2024,DVF
Chemillé-en-Anjou,1660,2024,DVF
Chemillé-en-Anjou|49,1660,2024,DVF
Chemillé-sur-Dême,1276,2024,DVF
Chemillé-sur-Dême|37,1276,2024,DVF
Cheminon,1148,2024,DVF
Cheminon|51,1148,2024,DVF
Chemiré-le-Gaudin,1342,2024,DVF
Chemiré-le-Gaudin|72,1342,2024,DVF
Chenac-Saint-Seurin-d'Uzet,1984,2024,DVF
Chenac-Saint-Seurin-d'Uzet|17,1984,2024,DVF
Chenay,724,2024,DVF
Chenay-le-Châtel,1281,2024,DVF
Chenay-le-Châtel|71,1281,2024,DVF
Chenay|51,3012,2024,DVF
Chenay|79,724,2024,DVF
Chenereilles,1855,2024,DVF
Chenereilles|43,1855,2024,DVF
Chenevières,1371,2024,DVF
Chenevières|54,1371,2024,DVF
Cheniménil,1217,2024,DVF
Cheniménil|88,1217,2024,DVF
Chenières,2020,2024,DVF
Chenières|54,2020,2024,DVF
Chennegy,1474,2024,DVF
Chennegy|10,1474,2024,DVF
Chennevières-sur-Marne,3742,2024,DVF
Chennevières-sur-Marne|94,3742,2024,DVF
Chenoise-Cucharmoy,1895,2024,DVF
Chenoise-Cucharmoy|77,1895,2024,DVF
Chenonceaux,1960,2024,DVF
Chenonceaux|37,1960,2024,DVF
Chens-sur-Léman,5096,2024,DVF
Chens-sur-Léman|74,5096,2024,DVF
Chenu,880,2024,DVF
Chenu|72,880,2024,DVF
Cheny,1439,2024,DVF
Cheny|89,1439,2024,DVF
Chenôve,1613,2024,DVF
Chenôve|21,1613,2024,DVF
Chepniers,1412,2024,DVF
Chepniers|17,1412,2024,DVF
Chepoix,1543,2024,DVF
Chepoix|60,1543,2024,DVF
Cheptainville,3150,2024,DVF
Cheptainville|91,3150,2024,DVF
Cherbonnières,1301,2024,DVF
Cherbonnières|17,1301,2024,DVF
Cherbourg-en-Cotentin,2301,2024,DVF
Cherbourg-en-Cotentin|50,2301,2024,DVF
Cherisy,2228,2024,DVF
Cherisy|28,2228,2024,DVF
Chermignac,2332,2024,DVF
Chermignac|17,2332,2024,DVF
Cherrueix,2316,2024,DVF
Cherrueix|35,2316,2024,DVF
Cherré-Au,1852,2024,DVF
Cherré-Au|72,1852,2024,DVF
Cherveix-Cubas,1185,2024,DVF
Cherveix-Cubas|24,1185,2024,DVF
Cherves,1181,2024,DVF
Cherves|86,1181,2024,DVF
Cherveux,1591,2024,DVF
Cherveux|79,1591,2024,DVF
Chessy,4642,2024,DVF
Chessy-les-Prés,1102,2024,DVF
Chessy-les-Prés|10,1102,2024,DVF
Chessy|69,3256,2024,DVF
Chessy|77,4642,2024,DVF
Chevagnes,1586,2024,DVF
Chevagnes|03,1586,2024,DVF
Chevaigné,2955,2024,DVF
Chevaigné-du-Maine,1135,2024,DVF
Chevaigné-du-Maine|53,1135,2024,DVF
Chevaigné|35,2955,2024,DVF
Cheval-Blanc,3099,2024,DVF
Cheval-Blanc|84,3099,2024,DVF
Chevanceaux,1148,2024,DVF
Chevanceaux|17,1148,2024,DVF
Chevannes,1616,2024,DVF
Chevannes|45,2088,2024,DVF
Chevannes|89,1616,2024,DVF
Chevannes|91,3741,2024,DVF
Chevenon,1419,2024,DVF
Chevenon|58,1419,2024,DVF
Chevenoz,5960,2024,DVF
Chevenoz|74,5960,2024,DVF
Cheverny,2265,2024,DVF
Cheverny|41,2265,2024,DVF
Chevigny-Saint-Sauveur,2526,2024,DVF
Chevigny-Saint-Sauveur|21,2526,2024,DVF
Chevigny-en-Valière,2143,2024,DVF
Chevigny-en-Valière|21,2143,2024,DVF
Chevillon,1180,2024,DVF
Chevillon-sur-Huillard,2803,2024,DVF
Chevillon-sur-Huillard|45,2803,2024,DVF
Chevillon|52,1180,2024,DVF
Chevilly,1937,2024,DVF
Chevilly-Larue,3762,2024,DVF
Chevilly-Larue|94,3762,2024,DVF
Chevilly|45,1937,2024,DVF
Chevincourt,1823,2024,DVF
Chevincourt|60,1823,2024,DVF
Chevreuse,4372,2024,DVF
Chevreuse|78,4372,2024,DVF
Chevrier,3874,2024,DVF
Chevrier|74,3874,2024,DVF
Chevrières,2333,2024,DVF
Chevrières|38,2338,2024,DVF
Chevrières|42,2154,2024,DVF
Chevrières|60,2333,2024,DVF
Chevru,2095,2024,DVF
Chevru|77,2095,2024,DVF
Chevry,4900,2024,DVF
Chevry-Cossigny,3370,2024,DVF
Chevry-Cossigny|77,3370,2024,DVF
Chevry-en-Sereine,2185,2024,DVF
Chevry-en-Sereine|77,2185,2024,DVF
Chevry-sous-le-Bignon,2260,2024,DVF
Chevry-sous-le-Bignon|45,2260,2024,DVF
Chevry|01,4900,2024,DVF
Chey,1192,2024,DVF
Cheyssieu,2715,2024,DVF
Cheyssieu|38,2715,2024,DVF
Chey|79,1192,2024,DVF
Chezal-Benoît,963,2024,DVF
Chezal-Benoît|18,963,2024,DVF
Chezelles,1395,2024,DVF
Chezelles|36,1395,2024,DVF
Chichilianne,3414,2024,DVF
Chichilianne|38,3414,2024,DVF
Chiché,1176,2024,DVF
Chiché|79,1176,2024,DVF
Chiddes,751,2024,DVF
Chiddes|58,751,2024,DVF
Chierry,2122,2024,DVF
Chierry|02,2122,2024,DVF
Chignin,2736,2024,DVF
Chignin|73,2736,2024,DVF
Chilleurs-aux-Bois,1618,2024,DVF
Chilleurs-aux-Bois|45,1618,2024,DVF
Chilly,3861,2024,DVF
Chilly-Mazarin,2848,2024,DVF
Chilly-Mazarin|91,2848,2024,DVF
Chilly-le-Vignoble,1868,2024,DVF
Chilly-le-Vignoble|39,1868,2024,DVF
Chilly|74,3861,2024,DVF
Chimilin,2496,2024,DVF
Chimilin|38,2496,2024,DVF
Chindrieux,3408,2024,DVF
Chindrieux|73,3408,2024,DVF
Chinon,1795,2024,DVF
Chinon|37,1795,2024,DVF
Chirac,1346,2024,DVF
Chirac|16,1346,2024,DVF
Chirens,2694,2024,DVF
Chirens|38,2694,2024,DVF
Chiroubles,1996,2024,DVF
Chiroubles|69,1996,2024,DVF
Chiry-Ourscamp,1796,2024,DVF
Chiry-Ourscamp|60,1796,2024,DVF
Chiré-en-Montreuil,1377,2024,DVF
Chiré-en-Montreuil|86,1377,2024,DVF
Chissay-en-Touraine,1595,2024,DVF
Chissay-en-Touraine|41,1595,2024,DVF
Chisseaux,2000,2024,DVF
Chisseaux|37,2000,2024,DVF
Chissey-en-Morvan,630,2024,DVF
Chissey-en-Morvan|71,630,2024,DVF
Chissey-lès-Mâcon,1166,2024,DVF
Chissey-lès-Mâcon|71,1166,2024,DVF
Chitenay,1480,2024,DVF
Chitenay|41,1480,2024,DVF
Chitry-les-Mines,953,2024,DVF
Chitry-les-Mines|58,953,2024,DVF
Chives,1453,2024,DVF
Chives|17,1453,2024,DVF
Chivy-lès-Étouvelles,1306,2024,DVF
Chivy-lès-Étouvelles|02,1306,2024,DVF
Chizé,1121,2024,DVF
Chizé|79,1121,2024,DVF
Chocques,1586,2024,DVF
Chocques|62,1586,2024,DVF
Choisey,1912,2024,DVF
Choisey|39,1912,2024,DVF
Choisy,4530,2024,DVF
Choisy-au-Bac,2429,2024,DVF
Choisy-au-Bac|60,2429,2024,DVF
Choisy-en-Brie,1876,2024,DVF
Choisy-en-Brie|77,1876,2024,DVF
Choisy-le-Roi,3647,2024,DVF
Choisy-le-Roi|94,3647,2024,DVF
Choisy|74,4530,2024,DVF
Cholet,2172,2024,DVF
Cholet|49,2172,2024,DVF
Choloy-Ménillot,1556,2024,DVF
Choloy-Ménillot|54,1556,2024,DVF
Chomelix,1319,2024,DVF
Chomelix|43,1319,2024,DVF
Chomérac,2246,2024,DVF
Chomérac|07,2246,2024,DVF
Chonas-l'Amballan,3078,2024,DVF
Chonas-l'Amballan|38,3078,2024,DVF
Chooz,1845,2024,DVF
Chooz|08,1845,2024,DVF
Chorges,3669,2024,DVF
Chorges|05,3669,2024,DVF
Choue,1013,2024,DVF
Choue|41,1013,2024,DVF
Chouilly,2979,2024,DVF
Chouilly|51,2979,2024,DVF
Chouppes,1237,2024,DVF
Chouppes|86,1237,2024,DVF
Chouvigny,1066,2024,DVF
Chouvigny|03,1066,2024,DVF
Chouy,1164,2024,DVF
Chouy|02,1164,2024,DVF
Chouzé-sur-Loire,1702,2024,DVF
Chouzé-sur-Loire|37,1702,2024,DVF
Chozeau,2711,2024,DVF
Chozeau|38,2711,2024,DVF
Chuelles,1398,2024,DVF
Chuelles|45,1398,2024,DVF
Chuisnes,1745,2024,DVF
Chuisnes|28,1745,2024,DVF
Chusclan,2712,2024,DVF
Chusclan|30,2712,2024,DVF
Chuyer,3211,2024,DVF
Chuyer|42,3211,2024,DVF
Chuzelles,3402,2024,DVF
Chuzelles|38,3402,2024,DVF
Châbons,2541,2024,DVF
Châbons|38,2541,2024,DVF
Châlette-sur-Loing,1510,2024,DVF
Châlette-sur-Loing|45,1510,2024,DVF
Châlons-en-Champagne,1603,2024,DVF
Châlons-en-Champagne|51,1603,2024,DVF
Châlonvillars,2118,2024,DVF
Châlonvillars|70,2118,2024,DVF
Châlus,1246,2024,DVF
Châlus|87,1246,2024,DVF
Chârost,1051,2024,DVF
Chârost|18,1051,2024,DVF
Châtaincourt,1856,2024,DVF
Châtaincourt|28,1856,2024,DVF
Château-Arnoux-Saint-Auban,2055,2024,DVF
Château-Arnoux-Saint-Auban|04,2055,2024,DVF
Château-Bernard,2574,2024,DVF
Château-Bernard|38,2574,2024,DVF
Château-Chervix,1101,2024,DVF
Château-Chervix|87,1101,2024,DVF
Château-Chinon (Campagne),1247,2024,DVF
Château-Chinon (Campagne)|58,1247,2024,DVF
Château-Chinon (Ville),881,2024,DVF
Château-Chinon (Ville)|58,881,2024,DVF
Château-Gaillard,2308,2024,DVF
Château-Gaillard|01,2308,2024,DVF
Château-Garnier,981,2024,DVF
Château-Garnier|86,981,2024,DVF
Château-Gontier-sur-Mayenne,1889,2024,DVF
Château-Gontier-sur-Mayenne|53,1889,2024,DVF
Château-Guibert,1666,2024,DVF
Château-Guibert|85,1666,2024,DVF
Château-Landon,1899,2024,DVF
Château-Landon|77,1899,2024,DVF
Château-Larcher,1239,2024,DVF
Château-Larcher|86,1239,2024,DVF
Château-Porcien,1369,2024,DVF
Château-Porcien|08,1369,2024,DVF
Château-Renard,1418,2024,DVF
Château-Renard|45,1418,2024,DVF
Château-Renault,1518,2024,DVF
Château-Renault|37,1518,2024,DVF
Château-Thierry,1813,2024,DVF
Château-Thierry|02,1813,2024,DVF
Château-Thébaud,2481,2024,DVF
Château-Thébaud|44,2481,2024,DVF
Château-Ville-Vieille,1368,2024,DVF
Château-Ville-Vieille|05,1368,2024,DVF
Château-l'Abbaye,1762,2024,DVF
Château-l'Abbaye|59,1762,2024,DVF
Château-l'Évêque,1602,2024,DVF
Château-l'Évêque|24,1602,2024,DVF
Château-la-Vallière,1628,2024,DVF
Château-la-Vallière|37,1628,2024,DVF
Châteaubernard,1862,2024,DVF
Châteaubernard|16,1862,2024,DVF
Châteaubleau,1834,2024,DVF
Châteaubleau|77,1834,2024,DVF
Châteaubourg,2637,2024,DVF
Châteaubourg|35,2637,2024,DVF
Châteaubriant,1939,2024,DVF
Châteaubriant|44,1939,2024,DVF
Châteaudouble,4343,2024,DVF
Châteaudouble|83,4343,2024,DVF
Châteaudun,1370,2024,DVF
Châteaudun|28,1370,2024,DVF
Châteaufort,4553,2024,DVF
Châteaufort|78,4553,2024,DVF
Châteaugay,2148,2024,DVF
Châteaugay|63,2148,2024,DVF
Châteaugiron,2725,2024,DVF
Châteaugiron|35,2725,2024,DVF
Châteaulin,1710,2024,DVF
Châteaulin|29,1710,2024,DVF
Châteaumeillant,869,2024,DVF
Châteaumeillant|18,869,2024,DVF
Châteauneuf,2430,2024,DVF
Châteauneuf-Grasse,6603,2024,DVF
Châteauneuf-Grasse|06,6603,2024,DVF
Châteauneuf-Val-Saint-Donat,2421,2024,DVF
Châteauneuf-Val-Saint-Donat|04,2421,2024,DVF
Châteauneuf-Val-de-Bargis,802,2024,DVF
Châteauneuf-Val-de-Bargis|58,802,2024,DVF
Châteauneuf-Villevieille,2828,2024,DVF
Châteauneuf-Villevieille|06,2828,2024,DVF
Châteauneuf-d'Ille-et-Vilaine,2601,2024,DVF
Châteauneuf-d'Ille-et-Vilaine|35,2601,2024,DVF
Châteauneuf-de-Gadagne,3038,2024,DVF
Châteauneuf-de-Gadagne|84,3038,2024,DVF
Châteauneuf-de-Galaure,2274,2024,DVF
Châteauneuf-de-Galaure|26,2274,2024,DVF
Châteauneuf-du-Faou,1283,2024,DVF
Châteauneuf-du-Faou|29,1283,2024,DVF
Châteauneuf-du-Pape,3150,2024,DVF
Châteauneuf-du-Pape|84,3150,2024,DVF
Châteauneuf-du-Rhône,2353,2024,DVF
Châteauneuf-du-Rhône|26,2353,2024,DVF
Châteauneuf-en-Thymerais,1475,2024,DVF
Châteauneuf-en-Thymerais|28,1475,2024,DVF
Châteauneuf-la-Forêt,1253,2024,DVF
Châteauneuf-la-Forêt|87,1253,2024,DVF
Châteauneuf-le-Rouge,5232,2024,DVF
Châteauneuf-le-Rouge|13,5232,2024,DVF
Châteauneuf-les-Bains,1230,2024,DVF
Châteauneuf-les-Bains|63,1230,2024,DVF
Châteauneuf-les-Martigues,3718,2024,DVF
Châteauneuf-les-Martigues|13,3718,2024,DVF
Châteauneuf-sur-Charente,1782,2024,DVF
Châteauneuf-sur-Charente|16,1782,2024,DVF
Châteauneuf-sur-Cher,873,2024,DVF
Châteauneuf-sur-Cher|18,873,2024,DVF
Châteauneuf-sur-Isère,2785,2024,DVF
Châteauneuf-sur-Isère|26,2785,2024,DVF
Châteauneuf-sur-Loire,1993,2024,DVF
Châteauneuf-sur-Loire|45,1993,2024,DVF
Châteauneuf|42,2430,2024,DVF
Châteauneuf|71,1002,2024,DVF
Châteauneuf|73,2165,2024,DVF
Châteauneuf|85,2495,2024,DVF
Châteauponsac,1270,2024,DVF
Châteauponsac|87,1270,2024,DVF
Châteaurenard,2813,2024,DVF
Châteaurenard|13,2813,2024,DVF
Châteauroux,1388,2024,DVF
Châteauroux-les-Alpes,3913,2024,DVF
Châteauroux-les-Alpes|05,3913,2024,DVF
Châteauroux|36,1388,2024,DVF
Châteauvieux,4266,2024,DVF
Châteauvieux|05,4266,2024,DVF
Châteauvieux|83,1694,2024,DVF
Châteauvilain,2810,2024,DVF
Châteauvilain|38,2810,2024,DVF
Châteauvillain,1123,2024,DVF
Châteauvillain|52,1123,2024,DVF
Châtel,5785,2024,DVF
Châtel-Censoir,1089,2024,DVF
Châtel-Censoir|89,1089,2024,DVF
Châtel-Guyon,2210,2024,DVF
Châtel-Guyon|63,2210,2024,DVF
Châtel-Montagne,1076,2024,DVF
Châtel-Montagne|03,1076,2024,DVF
Châtel-sur-Moselle,1522,2024,DVF
Châtel-sur-Moselle|88,1522,2024,DVF
Châtelaillon-Plage,5100,2024,DVF
Châtelaillon-Plage|17,5100,2024,DVF
Châtelain,1934,2024,DVF
Châtelain|53,1934,2024,DVF
Châtelaudren-Plouagat,1844,2024,DVF
Châtelaudren-Plouagat|22,1844,2024,DVF
Châteldon,1149,2024,DVF
Châteldon|63,1149,2024,DVF
Châtellerault,1324,2024,DVF
Châtellerault|86,1324,2024,DVF
Châtelus-Malvaleix,674,2024,DVF
Châtelus-Malvaleix|23,674,2024,DVF
Châtelus-le-Marcheix,1367,2024,DVF
Châtelus-le-Marcheix|23,1367,2024,DVF
Châtel|74,5785,2024,DVF
Châtenay,2218,2024,DVF
Châtenay-Malabry,4742,2024,DVF
Châtenay-Malabry|92,4742,2024,DVF
Châtenay-sur-Seine,1995,2024,DVF
Châtenay-sur-Seine|77,1995,2024,DVF
Châtenay|28,1623,2024,DVF
Châtenay|38,2218,2024,DVF
Châtenois,981,2024,DVF
Châtenois-les-Forges,1918,2024,DVF
Châtenois-les-Forges|90,1918,2024,DVF
Châtenois|88,981,2024,DVF
Châtenoy,2658,2024,DVF
Châtenoy-en-Bresse,1814,2024,DVF
Châtenoy-en-Bresse|71,1814,2024,DVF
Châtenoy-le-Royal,1960,2024,DVF
Châtenoy-le-Royal|71,1960,2024,DVF
Châtenoy|45,2658,2024,DVF
Châtignac,1075,2024,DVF
Châtignac|16,1075,2024,DVF
Châtillon,5745,2024,DVF
Châtillon-Coligny,1142,2024,DVF
Châtillon-Coligny|45,1142,2024,DVF
Châtillon-Saint-Jean,1976,2024,DVF
Châtillon-Saint-Jean|26,1976,2024,DVF
Châtillon-en-Bazois,821,2024,DVF
Châtillon-en-Bazois|58,821,2024,DVF
Châtillon-en-Diois,1176,2024,DVF
Châtillon-en-Diois|26,1176,2024,DVF
Châtillon-en-Vendelais,1790,2024,DVF
Châtillon-en-Vendelais|35,1790,2024,DVF
Châtillon-la-Palud,2753,2024,DVF
Châtillon-la-Palud|01,2753,2024,DVF
Châtillon-le-Duc,2557,2024,DVF
Châtillon-le-Duc|25,2557,2024,DVF
Châtillon-sur-Chalaronne,2713,2024,DVF
Châtillon-sur-Chalaronne|01,2713,2024,DVF
Châtillon-sur-Cher,1191,2024,DVF
Châtillon-sur-Cher|41,1191,2024,DVF
Châtillon-sur-Cluses,3508,2024,DVF
Châtillon-sur-Cluses|74,3508,2024,DVF
Châtillon-sur-Colmont,1224,2024,DVF
Châtillon-sur-Colmont|53,1224,2024,DVF
Châtillon-sur-Indre,869,2024,DVF
Châtillon-sur-Indre|36,869,2024,DVF
Châtillon-sur-Loire,1357,2024,DVF
Châtillon-sur-Loire|45,1357,2024,DVF
Châtillon-sur-Marne,1617,2024,DVF
Châtillon-sur-Marne|51,1617,2024,DVF
Châtillon-sur-Seine,1129,2024,DVF
Châtillon-sur-Seine|21,1129,2024,DVF
Châtillon-sur-Thouet,1412,2024,DVF
Châtillon-sur-Thouet|79,1412,2024,DVF
Châtillon|69,3429,2024,DVF
Châtillon|92,5745,2024,DVF
Châtonnay,2042,2024,DVF
Châtonnay|38,2042,2024,DVF
Châtres,1436,2024,DVF
Châtres-sur-Cher,1117,2024,DVF
Châtres-sur-Cher|41,1117,2024,DVF
Châtres|10,1436,2024,DVF
Châtres|77,3377,2024,DVF
Chèvremont,2173,2024,DVF
Chèvremont|90,2173,2024,DVF
Chécy,2162,2024,DVF
Chécy|45,2162,2024,DVF
Chédigny,1612,2024,DVF
Chédigny|37,1612,2024,DVF
Chélieu,2411,2024,DVF
Chélieu|38,2411,2024,DVF
Chémery,1363,2024,DVF
Chémery-Chéhéry,893,2024,DVF
Chémery-Chéhéry|08,893,2024,DVF
Chémery|41,1363,2024,DVF
Chémeré-le-Roi,1031,2024,DVF
Chémeré-le-Roi|53,1031,2024,DVF
Chénas,1994,2024,DVF
Chénas|69,1994,2024,DVF
Chéniers,980,2024,DVF
Chéniers|23,980,2024,DVF
Chénérailles,900,2024,DVF
Chénérailles|23,900,2024,DVF
Chépy,1815,2024,DVF
Chépy|80,1815,2024,DVF
Chérac,1363,2024,DVF
Chérac|17,1363,2024,DVF
Chéraute,2002,2024,DVF
Chéraute|64,2002,2024,DVF
Chéreng,3384,2024,DVF
Chéreng|59,3384,2024,DVF
Chéronnac,866,2024,DVF
Chéronnac|87,866,2024,DVF
Chéronvilliers,1479,2024,DVF
Chéronvilliers|27,1479,2024,DVF
Chéroy,1816,2024,DVF
Chéroy|89,1816,2024,DVF
Chéry-lès-Pouilly,1513,2024,DVF
Chéry-lès-Pouilly|02,1513,2024,DVF
Chéu,795,2024,DVF
Chéu|89,795,2024,DVF
Chézery-Forens,2255,2024,DVF
Chézery-Forens|01,2255,2024,DVF
Chézy-sur-Marne,1666,2024,DVF
Chézy-sur-Marne|02,1666,2024,DVF
Chênex,4214,2024,DVF
Chênex|74,4214,2024,DVF
Ciboure,6010,2024,DVF
Ciboure|64,6010,2024,DVF
Cier-de-Luchon,2312,2024,DVF
Cier-de-Luchon|31,2312,2024,DVF
Cierp-Gaud,1350,2024,DVF
Cierp-Gaud|31,1350,2024,DVF
Cierrey,2020,2024,DVF
Cierrey|27,2020,2024,DVF
Cieutat,1337,2024,DVF
Cieutat|65,1337,2024,DVF
Cieux,1294,2024,DVF
Cieux|87,1294,2024,DVF
Cinais,1178,2024,DVF
Cinais|37,1178,2024,DVF
Cindré,2333,2024,DVF
Cindré|03,2333,2024,DVF
Cinq-Mars-la-Pile,2076,2024,DVF
Cinq-Mars-la-Pile|37,2076,2024,DVF
Cinqueux,2626,2024,DVF
Cinqueux|60,2626,2024,DVF
Cintegabelle,2206,2024,DVF
Cintegabelle|31,2206,2024,DVF
Cintré,2412,2024,DVF
Cintré|35,2412,2024,DVF
Cipières,1581,2024,DVF
Cipières|06,1581,2024,DVF
Ciral,1122,2024,DVF
Ciral|61,1122,2024,DVF
Ciran,1311,2024,DVF
Ciran|37,1311,2024,DVF
Cires-lès-Mello,2322,2024,DVF
Cires-lès-Mello|60,2322,2024,DVF
Cirey-lès-Pontailler,2064,2024,DVF
Cirey-lès-Pontailler|21,2064,2024,DVF
Cirey-sur-Vezouze,821,2024,DVF
Cirey-sur-Vezouze|54,821,2024,DVF
Cirières,1347,2024,DVF
Cirières|79,1347,2024,DVF
Ciron,842,2024,DVF
Ciron|36,842,2024,DVF
Ciry-le-Noble,1003,2024,DVF
Ciry-le-Noble|71,1003,2024,DVF
Ciré-d'Aunis,2235,2024,DVF
Ciré-d'Aunis|17,2235,2024,DVF
Cissac-Médoc,2292,2024,DVF
Cissac-Médoc|33,2292,2024,DVF
Cissé,1988,2024,DVF
Cissé|86,1988,2024,DVF
Cisternes-la-Forêt,824,2024,DVF
Cisternes-la-Forêt|63,824,2024,DVF
Citers,1255,2024,DVF
Citers|70,1255,2024,DVF
Citry,1971,2024,DVF
Citry|77,1971,2024,DVF
Civaux,1218,2024,DVF
Civaux|86,1218,2024,DVF
Civens,2008,2024,DVF
Civens|42,2008,2024,DVF
Civrac-de-Blaye,2742,2024,DVF
Civrac-de-Blaye|33,2742,2024,DVF
Civrac-en-Médoc,1808,2024,DVF
Civrac-en-Médoc|33,1808,2024,DVF
Civray,1119,2024,DVF
Civray-de-Touraine,2406,2024,DVF
Civray-de-Touraine|37,2406,2024,DVF
Civray-sur-Esves,1574,2024,DVF
Civray-sur-Esves|37,1574,2024,DVF
Civray|18,868,2024,DVF
Civray|86,1119,2024,DVF
Civrieux,3400,2024,DVF
Civrieux-d'Azergues,3991,2024,DVF
Civrieux-d'Azergues|69,3991,2024,DVF
Civrieux|01,3400,2024,DVF
Cizay-la-Madeleine,1266,2024,DVF
Cizay-la-Madeleine|49,1266,2024,DVF
Cize,2409,2024,DVF
Cize|39,2409,2024,DVF
Claira,2418,2024,DVF
Clairac,1347,2024,DVF
Clairac|47,1347,2024,DVF
Claira|66,2418,2024,DVF
Clairefontaine-en-Yvelines,3557,2024,DVF
Clairefontaine-en-Yvelines|78,3557,2024,DVF
Clairfontaine,1158,2024,DVF
Clairfontaine|02,1158,2024,DVF
Clairmarais,2075,2024,DVF
Clairmarais|62,2075,2024,DVF
Clairoix,2559,2024,DVF
Clairoix|60,2559,2024,DVF
Clairvaux-les-Lacs,2115,2024,DVF
Clairvaux-les-Lacs|39,2115,2024,DVF
Claix,3503,2024,DVF
Claix|16,1301,2024,DVF
Claix|38,3503,2024,DVF
Clamart,6035,2024,DVF
Clamart|92,6035,2024,DVF
Clamecy,899,2024,DVF
Clamecy|02,1638,2024,DVF
Clamecy|58,899,2024,DVF
Clans,2316,2024,DVF
Clansayes,3135,2024,DVF
Clansayes|26,3135,2024,DVF
Clans|06,2316,2024,DVF
Clapiers,4365,2024,DVF
Clapiers|34,4365,2024,DVF
Clara-Villerach,2381,2024,DVF
Clara-Villerach|66,2381,2024,DVF
Clarafond-Arcine,4247,2024,DVF
Clarafond-Arcine|74,4247,2024,DVF
Clarbec,4002,2024,DVF
Clarbec|14,4002,2024,DVF
Clarens,1440,2024,DVF
Clarensac,2481,2024,DVF
Clarensac|30,2481,2024,DVF
Clarens|65,1440,2024,DVF
Claret,2742,2024,DVF
Claret|34,2742,2024,DVF
Clary,1060,2024,DVF
Clary|59,1060,2024,DVF
Clastres,1164,2024,DVF
Clastres|02,1164,2024,DVF
Claveisolles,1638,2024,DVF
Claveisolles|69,1638,2024,DVF
Clavette,3199,2024,DVF
Clavette|17,3199,2024,DVF
Claveyson,1987,2024,DVF
Claveyson|26,1987,2024,DVF
Claviers,2568,2024,DVF
Claviers|83,2568,2024,DVF
Claville,1816,2024,DVF
Claville|27,1816,2024,DVF
Clavé,659,2024,DVF
Clavé|79,659,2024,DVF
Claye-Souilly,3577,2024,DVF
Claye-Souilly|77,3577,2024,DVF
Clayes,2554,2024,DVF
Clayes|35,2554,2024,DVF
Clef Vallée d'Eure,2146,2024,DVF
Clef Vallée d'Eure|27,2146,2024,DVF
Clelles,2595,2024,DVF
Clelles|38,2595,2024,DVF
Cleppé,2093,2024,DVF
Cleppé|42,2093,2024,DVF
Clergoux,1096,2024,DVF
Clergoux|19,1096,2024,DVF
Clermont,2167,2024,DVF
Clermont-Créans,1482,2024,DVF
Clermont-Créans|72,1482,2024,DVF
Clermont-Dessous,1476,2024,DVF
Clermont-Dessous|47,1476,2024,DVF
Clermont-Ferrand,2279,2024,DVF
Clermont-Ferrand|63,2279,2024,DVF
Clermont-en-Argonne,933,2024,DVF
Clermont-en-Argonne|55,933,2024,DVF
Clermont-l'Hérault,2272,2024,DVF
Clermont-l'Hérault|34,2272,2024,DVF
Clermont|60,2167,2024,DVF
Clessé,967,2024,DVF
Clessé|79,967,2024,DVF
Cleurie,2159,2024,DVF
Cleurie|88,2159,2024,DVF
Clichy,6700,2024,DVF
Clichy-sous-Bois,2452,2024,DVF
Clichy-sous-Bois|93,2452,2024,DVF
Clichy|92,6700,2024,DVF
Clion,908,2024,DVF
Clion|17,1465,2024,DVF
Clion|36,908,2024,DVF
Cliron,1536,2024,DVF
Cliron|08,1536,2024,DVF
Clisson,3233,2024,DVF
Clisson|44,3233,2024,DVF
Clohars-Carnoët,3473,2024,DVF
Clohars-Carnoët|29,3473,2024,DVF
Clohars-Fouesnant,2930,2024,DVF
Clohars-Fouesnant|29,2930,2024,DVF
Clonas-sur-Varèze,3177,2024,DVF
Clonas-sur-Varèze|38,3177,2024,DVF
Cloué,1279,2024,DVF
Cloué|86,1279,2024,DVF
Cloyes-les-Trois-Rivières,1355,2024,DVF
Cloyes-les-Trois-Rivières|28,1355,2024,DVF
Clugnat,1085,2024,DVF
Clugnat|23,1085,2024,DVF
Cluis,1035,2024,DVF
Cluis|36,1035,2024,DVF
Cluny,2603,2024,DVF
Cluny|71,2603,2024,DVF
Cluses,2374,2024,DVF
Cluses|74,2374,2024,DVF
Clussais-la-Pommeraie,1007,2024,DVF
Clussais-la-Pommeraie|79,1007,2024,DVF
Clux-Villeneuve,1319,2024,DVF
Clux-Villeneuve|71,1319,2024,DVF
Clères,2371,2024,DVF
Clères|76,2371,2024,DVF
Clécy,1672,2024,DVF
Clécy|14,1672,2024,DVF
Cléden-Cap-Sizun,1788,2024,DVF
Cléden-Cap-Sizun|29,1788,2024,DVF
Cléden-Poher,1377,2024,DVF
Cléden-Poher|29,1377,2024,DVF
Cléder,2087,2024,DVF
Cléder|29,2087,2024,DVF
Cléguer,2347,2024,DVF
Cléguer|56,2347,2024,DVF
Cléguérec,1391,2024,DVF
Cléguérec|56,1391,2024,DVF
Clémont,827,2024,DVF
Clémont|18,827,2024,DVF
Clénay,2478,2024,DVF
Clénay|21,2478,2024,DVF
Cléon,1708,2024,DVF
Cléon-d'Andran,2728,2024,DVF
Cléon-d'Andran|26,2728,2024,DVF
Cléon|76,1708,2024,DVF
Clérac,1567,2024,DVF
Clérac|17,1567,2024,DVF
Clérey,1599,2024,DVF
Clérey|10,1599,2024,DVF
Clérieux,2449,2024,DVF
Clérieux|26,2449,2024,DVF
Cléry-Saint-André,2120,2024,DVF
Cléry-Saint-André|45,2120,2024,DVF
Cléry-sur-Somme,1407,2024,DVF
Cléry-sur-Somme|80,1407,2024,DVF
Cléré-les-Pins,1996,2024,DVF
Cléré-les-Pins|37,1996,2024,DVF
Cléty,1699,2024,DVF
Cléty|62,1699,2024,DVF
Clévilliers,1660,2024,DVF
Clévilliers|28,1660,2024,DVF
Coaraze,2823,2024,DVF
Coaraze|06,2823,2024,DVF
Coarraze,1928,2024,DVF
Coarraze|64,1928,2024,DVF
Coat-Méal,1762,2024,DVF
Coat-Méal|29,1762,2024,DVF
Coatréven,2083,2024,DVF
Coatréven|22,2083,2024,DVF
Cobrieux,2907,2024,DVF
Cobrieux|59,2907,2024,DVF
Cocherel,2034,2024,DVF
Cocherel|77,2034,2024,DVF
Cocumont,1876,2024,DVF
Cocumont|47,1876,2024,DVF
Codalet,1986,2024,DVF
Codalet|66,1986,2024,DVF
Codognan,3042,2024,DVF
Codognan|30,3042,2024,DVF
Coggia,3914,2024,DVF
Coggia|2A,3914,2024,DVF
Cognac,1853,2024,DVF
Cognac-la-Forêt,1256,2024,DVF
Cognac-la-Forêt|87,1256,2024,DVF
Cognac|16,1853,2024,DVF
Cognat-Lyonne,1918,2024,DVF
Cognat-Lyonne|03,1918,2024,DVF
Cogners,1347,2024,DVF
Cogners|72,1347,2024,DVF
Cognin,3061,2024,DVF
Cognin-les-Gorges,1560,2024,DVF
Cognin-les-Gorges|38,1560,2024,DVF
Cognin|73,3061,2024,DVF
Cogolin,4689,2024,DVF
Cogolin|83,4689,2024,DVF
Cohade,1743,2024,DVF
Cohade|43,1743,2024,DVF
Cohennoz,5700,2024,DVF
Cohennoz|73,5700,2024,DVF
Cohiniac,1713,2024,DVF
Cohiniac|22,1713,2024,DVF
Coiffy-le-Bas,738,2024,DVF
Coiffy-le-Bas|52,738,2024,DVF
Coiffy-le-Haut,958,2024,DVF
Coiffy-le-Haut|52,958,2024,DVF
Coignières,3519,2024,DVF
Coignières|78,3519,2024,DVF
Coimères,1840,2024,DVF
Coimères|33,1840,2024,DVF
Coincy,1447,2024,DVF
Coincy|02,1447,2024,DVF
Coings,1535,2024,DVF
Coings|36,1535,2024,DVF
Coise-Saint-Jean-Pied-Gauthier,3482,2024,DVF
Coise-Saint-Jean-Pied-Gauthier|73,3482,2024,DVF
Colayrac-Saint-Cirq,1790,2024,DVF
Colayrac-Saint-Cirq|47,1790,2024,DVF
Colembert,2242,2024,DVF
Colembert|62,2242,2024,DVF
Coligny,1568,2024,DVF
Coligny|01,1568,2024,DVF
Collemiers,1636,2024,DVF
Collemiers|89,1636,2024,DVF
Colleret,1257,2024,DVF
Colleret|59,1257,2024,DVF
Colleville,1961,2024,DVF
Colleville-Montgomery,3262,2024,DVF
Colleville-Montgomery|14,3262,2024,DVF
Colleville-sur-Mer,2328,2024,DVF
Colleville-sur-Mer|14,2328,2024,DVF
Colleville|76,1961,2024,DVF
Collias,3203,2024,DVF
Collias|30,3203,2024,DVF
Colligis-Crandelain,1055,2024,DVF
Colligis-Crandelain|02,1055,2024,DVF
Collioure,5221,2024,DVF
Collioure|66,5221,2024,DVF
Collobrières,2824,2024,DVF
Collobrières|83,2824,2024,DVF
Collonges,4143,2024,DVF
Collonges-au-Mont-d'Or,5815,2024,DVF
Collonges-au-Mont-d'Or|69,5815,2024,DVF
Collonges-et-Premières,2264,2024,DVF
Collonges-et-Premières|21,2264,2024,DVF
Collonges-sous-Salève,4974,2024,DVF
Collonges-sous-Salève|74,4974,2024,DVF
Collonges|01,4143,2024,DVF
Collorec,1189,2024,DVF
Collorec|29,1189,2024,DVF
Collorgues,2433,2024,DVF
Collorgues|30,2433,2024,DVF
Collégien,4028,2024,DVF
Collégien|77,4028,2024,DVF
Colmars,2401,2024,DVF
Colmars|04,2401,2024,DVF
Colméry,909,2024,DVF
Colméry|58,909,2024,DVF
Colognac,1708,2024,DVF
Colognac|30,1708,2024,DVF
Cologne,2139,2024,DVF
Cologne|32,2139,2024,DVF
Colomars,4466,2024,DVF
Colomars|06,4466,2024,DVF
Colombe,2814,2024,DVF
Colombelles,2521,2024,DVF
Colombelles|14,2521,2024,DVF
Colombes,5544,2024,DVF
Colombes|92,5544,2024,DVF
Colombey les Deux Églises,1340,2024,DVF
Colombey les Deux Églises|52,1340,2024,DVF
Colombey-les-Belles,1443,2024,DVF
Colombey-les-Belles|54,1443,2024,DVF
Colombe|38,2814,2024,DVF
Colombier-Fontaine,1407,2024,DVF
Colombier-Fontaine|25,1407,2024,DVF
Colombier-Saugnieu,3349,2024,DVF
Colombier-Saugnieu|69,3349,2024,DVF
Colombier-le-Jeune,1475,2024,DVF
Colombier-le-Jeune|07,1475,2024,DVF
Colombiers,2766,2024,DVF
Colombiers-du-Plessis,886,2024,DVF
Colombiers-du-Plessis|53,886,2024,DVF
Colombiers-sur-Seulles,2143,2024,DVF
Colombiers-sur-Seulles|14,2143,2024,DVF
Colombiers|34,2766,2024,DVF
Colombiers|86,1297,2024,DVF
Colombières-sur-Orb,1968,2024,DVF
Colombières-sur-Orb|34,1968,2024,DVF
Colombiès,1387,2024,DVF
Colombiès|12,1387,2024,DVF
Colomby,1849,2024,DVF
Colomby-Anguerny,3361,2024,DVF
Colomby-Anguerny|14,3361,2024,DVF
Colomby|50,1849,2024,DVF
Colomiers,2670,2024,DVF
Colomiers|31,2670,2024,DVF
Colpo,2703,2024,DVF
Colpo|56,2703,2024,DVF
Coltainville,2020,2024,DVF
Coltainville|28,2020,2024,DVF
Combaillaux,3998,2024,DVF
Combaillaux|34,3998,2024,DVF
Combas,2479,2024,DVF
Combas|30,2479,2024,DVF
Comblanchien,2159,2024,DVF
Comblanchien|21,2159,2024,DVF
Combles,1160,2024,DVF
Combles-en-Barrois,1515,2024,DVF
Combles-en-Barrois|55,1515,2024,DVF
Comblessac,1941,2024,DVF
Comblessac|35,1941,2024,DVF
Combles|80,1160,2024,DVF
Combleux,2935,2024,DVF
Combleux|45,2935,2024,DVF
Combloux,7527,2024,DVF
Combloux|74,7527,2024,DVF
Combourg,2308,2024,DVF
Combourg|35,2308,2024,DVF
Combourtillé,1640,2024,DVF
Combourtillé|35,1640,2024,DVF
Combrand,1145,2024,DVF
Combrand|79,1145,2024,DVF
Combre,1714,2024,DVF
Combres,1142,2024,DVF
Combres|28,1142,2024,DVF
Combre|42,1714,2024,DVF
Combrit,3421,2024,DVF
Combrit|29,3421,2024,DVF
Combronde,1788,2024,DVF
Combronde|63,1788,2024,DVF
Combs-la-Ville,3082,2024,DVF
Combs-la-Ville|77,3082,2024,DVF
Comigne,1430,2024,DVF
Comigne|11,1430,2024,DVF
Comines,2329,2024,DVF
Comines|59,2329,2024,DVF
Commana,1185,2024,DVF
Commana|29,1185,2024,DVF
Commelle-Vernay,1888,2024,DVF
Commelle-Vernay|42,1888,2024,DVF
Commenailles,1378,2024,DVF
Commenailles|39,1378,2024,DVF
Commentry,962,2024,DVF
Commentry|03,962,2024,DVF
Commeny,2072,2024,DVF
Commeny|95,2072,2024,DVF
Commequiers,2562,2024,DVF
Commequiers|85,2562,2024,DVF
Commer,1769,2024,DVF
Commercy,1063,2024,DVF
Commercy|55,1063,2024,DVF
Commer|53,1769,2024,DVF
Commes,2305,2024,DVF
Commes|14,2305,2024,DVF
Communay,3880,2024,DVF
Communay|69,3880,2024,DVF
Compertrix,1657,2024,DVF
Compertrix|51,1657,2024,DVF
Compigny,1546,2024,DVF
Compigny|89,1546,2024,DVF
Compiègne,2639,2024,DVF
Compiègne|60,2639,2024,DVF
Compreignac,1270,2024,DVF
Compreignac|87,1270,2024,DVF
Comprégnac,1170,2024,DVF
Comprégnac|12,1170,2024,DVF
Comps,2308,2024,DVF
Comps-la-Grand-Ville,2001,2024,DVF
Comps-la-Grand-Ville|12,2001,2024,DVF
Comps|30,2308,2024,DVF
Comus,1416,2024,DVF
Comus|11,1416,2024,DVF
Conca,4830,2024,DVF
Concarneau,3377,2024,DVF
Concarneau|29,3377,2024,DVF
Conca|2A,4830,2024,DVF
Conches-en-Ouche,1800,2024,DVF
Conches-en-Ouche|27,1800,2024,DVF
Conches-sur-Gondoire,3751,2024,DVF
Conches-sur-Gondoire|77,3751,2024,DVF
Conchil-le-Temple,1920,2024,DVF
Conchil-le-Temple|62,1920,2024,DVF
Concoret,1574,2024,DVF
Concoret|56,1574,2024,DVF
Concots,1399,2024,DVF
Concots|46,1399,2024,DVF
Concoules,1686,2024,DVF
Concoules|30,1686,2024,DVF
Concremiers,1056,2024,DVF
Concremiers|36,1056,2024,DVF
Concressault,840,2024,DVF
Concressault|18,840,2024,DVF
Condal,1814,2024,DVF
Condal|71,1814,2024,DVF
Condamine,2154,2024,DVF
Condamine|39,2154,2024,DVF
Condat,941,2024,DVF
Condat-sur-Ganaveix,2217,2024,DVF
Condat-sur-Ganaveix|19,2217,2024,DVF
Condat-sur-Trincou,2673,2024,DVF
Condat-sur-Trincou|24,2673,2024,DVF
Condat-sur-Vienne,2079,2024,DVF
Condat-sur-Vienne|87,2079,2024,DVF
Condat-sur-Vézère,1559,2024,DVF
Condat-sur-Vézère|24,1559,2024,DVF
Condat|15,941,2024,DVF
Condeissiat,2824,2024,DVF
Condeissiat|01,2824,2024,DVF
Condette,2683,2024,DVF
Condette|62,2683,2024,DVF
Condezaygues,1262,2024,DVF
Condezaygues|47,1262,2024,DVF
Condom,1351,2024,DVF
Condom|32,1351,2024,DVF
Condorcet,2807,2024,DVF
Condorcet|26,2807,2024,DVF
Condren,1128,2024,DVF
Condren|02,1128,2024,DVF
Condrieu,2111,2024,DVF
Condrieu|69,2111,2024,DVF
Condé-Folie,1289,2024,DVF
Condé-Folie|80,1289,2024,DVF
Condé-Sainte-Libiaire,3144,2024,DVF
Condé-Sainte-Libiaire|77,3144,2024,DVF
Condé-en-Brie,2127,2024,DVF
Condé-en-Brie|02,2127,2024,DVF
Condé-en-Normandie,1151,2024,DVF
Condé-en-Normandie|14,1151,2024,DVF
Condé-sur-Aisne,1487,2024,DVF
Condé-sur-Aisne|02,1487,2024,DVF
Condé-sur-Marne,1721,2024,DVF
Condé-sur-Marne|51,1721,2024,DVF
Condé-sur-Risle,1926,2024,DVF
Condé-sur-Risle|27,1926,2024,DVF
Condé-sur-Sarthe,1298,2024,DVF
Condé-sur-Sarthe|61,1298,2024,DVF
Condé-sur-Vesgre,3288,2024,DVF
Condé-sur-Vesgre|78,3288,2024,DVF
Condé-sur-Vire,1712,2024,DVF
Condé-sur-Vire|50,1712,2024,DVF
Condé-sur-l'Escaut,1400,2024,DVF
Condé-sur-l'Escaut|59,1400,2024,DVF
Condécourt,2797,2024,DVF
Condécourt|95,2797,2024,DVF
Condéon,991,2024,DVF
Condéon|16,991,2024,DVF
Conflans-Sainte-Honorine,3879,2024,DVF
Conflans-Sainte-Honorine|78,3879,2024,DVF
Conflans-en-Jarnisy,1494,2024,DVF
Conflans-en-Jarnisy|54,1494,2024,DVF
Conflans-sur-Anille,835,2024,DVF
Conflans-sur-Anille|72,835,2024,DVF
Conflans-sur-Seine,1513,2024,DVF
Conflans-sur-Seine|51,1513,2024,DVF
Confolens,1112,2024,DVF
Confolens|16,1112,2024,DVF
Confort-Meilars,2080,2024,DVF
Confort-Meilars|29,2080,2024,DVF
Confrançon,1997,2024,DVF
Confrançon|01,1997,2024,DVF
Congis-sur-Thérouanne,1884,2024,DVF
Congis-sur-Thérouanne|77,1884,2024,DVF
Congrier,2924,2024,DVF
Congrier|53,2924,2024,DVF
Congénies,2882,2024,DVF
Congénies|30,2882,2024,DVF
Conie-Molitard,1511,2024,DVF
Conie-Molitard|28,1511,2024,DVF
Conilhac-Corbières,1751,2024,DVF
Conilhac-Corbières|11,1751,2024,DVF
Conlie,1490,2024,DVF
Conlie|72,1490,2024,DVF
Connac,1358,2024,DVF
Connac|12,1358,2024,DVF
Connantre,1145,2024,DVF
Connantre|51,1145,2024,DVF
Connaux,2524,2024,DVF
Connaux|30,2524,2024,DVF
Connerré,1479,2024,DVF
Connerré|72,1479,2024,DVF
Conquereuil,1624,2024,DVF
Conquereuil|44,1624,2024,DVF
Conques-sur-Orbiel,1649,2024,DVF
Conques-sur-Orbiel|11,1649,2024,DVF
Cons-la-Grandville,1782,2024,DVF
Cons-la-Grandville|54,1782,2024,DVF
Consenvoye,1019,2024,DVF
Consenvoye|55,1019,2024,DVF
Contamine-Sarzin,3320,2024,DVF
Contamine-Sarzin|74,3320,2024,DVF
Contamine-sur-Arve,4240,2024,DVF
Contamine-sur-Arve|74,4240,2024,DVF
Contes,3697,2024,DVF
Contest,1258,2024,DVF
Contest|53,1258,2024,DVF
Contes|06,3697,2024,DVF
Contes|62,1284,2024,DVF
Conteville,2667,2024,DVF
Conteville|27,2667,2024,DVF
Conteville|76,1588,2024,DVF
Contigny,914,2024,DVF
Contigny|03,914,2024,DVF
Contilly,1201,2024,DVF
Contilly|72,1201,2024,DVF
Continvoir,1436,2024,DVF
Continvoir|37,1436,2024,DVF
Contrevoz,1451,2024,DVF
Contrevoz|01,1451,2024,DVF
Contrexéville,1550,2024,DVF
Contrexéville|88,1550,2024,DVF
Contrisson,1353,2024,DVF
Contrisson|55,1353,2024,DVF
Conty,1399,2024,DVF
Conty|80,1399,2024,DVF
Copponex,4107,2024,DVF
Copponex|74,4107,2024,DVF
Coquainvilliers,2121,2024,DVF
Coquainvilliers|14,2121,2024,DVF
Coquelles,2445,2024,DVF
Coquelles|62,2445,2024,DVF
Corancy,1406,2024,DVF
Corancy|58,1406,2024,DVF
Coray,1214,2024,DVF
Coray|29,1214,2024,DVF
Corbara,6611,2024,DVF
Corbara|2B,6611,2024,DVF
Corbarieu,2103,2024,DVF
Corbarieu|82,2103,2024,DVF
Corbas,3300,2024,DVF
Corbas|69,3300,2024,DVF
Corbehem,1756,2024,DVF
Corbehem|62,1756,2024,DVF
Corbeil-Essonnes,2610,2024,DVF
Corbeil-Essonnes|91,2610,2024,DVF
Corbeilles,1439,2024,DVF
Corbeilles|45,1439,2024,DVF
Corbelin,2002,2024,DVF
Corbelin|38,2002,2024,DVF
Corbenay,996,2024,DVF
Corbenay|70,996,2024,DVF
Corbeny,1630,2024,DVF
Corbeny|02,1630,2024,DVF
Corbie,2009,2024,DVF
Corbie|80,2009,2024,DVF
Corbigny,1072,2024,DVF
Corbigny|58,1072,2024,DVF
Corbières-en-Provence,2517,2024,DVF
Corbières-en-Provence|04,2517,2024,DVF
Corbonod,3249,2024,DVF
Corbonod|01,3249,2024,DVF
Corbreuse,3539,2024,DVF
Corbreuse|91,3539,2024,DVF
Corbère,2317,2024,DVF
Corbère-les-Cabanes,2036,2024,DVF
Corbère-les-Cabanes|66,2036,2024,DVF
Corbère|66,2317,2024,DVF
Corcelles-en-Beaujolais,2723,2024,DVF
Corcelles-en-Beaujolais|69,2723,2024,DVF
Corcelles-les-Monts,2648,2024,DVF
Corcelles-les-Monts|21,2648,2024,DVF
Corcelles-lès-Cîteaux,2261,2024,DVF
Corcelles-lès-Cîteaux|21,2261,2024,DVF
Corcieux,2322,2024,DVF
Corcieux|88,2322,2024,DVF
Corconne,3068,2024,DVF
Corconne|30,3068,2024,DVF
Corcoué-sur-Logne,2018,2024,DVF
Corcoué-sur-Logne|44,2018,2024,DVF
Cordelle,1798,2024,DVF
Cordelle|42,1798,2024,DVF
Cordemais,2372,2024,DVF
Cordemais|44,2372,2024,DVF
Cordes-sur-Ciel,1858,2024,DVF
Cordes-sur-Ciel|81,1858,2024,DVF
Cordon,5174,2024,DVF
Cordon|74,5174,2024,DVF
Corenc,4360,2024,DVF
Corenc|38,4360,2024,DVF
Corent,2013,2024,DVF
Corent|63,2013,2024,DVF
Corgnac-sur-l'Isle,1696,2024,DVF
Corgnac-sur-l'Isle|24,1696,2024,DVF
Corgoloin,2163,2024,DVF
Corgoloin|21,2163,2024,DVF
Corignac,1681,2024,DVF
Corignac|17,1681,2024,DVF
Corlay,1380,2024,DVF
Corlay|22,1380,2024,DVF
Cormatin,1553,2024,DVF
Cormatin|71,1553,2024,DVF
Corme-Royal,2057,2024,DVF
Corme-Royal|17,2057,2024,DVF
Corme-Écluse,2198,2024,DVF
Corme-Écluse|17,2198,2024,DVF
Cormeilles,1813,2024,DVF
Cormeilles-en-Parisis,4378,2024,DVF
Cormeilles-en-Parisis|95,4378,2024,DVF
Cormeilles-en-Vexin,3664,2024,DVF
Cormeilles-en-Vexin|95,3664,2024,DVF
Cormeilles|27,1813,2024,DVF
Cormeilles|60,1795,2024,DVF
Cormelles-le-Royal,2362,2024,DVF
Cormelles-le-Royal|14,2362,2024,DVF
Cormenon,972,2024,DVF
Cormenon|41,972,2024,DVF
Cormeray,1904,2024,DVF
Cormeray|41,1904,2024,DVF
Cormery,1973,2024,DVF
Cormery|37,1973,2024,DVF
Cormes,1753,2024,DVF
Cormes|72,1753,2024,DVF
Cormicy,2262,2024,DVF
Cormicy|51,2262,2024,DVF
Cormolain,1193,2024,DVF
Cormolain|14,1193,2024,DVF
Cormontreuil,2682,2024,DVF
Cormontreuil|51,2682,2024,DVF
Cormoranche-sur-Saône,2154,2024,DVF
Cormoranche-sur-Saône|01,2154,2024,DVF
Cormoyeux,1990,2024,DVF
Cormoyeux|51,1990,2024,DVF
Cormoz,1943,2024,DVF
Cormoz|01,1943,2024,DVF
Cornant,1391,2024,DVF
Cornant|89,1391,2024,DVF
Cornas,2540,2024,DVF
Cornas|07,2540,2024,DVF
Cornebarrieu,2923,2024,DVF
Cornebarrieu|31,2923,2024,DVF
Corneilhan,2065,2024,DVF
Corneilhan|34,2065,2024,DVF
Corneilla-de-Conflent,1675,2024,DVF
Corneilla-de-Conflent|66,1675,2024,DVF
Corneilla-del-Vercol,2597,2024,DVF
Corneilla-del-Vercol|66,2597,2024,DVF
Corneilla-la-Rivière,1972,2024,DVF
Corneilla-la-Rivière|66,1972,2024,DVF
Corneville-sur-Risle,2176,2024,DVF
Corneville-sur-Risle|27,2176,2024,DVF
Cornier,4094,2024,DVF
Cornier|74,4094,2024,DVF
Cornil,1559,2024,DVF
Cornillon,3525,2024,DVF
Cornillon-Confoux,3666,2024,DVF
Cornillon-Confoux|13,3666,2024,DVF
Cornillon|30,3525,2024,DVF
Cornillé,1594,2024,DVF
Cornillé-les-Caves,2008,2024,DVF
Cornillé-les-Caves|49,2008,2024,DVF
Cornillé|35,1594,2024,DVF
Cornil|19,1559,2024,DVF
Cornimont,1650,2024,DVF
Cornimont|88,1650,2024,DVF
Cornot,769,2024,DVF
Cornot|70,769,2024,DVF
Coron,1524,2024,DVF
Coron|49,1524,2024,DVF
Corpe,2427,2024,DVF
Corpeau,1981,2024,DVF
Corpeau|21,1981,2024,DVF
Corpe|85,2427,2024,DVF
Corps,1511,2024,DVF
Corps-Nuds,2535,2024,DVF
Corps-Nuds|35,2535,2024,DVF
Corps|38,1511,2024,DVF
Corquilleroy,1828,2024,DVF
Corquilleroy|45,1828,2024,DVF
Corre,1417,2024,DVF
Correns,2321,2024,DVF
Correns|83,2321,2024,DVF
Corrençon-en-Vercors,3922,2024,DVF
Corrençon-en-Vercors|38,3922,2024,DVF
Corre|70,1417,2024,DVF
Corronsac,3373,2024,DVF
Corronsac|31,3373,2024,DVF
Corrèze,1090,2024,DVF
Corrèze|19,1090,2024,DVF
Corsavy,1753,2024,DVF
Corsavy|66,1753,2024,DVF
Corsept,2754,2024,DVF
Corsept|44,2754,2024,DVF
Corseul,2208,2024,DVF
Corseul|22,2208,2024,DVF
Corte,3012,2024,DVF
Cortevaix,1304,2024,DVF
Cortevaix|71,1304,2024,DVF
Corte|2B,3012,2024,DVF
Corveissiat,1719,2024,DVF
Corveissiat|01,1719,2024,DVF
Corvol-l'Orgueilleux,737,2024,DVF
Corvol-l'Orgueilleux|58,737,2024,DVF
Corzé,1726,2024,DVF
Corzé|49,1726,2024,DVF
Cosges,1465,2024,DVF
Cosges|39,1465,2024,DVF
Cosnac,2199,2024,DVF
Cosnac|19,2199,2024,DVF
Cosne-Cours-sur-Loire,1256,2024,DVF
Cosne-Cours-sur-Loire|58,1256,2024,DVF
Cosne-d'Allier,1034,2024,DVF
Cosne-d'Allier|03,1034,2024,DVF
Cosnes-et-Romain,2391,2024,DVF
Cosnes-et-Romain|54,2391,2024,DVF
Cossaye,1031,2024,DVF
Cossaye|58,1031,2024,DVF
Cossé-en-Champagne,885,2024,DVF
Cossé-en-Champagne|53,885,2024,DVF
Cossé-le-Vivien,1348,2024,DVF
Cossé-le-Vivien|53,1348,2024,DVF
Costaros,1073,2024,DVF
Costaros|43,1073,2024,DVF
Coteaux du Lizon,1297,2024,DVF
Coteaux du Lizon|39,1297,2024,DVF
Coteaux-du-Blanzacais,1000,2024,DVF
Coteaux-du-Blanzacais|16,1000,2024,DVF
Coteaux-sur-Loire,1532,2024,DVF
Coteaux-sur-Loire|37,1532,2024,DVF
Coti-Chiavari,7174,2024,DVF
Coti-Chiavari|2A,7174,2024,DVF
Cotignac,3436,2024,DVF
Cotignac|83,3436,2024,DVF
Cottance,1793,2024,DVF
Cottance|42,1793,2024,DVF
Coubert,2820,2024,DVF
Coubert|77,2820,2024,DVF
Coublanc,1176,2024,DVF
Coublanc|71,1176,2024,DVF
Coublevie,3180,2024,DVF
Coublevie|38,3180,2024,DVF
Coubon,2522,2024,DVF
Coubon|43,2522,2024,DVF
Coubron,3014,2024,DVF
Coubron|93,3014,2024,DVF
Couches,1209,2024,DVF
Couches|71,1209,2024,DVF
Couchey,2448,2024,DVF
Couchey|21,2448,2024,DVF
Coucouron,1513,2024,DVF
Coucouron|07,1513,2024,DVF
Coucy-le-Château-Auffrique,1501,2024,DVF
Coucy-le-Château-Auffrique|02,1501,2024,DVF
Couddes,1979,2024,DVF
Couddes|41,1979,2024,DVF
Coudekerque-Branche,1824,2024,DVF
Coudekerque-Branche|59,1824,2024,DVF
Coudes,2048,2024,DVF
Coudes|63,2048,2024,DVF
Coudeville-sur-Mer,2335,2024,DVF
Coudeville-sur-Mer|50,2335,2024,DVF
Coudoux,3982,2024,DVF
Coudoux|13,3982,2024,DVF
Coudray,1508,2024,DVF
Coudray|53,1508,2024,DVF
Coudrecieux,857,2024,DVF
Coudrecieux|72,857,2024,DVF
Coudroy,1138,2024,DVF
Coudroy|45,1138,2024,DVF
Coudun,2267,2024,DVF
Coudun|60,2267,2024,DVF
Coudures,1520,2024,DVF
Coudures|40,1520,2024,DVF
Couesmes,789,2024,DVF
Couesmes-Vaucé,1094,2024,DVF
Couesmes-Vaucé|53,1094,2024,DVF
Couesmes|37,789,2024,DVF
Couffoulens,1534,2024,DVF
Couffoulens|11,1534,2024,DVF
Couffy,1311,2024,DVF
Couffy|41,1311,2024,DVF
Couffé,2196,2024,DVF
Couffé|44,2196,2024,DVF
Couflens,649,2024,DVF
Couflens|09,649,2024,DVF
Coufouleux,2299,2024,DVF
Coufouleux|81,2299,2024,DVF
Couilly-Pont-aux-Dames,3180,2024,DVF
Couilly-Pont-aux-Dames|77,3180,2024,DVF
Couiza,872,2024,DVF
Couiza|11,872,2024,DVF
Couladère,1297,2024,DVF
Couladère|31,1297,2024,DVF
Coulaines,1890,2024,DVF
Coulaines|72,1890,2024,DVF
Coulangeron,1000,2024,DVF
Coulangeron|89,1000,2024,DVF
Coulanges-lès-Nevers,1434,2024,DVF
Coulanges-lès-Nevers|58,1434,2024,DVF
Coulanges-sur-Yonne,972,2024,DVF
Coulanges-sur-Yonne|89,972,2024,DVF
Coulans-sur-Gée,1698,2024,DVF
Coulans-sur-Gée|72,1698,2024,DVF
Coulaures,1216,2024,DVF
Coulaures|24,1216,2024,DVF
Couleuvre,1027,2024,DVF
Couleuvre|03,1027,2024,DVF
Coulgens,1291,2024,DVF
Coulgens|16,1291,2024,DVF
Coullons,1389,2024,DVF
Coullons|45,1389,2024,DVF
Coulmiers,1390,2024,DVF
Coulmiers|45,1390,2024,DVF
Coulogne,1867,2024,DVF
Coulogne|62,1867,2024,DVF
Couloisy,2015,2024,DVF
Couloisy|60,2015,2024,DVF
Coulombiers,1715,2024,DVF
Coulombiers|86,1715,2024,DVF
Coulombs,2085,2024,DVF
Coulombs-en-Valois,1593,2024,DVF
Coulombs-en-Valois|77,1593,2024,DVF
Coulombs|28,2085,2024,DVF
Coulommiers,2612,2024,DVF
Coulommiers-la-Tour,1317,2024,DVF
Coulommiers-la-Tour|41,1317,2024,DVF
Coulommiers|77,2612,2024,DVF
Coulon,1846,2024,DVF
Coulonges-Thouarsais,944,2024,DVF
Coulonges-Thouarsais|79,944,2024,DVF
Coulonges-sur-l'Autize,1323,2024,DVF
Coulonges-sur-l'Autize|79,1323,2024,DVF
Coulongé,1216,2024,DVF
Coulongé|72,1216,2024,DVF
Coulon|79,1846,2024,DVF
Coulounieix-Chamiers,1784,2024,DVF
Coulounieix-Chamiers|24,1784,2024,DVF
Couloutre,872,2024,DVF
Couloutre|58,872,2024,DVF
Coulouvray-Boisbenâtre,1177,2024,DVF
Coulouvray-Boisbenâtre|50,1177,2024,DVF
Coupvray,3812,2024,DVF
Coupvray|77,3812,2024,DVF
Cour-Cheverny,1937,2024,DVF
Cour-Cheverny|41,1937,2024,DVF
Cour-Maugis sur Huisne,1664,2024,DVF
Cour-Maugis sur Huisne|61,1664,2024,DVF
Cour-et-Buis,2395,2024,DVF
Cour-et-Buis|38,2395,2024,DVF
Courbeveille,2082,2024,DVF
Courbeveille|53,2082,2024,DVF
Courbevoie,6684,2024,DVF
Courbevoie|92,6684,2024,DVF
Courbillac,1548,2024,DVF
Courbillac|16,1548,2024,DVF
Courbouzon,1242,2024,DVF
Courbouzon|39,1242,2024,DVF
Courcebœufs,1500,2024,DVF
Courcebœufs|72,1500,2024,DVF
Courcelles,1212,2024,DVF
Courcelles-Sapicourt,2922,2024,DVF
Courcelles-Sapicourt|51,2922,2024,DVF
Courcelles-la-Forêt,1553,2024,DVF
Courcelles-la-Forêt|72,1553,2024,DVF
Courcelles-lès-Gisors,2508,2024,DVF
Courcelles-lès-Gisors|60,2508,2024,DVF
Courcelles-lès-Lens,1699,2024,DVF
Courcelles-lès-Lens|62,1699,2024,DVF
Courcelles-lès-Montbéliard,1714,2024,DVF
Courcelles-lès-Montbéliard|25,1714,2024,DVF
Courcelles-sur-Seine,2256,2024,DVF
Courcelles-sur-Seine|27,2256,2024,DVF
Courcelles|17,1212,2024,DVF
Courcemont,1720,2024,DVF
Courcemont|72,1720,2024,DVF
Courchelettes,1647,2024,DVF
Courchelettes|59,1647,2024,DVF
Courchevel,10589,2024,DVF
Courchevel|73,10589,2024,DVF
Courcité,1086,2024,DVF
Courcité|53,1086,2024,DVF
Courcoury,1812,2024,DVF
Courcoury|17,1812,2024,DVF
Courcoué,1504,2024,DVF
Courcoué|37,1504,2024,DVF
Courcy,2389,2024,DVF
Courcy-aux-Loges,2181,2024,DVF
Courcy-aux-Loges|45,2181,2024,DVF
Courcy|50,1694,2024,DVF
Courcy|51,2389,2024,DVF
Courcôme,1165,2024,DVF
Courcôme|16,1165,2024,DVF
Courdemanche,1051,2024,DVF
Courdemanche|27,2163,2024,DVF
Courdemanche|72,1051,2024,DVF
Courdimanche,3488,2024,DVF
Courdimanche|95,3488,2024,DVF
Courgains,1257,2024,DVF
Courgains|72,1257,2024,DVF
Courgenard,1014,2024,DVF
Courgenard|72,1014,2024,DVF
Courgenay,1357,2024,DVF
Courgenay|89,1357,2024,DVF
Courgeoût,1504,2024,DVF
Courgeoût|61,1504,2024,DVF
Courgivaux,1714,2024,DVF
Courgivaux|51,1714,2024,DVF
Courlans,2062,2024,DVF
Courlans|39,2062,2024,DVF
Courlaoux,2042,2024,DVF
Courlaoux|39,2042,2024,DVF
Courlay,1106,2024,DVF
Courlay|79,1106,2024,DVF
Courlon-sur-Yonne,1450,2024,DVF
Courlon-sur-Yonne|89,1450,2024,DVF
Courmelles,1662,2024,DVF
Courmelles|02,1662,2024,DVF
Courmemin,1381,2024,DVF
Courmemin|41,1381,2024,DVF
Cournanel,1386,2024,DVF
Cournanel|11,1386,2024,DVF
Courniou,1749,2024,DVF
Courniou|34,1749,2024,DVF
Cournon,2098,2024,DVF
Cournon-d'Auvergne,2238,2024,DVF
Cournon-d'Auvergne|63,2238,2024,DVF
Cournonsec,3272,2024,DVF
Cournonsec|34,3272,2024,DVF
Cournonterral,3036,2024,DVF
Cournonterral|34,3036,2024,DVF
Cournon|56,2098,2024,DVF
Courpalay,2378,2024,DVF
Courpalay|77,2378,2024,DVF
Courpière,1315,2024,DVF
Courpière|63,1315,2024,DVF
Courrières,1691,2024,DVF
Courrières|62,1691,2024,DVF
Cours,1510,2024,DVF
Cours-de-Pile,2216,2024,DVF
Cours-de-Pile|24,2216,2024,DVF
Cours-les-Bains,1463,2024,DVF
Cours-les-Bains|33,1463,2024,DVF
Cours-les-Barres,1084,2024,DVF
Cours-les-Barres|18,1084,2024,DVF
Coursac,1969,2024,DVF
Coursac|24,1969,2024,DVF
Coursan,1972,2024,DVF
Coursan|11,1972,2024,DVF
Coursegoules,3848,2024,DVF
Coursegoules|06,3848,2024,DVF
Courseulles-sur-Mer,3500,2024,DVF
Courseulles-sur-Mer|14,3500,2024,DVF
Courson-les-Carrières,875,2024,DVF
Courson-les-Carrières|89,875,2024,DVF
Cours|69,1510,2024,DVF
Courtemont-Varennes,1309,2024,DVF
Courtemont-Varennes|02,1309,2024,DVF
Courtempierre,1435,2024,DVF
Courtempierre|45,1435,2024,DVF
Courtenay,1561,2024,DVF
Courtenay|38,2316,2024,DVF
Courtenay|45,1561,2024,DVF
Courteuil,3154,2024,DVF
Courteuil|60,3154,2024,DVF
Courthiézy,1470,2024,DVF
Courthiézy|51,1470,2024,DVF
Courthézon,2442,2024,DVF
Courthézon|84,2442,2024,DVF
Courtisols,1717,2024,DVF
Courtisols|51,1717,2024,DVF
Courtomer,1503,2024,DVF
Courtomer|61,1503,2024,DVF
Courtomer|77,2375,2024,DVF
Courtonne-la-Meurdrac,2325,2024,DVF
Courtonne-la-Meurdrac|14,2325,2024,DVF
Courtonne-les-Deux-Églises,1857,2024,DVF
Courtonne-les-Deux-Églises|14,1857,2024,DVF
Courtry,3414,2024,DVF
Courtry|77,3414,2024,DVF
Courvaudon,1773,2024,DVF
Courvaudon|14,1773,2024,DVF
Courville,1998,2024,DVF
Courville-sur-Eure,1982,2024,DVF
Courville-sur-Eure|28,1982,2024,DVF
Courville|51,1998,2024,DVF
Courzieu,2586,2024,DVF
Courzieu|69,2586,2024,DVF
Courçon,1794,2024,DVF
Courçon|17,1794,2024,DVF
Cousance,1360,2024,DVF
Cousances-les-Forges,866,2024,DVF
Cousances-les-Forges|55,866,2024,DVF
Cousance|39,1360,2024,DVF
Cousolre,1098,2024,DVF
Cousolre|59,1098,2024,DVF
Coussac-Bonneval,1124,2024,DVF
Coussac-Bonneval|87,1124,2024,DVF
Coussay-les-Bois,1162,2024,DVF
Coussay-les-Bois|86,1162,2024,DVF
Coust,999,2024,DVF
Coust|18,999,2024,DVF
Coutances,2115,2024,DVF
Coutances|50,2115,2024,DVF
Coutansouze,831,2024,DVF
Coutansouze|03,831,2024,DVF
Coutençon,1621,2024,DVF
Coutençon|77,1621,2024,DVF
Couternon,3166,2024,DVF
Couternon|21,3166,2024,DVF
Coutevroult,3212,2024,DVF
Coutevroult|77,3212,2024,DVF
Couthenans,1692,2024,DVF
Couthenans|70,1692,2024,DVF
Coutiches,2604,2024,DVF
Coutiches|59,2604,2024,DVF
Coutouvre,1772,2024,DVF
Coutouvre|42,1772,2024,DVF
Coutras,1817,2024,DVF
Coutras|33,1817,2024,DVF
Couture,1257,2024,DVF
Couture|16,1257,2024,DVF
Couvains,1706,2024,DVF
Couvains|50,1706,2024,DVF
Couville,2250,2024,DVF
Couville|50,2250,2024,DVF
Couvron-et-Aumencourt,1336,2024,DVF
Couvron-et-Aumencourt|02,1336,2024,DVF
Coux,1969,2024,DVF
Coux et Bigaroque-Mouzens,2214,2024,DVF
Coux et Bigaroque-Mouzens|24,2214,2024,DVF
Coux|07,1969,2024,DVF
Couy,998,2024,DVF
Couy|18,998,2024,DVF
Couze-et-Saint-Front,1905,2024,DVF
Couze-et-Saint-Front|24,1905,2024,DVF
Couzeix,1926,2024,DVF
Couzeix|87,1926,2024,DVF
Couzon-au-Mont-d'Or,3879,2024,DVF
Couzon-au-Mont-d'Or|69,3879,2024,DVF
Couëron,3086,2024,DVF
Couëron|44,3086,2024,DVF
Couëtron-au-Perche,1234,2024,DVF
Couëtron-au-Perche|41,1234,2024,DVF
Cox,1191,2024,DVF
Cox|31,1191,2024,DVF
Coye-la-Forêt,3492,2024,DVF
Coye-la-Forêt|60,3492,2024,DVF
Coyecques,1228,2024,DVF
Coyecques|62,1228,2024,DVF
Cozes,2047,2024,DVF
Cozes|17,2047,2024,DVF
Coësmes,1739,2024,DVF
Coësmes|35,1739,2024,DVF
Coëtmieux,1942,2024,DVF
Coëtmieux|22,1942,2024,DVF
Coëx,2226,2024,DVF
Coëx|85,2226,2024,DVF
Crach,4247,2024,DVF
Crach|56,4247,2024,DVF
Craintilleux,2526,2024,DVF
Craintilleux|42,2526,2024,DVF
Cramans,1496,2024,DVF
Cramans|39,1496,2024,DVF
Cramant,1754,2024,DVF
Cramant|51,1754,2024,DVF
Cramoisy,2154,2024,DVF
Cramoisy|60,2154,2024,DVF
Cramont,1641,2024,DVF
Cramont|80,1641,2024,DVF
Crampagna,1938,2024,DVF
Crampagna|09,1938,2024,DVF
Crancey,1239,2024,DVF
Crancey|10,1239,2024,DVF
Crandelles,1789,2024,DVF
Crandelles|15,1789,2024,DVF
Crannes-en-Champagne,2535,2024,DVF
Crannes-en-Champagne|72,2535,2024,DVF
Cransac-les-Thermes,1061,2024,DVF
Cransac-les-Thermes|12,1061,2024,DVF
Cranves-Sales,4544,2024,DVF
Cranves-Sales|74,4544,2024,DVF
Craon,1447,2024,DVF
Craon|53,1447,2024,DVF
Crapeaumesnil,1176,2024,DVF
Crapeaumesnil|60,1176,2024,DVF
Craponne,4207,2024,DVF
Craponne-sur-Arzon,1264,2024,DVF
Craponne-sur-Arzon|43,1264,2024,DVF
Craponne|69,4207,2024,DVF
Cravanche,1701,2024,DVF
Cravanche|90,1701,2024,DVF
Cravans,1342,2024,DVF
Cravans|17,1342,2024,DVF
Cravant,1539,2024,DVF
Cravant-les-Côteaux,1999,2024,DVF
Cravant-les-Côteaux|37,1999,2024,DVF
Cravant|45,1539,2024,DVF
Cravent,2405,2024,DVF
Cravent|78,2405,2024,DVF
Crayssac,2408,2024,DVF
Crayssac|46,2408,2024,DVF
Craywick,2168,2024,DVF
Craywick|59,2168,2024,DVF
Creil,1900,2024,DVF
Creil|60,1900,2024,DVF
Creissan,2086,2024,DVF
Creissan|34,2086,2024,DVF
Creissels,2191,2024,DVF
Creissels|12,2191,2024,DVF
Cremeaux,1284,2024,DVF
Cremeaux|42,1284,2024,DVF
Creney-près-Troyes,2097,2024,DVF
Creney-près-Troyes|10,2097,2024,DVF
Crespian,2818,2024,DVF
Crespian|30,2818,2024,DVF
Crespin,1269,2024,DVF
Crespin|12,1126,2024,DVF
Crespin|59,1269,2024,DVF
Crespières,4565,2024,DVF
Crespières|78,4565,2024,DVF
Cressanges,1240,2024,DVF
Cressanges|03,1240,2024,DVF
Cressensac-Sarrazac,2080,2024,DVF
Cressensac-Sarrazac|46,2080,2024,DVF
Cresserons,4470,2024,DVF
Cresserons|14,4470,2024,DVF
Cressy-sur-Somme,1198,2024,DVF
Cressy-sur-Somme|71,1198,2024,DVF
Crest,2152,2024,DVF
Crest-Voland,6092,2024,DVF
Crest-Voland|73,6092,2024,DVF
Crestet,2555,2024,DVF
Crestet|84,2555,2024,DVF
Crest|26,2152,2024,DVF
Creully sur Seulles,2264,2024,DVF
Creully sur Seulles|14,2264,2024,DVF
Creuzier-le-Neuf,1882,2024,DVF
Creuzier-le-Neuf|03,1882,2024,DVF
Creuzier-le-Vieux,1970,2024,DVF
Creuzier-le-Vieux|03,1970,2024,DVF
Crevant,1063,2024,DVF
Crevant-Laveine,2142,2024,DVF
Crevant-Laveine|63,2142,2024,DVF
Crevant|36,1063,2024,DVF
Crevin,2237,2024,DVF
Crevin|35,2237,2024,DVF
Creys-Mépieu,2301,2024,DVF
Creys-Mépieu|38,2301,2024,DVF
Creysse,2215,2024,DVF
Creysse|24,2215,2024,DVF
Criel-sur-Mer,2516,2024,DVF
Criel-sur-Mer|76,2516,2024,DVF
Crillon,1480,2024,DVF
Crillon-le-Brave,4246,2024,DVF
Crillon-le-Brave|84,4246,2024,DVF
Crillon|60,1480,2024,DVF
Criquebeuf-en-Caux,2049,2024,DVF
Criquebeuf-en-Caux|76,2049,2024,DVF
Criquebeuf-la-Campagne,2032,2024,DVF
Criquebeuf-la-Campagne|27,2032,2024,DVF
Criquebeuf-sur-Seine,1942,2024,DVF
Criquebeuf-sur-Seine|27,1942,2024,DVF
Criquetot-l'Esneval,2522,2024,DVF
Criquetot-l'Esneval|76,2522,2024,DVF
Criquetot-sur-Ouville,1863,2024,DVF
Criquetot-sur-Ouville|76,1863,2024,DVF
Crisenoy,2914,2024,DVF
Crisenoy|77,2914,2024,DVF
Crisolles,1683,2024,DVF
Crisolles|60,1683,2024,DVF
Crissey,1918,2024,DVF
Crissey|39,2173,2024,DVF
Crissey|71,1918,2024,DVF
Crissé,1316,2024,DVF
Crissé|72,1316,2024,DVF
Critot,1897,2024,DVF
Critot|76,1897,2024,DVF
Crocq,558,2024,DVF
Crocq|23,558,2024,DVF
Croignon,3078,2024,DVF
Croignon|33,3078,2024,DVF
Croisilles,1911,2024,DVF
Croisilles|14,1766,2024,DVF
Croisilles|28,2386,2024,DVF
Croisilles|62,1911,2024,DVF
Croismare,1306,2024,DVF
Croismare|54,1306,2024,DVF
Croissy-Beaubourg,3712,2024,DVF
Croissy-Beaubourg|77,3712,2024,DVF
Croissy-sur-Seine,6130,2024,DVF
Croissy-sur-Seine|78,6130,2024,DVF
Croisy-sur-Andelle,1738,2024,DVF
Croisy-sur-Andelle|76,1738,2024,DVF
Croix,2838,2024,DVF
Croix-Chapeau,2632,2024,DVF
Croix-Chapeau|17,2632,2024,DVF
Croix-Mare,1988,2024,DVF
Croix-Mare|76,1988,2024,DVF
Croix-Moligneaux,1129,2024,DVF
Croix-Moligneaux|80,1129,2024,DVF
Croix|59,2838,2024,DVF
Crolles,3491,2024,DVF
Crolles|38,3491,2024,DVF
Cromac,962,2024,DVF
Cromac|87,962,2024,DVF
Cronat,1174,2024,DVF
Cronat|71,1174,2024,DVF
Cros,1657,2024,DVF
Crosmières,1538,2024,DVF
Crosmières|72,1538,2024,DVF
Crosne,3596,2024,DVF
Crosne|91,3596,2024,DVF
Crossac,2218,2024,DVF
Crossac|44,2218,2024,DVF
Crosses,1081,2024,DVF
Crosses|18,1081,2024,DVF
Crosville-sur-Scie,1481,2024,DVF
Crosville-sur-Scie|76,1481,2024,DVF
Cros|30,2331,2024,DVF
Cros|63,1657,2024,DVF
Croth,2228,2024,DVF
Croth|27,2228,2024,DVF
Crots,2874,2024,DVF
Crots|05,2874,2024,DVF
Crottet,2111,2024,DVF
Crottet|01,2111,2024,DVF
Croutelle,2123,2024,DVF
Croutelle|86,2123,2024,DVF
Crouttes,1571,2024,DVF
Crouttes-sur-Marne,1427,2024,DVF
Crouttes-sur-Marne|02,1427,2024,DVF
Crouttes|61,1571,2024,DVF
Crouy,1805,2024,DVF
Crouy-Saint-Pierre,1485,2024,DVF
Crouy-Saint-Pierre|80,1485,2024,DVF
Crouy-en-Thelle,2701,2024,DVF
Crouy-en-Thelle|60,2701,2024,DVF
Crouy-sur-Cosson,2014,2024,DVF
Crouy-sur-Cosson|41,2014,2024,DVF
Crouy-sur-Ourcq,2129,2024,DVF
Crouy-sur-Ourcq|77,2129,2024,DVF
Crouy|02,1805,2024,DVF
Crouzilles,1648,2024,DVF
Crouzilles|37,1648,2024,DVF
Crozant,1196,2024,DVF
Crozant|23,1196,2024,DVF
Crozes-Hermitage,3132,2024,DVF
Crozes-Hermitage|26,3132,2024,DVF
Crozet,4825,2024,DVF
Crozet|01,4825,2024,DVF
Crozon,2722,2024,DVF
Crozon-sur-Vauvre,1098,2024,DVF
Crozon-sur-Vauvre|36,1098,2024,DVF
Crozon|29,2722,2024,DVF
Cruas,1905,2024,DVF
Cruas|07,1905,2024,DVF
Crucheray,1856,2024,DVF
Crucheray|41,1856,2024,DVF
Cruet,2351,2024,DVF
Cruet|73,2351,2024,DVF
Cruguel,1378,2024,DVF
Cruguel|56,1378,2024,DVF
Cruis,1819,2024,DVF
Cruis|04,1819,2024,DVF
Crulai,1760,2024,DVF
Crulai|61,1760,2024,DVF
Cruscades,1878,2024,DVF
Cruscades|11,1878,2024,DVF
Cruseilles,4274,2024,DVF
Cruseilles|74,4274,2024,DVF
Crusnes,2356,2024,DVF
Crusnes|54,2356,2024,DVF
Crux-la-Ville,1086,2024,DVF
Crux-la-Ville|58,1086,2024,DVF
Cruzille,1802,2024,DVF
Cruzilles-lès-Mépillat,2019,2024,DVF
Cruzilles-lès-Mépillat|01,2019,2024,DVF
Cruzille|71,1802,2024,DVF
Cruzy,1752,2024,DVF
Cruzy|34,1752,2024,DVF
Crèvecœur-le-Grand,1831,2024,DVF
Crèvecœur-le-Grand|60,1831,2024,DVF
Crèvecœur-sur-l'Escaut,1480,2024,DVF
Crèvecœur-sur-l'Escaut|59,1480,2024,DVF
Créances,2044,2024,DVF
Créances|50,2044,2024,DVF
Crécy-Couvé,1991,2024,DVF
Crécy-Couvé|28,1991,2024,DVF
Crécy-en-Ponthieu,1427,2024,DVF
Crécy-en-Ponthieu|80,1427,2024,DVF
Crécy-la-Chapelle,3153,2024,DVF
Crécy-la-Chapelle|77,3153,2024,DVF
Crécy-sur-Serre,895,2024,DVF
Crécy-sur-Serre|02,895,2024,DVF
Crédin,1493,2024,DVF
Crédin|56,1493,2024,DVF
Crégy-lès-Meaux,2823,2024,DVF
Crégy-lès-Meaux|77,2823,2024,DVF
Créhen,2586,2024,DVF
Créhen|22,2586,2024,DVF
Crémieu,2741,2024,DVF
Crémieu|38,2741,2024,DVF
Créon,2737,2024,DVF
Créon|33,2737,2024,DVF
Crépol,2507,2024,DVF
Crépol|26,2507,2024,DVF
Crépy,1452,2024,DVF
Crépy-en-Valois,2705,2024,DVF
Crépy-en-Valois|60,2705,2024,DVF
Crépy|02,1452,2024,DVF
Créquy,1368,2024,DVF
Créquy|62,1368,2024,DVF
Créteil,3871,2024,DVF
Créteil|94,3871,2024,DVF
Crézancy,1536,2024,DVF
Crézancy-en-Sancerre,1160,2024,DVF
Crézancy-en-Sancerre|18,1160,2024,DVF
Crézancy|02,1536,2024,DVF
Crêches-sur-Saône,2182,2024,DVF
Crêches-sur-Saône|71,2182,2024,DVF
Crêts en Belledonne,2796,2024,DVF
Crêts en Belledonne|38,2796,2024,DVF
Cubières,1352,2024,DVF
Cubières|48,1352,2024,DVF
Cubjac-Auvézère-Val d'Ans,1551,2024,DVF
Cubjac-Auvézère-Val d'Ans|24,1551,2024,DVF
Cublac,1508,2024,DVF
Cublac|19,1508,2024,DVF
Cublize,1658,2024,DVF
Cublize|69,1658,2024,DVF
Cubnezais,2622,2024,DVF
Cubnezais|33,2622,2024,DVF
Cubzac-les-Ponts,2248,2024,DVF
Cubzac-les-Ponts|33,2248,2024,DVF
Cuchery,1576,2024,DVF
Cuchery|51,1576,2024,DVF
Cucq,4490,2024,DVF
Cucq|62,4490,2024,DVF
Cucugnan,2590,2024,DVF
Cucugnan|11,2590,2024,DVF
Cucuron,4222,2024,DVF
Cucuron|84,4222,2024,DVF
Cudos,1854,2024,DVF
Cudos|33,1854,2024,DVF
Cudot,978,2024,DVF
Cudot|89,978,2024,DVF
Cuers,3472,2024,DVF
Cuers|83,3472,2024,DVF
Cuffies,1784,2024,DVF
Cuffies|02,1784,2024,DVF
Cuffy,1537,2024,DVF
Cuffy|18,1537,2024,DVF
Cugand-la-Bernardière,2534,2024,DVF
Cugand-la-Bernardière|85,2534,2024,DVF
Cuges-les-Pins,4062,2024,DVF
Cuges-les-Pins|13,4062,2024,DVF
Cugnaux,2724,2024,DVF
Cugnaux|31,2724,2024,DVF
Cuguen,2010,2024,DVF
Cuguen|35,2010,2024,DVF
Cuigy-en-Bray,1419,2024,DVF
Cuigy-en-Bray|60,1419,2024,DVF
Cuillé,1626,2024,DVF
Cuillé|53,1626,2024,DVF
Cuinchy,1745,2024,DVF
Cuinchy|62,1745,2024,DVF
Cuincy,1709,2024,DVF
Cuincy|59,1709,2024,DVF
Cuinzier,1073,2024,DVF
Cuinzier|42,1073,2024,DVF
Cuise-la-Motte,1918,2024,DVF
Cuise-la-Motte|60,1918,2024,DVF
Cuiseaux,1396,2024,DVF
Cuiseaux|71,1396,2024,DVF
Cuisery,1602,2024,DVF
Cuisery|71,1602,2024,DVF
Cuisia,1716,2024,DVF
Cuisia|39,1716,2024,DVF
Culan,1050,2024,DVF
Culan|18,1050,2024,DVF
Culhat,1600,2024,DVF
Culhat|63,1600,2024,DVF
Culin,1843,2024,DVF
Culin|38,1843,2024,DVF
Culoz-Béon,1954,2024,DVF
Culoz-Béon|01,1954,2024,DVF
Cumières,1541,2024,DVF
Cumières|51,1541,2024,DVF
Cunac,1588,2024,DVF
Cunac|81,1588,2024,DVF
Cunelières,2011,2024,DVF
Cunelières|90,2011,2024,DVF
Cunlhat,1151,2024,DVF
Cunlhat|63,1151,2024,DVF
Cunèges,1745,2024,DVF
Cunèges|24,1745,2024,DVF
Cuq-Toulza,1824,2024,DVF
Cuq-Toulza|81,1824,2024,DVF
Curciat-Dongalon,1366,2024,DVF
Curciat-Dongalon|01,1366,2024,DVF
Cures,1685,2024,DVF
Cures|72,1685,2024,DVF
Curgies,2185,2024,DVF
Curgies|59,2185,2024,DVF
Curgy,1143,2024,DVF
Curgy|71,1143,2024,DVF
Curis-au-Mont-d'Or,4476,2024,DVF
Curis-au-Mont-d'Or|69,4476,2024,DVF
Cursan,2847,2024,DVF
Cursan|33,2847,2024,DVF
Curvalle,1524,2024,DVF
Curvalle|81,1524,2024,DVF
Curzay-sur-Vonne,1022,2024,DVF
Curzay-sur-Vonne|86,1022,2024,DVF
Curzon,2284,2024,DVF
Curzon|85,2284,2024,DVF
Cussac,1557,2024,DVF
Cussac-Fort-Médoc,2204,2024,DVF
Cussac-Fort-Médoc|33,2204,2024,DVF
Cussac-sur-Loire,1863,2024,DVF
Cussac-sur-Loire|43,1863,2024,DVF
Cussac|87,1557,2024,DVF
Cussay,1391,2024,DVF
Cussay|37,1391,2024,DVF
Cusset,1510,2024,DVF
Cusset|03,1510,2024,DVF
Cussey-sur-l'Ognon,2231,2024,DVF
Cussey-sur-l'Ognon|25,2231,2024,DVF
Cussy-en-Morvan,824,2024,DVF
Cussy-en-Morvan|71,824,2024,DVF
Custines,1685,2024,DVF
Custines|54,1685,2024,DVF
Cusy,4874,2024,DVF
Cusy|74,4874,2024,DVF
Cutry,2453,2024,DVF
Cutry|02,1430,2024,DVF
Cutry|54,2453,2024,DVF
Cuts,2025,2024,DVF
Cuts|60,2025,2024,DVF
Cuttoli-Corticchiato,3544,2024,DVF
Cuttoli-Corticchiato|2A,3544,2024,DVF
Cuvat,6252,2024,DVF
Cuvat|74,6252,2024,DVF
Cuvergnon,2438,2024,DVF
Cuvergnon|60,2438,2024,DVF
Cuverville,2522,2024,DVF
Cuverville|14,2522,2024,DVF
Cuves,850,2024,DVF
Cuves|50,850,2024,DVF
Cuvilly,1364,2024,DVF
Cuvilly|60,1364,2024,DVF
Cuxac-Cabardès,1280,2024,DVF
Cuxac-Cabardès|11,1280,2024,DVF
Cuxac-d'Aude,1860,2024,DVF
Cuxac-d'Aude|11,1860,2024,DVF
Cuy,2308,2024,DVF
Cuy-Saint-Fiacre,1860,2024,DVF
Cuy-Saint-Fiacre|76,1860,2024,DVF
Cuy|89,2308,2024,DVF
Cuzac,1155,2024,DVF
Cuzac|46,1155,2024,DVF
Cuzance,2201,2024,DVF
Cuzance|46,2201,2024,DVF
Cuzieu,1662,2024,DVF
Cuzieu|01,2347,2024,DVF
Cuzieu|42,1662,2024,DVF
Cuzion,1136,2024,DVF
Cuzion|36,1136,2024,DVF
Cuzorn,1506,2024,DVF
Cuzorn|47,1506,2024,DVF
Cysoing,3013,2024,DVF
Cysoing|59,3013,2024,DVF
Céaux-d'Allègre,1558,2024,DVF
Céaux-d'Allègre|43,1558,2024,DVF
Cébazan,2241,2024,DVF
Cébazan|34,2241,2024,DVF
Cébazat,2401,2024,DVF
Cébazat|63,2401,2024,DVF
Cély,2738,2024,DVF
Cély|77,2738,2024,DVF
Cénac,3257,2024,DVF
Cénac-et-Saint-Julien,2254,2024,DVF
Cénac-et-Saint-Julien|24,2254,2024,DVF
Cénac|33,3257,2024,DVF
Cépet,2874,2024,DVF
Cépet|31,2874,2024,DVF
Cépie,1732,2024,DVF
Cépie|11,1732,2024,DVF
Cérans-Foulletourte,1698,2024,DVF
Cérans-Foulletourte|72,1698,2024,DVF
Cérences,1700,2024,DVF
Cérences|50,1700,2024,DVF
Céreste-en-Luberon,2813,2024,DVF
Céreste-en-Luberon|04,2813,2024,DVF
Céret,2543,2024,DVF
Céret|66,2543,2024,DVF
Cérilly,969,2024,DVF
Cérilly|03,969,2024,DVF
Céron,1138,2024,DVF
Cérons,2490,2024,DVF
Cérons|33,2490,2024,DVF
Céron|71,1138,2024,DVF
Cézac,2217,2024,DVF
Cézac|33,2217,2024,DVF
Cézy,1429,2024,DVF
Cézy|89,1429,2024,DVF
Cœur de Causse,1401,2024,DVF
Cœur de Causse|46,1401,2024,DVF
Cœur-de-la-Vallée,2068,2024,DVF
Cœur-de-la-Vallée|51,2068,2024,DVF
Cœuvres-et-Valsery,1703,2024,DVF
Cœuvres-et-Valsery|02,1703,2024,DVF
D'Huison-Longueville,3199,2024,DVF
D'Huison-Longueville|91,3199,2024,DVF
Dadonville,1800,2024,DVF
Dadonville|45,1800,2024,DVF
Daglan,1534,2024,DVF
Daglan|24,1534,2024,DVF
Dagneux,2780,2024,DVF
Dagneux|01,2780,2024,DVF
Dagny,1652,2024,DVF
Dagny|77,1652,2024,DVF
Dainville,1995,2024,DVF
Dainville|62,1995,2024,DVF
Daix,3319,2024,DVF
Daix|21,3319,2024,DVF
Dalou,1535,2024,DVF
Dalou|09,1535,2024,DVF
Damazan,996,2024,DVF
Damazan|47,996,2024,DVF
Dambenois,1549,2024,DVF
Dambenois|25,1549,2024,DVF
Damblain,609,2024,DVF
Damblain|88,609,2024,DVF
Dame-Marie,1596,2024,DVF
Dame-Marie|61,1596,2024,DVF
Damelevières,1647,2024,DVF
Damelevières|54,1647,2024,DVF
Damery,2083,2024,DVF
Damery|51,2083,2024,DVF
Damgan,4772,2024,DVF
Damgan|56,4772,2024,DVF
Damiatte,2165,2024,DVF
Damiatte|81,2165,2024,DVF
Damigny,1669,2024,DVF
Damigny|61,1669,2024,DVF
Dammarie,2006,2024,DVF
Dammarie-les-Lys,2832,2024,DVF
Dammarie-les-Lys|77,2832,2024,DVF
Dammarie-sur-Loing,1359,2024,DVF
Dammarie-sur-Loing|45,1359,2024,DVF
Dammarie|28,2006,2024,DVF
Dammartin-Marpain,1706,2024,DVF
Dammartin-Marpain|39,1706,2024,DVF
Dammartin-en-Goële,3084,2024,DVF
Dammartin-en-Goële|77,3084,2024,DVF
Dammartin-en-Serve,2894,2024,DVF
Dammartin-en-Serve|78,2894,2024,DVF
Dammartin-sur-Tigeaux,3291,2024,DVF
Dammartin-sur-Tigeaux|77,3291,2024,DVF
Damparis,1630,2024,DVF
Damparis|39,1630,2024,DVF
Dampierre,1855,2024,DVF
Dampierre-Saint-Nicolas,2366,2024,DVF
Dampierre-Saint-Nicolas|76,2366,2024,DVF
Dampierre-en-Burly,1364,2024,DVF
Dampierre-en-Burly|45,1364,2024,DVF
Dampierre-en-Crot,1107,2024,DVF
Dampierre-en-Crot|18,1107,2024,DVF
Dampierre-les-Bois,1478,2024,DVF
Dampierre-les-Bois|25,1478,2024,DVF
Dampierre-sous-Bouhy,1542,2024,DVF
Dampierre-sous-Bouhy|58,1542,2024,DVF
Dampierre-sous-Brou,1217,2024,DVF
Dampierre-sous-Brou|28,1217,2024,DVF
Dampierre-sur-Avre,1426,2024,DVF
Dampierre-sur-Avre|28,1426,2024,DVF
Dampierre-sur-Boutonne,1361,2024,DVF
Dampierre-sur-Boutonne|17,1361,2024,DVF
Dampierre-sur-Linotte,827,2024,DVF
Dampierre-sur-Linotte|70,827,2024,DVF
Dampierre-sur-Salon,1097,2024,DVF
Dampierre-sur-Salon|70,1097,2024,DVF
Dampierre|39,1855,2024,DVF
Dampleux,1634,2024,DVF
Dampleux|02,1634,2024,DVF
Dampmart,3507,2024,DVF
Dampmart|77,3507,2024,DVF
Dampniat,1844,2024,DVF
Dampniat|19,1844,2024,DVF
Damprichard,2028,2024,DVF
Damprichard|25,2028,2024,DVF
Damvillers,1480,2024,DVF
Damvillers|55,1480,2024,DVF
Damvix,1593,2024,DVF
Damvix|85,1593,2024,DVF
Dangeau,1450,2024,DVF
Dangeau|28,1450,2024,DVF
Dangeul,1315,2024,DVF
Dangeul|72,1315,2024,DVF
Dangy,1262,2024,DVF
Dangy|50,1262,2024,DVF
Dangé-Saint-Romain,1306,2024,DVF
Dangé-Saint-Romain|86,1306,2024,DVF
Danizy,1173,2024,DVF
Danizy|02,1173,2024,DVF
Danjoutin,1641,2024,DVF
Danjoutin|90,1641,2024,DVF
Dannemarie-sur-Crète,2365,2024,DVF
Dannemarie-sur-Crète|25,2365,2024,DVF
Dannemois,3153,2024,DVF
Dannemois|91,3153,2024,DVF
Dannes,1710,2024,DVF
Dannes|62,1710,2024,DVF
Daon,1673,2024,DVF
Daon|53,1673,2024,DVF
Daoulas,1888,2024,DVF
Daoulas|29,1888,2024,DVF
Daours,1781,2024,DVF
Daours|80,1781,2024,DVF
Dardilly,4491,2024,DVF
Dardilly|69,4491,2024,DVF
Dargies,1358,2024,DVF
Dargies|60,1358,2024,DVF
Dargnies,1659,2024,DVF
Dargnies|80,1659,2024,DVF
Darnets,1592,2024,DVF
Darnets|19,1592,2024,DVF
Darney,1203,2024,DVF
Darney|88,1203,2024,DVF
Darnieulles,1587,2024,DVF
Darnieulles|88,1587,2024,DVF
Darnétal,2047,2024,DVF
Darnétal|76,2047,2024,DVF
Darvault,2293,2024,DVF
Darvault|77,2293,2024,DVF
Darvoy,2120,2024,DVF
Darvoy|45,2120,2024,DVF
Dasle,1359,2024,DVF
Dasle|25,1359,2024,DVF
Daubeuf-près-Vatteville,1887,2024,DVF
Daubeuf-près-Vatteville|27,1887,2024,DVF
Daumazan-sur-Arize,1709,2024,DVF
Daumazan-sur-Arize|09,1709,2024,DVF
Dauphin,2626,2024,DVF
Dauphin|04,2626,2024,DVF
Daux,2653,2024,DVF
Daux|31,2653,2024,DVF
Davayat,1806,2024,DVF
Davayat|63,1806,2024,DVF
Davenescourt,1278,2024,DVF
Davenescourt|80,1278,2024,DVF
Davézieux,2216,2024,DVF
Davézieux|07,2216,2024,DVF
Dax,2529,2024,DVF
Dax|40,2529,2024,DVF
Deauville,7015,2024,DVF
Deauville|14,7015,2024,DVF
Decazeville,1134,2024,DVF
Decazeville|12,1134,2024,DVF
Dechy,1449,2024,DVF
Dechy|59,1449,2024,DVF
Decize,999,2024,DVF
Decize|58,999,2024,DVF
Degré,1636,2024,DVF
Degré|72,1636,2024,DVF
Delettes,1425,2024,DVF
Delettes|62,1425,2024,DVF
Delle,1587,2024,DVF
Delle|90,1587,2024,DVF
Deluz,1632,2024,DVF
Deluz|25,1632,2024,DVF
Demi-Quartier,8275,2024,DVF
Demi-Quartier|74,8275,2024,DVF
Demigny,2136,2024,DVF
Demigny|71,2136,2024,DVF
Denain,926,2024,DVF
Denain|59,926,2024,DVF
Deneuvre,948,2024,DVF
Deneuvre|54,948,2024,DVF
Denguin,2100,2024,DVF
Denguin|64,2100,2024,DVF
Denicé,2786,2024,DVF
Denicé|69,2786,2024,DVF
Denney,4925,2024,DVF
Denney|90,4925,2024,DVF
Denonville,1974,2024,DVF
Denonville|28,1974,2024,DVF
Denée,2373,2024,DVF
Denée|49,2373,2024,DVF
Dercy,1188,2024,DVF
Dercy|02,1188,2024,DVF
Dernancourt,1430,2024,DVF
Dernancourt|80,1430,2024,DVF
Derval,1847,2024,DVF
Derval|44,1847,2024,DVF
Descartes,1180,2024,DVF
Descartes|37,1180,2024,DVF
Desingy,3354,2024,DVF
Desingy|74,3354,2024,DVF
Desnes,1333,2024,DVF
Desnes|39,1333,2024,DVF
Desvres,1499,2024,DVF
Desvres|62,1499,2024,DVF
Deuil-la-Barre,3932,2024,DVF
Deuil-la-Barre|95,3932,2024,DVF
Deux Rivières,1160,2024,DVF
Deux Rivières|89,1160,2024,DVF
Deux-Grosnes,1711,2024,DVF
Deux-Grosnes|69,1711,2024,DVF
Devay,1011,2024,DVF
Devay|58,1011,2024,DVF
Devecey,2224,2024,DVF
Devecey|25,2224,2024,DVF
Deville,799,2024,DVF
Deville|08,799,2024,DVF
Devrouze,1408,2024,DVF
Devrouze|71,1408,2024,DVF
Deyvillers,1567,2024,DVF
Deyvillers|88,1567,2024,DVF
Deûlémont,2908,2024,DVF
Deûlémont|59,2908,2024,DVF
Dhuizon,1762,2024,DVF
Dhuizon|41,1762,2024,DVF
Dhuys et Morin-en-Brie,1729,2024,DVF
Dhuys et Morin-en-Brie|02,1729,2024,DVF
Dialan sur Chaîne,1887,2024,DVF
Dialan sur Chaîne|14,1887,2024,DVF
Diarville,1588,2024,DVF
Diarville|54,1588,2024,DVF
Diconne,1146,2024,DVF
Diconne|71,1146,2024,DVF
Die,2504,2024,DVF
Dienville,1363,2024,DVF
Dienville|10,1363,2024,DVF
Dieppe,2417,2024,DVF
Dieppe|76,2417,2024,DVF
Dieudonné,2168,2024,DVF
Dieudonné|60,2168,2024,DVF
Dieue-sur-Meuse,1554,2024,DVF
Dieue-sur-Meuse|55,1554,2024,DVF
Dieulefit,2743,2024,DVF
Dieulefit|26,2743,2024,DVF
Dieulouard,1607,2024,DVF
Dieulouard|54,1607,2024,DVF
Dieupentale,2199,2024,DVF
Dieupentale|82,2199,2024,DVF
Die|26,2504,2024,DVF
Diges,1507,2024,DVF
Diges|89,1507,2024,DVF
Digna,1728,2024,DVF
Dignac,1237,2024,DVF
Dignac|16,1237,2024,DVF
Digna|39,1728,2024,DVF
Digne-les-Bains,1938,2024,DVF
Digne-les-Bains|04,1938,2024,DVF
Digny,1689,2024,DVF
Digny|28,1689,2024,DVF
Digoin,1133,2024,DVF
Digoin|71,1133,2024,DVF
Digosville,2704,2024,DVF
Digosville|50,2704,2024,DVF
Dijon,2730,2024,DVF
Dijon|21,2730,2024,DVF
Dinan,2788,2024,DVF
Dinan|22,2788,2024,DVF
Dinard,5677,2024,DVF
Dinard|35,5677,2024,DVF
Dingy-Saint-Clair,5791,2024,DVF
Dingy-Saint-Clair|74,5791,2024,DVF
Dingy-en-Vuache,3276,2024,DVF
Dingy-en-Vuache|74,3276,2024,DVF
Dingé,1986,2024,DVF
Dingé|35,1986,2024,DVF
Dinsac,945,2024,DVF
Dinsac|87,945,2024,DVF
Dinéault,1436,2024,DVF
Dinéault|29,1436,2024,DVF
Dions,1416,2024,DVF
Dions|30,1416,2024,DVF
Diou,1170,2024,DVF
Diou|03,1170,2024,DVF
Dirac,1666,2024,DVF
Dirac|16,1666,2024,DVF
Dirinon,2087,2024,DVF
Dirinon|29,2087,2024,DVF
Dissay,1770,2024,DVF
Dissay-sous-Courcillon,1270,2024,DVF
Dissay-sous-Courcillon|72,1270,2024,DVF
Dissay|86,1770,2024,DVF
Distré,2199,2024,DVF
Distré|49,2199,2024,DVF
Divajeu,2293,2024,DVF
Divajeu|26,2293,2024,DVF
Divatte-sur-Loire,2557,2024,DVF
Divatte-sur-Loire|44,2557,2024,DVF
Dives,1755,2024,DVF
Dives-sur-Mer,4031,2024,DVF
Dives-sur-Mer|14,4031,2024,DVF
Dives|60,1755,2024,DVF
Divion,1347,2024,DVF
Divion|62,1347,2024,DVF
Divonne-les-Bains,5989,2024,DVF
Divonne-les-Bains|01,5989,2024,DVF
Dixmont,1546,2024,DVF
Dixmont|89,1546,2024,DVF
Dizimieu,2648,2024,DVF
Dizimieu|38,2648,2024,DVF
Dizy,2168,2024,DVF
Dizy-le-Gros,1123,2024,DVF
Dizy-le-Gros|02,1123,2024,DVF
Dizy|51,2168,2024,DVF
Diémoz,3607,2024,DVF
Diémoz|38,3607,2024,DVF
Diéval,1315,2024,DVF
Diéval|62,1315,2024,DVF
Doazit,1901,2024,DVF
Doazit|40,1901,2024,DVF
Docelles,1015,2024,DVF
Docelles|88,1015,2024,DVF
Dogneville,1640,2024,DVF
Dogneville|88,1640,2024,DVF
Doignies,1567,2024,DVF
Doignies|59,1567,2024,DVF
Doingt,1442,2024,DVF
Doingt|80,1442,2024,DVF
Doissin,2076,2024,DVF
Doissin|38,2076,2024,DVF
Doix lès Fontaines,1348,2024,DVF
Doix lès Fontaines|85,1348,2024,DVF
Doizieux,3147,2024,DVF
Doizieux|42,3147,2024,DVF
Dol-de-Bretagne,2355,2024,DVF
Dol-de-Bretagne|35,2355,2024,DVF
Dole,1867,2024,DVF
Dole|39,1867,2024,DVF
Dollon,1259,2024,DVF
Dollon|72,1259,2024,DVF
Dolmayrac,2072,2024,DVF
Dolmayrac|47,2072,2024,DVF
Dolomieu,2364,2024,DVF
Dolomieu|38,2364,2024,DVF
Dolus-d'Oléron,3789,2024,DVF
Dolus-d'Oléron|17,3789,2024,DVF
Dolus-le-Sec,1812,2024,DVF
Dolus-le-Sec|37,1812,2024,DVF
Dom-le-Mesnil,1251,2024,DVF
Dom-le-Mesnil|08,1251,2024,DVF
Domagné,2183,2024,DVF
Domagné|35,2183,2024,DVF
Domalain,1826,2024,DVF
Domalain|35,1826,2024,DVF
Domancy,4044,2024,DVF
Domancy|74,4044,2024,DVF
Domarin,2808,2024,DVF
Domarin|38,2808,2024,DVF
Domart-en-Ponthieu,1192,2024,DVF
Domart-en-Ponthieu|80,1192,2024,DVF
Domats,1636,2024,DVF
Domats|89,1636,2024,DVF
Domazan,2839,2024,DVF
Domazan|30,2839,2024,DVF
Dombasle-sur-Meurthe,1715,2024,DVF
Dombasle-sur-Meurthe|54,1715,2024,DVF
Domblans,2337,2024,DVF
Domblans|39,2337,2024,DVF
Domessargues,2535,2024,DVF
Domessargues|30,2535,2024,DVF
Domessin,2826,2024,DVF
Domessin|73,2826,2024,DVF
Domeyrot,885,2024,DVF
Domeyrot|23,885,2024,DVF
Domfront,1349,2024,DVF
Domfront en Poiraie,1368,2024,DVF
Domfront en Poiraie|61,1368,2024,DVF
Domfront-en-Champagne,1728,2024,DVF
Domfront-en-Champagne|72,1728,2024,DVF
Domfront|60,1349,2024,DVF
Domgermain,1350,2024,DVF
Domgermain|54,1350,2024,DVF
Domjean,1629,2024,DVF
Domjean|50,1629,2024,DVF
Domloup,2574,2024,DVF
Domloup|35,2574,2024,DVF
Domléger-Longvillers,1115,2024,DVF
Domléger-Longvillers|80,1115,2024,DVF
Dommartemont,3856,2024,DVF
Dommartemont|54,3856,2024,DVF
Dommartin,4585,2024,DVF
Dommartin-le-Franc,548,2024,DVF
Dommartin-le-Franc|52,548,2024,DVF
Dommartin-lès-Cuiseaux,1621,2024,DVF
Dommartin-lès-Cuiseaux|71,1621,2024,DVF
Dommartin-lès-Remiremont,1523,2024,DVF
Dommartin-lès-Remiremont|88,1523,2024,DVF
Dommartin-lès-Toul,1913,2024,DVF
Dommartin-lès-Toul|54,1913,2024,DVF
Dommartin|25,3286,2024,DVF
Dommartin|69,4585,2024,DVF
Dommary-Baroncourt,1510,2024,DVF
Dommary-Baroncourt|55,1510,2024,DVF
Domme,2717,2024,DVF
Domme|24,2717,2024,DVF
Domont,3171,2024,DVF
Domont|95,3171,2024,DVF
Dompaire,1606,2024,DVF
Dompaire|88,1606,2024,DVF
Dompierre-Becquincourt,1063,2024,DVF
Dompierre-Becquincourt|80,1063,2024,DVF
Dompierre-en-Morvan,909,2024,DVF
Dompierre-en-Morvan|21,909,2024,DVF
Dompierre-les-Ormes,1759,2024,DVF
Dompierre-les-Ormes|71,1759,2024,DVF
Dompierre-les-Tilleuls,2438,2024,DVF
Dompierre-les-Tilleuls|25,2438,2024,DVF
Dompierre-les-Églises,789,2024,DVF
Dompierre-les-Églises|87,789,2024,DVF
Dompierre-sur-Authie,1238,2024,DVF
Dompierre-sur-Authie|80,1238,2024,DVF
Dompierre-sur-Besbre,1131,2024,DVF
Dompierre-sur-Besbre|03,1131,2024,DVF
Dompierre-sur-Chalaronne,1721,2024,DVF
Dompierre-sur-Chalaronne|01,1721,2024,DVF
Dompierre-sur-Helpe,1101,2024,DVF
Dompierre-sur-Helpe|59,1101,2024,DVF
Dompierre-sur-Mer,3562,2024,DVF
Dompierre-sur-Mer|17,3562,2024,DVF
Dompierre-sur-Veyle,2615,2024,DVF
Dompierre-sur-Veyle|01,2615,2024,DVF
Dompierre-sur-Yon,2310,2024,DVF
Dompierre-sur-Yon|85,2310,2024,DVF
Domptin,1852,2024,DVF
Domptin|02,1852,2024,DVF
Domène,3234,2024,DVF
Domène|38,3234,2024,DVF
Domèvre-en-Haye,1550,2024,DVF
Domèvre-en-Haye|54,1550,2024,DVF
Domèvre-sur-Avière,1626,2024,DVF
Domèvre-sur-Avière|88,1626,2024,DVF
Domérat,1246,2024,DVF
Domérat|03,1246,2024,DVF
Don,2105,2024,DVF
Donchery,1677,2024,DVF
Donchery|08,1677,2024,DVF
Doncourt-lès-Conflans,1796,2024,DVF
Doncourt-lès-Conflans|54,1796,2024,DVF
Donges,2130,2024,DVF
Donges|44,2130,2024,DVF
Donnemain-Saint-Mamès,1468,2024,DVF
Donnemain-Saint-Mamès|28,1468,2024,DVF
Donnemarie-Dontilly,1726,2024,DVF
Donnemarie-Dontilly|77,1726,2024,DVF
Donnery,2123,2024,DVF
Donnery|45,2123,2024,DVF
Donneville,3007,2024,DVF
Donneville|31,3007,2024,DVF
Donnezac,1263,2024,DVF
Donnezac|33,1263,2024,DVF
Donville-les-Bains,3714,2024,DVF
Donville-les-Bains|50,3714,2024,DVF
Donzac,1437,2024,DVF
Donzac|82,1437,2024,DVF
Donzenac,1664,2024,DVF
Donzenac|19,1664,2024,DVF
Donzy,1800,2024,DVF
Donzy|58,1800,2024,DVF
Donzère,2189,2024,DVF
Donzère|26,2189,2024,DVF
Don|59,2105,2024,DVF
Doranges,1201,2024,DVF
Doranges|63,1201,2024,DVF
Dorans,1649,2024,DVF
Dorans|90,1649,2024,DVF
Dorat,1815,2024,DVF
Dorat|63,1815,2024,DVF
Dordives,1910,2024,DVF
Dordives|45,1910,2024,DVF
Dore-l'Église,1168,2024,DVF
Dore-l'Église|63,1168,2024,DVF
Dormans,1824,2024,DVF
Dormans|51,1824,2024,DVF
Dormelles,2251,2024,DVF
Dormelles|77,2251,2024,DVF
Dornes,930,2024,DVF
Dornes|58,930,2024,DVF
Dorres,3230,2024,DVF
Dorres|66,3230,2024,DVF
Dortan,2182,2024,DVF
Dortan|01,2182,2024,DVF
Douai,1619,2024,DVF
Douains,2222,2024,DVF
Douains|27,2222,2024,DVF
Douai|59,1619,2024,DVF
Douarnenez,2301,2024,DVF
Douarnenez|29,2301,2024,DVF
Doubs,3022,2024,DVF
Doubs|25,3022,2024,DVF
Douchy-Montcorbon,1578,2024,DVF
Douchy-Montcorbon|45,1578,2024,DVF
Douchy-les-Mines,1349,2024,DVF
Douchy-les-Mines|59,1349,2024,DVF
Doudeauville,1733,2024,DVF
Doudeauville|62,1733,2024,DVF
Doudeville,1656,2024,DVF
Doudeville|76,1656,2024,DVF
Doue,2277,2024,DVF
Douelle,1898,2024,DVF
Douelle|46,1898,2024,DVF
Doue|77,2277,2024,DVF
Douillet,1279,2024,DVF
Douillet|72,1279,2024,DVF
Doulaincourt-Saucourt,898,2024,DVF
Doulaincourt-Saucourt|52,898,2024,DVF
Doulcon,1175,2024,DVF
Doulcon|55,1175,2024,DVF
Doullens,1503,2024,DVF
Doullens|80,1503,2024,DVF
Dounoux,1883,2024,DVF
Dounoux|88,1883,2024,DVF
Dourbies,1439,2024,DVF
Dourbies|30,1439,2024,DVF
Dourdain,1835,2024,DVF
Dourdain|35,1835,2024,DVF
Dourdan,2910,2024,DVF
Dourdan|91,2910,2024,DVF
Dourges,1676,2024,DVF
Dourges|62,1676,2024,DVF
Dourgne,1331,2024,DVF
Dourgne|81,1331,2024,DVF
Dourlers,1278,2024,DVF
Dourlers|59,1278,2024,DVF
Dournazac,1085,2024,DVF
Dournazac|87,1085,2024,DVF
Doussard,4525,2024,DVF
Doussard|74,4525,2024,DVF
Doussay,1256,2024,DVF
Doussay|86,1256,2024,DVF
Douvaine,4288,2024,DVF
Douvaine|74,4288,2024,DVF
Douville,1319,2024,DVF
Douville-sur-Andelle,1762,2024,DVF
Douville-sur-Andelle|27,1762,2024,DVF
Douville|24,1319,2024,DVF
Douvrend,1727,2024,DVF
Douvrend|76,1727,2024,DVF
Douvres,2646,2024,DVF
Douvres-la-Délivrande,2957,2024,DVF
Douvres-la-Délivrande|14,2957,2024,DVF
Douvres|01,2646,2024,DVF
Douvrin,1821,2024,DVF
Douvrin|62,1821,2024,DVF
Douzains,2070,2024,DVF
Douzains|47,2070,2024,DVF
Douzens,1317,2024,DVF
Douzens|11,1317,2024,DVF
Douzillac,1577,2024,DVF
Douzillac|24,1577,2024,DVF
Douzy,1267,2024,DVF
Douzy|08,1267,2024,DVF
Doué-en-Anjou,1814,2024,DVF
Doué-en-Anjou|49,1814,2024,DVF
Doville,1675,2024,DVF
Doville|50,1675,2024,DVF
Doyet,968,2024,DVF
Doyet|03,968,2024,DVF
Dozulé,2225,2024,DVF
Dozulé|14,2225,2024,DVF
Draché,1489,2024,DVF
Draché|37,1489,2024,DVF
Dracy-le-Fort,2492,2024,DVF
Dracy-le-Fort|71,2492,2024,DVF
Dracé,2776,2024,DVF
Dracé|69,2776,2024,DVF
Dragey-Ronthon,2475,2024,DVF
Dragey-Ronthon|50,2475,2024,DVF
Draguignan,2539,2024,DVF
Draguignan|83,2539,2024,DVF
Draillant,4045,2024,DVF
Draillant|74,4045,2024,DVF
Drancy,3848,2024,DVF
Drancy|93,3848,2024,DVF
Drap,3717,2024,DVF
Drap|06,3717,2024,DVF
Draveil,3509,2024,DVF
Draveil|91,3509,2024,DVF
Drefféac,2161,2024,DVF
Drefféac|44,2161,2024,DVF
Dreuil-lès-Amiens,1951,2024,DVF
Dreuil-lès-Amiens|80,1951,2024,DVF
Dreux,1744,2024,DVF
Dreux|28,1744,2024,DVF
Drevant,856,2024,DVF
Drevant|18,856,2024,DVF
Drocourt,1648,2024,DVF
Drocourt|62,1648,2024,DVF
Drocourt|78,3152,2024,DVF
Droisy,1592,2024,DVF
Droisy|27,1592,2024,DVF
Droue-sur-Drouette,2461,2024,DVF
Droue-sur-Drouette|28,2461,2024,DVF
Drouges,1885,2024,DVF
Drouges|35,1885,2024,DVF
Drouvin-le-Marais,2193,2024,DVF
Drouvin-le-Marais|62,2193,2024,DVF
Droux,965,2024,DVF
Droux|87,965,2024,DVF
Droué,903,2024,DVF
Droué|41,903,2024,DVF
Drucat,1881,2024,DVF
Drucat|80,1881,2024,DVF
Drucourt,2269,2024,DVF
Drucourt|27,2269,2024,DVF
Druelle Balsac,2150,2024,DVF
Druelle Balsac|12,2150,2024,DVF
Drugeac,871,2024,DVF
Drugeac|15,871,2024,DVF
Druillat,1997,2024,DVF
Druillat|01,1997,2024,DVF
Drulhe,1169,2024,DVF
Drulhe|12,1169,2024,DVF
Drumettaz-Clarafond,4083,2024,DVF
Drumettaz-Clarafond|73,4083,2024,DVF
Druye,2544,2024,DVF
Druye|37,2544,2024,DVF
Dry,2086,2024,DVF
Dry|45,2086,2024,DVF
Drémil-Lafage,3024,2024,DVF
Drémil-Lafage|31,3024,2024,DVF
Ducey-Les Chéris,1941,2024,DVF
Ducey-Les Chéris|50,1941,2024,DVF
Duclair,1819,2024,DVF
Duclair|76,1819,2024,DVF
Duerne,2673,2024,DVF
Duerne|69,2673,2024,DVF
Dugny,2736,2024,DVF
Dugny-sur-Meuse,1488,2024,DVF
Dugny-sur-Meuse|55,1488,2024,DVF
Dugny|93,2736,2024,DVF
Duingt,6920,2024,DVF
Duingt|74,6920,2024,DVF
Dun,1619,2024,DVF
Dun-le-Palestel,1233,2024,DVF
Dun-le-Palestel|23,1233,2024,DVF
Dun-les-Places,1058,2024,DVF
Dun-les-Places|58,1058,2024,DVF
Dun-sur-Auron,963,2024,DVF
Dun-sur-Auron|18,963,2024,DVF
Dun-sur-Meuse,1219,2024,DVF
Dun-sur-Meuse|55,1219,2024,DVF
Duneau,1442,2024,DVF
Duneau|72,1442,2024,DVF
Dunes,1427,2024,DVF
Dunes|82,1427,2024,DVF
Dung,1552,2024,DVF
Dung|25,1552,2024,DVF
Dunière-sur-Eyrieux,2031,2024,DVF
Dunière-sur-Eyrieux|07,2031,2024,DVF
Dunières,1952,2024,DVF
Dunières|43,1952,2024,DVF
Dunkerque,2195,2024,DVF
Dunkerque|59,2195,2024,DVF
Dun|09,1619,2024,DVF
Duras,1447,2024,DVF
Duras|47,1447,2024,DVF
Duravel,1557,2024,DVF
Duravel|46,1557,2024,DVF
Durban-Corbières,1704,2024,DVF
Durban-Corbières|11,1704,2024,DVF
Durcet,1342,2024,DVF
Durcet|61,1342,2024,DVF
Durdat-Larequille,1207,2024,DVF
Durdat-Larequille|03,1207,2024,DVF
Durenque,1121,2024,DVF
Durenque|12,1121,2024,DVF
Durfort-Lacapelette,1547,2024,DVF
Durfort-Lacapelette|82,1547,2024,DVF
Durfort-et-Saint-Martin-de-Sossenac,1398,2024,DVF
Durfort-et-Saint-Martin-de-Sossenac|30,1398,2024,DVF
Durtal,1474,2024,DVF
Durtal|49,1474,2024,DVF
Durtol,2850,2024,DVF
Durtol|63,2850,2024,DVF
Dury,3254,2024,DVF
Dury|80,3254,2024,DVF
Dyé,796,2024,DVF
Dyé|89,796,2024,DVF
Décines-Charpieu,3491,2024,DVF
Décines-Charpieu|69,3491,2024,DVF
Dégagnac,1490,2024,DVF
Dégagnac|46,1490,2024,DVF
Démouville,2334,2024,DVF
Démouville|14,2334,2024,DVF
Démuin,1664,2024,DVF
Démuin|80,1664,2024,DVF
Déols,1447,2024,DVF
Déols|36,1447,2024,DVF
Désaignes,2030,2024,DVF
Désaignes|07,2030,2024,DVF
Désertines,1122,2024,DVF
Désertines|03,1122,2024,DVF
Désertines|53,1184,2024,DVF
Déville-lès-Rouen,2014,2024,DVF
Déville-lès-Rouen|76,2014,2024,DVF
Dévoluy,2814,2024,DVF
Dévoluy|05,2814,2024,DVF
Eancé,1451,2024,DVF
Eancé|35,1451,2024,DVF
Eaubonne,4074,2024,DVF
Eaubonne|95,4074,2024,DVF
Eaunes,2681,2024,DVF
Eaunes|31,2681,2024,DVF
Eaux-Bonnes,1729,2024,DVF
Eaux-Bonnes|64,1729,2024,DVF
Eauze,1295,2024,DVF
Eauze|32,1295,2024,DVF
Ebblinghem,1297,2024,DVF
Ebblinghem|59,1297,2024,DVF
Eccica-Suarella,3298,2024,DVF
Eccica-Suarella|2A,3298,2024,DVF
Eclassan,2271,2024,DVF
Eclassan|07,2271,2024,DVF
Eclose-Badinières,2402,2024,DVF
Eclose-Badinières|38,2402,2024,DVF
Ecquedecques,1302,2024,DVF
Ecquedecques|62,1302,2024,DVF
Ecques,1937,2024,DVF
Ecques|62,1937,2024,DVF
Ecquevilly,3056,2024,DVF
Ecquevilly|78,3056,2024,DVF
Edern,2019,2024,DVF
Edern|29,2019,2024,DVF
Eecke,2294,2024,DVF
Eecke|59,2294,2024,DVF
Effiat,1923,2024,DVF
Effiat|63,1923,2024,DVF
Einville-au-Jard,1383,2024,DVF
Einville-au-Jard|54,1383,2024,DVF
Elbeuf,1364,2024,DVF
Elbeuf-sur-Andelle,1901,2024,DVF
Elbeuf-sur-Andelle|76,1901,2024,DVF
Elbeuf|76,1364,2024,DVF
Elliant,1946,2024,DVF
Elliant|29,1946,2024,DVF
Ellon,2122,2024,DVF
Ellon|14,2122,2024,DVF
Elne,2315,2024,DVF
Elnes,1667,2024,DVF
Elnes|62,1667,2024,DVF
Elne|66,2315,2024,DVF
Elven,2475,2024,DVF
Elven|56,2475,2024,DVF
Embreville,1441,2024,DVF
Embreville|80,1441,2024,DVF
Embrun,3336,2024,DVF
Embrun|05,3336,2024,DVF
Emmerin,2666,2024,DVF
Emmerin|59,2666,2024,DVF
Empurany,1021,2024,DVF
Empurany|07,1021,2024,DVF
Encausse,2211,2024,DVF
Encausse-les-Thermes,1212,2024,DVF
Encausse-les-Thermes|31,1212,2024,DVF
Encausse|32,2211,2024,DVF
Enchastrayes,2300,2024,DVF
Enchastrayes|04,2300,2024,DVF
Enghien-les-Bains,5193,2024,DVF
Enghien-les-Bains|95,5193,2024,DVF
Englefontaine,1400,2024,DVF
Englefontaine|59,1400,2024,DVF
Englos,3091,2024,DVF
Englos|59,3091,2024,DVF
Ennery,3766,2024,DVF
Ennery|95,3766,2024,DVF
Ennetières-en-Weppes,3745,2024,DVF
Ennetières-en-Weppes|59,3745,2024,DVF
Ennevelin,2674,2024,DVF
Ennevelin|59,2674,2024,DVF
Ennezat,2938,2024,DVF
Ennezat|63,2938,2024,DVF
Enquin-lez-Guinegatte,1154,2024,DVF
Enquin-lez-Guinegatte|62,1154,2024,DVF
Enquin-sur-Baillons,1918,2024,DVF
Enquin-sur-Baillons|62,1918,2024,DVF
Ensigné,869,2024,DVF
Ensigné|79,869,2024,DVF
Ensuès-la-Redonne,5266,2024,DVF
Ensuès-la-Redonne|13,5266,2024,DVF
Entraigues,2210,2024,DVF
Entraigues-sur-la-Sorgue,2807,2024,DVF
Entraigues-sur-la-Sorgue|84,2807,2024,DVF
Entraigues|63,2210,2024,DVF
Entrains-sur-Nohain,899,2024,DVF
Entrains-sur-Nohain|58,899,2024,DVF
Entrammes,2142,2024,DVF
Entrammes|53,2142,2024,DVF
Entraunes,1850,2024,DVF
Entraunes|06,1850,2024,DVF
Entraygues-sur-Truyère,1518,2024,DVF
Entraygues-sur-Truyère|12,1518,2024,DVF
Entre-Vignes,3117,2024,DVF
Entre-Vignes|34,3117,2024,DVF
Entre-deux-Eaux,1910,2024,DVF
Entre-deux-Eaux|88,1910,2024,DVF
Entre-deux-Guiers,1978,2024,DVF
Entre-deux-Guiers|38,1978,2024,DVF
Entrecasteaux,2840,2024,DVF
Entrecasteaux|83,2840,2024,DVF
Entrechaux,2851,2024,DVF
Entrechaux|84,2851,2024,DVF
Entrelacs,3738,2024,DVF
Entrelacs|73,3738,2024,DVF
Entremont-le-Vieux,2399,2024,DVF
Entremont-le-Vieux|73,2399,2024,DVF
Entrevaux,2162,2024,DVF
Entrevaux|04,2162,2024,DVF
Enval,2476,2024,DVF
Enval|63,2476,2024,DVF
Enveitg,3107,2024,DVF
Enveitg|66,3107,2024,DVF
Envermeu,1651,2024,DVF
Envermeu|76,1651,2024,DVF
Envronville,1460,2024,DVF
Envronville|76,1460,2024,DVF
Epagny Metz-Tessy,5164,2024,DVF
Epagny Metz-Tessy|74,5164,2024,DVF
Epiniac,1752,2024,DVF
Epiniac|35,1752,2024,DVF
Eppeville,1113,2024,DVF
Eppeville|80,1113,2024,DVF
Erbray,1636,2024,DVF
Erbray|44,1636,2024,DVF
Erbrée,2072,2024,DVF
Erbrée|35,2072,2024,DVF
Ercuis,2461,2024,DVF
Ercuis|60,2461,2024,DVF
Ercé,2292,2024,DVF
Ercé-en-Lamée,1854,2024,DVF
Ercé-en-Lamée|35,1854,2024,DVF
Ercé-près-Liffré,2469,2024,DVF
Ercé-près-Liffré|35,2469,2024,DVF
Ercé|09,2292,2024,DVF
Erdeven,4119,2024,DVF
Erdeven|56,4119,2024,DVF
Erdre-en-Anjou,1851,2024,DVF
Erdre-en-Anjou|49,1851,2024,DVF
Ergué-Gabéric,2216,2024,DVF
Ergué-Gabéric|29,2216,2024,DVF
Ermenonville,2926,2024,DVF
Ermenonville|60,2926,2024,DVF
Ermont,4003,2024,DVF
Ermont|95,4003,2024,DVF
Ernes,1833,2024,DVF
Ernes|14,1833,2024,DVF
Ernée,1314,2024,DVF
Ernée|53,1314,2024,DVF
Erquinghem-Lys,2263,2024,DVF
Erquinghem-Lys|59,2263,2024,DVF
Erquy,3893,2024,DVF
Erquy|22,3893,2024,DVF
Err,3180,2024,DVF
Erre,2238,2024,DVF
Erre|59,2238,2024,DVF
Errouville,2543,2024,DVF
Errouville|54,2543,2024,DVF
Err|66,3180,2024,DVF
Ervauville,1673,2024,DVF
Ervauville|45,1673,2024,DVF
Ervy-le-Châtel,1194,2024,DVF
Ervy-le-Châtel|10,1194,2024,DVF
Esbarres,1839,2024,DVF
Esbarres|21,1839,2024,DVF
Esbly,3577,2024,DVF
Esbly|77,3577,2024,DVF
Escales,1053,2024,DVF
Escales|11,1053,2024,DVF
Escalquens,3031,2024,DVF
Escalquens|31,3031,2024,DVF
Escamps,1257,2024,DVF
Escamps|89,1257,2024,DVF
Escaro,2285,2024,DVF
Escaro|66,2285,2024,DVF
Escassefort,1275,2024,DVF
Escassefort|47,1275,2024,DVF
Escatalens,1691,2024,DVF
Escatalens|82,1691,2024,DVF
Escaudain,1323,2024,DVF
Escaudain|59,1323,2024,DVF
Escaudœuvres,1249,2024,DVF
Escaudœuvres|59,1249,2024,DVF
Escautpont,1194,2024,DVF
Escautpont|59,1194,2024,DVF
Esches,2364,2024,DVF
Esches|60,2364,2024,DVF
Esclavelles,1733,2024,DVF
Esclavelles|76,1733,2024,DVF
Esclavolles-Lurey,1539,2024,DVF
Esclavolles-Lurey|51,1539,2024,DVF
Escoire,1393,2024,DVF
Escoire|24,1393,2024,DVF
Escornebœuf,1870,2024,DVF
Escornebœuf|32,1870,2024,DVF
Escoubès,1790,2024,DVF
Escoubès|64,1790,2024,DVF
Escource,3005,2024,DVF
Escource|40,3005,2024,DVF
Escoussens,1238,2024,DVF
Escoussens|81,1238,2024,DVF
Escoville,2431,2024,DVF
Escoville|14,2431,2024,DVF
Escragnolles,2774,2024,DVF
Escragnolles|06,2774,2024,DVF
Escrennes,1658,2024,DVF
Escrennes|45,1658,2024,DVF
Escurolles,1230,2024,DVF
Escurolles|03,1230,2024,DVF
Eslettes,2232,2024,DVF
Eslettes|76,2232,2024,DVF
Esmans,1957,2024,DVF
Esmans|77,1957,2024,DVF
Esmery-Hallon,1233,2024,DVF
Esmery-Hallon|80,1233,2024,DVF
Esnandes,2770,2024,DVF
Esnandes|17,2770,2024,DVF
Esnes,1335,2024,DVF
Esnes|59,1335,2024,DVF
Espalion,1481,2024,DVF
Espalion|12,1481,2024,DVF
Espaly-Saint-Marcel,1578,2024,DVF
Espaly-Saint-Marcel|43,1578,2024,DVF
Esparron-de-Pallières,3078,2024,DVF
Esparron-de-Pallières|83,3078,2024,DVF
Esparron-de-Verdon,3334,2024,DVF
Esparron-de-Verdon|04,3334,2024,DVF
Espelette,3904,2024,DVF
Espelette|64,3904,2024,DVF
Espeluche,2442,2024,DVF
Espeluche|26,2442,2024,DVF
Espeyrac,1132,2024,DVF
Espeyrac|12,1132,2024,DVF
Espinasse-Vozelle,1856,2024,DVF
Espinasse-Vozelle|03,1856,2024,DVF
Espinasses,2490,2024,DVF
Espinasses|05,2490,2024,DVF
Espira-de-l'Agly,2286,2024,DVF
Espira-de-l'Agly|66,2286,2024,DVF
Espirat,1801,2024,DVF
Espirat|63,1801,2024,DVF
Espoey,2163,2024,DVF
Espoey|64,2163,2024,DVF
Espondeilhan,2336,2024,DVF
Espondeilhan|34,2336,2024,DVF
Esprels,1419,2024,DVF
Esprels|70,1419,2024,DVF
Espère,1683,2024,DVF
Espère|46,1683,2024,DVF
Espédaillac,2535,2024,DVF
Espédaillac|46,2535,2024,DVF
Espéraza,1190,2024,DVF
Espéraza|11,1190,2024,DVF
Esquay-Notre-Dame,2189,2024,DVF
Esquay-Notre-Dame|14,2189,2024,DVF
Esquelbecq,1976,2024,DVF
Esquelbecq|59,1976,2024,DVF
Esquennoy,1282,2024,DVF
Esquennoy|60,1282,2024,DVF
Esquerchin,1789,2024,DVF
Esquerchin|59,1789,2024,DVF
Esquerdes,1451,2024,DVF
Esquerdes|62,1451,2024,DVF
Esquiule,1101,2024,DVF
Esquiule|64,1101,2024,DVF
Esquièze-Sère,3128,2024,DVF
Esquièze-Sère|65,3128,2024,DVF
Essars,1842,2024,DVF
Essars|62,1842,2024,DVF
Essarts-en-Bocage,2127,2024,DVF
Essarts-en-Bocage|85,2127,2024,DVF
Esse,1157,2024,DVF
Essegney,1430,2024,DVF
Essegney|88,1430,2024,DVF
Essert,1826,2024,DVF
Essertenne-et-Cecey,1038,2024,DVF
Essertenne-et-Cecey|70,1038,2024,DVF
Esserts-Blay,1839,2024,DVF
Esserts-Blay|73,1839,2024,DVF
Essert|90,1826,2024,DVF
Essey,1999,2024,DVF
Essey-et-Maizerais,985,2024,DVF
Essey-et-Maizerais|54,985,2024,DVF
Essey-lès-Nancy,2096,2024,DVF
Essey-lès-Nancy|54,2096,2024,DVF
Essey|21,1999,2024,DVF
Esse|16,1157,2024,DVF
Essigny-le-Grand,1592,2024,DVF
Essigny-le-Grand|02,1592,2024,DVF
Essigny-le-Petit,1241,2024,DVF
Essigny-le-Petit|02,1241,2024,DVF
Esson,1908,2024,DVF
Esson|14,1908,2024,DVF
Essouvert,1417,2024,DVF
Essouvert|17,1417,2024,DVF
Essoyes,989,2024,DVF
Essoyes|10,989,2024,DVF
Essuiles,2275,2024,DVF
Essuiles|60,2275,2024,DVF
Essé,1960,2024,DVF
Essé|35,1960,2024,DVF
Essômes-sur-Marne,1926,2024,DVF
Essômes-sur-Marne|02,1926,2024,DVF
Estadens,1419,2024,DVF
Estadens|31,1419,2024,DVF
Estagel,1587,2024,DVF
Estagel|66,1587,2024,DVF
Estaing,1723,2024,DVF
Estaing|12,1723,2024,DVF
Estaires,2059,2024,DVF
Estaires|59,2059,2024,DVF
Estandeuil,1187,2024,DVF
Estandeuil|63,1187,2024,DVF
Estang,1024,2024,DVF
Estang|32,1024,2024,DVF
Estavar,3155,2024,DVF
Estavar|66,3155,2024,DVF
Esternay,1512,2024,DVF
Esternay|51,1512,2024,DVF
Estevelles,1804,2024,DVF
Estevelles|62,1804,2024,DVF
Esteville,1996,2024,DVF
Esteville|76,1996,2024,DVF
Estibeaux,1002,2024,DVF
Estibeaux|40,1002,2024,DVF
Estillac,2267,2024,DVF
Estillac|47,2267,2024,DVF
Estissac,1229,2024,DVF
Estissac|10,1229,2024,DVF
Estivareilles,1129,2024,DVF
Estivareilles|03,1129,2024,DVF
Estivareilles|42,1695,2024,DVF
Estivaux,1305,2024,DVF
Estivaux|19,1305,2024,DVF
Estoher,958,2024,DVF
Estoher|66,958,2024,DVF
Estoublon,1651,2024,DVF
Estoublon|04,1651,2024,DVF
Estourmel,1540,2024,DVF
Estourmel|59,1540,2024,DVF
Estrablin,3378,2024,DVF
Estrablin|38,3378,2024,DVF
Estreux,1714,2024,DVF
Estreux|59,1714,2024,DVF
Estrée-Blanche,1439,2024,DVF
Estrée-Blanche|62,1439,2024,DVF
Estrées,1888,2024,DVF
Estrées-Mons,1149,2024,DVF
Estrées-Mons|80,1149,2024,DVF
Estrées-Saint-Denis,2062,2024,DVF
Estrées-Saint-Denis|60,2062,2024,DVF
Estrées|59,1888,2024,DVF
Estézargues,3661,2024,DVF
Estézargues|30,3661,2024,DVF
Esvres,2457,2024,DVF
Esvres|37,2457,2024,DVF
Eteaux,4001,2024,DVF
Eteaux|74,4001,2024,DVF
Etsaut,1756,2024,DVF
Etsaut|64,1756,2024,DVF
Eu,1966,2024,DVF
Eugénie-les-Bains,3207,2024,DVF
Eugénie-les-Bains|40,3207,2024,DVF
Eulmont,1818,2024,DVF
Eulmont|54,1818,2024,DVF
Eurre,2322,2024,DVF
Eurre|26,2322,2024,DVF
Eurville-Bienville,1237,2024,DVF
Eurville-Bienville|52,1237,2024,DVF
Euville,1167,2024,DVF
Euville|55,1167,2024,DVF
Eu|76,1966,2024,DVF
Everly,1701,2024,DVF
Everly|77,1701,2024,DVF
Excenevex,4199,2024,DVF
Excenevex|74,4199,2024,DVF
Excideuil,1708,2024,DVF
Excideuil|24,1708,2024,DVF
Exideuil-sur-Vienne,1416,2024,DVF
Exideuil-sur-Vienne|16,1416,2024,DVF
Exincourt,1616,2024,DVF
Exincourt|25,1616,2024,DVF
Exireuil,1339,2024,DVF
Exireuil|79,1339,2024,DVF
Exoudun,1165,2024,DVF
Exoudun|79,1165,2024,DVF
Eybens,2906,2024,DVF
Eybens|38,2906,2024,DVF
Eybouleuf,1528,2024,DVF
Eybouleuf|87,1528,2024,DVF
Eycheil,1487,2024,DVF
Eycheil|09,1487,2024,DVF
Eydoche,1869,2024,DVF
Eydoche|38,1869,2024,DVF
Eygalières,9100,2024,DVF
Eygalières|13,9100,2024,DVF
Eygliers,2854,2024,DVF
Eygliers|05,2854,2024,DVF
Eyguières,3941,2024,DVF
Eyguières|13,3941,2024,DVF
Eygurande,1576,2024,DVF
Eygurande|19,1576,2024,DVF
Eyjeaux,1535,2024,DVF
Eyjeaux|87,1535,2024,DVF
Eymet,1772,2024,DVF
Eymet|24,1772,2024,DVF
Eymeux,2236,2024,DVF
Eymeux|26,2236,2024,DVF
Eymoutiers,1178,2024,DVF
Eymoutiers|87,1178,2024,DVF
Eyne,3272,2024,DVF
Eyne|66,3272,2024,DVF
Eyragues,3736,2024,DVF
Eyragues|13,3736,2024,DVF
Eyrans,2095,2024,DVF
Eyrans|33,2095,2024,DVF
Eyraud-Crempse-Maurens,1530,2024,DVF
Eyraud-Crempse-Maurens|24,1530,2024,DVF
Eyrein,1248,2024,DVF
Eyrein|19,1248,2024,DVF
Eyres-Moncube,1742,2024,DVF
Eyres-Moncube|40,1742,2024,DVF
Eysines,3524,2024,DVF
Eysines|33,3524,2024,DVF
Eysus,1613,2024,DVF
Eysus|64,1613,2024,DVF
Eyzin-Pinet,2691,2024,DVF
Eyzin-Pinet|38,2691,2024,DVF
Fabas,1377,2024,DVF
Fabas|09,1377,2024,DVF
Fabrezan,1558,2024,DVF
Fabrezan|11,1558,2024,DVF
Fabrègues,3567,2024,DVF
Fabrègues|34,3567,2024,DVF
Faches-Thumesnil,2530,2024,DVF
Faches-Thumesnil|59,2530,2024,DVF
Fagnières,1830,2024,DVF
Fagnières|51,1830,2024,DVF
Fagnon,1741,2024,DVF
Fagnon|08,1741,2024,DVF
Fains-Véel,1482,2024,DVF
Fains-Véel|55,1482,2024,DVF
Falaise,1829,2024,DVF
Falaise|14,1829,2024,DVF
Falicon,6046,2024,DVF
Falicon|06,6046,2024,DVF
Falleron,2023,2024,DVF
Falleron|85,2023,2024,DVF
Falletans,1766,2024,DVF
Falletans|39,1766,2024,DVF
Famars,1799,2024,DVF
Famars|59,1799,2024,DVF
Fampoux,1947,2024,DVF
Fampoux|62,1947,2024,DVF
Fanjeaux,1241,2024,DVF
Fanjeaux|11,1241,2024,DVF
Faramans,1973,2024,DVF
Faramans|38,1973,2024,DVF
Farbus,1780,2024,DVF
Farbus|62,1780,2024,DVF
Fareins,2936,2024,DVF
Fareins|01,2936,2024,DVF
Faremoutiers,2600,2024,DVF
Faremoutiers|77,2600,2024,DVF
Farges,3862,2024,DVF
Farges-Allichamps,1418,2024,DVF
Farges-Allichamps|18,1418,2024,DVF
Farges-lès-Chalon,1821,2024,DVF
Farges-lès-Chalon|71,1821,2024,DVF
Farges-lès-Mâcon,1760,2024,DVF
Farges-lès-Mâcon|71,1760,2024,DVF
Farges|01,3862,2024,DVF
Fargues,2016,2024,DVF
Fargues-Saint-Hilaire,3213,2024,DVF
Fargues-Saint-Hilaire|33,3213,2024,DVF
Fargues|33,2016,2024,DVF
Farnay,3697,2024,DVF
Farnay|42,3697,2024,DVF
Fatines,1921,2024,DVF
Fatines|72,1921,2024,DVF
Fatouville-Grestain,2034,2024,DVF
Fatouville-Grestain|27,2034,2024,DVF
Fauch,1925,2024,DVF
Fauch|81,1925,2024,DVF
Faucigny,3585,2024,DVF
Faucigny|74,3585,2024,DVF
Faucogney-et-la-Mer,1596,2024,DVF
Faucogney-et-la-Mer|70,1596,2024,DVF
Fauguerolles,1542,2024,DVF
Fauguerolles|47,1542,2024,DVF
Faugères,1441,2024,DVF
Faugères|34,1441,2024,DVF
Fauillet,1200,2024,DVF
Fauillet|47,1200,2024,DVF
Faulx,2062,2024,DVF
Faulx|54,2062,2024,DVF
Faumont,2640,2024,DVF
Faumont|59,2640,2024,DVF
Fauquembergues,1043,2024,DVF
Fauquembergues|62,1043,2024,DVF
Fauverney,2932,2024,DVF
Fauverney|21,2932,2024,DVF
Faux-en-Périgord,1687,2024,DVF
Faux-en-Périgord|24,1687,2024,DVF
Faux-la-Montagne,2349,2024,DVF
Faux-la-Montagne|23,2349,2024,DVF
Favars,1674,2024,DVF
Favars|19,1674,2024,DVF
Faverelles,1374,2024,DVF
Faverelles|45,1374,2024,DVF
Faverges-Seythenex,3306,2024,DVF
Faverges-Seythenex|74,3306,2024,DVF
Faverges-de-la-Tour,2354,2024,DVF
Faverges-de-la-Tour|38,2354,2024,DVF
Faverney,933,2024,DVF
Faverney|70,933,2024,DVF
Faverolles,2681,2024,DVF
Faverolles-sur-Cher,1675,2024,DVF
Faverolles-sur-Cher|41,1675,2024,DVF
Faverolles|28,2681,2024,DVF
Favières,1740,2024,DVF
Favières|28,1740,2024,DVF
Favières|54,1080,2024,DVF
Favières|77,3709,2024,DVF
Favières|80,2409,2024,DVF
Fay,1730,2024,DVF
Fay-aux-Loges,1881,2024,DVF
Fay-aux-Loges|45,1881,2024,DVF
Fay-de-Bretagne,2342,2024,DVF
Fay-de-Bretagne|44,2342,2024,DVF
Fay-sur-Lignon,1183,2024,DVF
Fay-sur-Lignon|43,1183,2024,DVF
Faycelles,2268,2024,DVF
Faycelles|46,2268,2024,DVF
Faye-l'Abbesse,1169,2024,DVF
Faye-l'Abbesse|79,1169,2024,DVF
Fayence,4024,2024,DVF
Fayence|83,4024,2024,DVF
Fayet,1601,2024,DVF
Fayet-Ronaye,885,2024,DVF
Fayet-Ronaye|63,885,2024,DVF
Fayet-le-Château,1374,2024,DVF
Fayet-le-Château|63,1374,2024,DVF
Fayet|02,1601,2024,DVF
Fayet|12,1229,2024,DVF
Fayl-Billot,942,2024,DVF
Fayl-Billot|52,942,2024,DVF
Faymoreau,840,2024,DVF
Faymoreau|85,840,2024,DVF
Fay|72,1730,2024,DVF
Faÿ-lès-Nemours,1866,2024,DVF
Faÿ-lès-Nemours|77,1866,2024,DVF
Feignies,1265,2024,DVF
Feignies|59,1265,2024,DVF
Feigères,5611,2024,DVF
Feigères|74,5611,2024,DVF
Feillens,2106,2024,DVF
Feillens|01,2106,2024,DVF
Felleries,1032,2024,DVF
Felleries|59,1032,2024,DVF
Felletin,1005,2024,DVF
Felletin|23,1005,2024,DVF
Fenain,1617,2024,DVF
Fenain|59,1617,2024,DVF
Fendeille,1880,2024,DVF
Fendeille|11,1880,2024,DVF
Feneu,2217,2024,DVF
Feneu|49,2217,2024,DVF
Fenioux,1010,2024,DVF
Fenioux|79,1010,2024,DVF
Fenouillet,2472,2024,DVF
Fenouillet|31,2472,2024,DVF
Fercé,1193,2024,DVF
Fercé-sur-Sarthe,1405,2024,DVF
Fercé-sur-Sarthe|72,1405,2024,DVF
Fercé|44,1193,2024,DVF
Ferdrupt,1211,2024,DVF
Ferdrupt|88,1211,2024,DVF
Ferfay,873,2024,DVF
Ferfay|62,873,2024,DVF
Fermanville,2412,2024,DVF
Fermanville|50,2412,2024,DVF
Ferney-Voltaire,4829,2024,DVF
Ferney-Voltaire|01,4829,2024,DVF
Ferques,1967,2024,DVF
Ferques|62,1967,2024,DVF
Ferrals-les-Corbières,1510,2024,DVF
Ferrals-les-Corbières|11,1510,2024,DVF
Ferreux-Quincey,1270,2024,DVF
Ferreux-Quincey|10,1270,2024,DVF
Ferrière-Larçon,1160,2024,DVF
Ferrière-Larçon|37,1160,2024,DVF
Ferrière-la-Grande,1546,2024,DVF
Ferrière-la-Grande|59,1546,2024,DVF
Ferrière-la-Petite,1154,2024,DVF
Ferrière-la-Petite|59,1154,2024,DVF
Ferrière-sur-Beaulieu,2432,2024,DVF
Ferrière-sur-Beaulieu|37,2432,2024,DVF
Ferrières,2799,2024,DVF
Ferrières-Haut-Clocher,1897,2024,DVF
Ferrières-Haut-Clocher|27,1897,2024,DVF
Ferrières-en-Bray,1974,2024,DVF
Ferrières-en-Bray|76,1974,2024,DVF
Ferrières-en-Brie,4397,2024,DVF
Ferrières-en-Brie|77,4397,2024,DVF
Ferrières-en-Gâtinais,1895,2024,DVF
Ferrières-en-Gâtinais|45,1895,2024,DVF
Ferrières-sur-Ariège,1784,2024,DVF
Ferrières-sur-Ariège|09,1784,2024,DVF
Ferrières-sur-Sichon,938,2024,DVF
Ferrières-sur-Sichon|03,938,2024,DVF
Ferrières|17,2799,2024,DVF
Fesches-le-Châtel,1686,2024,DVF
Fesches-le-Châtel|25,1686,2024,DVF
Fesmy-le-Sart,1208,2024,DVF
Fesmy-le-Sart|02,1208,2024,DVF
Fessy,3655,2024,DVF
Fessy|74,3655,2024,DVF
Festieux,1216,2024,DVF
Festieux|02,1216,2024,DVF
Festigny,4097,2024,DVF
Festigny|51,4097,2024,DVF
Festubert,1873,2024,DVF
Festubert|62,1873,2024,DVF
Feucherolles,4531,2024,DVF
Feucherolles|78,4531,2024,DVF
Feuchy,1924,2024,DVF
Feuchy|62,1924,2024,DVF
Feugarolles,1280,2024,DVF
Feugarolles|47,1280,2024,DVF
Feuguerolles-Bully,2495,2024,DVF
Feuguerolles-Bully|14,2495,2024,DVF
Feuquières,1240,2024,DVF
Feuquières-en-Vimeu,1458,2024,DVF
Feuquières-en-Vimeu|80,1458,2024,DVF
Feuquières|60,1240,2024,DVF
Feurs,2061,2024,DVF
Feurs|42,2061,2024,DVF
Feux,1349,2024,DVF
Feux|18,1349,2024,DVF
Feytiat,2084,2024,DVF
Feytiat|87,2084,2024,DVF
Feyzin,3121,2024,DVF
Feyzin|69,3121,2024,DVF
Fiac,2036,2024,DVF
Fiac|81,2036,2024,DVF
Fieffes-Montrelet,1306,2024,DVF
Fieffes-Montrelet|80,1306,2024,DVF
Fiennes,1365,2024,DVF
Fiennes|62,1365,2024,DVF
Fienvillers,1284,2024,DVF
Fienvillers|80,1284,2024,DVF
Fierville-les-Mines,2881,2024,DVF
Fierville-les-Mines|50,2881,2024,DVF
Figanières,3231,2024,DVF
Figanières|83,3231,2024,DVF
Figari,4837,2024,DVF
Figari|2A,4837,2024,DVF
Figeac,1741,2024,DVF
Figeac|46,1741,2024,DVF
Fillinges,4090,2024,DVF
Fillinges|74,4090,2024,DVF
Fillière,4840,2024,DVF
Fillière|74,4840,2024,DVF
Fillols,2219,2024,DVF
Fillols|66,2219,2024,DVF
Fillé,1864,2024,DVF
Fillé|72,1864,2024,DVF
Finestret,1542,2024,DVF
Finestret|66,1542,2024,DVF
Finhan,1772,2024,DVF
Finhan|82,1772,2024,DVF
Fiquefleur-Équainville,2760,2024,DVF
Fiquefleur-Équainville|27,2760,2024,DVF
Firmi,1417,2024,DVF
Firminy,1342,2024,DVF
Firminy|42,1342,2024,DVF
Firmi|12,1417,2024,DVF
Fismes,1915,2024,DVF
Fismes|51,1915,2024,DVF
Fitou,2275,2024,DVF
Fitou|11,2275,2024,DVF
Fitz-James,2132,2024,DVF
Fitz-James|60,2132,2024,DVF
Flacey-en-Bresse,1471,2024,DVF
Flacey-en-Bresse|71,1471,2024,DVF
Flagnac,1662,2024,DVF
Flagnac|12,1662,2024,DVF
Flagy,1999,2024,DVF
Flagy|77,1999,2024,DVF
Flamanville,2108,2024,DVF
Flamanville|50,2108,2024,DVF
Flancourt-Crescy-en-Roumois,1862,2024,DVF
Flancourt-Crescy-en-Roumois|27,1862,2024,DVF
Flangebouche,2222,2024,DVF
Flangebouche|25,2222,2024,DVF
Flassan,3153,2024,DVF
Flassans-sur-Issole,3175,2024,DVF
Flassans-sur-Issole|83,3175,2024,DVF
Flassan|84,3153,2024,DVF
Flaujagues,1755,2024,DVF
Flaujagues|33,1755,2024,DVF
Flaumont-Waudrechies,1519,2024,DVF
Flaumont-Waudrechies|59,1519,2024,DVF
Flaux,3048,2024,DVF
Flaux|30,3048,2024,DVF
Flavacourt,2299,2024,DVF
Flavacourt|60,2299,2024,DVF
Flaviac,2228,2024,DVF
Flaviac|07,2228,2024,DVF
Flavignac,1239,2024,DVF
Flavignac|87,1239,2024,DVF
Flavigny-sur-Moselle,2283,2024,DVF
Flavigny-sur-Moselle|54,2283,2024,DVF
Flavigny-sur-Ozerain,2008,2024,DVF
Flavigny-sur-Ozerain|21,2008,2024,DVF
Flavin,1819,2024,DVF
Flavin|12,1819,2024,DVF
Flavy-le-Martel,1306,2024,DVF
Flavy-le-Martel|02,1306,2024,DVF
Flayosc,3393,2024,DVF
Flayosc|83,3393,2024,DVF
Flers,1275,2024,DVF
Flers-en-Escrebieux,1563,2024,DVF
Flers-en-Escrebieux|59,1563,2024,DVF
Flers|61,1275,2024,DVF
Flesselles,2115,2024,DVF
Flesselles|80,2115,2024,DVF
Fleurac,3041,2024,DVF
Fleurac|24,3041,2024,DVF
Fleurance,1465,2024,DVF
Fleurance|32,1465,2024,DVF
Fleurat,1048,2024,DVF
Fleurat|23,1048,2024,DVF
Fleurbaix,2573,2024,DVF
Fleurbaix|62,2573,2024,DVF
Fleurey-lès-Faverney,1026,2024,DVF
Fleurey-lès-Faverney|70,1026,2024,DVF
Fleurey-sur-Ouche,2100,2024,DVF
Fleurey-sur-Ouche|21,2100,2024,DVF
Fleurie,2967,2024,DVF
Fleuriel,1422,2024,DVF
Fleuriel|03,1422,2024,DVF
Fleurieu-sur-Saône,4887,2024,DVF
Fleurieu-sur-Saône|69,4887,2024,DVF
Fleurieux-sur-l'Arbresle,3596,2024,DVF
Fleurieux-sur-l'Arbresle|69,3596,2024,DVF
Fleurie|69,2967,2024,DVF
Fleurines,2790,2024,DVF
Fleurines|60,2790,2024,DVF
Fleury,3522,2024,DVF
Fleury-Mérogis,2860,2024,DVF
Fleury-Mérogis|91,2860,2024,DVF
Fleury-en-Bière,4029,2024,DVF
Fleury-en-Bière|77,4029,2024,DVF
Fleury-la-Forêt,2421,2024,DVF
Fleury-la-Forêt|27,2421,2024,DVF
Fleury-la-Montagne,1483,2024,DVF
Fleury-la-Montagne|71,1483,2024,DVF
Fleury-la-Vallée,1539,2024,DVF
Fleury-la-Vallée|89,1539,2024,DVF
Fleury-les-Aubrais,2088,2024,DVF
Fleury-les-Aubrais|45,2088,2024,DVF
Fleury-sur-Andelle,1600,2024,DVF
Fleury-sur-Andelle|27,1600,2024,DVF
Fleury-sur-Orne,3082,2024,DVF
Fleury-sur-Orne|14,3082,2024,DVF
Fleury|11,3522,2024,DVF
Fleury|50,1666,2024,DVF
Fleury|60,2877,2024,DVF
Fleuré,1782,2024,DVF
Fleuré|86,1782,2024,DVF
Flin,896,2024,DVF
Flines-lez-Raches,1958,2024,DVF
Flines-lez-Raches|59,1958,2024,DVF
Flines-lès-Mortagne,1493,2024,DVF
Flines-lès-Mortagne|59,1493,2024,DVF
Flins-sur-Seine,3064,2024,DVF
Flins-sur-Seine|78,3064,2024,DVF
Flin|54,896,2024,DVF
Flipou,1393,2024,DVF
Flipou|27,1393,2024,DVF
Flixecourt,1321,2024,DVF
Flixecourt|80,1321,2024,DVF
Flize,1286,2024,DVF
Flize|08,1286,2024,DVF
Flogny-la-Chapelle,1215,2024,DVF
Flogny-la-Chapelle|89,1215,2024,DVF
Floing,1446,2024,DVF
Floing|08,1446,2024,DVF
Floirac,3337,2024,DVF
Floirac|17,1801,2024,DVF
Floirac|33,3337,2024,DVF
Floirac|46,1595,2024,DVF
Florac Trois Rivières,1575,2024,DVF
Florac Trois Rivières|48,1575,2024,DVF
Florensac,2640,2024,DVF
Florensac|34,2640,2024,DVF
Floringhem,1110,2024,DVF
Floringhem|62,1110,2024,DVF
Florémont,1306,2024,DVF
Florémont|88,1306,2024,DVF
Flourens,3300,2024,DVF
Flourens|31,3300,2024,DVF
Floyon,1163,2024,DVF
Floyon|59,1163,2024,DVF
Flumet,3961,2024,DVF
Flumet|73,3961,2024,DVF
Fléac,1796,2024,DVF
Fléac|16,1796,2024,DVF
Flée,1208,2024,DVF
Flée|72,1208,2024,DVF
Fléré-la-Rivière,1111,2024,DVF
Fléré-la-Rivière|36,1111,2024,DVF
Fléville-Lixières,1617,2024,DVF
Fléville-Lixières|54,1617,2024,DVF
Fléville-devant-Nancy,2275,2024,DVF
Fléville-devant-Nancy|54,2275,2024,DVF
Flêtre,2172,2024,DVF
Flêtre|59,2172,2024,DVF
Foissiat,1932,2024,DVF
Foissiat|01,1932,2024,DVF
Foissy-sur-Vanne,1561,2024,DVF
Foissy-sur-Vanne|89,1561,2024,DVF
Foix,1610,2024,DVF
Foix|09,1610,2024,DVF
Folembray,1276,2024,DVF
Folembray|02,1276,2024,DVF
Follainville-Dennemont,2480,2024,DVF
Follainville-Dennemont|78,2480,2024,DVF
Folles,1396,2024,DVF
Folles|87,1396,2024,DVF
Folligny,1747,2024,DVF
Folligny|50,1747,2024,DVF
Fonbeauzard,2667,2024,DVF
Fonbeauzard|31,2667,2024,DVF
Fonches-Fonchette,1354,2024,DVF
Fonches-Fonchette|80,1354,2024,DVF
Foncine-le-Haut,3157,2024,DVF
Foncine-le-Haut|39,3157,2024,DVF
Foncquevillers,966,2024,DVF
Foncquevillers|62,966,2024,DVF
Fondamente,1065,2024,DVF
Fondamente|12,1065,2024,DVF
Fondettes,2895,2024,DVF
Fondettes|37,2895,2024,DVF
Fongrave,1515,2024,DVF
Fongrave|47,1515,2024,DVF
Fonroque,1129,2024,DVF
Fonroque|24,1129,2024,DVF
Fons,2677,2024,DVF
Fonsomme,719,2024,DVF
Fonsomme|02,719,2024,DVF
Fonsorbes,2679,2024,DVF
Fonsorbes|31,2679,2024,DVF
Fons|30,2677,2024,DVF
Fons|46,2337,2024,DVF
Font-Romeu-Odeillo-Via,3104,2024,DVF
Font-Romeu-Odeillo-Via|66,3104,2024,DVF
Fontain,2284,2024,DVF
Fontaine,2140,2024,DVF
Fontaine-Bellenger,2258,2024,DVF
Fontaine-Bellenger|27,2258,2024,DVF
Fontaine-Bonneleau,4058,2024,DVF
Fontaine-Bonneleau|60,4058,2024,DVF
Fontaine-Fourches,1695,2024,DVF
Fontaine-Fourches|77,1695,2024,DVF
Fontaine-Française,1895,2024,DVF
Fontaine-Française|21,1895,2024,DVF
Fontaine-Mâcon,2921,2024,DVF
Fontaine-Mâcon|10,2921,2024,DVF
Fontaine-Notre-Dame,1604,2024,DVF
Fontaine-Notre-Dame|59,1604,2024,DVF
Fontaine-Raoul,1326,2024,DVF
Fontaine-Raoul|41,1326,2024,DVF
Fontaine-Simon,1395,2024,DVF
Fontaine-Simon|28,1395,2024,DVF
Fontaine-au-Pire,1535,2024,DVF
Fontaine-au-Pire|59,1535,2024,DVF
Fontaine-l'Abbé,2068,2024,DVF
Fontaine-l'Abbé|27,2068,2024,DVF
Fontaine-la-Gaillarde,1678,2024,DVF
Fontaine-la-Gaillarde|89,1678,2024,DVF
Fontaine-la-Guyon,1922,2024,DVF
Fontaine-la-Guyon|28,1922,2024,DVF
Fontaine-la-Mallet,2936,2024,DVF
Fontaine-la-Mallet|76,2936,2024,DVF
Fontaine-le-Bourg,2377,2024,DVF
Fontaine-le-Bourg|76,2377,2024,DVF
Fontaine-le-Comte,2222,2024,DVF
Fontaine-le-Comte|86,2222,2024,DVF
Fontaine-le-Dun,1929,2024,DVF
Fontaine-le-Dun|76,1929,2024,DVF
Fontaine-le-Port,2856,2024,DVF
Fontaine-le-Port|77,2856,2024,DVF
Fontaine-les-Coteaux,2189,2024,DVF
Fontaine-les-Coteaux|41,2189,2024,DVF
Fontaine-les-Grès,1773,2024,DVF
Fontaine-les-Grès|10,1773,2024,DVF
Fontaine-lès-Dijon,2970,2024,DVF
Fontaine-lès-Dijon|21,2970,2024,DVF
Fontaine-lès-Luxeuil,1118,2024,DVF
Fontaine-lès-Luxeuil|70,1118,2024,DVF
Fontaine-sous-Jouy,2277,2024,DVF
Fontaine-sous-Jouy|27,2277,2024,DVF
Fontaine-sous-Préaux,2205,2024,DVF
Fontaine-sous-Préaux|76,2205,2024,DVF
Fontaine-sur-Somme,1106,2024,DVF
Fontaine-sur-Somme|80,1106,2024,DVF
Fontaine-Étoupefour,2486,2024,DVF
Fontaine-Étoupefour|14,2486,2024,DVF
Fontainebleau,4990,2024,DVF
Fontainebleau|77,4990,2024,DVF
Fontaines,2322,2024,DVF
Fontaines-Saint-Martin,3723,2024,DVF
Fontaines-Saint-Martin|69,3723,2024,DVF
Fontaines-sur-Saône,3645,2024,DVF
Fontaines-sur-Saône|69,3645,2024,DVF
Fontaines|71,2322,2024,DVF
Fontaine|38,2140,2024,DVF
Fontaine|90,1911,2024,DVF
Fontain|25,2284,2024,DVF
Fontan,713,2024,DVF
Fontanes,1836,2024,DVF
Fontanes|46,1836,2024,DVF
Fontanil-Cornillon,3148,2024,DVF
Fontanil-Cornillon|38,3148,2024,DVF
Fontannes,1259,2024,DVF
Fontannes|43,1259,2024,DVF
Fontans,1531,2024,DVF
Fontans|48,1531,2024,DVF
Fontan|06,713,2024,DVF
Fontanès,2198,2024,DVF
Fontanès|30,2198,2024,DVF
Fontanès|34,2788,2024,DVF
Fontcouverte,1992,2024,DVF
Fontcouverte-la-Toussuire,3644,2024,DVF
Fontcouverte-la-Toussuire|73,3644,2024,DVF
Fontcouverte|17,1992,2024,DVF
Fontenailles,2142,2024,DVF
Fontenailles|77,2142,2024,DVF
Fontenay,2308,2024,DVF
Fontenay-Saint-Père,2445,2024,DVF
Fontenay-Saint-Père|78,2445,2024,DVF
Fontenay-Trésigny,2944,2024,DVF
Fontenay-Trésigny|77,2944,2024,DVF
Fontenay-aux-Roses,4818,2024,DVF
Fontenay-aux-Roses|92,4818,2024,DVF
Fontenay-en-Parisis,3172,2024,DVF
Fontenay-en-Parisis|95,3172,2024,DVF
Fontenay-le-Comte,1655,2024,DVF
Fontenay-le-Comte|85,1655,2024,DVF
Fontenay-le-Fleury,3601,2024,DVF
Fontenay-le-Fleury|78,3601,2024,DVF
Fontenay-le-Marmion,2157,2024,DVF
Fontenay-le-Marmion|14,2157,2024,DVF
Fontenay-le-Pesnel,2353,2024,DVF
Fontenay-le-Pesnel|14,2353,2024,DVF
Fontenay-le-Vicomte,3085,2024,DVF
Fontenay-le-Vicomte|91,3085,2024,DVF
Fontenay-lès-Briis,3172,2024,DVF
Fontenay-lès-Briis|91,3172,2024,DVF
Fontenay-sous-Bois,6008,2024,DVF
Fontenay-sous-Bois|94,6008,2024,DVF
Fontenay-sur-Eure,1579,2024,DVF
Fontenay-sur-Eure|28,1579,2024,DVF
Fontenay-sur-Loing,1347,2024,DVF
Fontenay-sur-Loing|45,1347,2024,DVF
Fontenay|76,2308,2024,DVF
Fontenay|88,1619,2024,DVF
Fontenet,1392,2024,DVF
Fontenet|17,1392,2024,DVF
Fontenille-Saint-Martin-d'Entraigues,1142,2024,DVF
Fontenille-Saint-Martin-d'Entraigues|79,1142,2024,DVF
Fontenilles,2513,2024,DVF
Fontenilles|31,2513,2024,DVF
Fontenoy,1466,2024,DVF
Fontenoy-le-Château,763,2024,DVF
Fontenoy-le-Château|88,763,2024,DVF
Fontenoy-sur-Moselle,2255,2024,DVF
Fontenoy-sur-Moselle|54,2255,2024,DVF
Fontenoy|02,1466,2024,DVF
Fontenoy|89,882,2024,DVF
Fontet,1441,2024,DVF
Fontet|33,1441,2024,DVF
Fontevraud-l'Abbaye,1630,2024,DVF
Fontevraud-l'Abbaye|49,1630,2024,DVF
Fontivillié,1459,2024,DVF
Fontivillié|79,1459,2024,DVF
Fontrieu,1454,2024,DVF
Fontrieu|81,1454,2024,DVF
Fontvannes,1602,2024,DVF
Fontvannes|10,1602,2024,DVF
Fontvieille,4029,2024,DVF
Fontvieille|13,4029,2024,DVF
Fontès,2104,2024,DVF
Fontès|34,2104,2024,DVF
Forcalqueiret,3567,2024,DVF
Forcalqueiret|83,3567,2024,DVF
Forcalquier,3009,2024,DVF
Forcalquier|04,3009,2024,DVF
Forcé,1828,2024,DVF
Forcé|53,1828,2024,DVF
Forest-l'Abbaye,1376,2024,DVF
Forest-l'Abbaye|80,1376,2024,DVF
Forest-sur-Marque,2963,2024,DVF
Forest-sur-Marque|59,2963,2024,DVF
Foreste,1266,2024,DVF
Foreste|02,1266,2024,DVF
Forges,1971,2024,DVF
Forges de Lanouée,1558,2024,DVF
Forges de Lanouée|56,1558,2024,DVF
Forges-la-Forêt,1242,2024,DVF
Forges-la-Forêt|35,1242,2024,DVF
Forges-les-Bains,3042,2024,DVF
Forges-les-Bains|91,3042,2024,DVF
Forges-les-Eaux,1697,2024,DVF
Forges-les-Eaux|76,1697,2024,DVF
Forges|17,1971,2024,DVF
Forges|77,2273,2024,DVF
Formentin,3253,2024,DVF
Formentin|14,3253,2024,DVF
Formerie,1476,2024,DVF
Formerie|60,1476,2024,DVF
Formigny La Bataille,2565,2024,DVF
Formigny La Bataille|14,2565,2024,DVF
Formiguères,2918,2024,DVF
Formiguères|66,2918,2024,DVF
Fors,1624,2024,DVF
Fors|79,1624,2024,DVF
Fort-Mahon-Plage,4024,2024,DVF
Fort-Mahon-Plage|80,4024,2024,DVF
Fort-du-Plasne,2270,2024,DVF
Fort-du-Plasne|39,2270,2024,DVF
Fos,1458,2024,DVF
Fos-sur-Mer,3101,2024,DVF
Fos-sur-Mer|13,3101,2024,DVF
Fossemagne,1688,2024,DVF
Fossemagne|24,1688,2024,DVF
Fosses,3265,2024,DVF
Fosses|95,3265,2024,DVF
Fossé,1728,2024,DVF
Fossé|41,1728,2024,DVF
Fos|31,1458,2024,DVF
Foucherans,1774,2024,DVF
Foucherans|39,1774,2024,DVF
Foucherolles,1348,2024,DVF
Foucherolles|45,1348,2024,DVF
Fouchères,1985,2024,DVF
Fouchères|10,1985,2024,DVF
Fouchères|89,1513,2024,DVF
Fouesnant,3717,2024,DVF
Fouesnant|29,3717,2024,DVF
Foug,1440,2024,DVF
Fougaron,1808,2024,DVF
Fougaron|31,1808,2024,DVF
Fougax-et-Barrineuf,1255,2024,DVF
Fougax-et-Barrineuf|09,1255,2024,DVF
Fougerolles,1313,2024,DVF
Fougerolles-Saint-Valbert,1224,2024,DVF
Fougerolles-Saint-Valbert|70,1224,2024,DVF
Fougerolles-du-Plessis,1262,2024,DVF
Fougerolles-du-Plessis|53,1262,2024,DVF
Fougerolles|36,1313,2024,DVF
Fougeré,1809,2024,DVF
Fougeré|85,1809,2024,DVF
Foug|54,1440,2024,DVF
Fougères,1853,2024,DVF
Fougères|35,1853,2024,DVF
Fouilloy,1676,2024,DVF
Fouilloy|80,1676,2024,DVF
Fouju,2925,2024,DVF
Fouju|77,2925,2024,DVF
Foulayronnes,2056,2024,DVF
Foulayronnes|47,2056,2024,DVF
Foulbec,2155,2024,DVF
Foulbec|27,2155,2024,DVF
Fouquebrune,1708,2024,DVF
Fouquebrune|16,1708,2024,DVF
Fouquereuil,1900,2024,DVF
Fouquereuil|62,1900,2024,DVF
Fouqueure,1080,2024,DVF
Fouqueure|16,1080,2024,DVF
Fouquières-lès-Béthune,1914,2024,DVF
Fouquières-lès-Béthune|62,1914,2024,DVF
Fouquières-lès-Lens,1417,2024,DVF
Fouquières-lès-Lens|62,1417,2024,DVF
Four,2719,2024,DVF
Fouras,4030,2024,DVF
Fouras|17,4030,2024,DVF
Fourchambault,1028,2024,DVF
Fourchambault|58,1028,2024,DVF
Fourdrain,1081,2024,DVF
Fourdrain|02,1081,2024,DVF
Fourmies,1158,2024,DVF
Fourmies|59,1158,2024,DVF
Fournaudin,1248,2024,DVF
Fournaudin|89,1248,2024,DVF
Fournes-en-Weppes,2719,2024,DVF
Fournes-en-Weppes|59,2719,2024,DVF
Fournols,1218,2024,DVF
Fournols|63,1218,2024,DVF
Fournès,3325,2024,DVF
Fournès|30,3325,2024,DVF
Fourques,2377,2024,DVF
Fourques-sur-Garonne,1459,2024,DVF
Fourques-sur-Garonne|47,1459,2024,DVF
Fourques|30,2695,2024,DVF
Fourques|66,2377,2024,DVF
Fourquevaux,2792,2024,DVF
Fourquevaux|31,2792,2024,DVF
Four|38,2719,2024,DVF
Foussais-Payré,1206,2024,DVF
Foussais-Payré|85,1206,2024,DVF
Foussemagne,1527,2024,DVF
Foussemagne|90,1527,2024,DVF
Foussignac,1766,2024,DVF
Foussignac|16,1766,2024,DVF
Fox-Amphoux,2931,2024,DVF
Fox-Amphoux|83,2931,2024,DVF
Foëcy,1278,2024,DVF
Foëcy|18,1278,2024,DVF
Frahier-et-Chatebier,2127,2024,DVF
Frahier-et-Chatebier|70,2127,2024,DVF
Fraisans,1653,2024,DVF
Fraisans|39,1653,2024,DVF
Fraisses,1960,2024,DVF
Fraisses|42,1960,2024,DVF
Fraize,1541,2024,DVF
Fraize|88,1541,2024,DVF
Frambouhans,2527,2024,DVF
Frambouhans|25,2527,2024,DVF
Framerville-Rainecourt,1161,2024,DVF
Framerville-Rainecourt|80,1161,2024,DVF
Francastel,1625,2024,DVF
Francastel|60,1625,2024,DVF
Francescas,1435,2024,DVF
Francescas|47,1435,2024,DVF
Francheleins,3151,2024,DVF
Francheleins|01,3151,2024,DVF
Franchesse,1193,2024,DVF
Franchesse|03,1193,2024,DVF
Francheval,1388,2024,DVF
Francheval|08,1388,2024,DVF
Francheville,3926,2024,DVF
Francheville|69,3926,2024,DVF
Franconville,3297,2024,DVF
Franconville|95,3297,2024,DVF
Francourville,1786,2024,DVF
Francourville|28,1786,2024,DVF
Francueil,1618,2024,DVF
Francueil|37,1618,2024,DVF
Frangy,3171,2024,DVF
Frangy-en-Bresse,1033,2024,DVF
Frangy-en-Bresse|71,1033,2024,DVF
Frangy|74,3171,2024,DVF
Franois,2374,2024,DVF
Franois|25,2374,2024,DVF
Franqueville-Saint-Pierre,3142,2024,DVF
Franqueville-Saint-Pierre|76,3142,2024,DVF
Frans,3188,2024,DVF
Frans|01,3188,2024,DVF
François,1913,2024,DVF
François|79,1913,2024,DVF
Frasne,2294,2024,DVF
Frasne|25,2294,2024,DVF
Frazé,1687,2024,DVF
Frazé|28,1687,2024,DVF
Frelinghien,2896,2024,DVF
Frelinghien|59,2896,2024,DVF
Frenelles-en-Vexin,1800,2024,DVF
Frenelles-en-Vexin|27,1800,2024,DVF
Freneuse,2318,2024,DVF
Freneuse-sur-Risle,1872,2024,DVF
Freneuse-sur-Risle|27,1872,2024,DVF
Freneuse|76,1903,2024,DVF
Freneuse|78,2318,2024,DVF
Fresnay-l'Évêque,1663,2024,DVF
Fresnay-l'Évêque|28,1663,2024,DVF
Fresnay-sur-Sarthe,1230,2024,DVF
Fresnay-sur-Sarthe|72,1230,2024,DVF
Fresne-Léguillon,1834,2024,DVF
Fresne-Léguillon|60,1834,2024,DVF
Fresnes,3493,2024,DVF
Fresnes-en-Tardenois,1139,2024,DVF
Fresnes-en-Tardenois|02,1139,2024,DVF
Fresnes-en-Woëvre,1417,2024,DVF
Fresnes-en-Woëvre|55,1417,2024,DVF
Fresnes-lès-Montauban,1590,2024,DVF
Fresnes-lès-Montauban|62,1590,2024,DVF
Fresnes-sur-Escaut,1222,2024,DVF
Fresnes-sur-Escaut|59,1222,2024,DVF
Fresnes-sur-Marne,3265,2024,DVF
Fresnes-sur-Marne|77,3265,2024,DVF
Fresnes|41,1809,2024,DVF
Fresnes|94,3493,2024,DVF
Fresney,1862,2024,DVF
Fresney|27,1862,2024,DVF
Fresnicourt-le-Dolmen,1442,2024,DVF
Fresnicourt-le-Dolmen|62,1442,2024,DVF
Fresnois-la-Montagne,2152,2024,DVF
Fresnois-la-Montagne|54,2152,2024,DVF
Fresnoy-Folny,1661,2024,DVF
Fresnoy-Folny|76,1661,2024,DVF
Fresnoy-en-Thelle,2749,2024,DVF
Fresnoy-en-Thelle|60,2749,2024,DVF
Fresnoy-la-Rivière,2285,2024,DVF
Fresnoy-la-Rivière|60,2285,2024,DVF
Fresnoy-le-Grand,1051,2024,DVF
Fresnoy-le-Grand|02,1051,2024,DVF
Fresnoy-le-Luat,2197,2024,DVF
Fresnoy-le-Luat|60,2197,2024,DVF
Fresné-la-Mère,1598,2024,DVF
Fresné-la-Mère|14,1598,2024,DVF
Fresquiennes,1828,2024,DVF
Fresquiennes|76,1828,2024,DVF
Fressain,1746,2024,DVF
Fressain|59,1746,2024,DVF
Fresse,1389,2024,DVF
Fresse-sur-Moselle,1304,2024,DVF
Fresse-sur-Moselle|88,1304,2024,DVF
Fresselines,1159,2024,DVF
Fresselines|23,1159,2024,DVF
Fressenneville,1574,2024,DVF
Fressenneville|80,1574,2024,DVF
Fresse|70,1389,2024,DVF
Fressin,1463,2024,DVF
Fressines,1858,2024,DVF
Fressines|79,1858,2024,DVF
Fressin|62,1463,2024,DVF
Fretigney-et-Velloreille,1040,2024,DVF
Fretigney-et-Velloreille|70,1040,2024,DVF
Fretin,2772,2024,DVF
Fretin|59,2772,2024,DVF
Friaize,1474,2024,DVF
Friaize|28,1474,2024,DVF
Friaucourt,1331,2024,DVF
Friaucourt|80,1331,2024,DVF
Frignicourt,1260,2024,DVF
Frignicourt|51,1260,2024,DVF
Frise,1221,2024,DVF
Frise|80,1221,2024,DVF
Friville-Escarbotin,1595,2024,DVF
Friville-Escarbotin|80,1595,2024,DVF
Frières-Faillouël,1728,2024,DVF
Frières-Faillouël|02,1728,2024,DVF
Froberville,1966,2024,DVF
Froberville|76,1966,2024,DVF
Frocourt,2294,2024,DVF
Frocourt|60,2294,2024,DVF
Froges,3250,2024,DVF
Froges|38,3250,2024,DVF
Froideconche,1441,2024,DVF
Froideconche|70,1441,2024,DVF
Froidfond,2086,2024,DVF
Froidfond|85,2086,2024,DVF
Frolois,1756,2024,DVF
Frolois|54,1756,2024,DVF
Fromelennes,1688,2024,DVF
Fromelennes|08,1688,2024,DVF
Fromelles,3461,2024,DVF
Fromelles|59,3461,2024,DVF
Fromentières,1317,2024,DVF
Fromentières|53,1317,2024,DVF
Froncles,1147,2024,DVF
Froncles|52,1147,2024,DVF
Fronsac,2190,2024,DVF
Fronsac|31,1312,2024,DVF
Fronsac|33,2190,2024,DVF
Frontenac,1720,2024,DVF
Frontenac|46,1720,2024,DVF
Frontenas,3305,2024,DVF
Frontenas|69,3305,2024,DVF
Frontenaud,1874,2024,DVF
Frontenaud|71,1874,2024,DVF
Frontenay-Rohan-Rohan,1651,2024,DVF
Frontenay-Rohan-Rohan|79,1651,2024,DVF
Frontenex,2856,2024,DVF
Frontenex|73,2856,2024,DVF
Frontignan,3623,2024,DVF
Frontignan|34,3623,2024,DVF
Fronton,2297,2024,DVF
Frontonas,2861,2024,DVF
Frontonas|38,2861,2024,DVF
Fronton|31,2297,2024,DVF
Frossay,2432,2024,DVF
Frossay|44,2432,2024,DVF
Frotey-lès-Vesoul,1530,2024,DVF
Frotey-lès-Vesoul|70,1530,2024,DVF
Frouard,1689,2024,DVF
Frouard|54,1689,2024,DVF
Frouzins,2761,2024,DVF
Frouzins|31,2761,2024,DVF
Frozes,1936,2024,DVF
Frozes|86,1936,2024,DVF
Frugerès-les-Mines,1274,2024,DVF
Frugerès-les-Mines|43,1274,2024,DVF
Fruges,1369,2024,DVF
Fruges|62,1369,2024,DVF
Frugières-le-Pin,1515,2024,DVF
Frugières-le-Pin|43,1515,2024,DVF
Fréhel,3599,2024,DVF
Fréhel|22,3599,2024,DVF
Fréjairolles,2228,2024,DVF
Fréjairolles|81,2228,2024,DVF
Fréjus,4419,2024,DVF
Fréjus|83,4419,2024,DVF
Frémainville,3551,2024,DVF
Frémainville|95,3551,2024,DVF
Frénouville,2512,2024,DVF
Frénouville|14,2512,2024,DVF
Frépillon,3304,2024,DVF
Frépillon|95,3304,2024,DVF
Fréteval,1350,2024,DVF
Fréteval|41,1350,2024,DVF
Fréthun,1762,2024,DVF
Fréthun|62,1762,2024,DVF
Frévent,971,2024,DVF
Frévent|62,971,2024,DVF
Fublaines,3017,2024,DVF
Fublaines|77,3017,2024,DVF
Fultot,2194,2024,DVF
Fultot|76,2194,2024,DVF
Fumay,966,2024,DVF
Fumay|08,966,2024,DVF
Fumel,1329,2024,DVF
Fumel|47,1329,2024,DVF
Fumichon,4454,2024,DVF
Fumichon|14,4454,2024,DVF
Furiani,3243,2024,DVF
Furiani|2B,3243,2024,DVF
Fursac,1169,2024,DVF
Fursac|23,1169,2024,DVF
Fussy,1653,2024,DVF
Fussy|18,1653,2024,DVF
Fuveau,5181,2024,DVF
Fuveau|13,5181,2024,DVF
Fyé,1301,2024,DVF
Fyé|72,1301,2024,DVF
Fère-Champenoise,1289,2024,DVF
Fère-Champenoise|51,1289,2024,DVF
Fère-en-Tardenois,1191,2024,DVF
Fère-en-Tardenois|02,1191,2024,DVF
Fécamp,2121,2024,DVF
Fécamp|76,2121,2024,DVF
Féchain,1124,2024,DVF
Féchain|59,1124,2024,DVF
Fégréac,1534,2024,DVF
Fégréac|44,1534,2024,DVF
Félines,1797,2024,DVF
Félines-Minervois,1279,2024,DVF
Félines-Minervois|34,1279,2024,DVF
Félines|07,1797,2024,DVF
Félines|43,1204,2024,DVF
Fénay,3143,2024,DVF
Fénay|21,3143,2024,DVF
Fénery,1255,2024,DVF
Fénery|79,1255,2024,DVF
Férel,2453,2024,DVF
Férel|56,2453,2024,DVF
Férin,1800,2024,DVF
Férin|59,1800,2024,DVF
Férolles,1814,2024,DVF
Férolles|45,1814,2024,DVF
Féternes,3614,2024,DVF
Féternes|74,3614,2024,DVF
Gabarret,1146,2024,DVF
Gabarret|40,1146,2024,DVF
Gabaston,2115,2024,DVF
Gabaston|64,2115,2024,DVF
Gabian,1970,2024,DVF
Gabian|34,1970,2024,DVF
Gabriac,1661,2024,DVF
Gabriac|12,1661,2024,DVF
Gacé,1098,2024,DVF
Gacé|61,1098,2024,DVF
Gadencourt,2169,2024,DVF
Gadencourt|27,2169,2024,DVF
Gageac-et-Rouillac,1512,2024,DVF
Gageac-et-Rouillac|24,1512,2024,DVF
Gagnac-sur-Cère,1453,2024,DVF
Gagnac-sur-Cère|46,1453,2024,DVF
Gagnac-sur-Garonne,2888,2024,DVF
Gagnac-sur-Garonne|31,2888,2024,DVF
Gagnières,1830,2024,DVF
Gagnières|30,1830,2024,DVF
Gagny,3548,2024,DVF
Gagny|93,3548,2024,DVF
Gahard,2293,2024,DVF
Gahard|35,2293,2024,DVF
Gaillac,2023,2024,DVF
Gaillac-Toulza,1844,2024,DVF
Gaillac-Toulza|31,1844,2024,DVF
Gaillac-d'Aveyron,1780,2024,DVF
Gaillac-d'Aveyron|12,1780,2024,DVF
Gaillac|81,2023,2024,DVF
Gaillan-en-Médoc,2515,2024,DVF
Gaillan-en-Médoc|33,2515,2024,DVF
Gaillard,3765,2024,DVF
Gaillard|74,3765,2024,DVF
Gaillefontaine,1353,2024,DVF
Gaillefontaine|76,1353,2024,DVF
Gaillon,1838,2024,DVF
Gaillon-sur-Montcient,2810,2024,DVF
Gaillon-sur-Montcient|78,2810,2024,DVF
Gaillon|27,1838,2024,DVF
Gaillères,2283,2024,DVF
Gaillères|40,2283,2024,DVF
Gainneville,2347,2024,DVF
Gainneville|76,2347,2024,DVF
Gajan,1471,2024,DVF
Gajan|09,1471,2024,DVF
Galgon,2300,2024,DVF
Galgon|33,2300,2024,DVF
Gallardon,1964,2024,DVF
Gallardon|28,1964,2024,DVF
Gallargues-le-Montueux,2774,2024,DVF
Gallargues-le-Montueux|30,2774,2024,DVF
Galluis,3588,2024,DVF
Galluis|78,3588,2024,DVF
Gamaches,1464,2024,DVF
Gamaches|80,1464,2024,DVF
Gamarde-les-Bains,2061,2024,DVF
Gamarde-les-Bains|40,2061,2024,DVF
Gambais,3368,2024,DVF
Gambais|78,3368,2024,DVF
Gan,2058,2024,DVF
Ganac,1722,2024,DVF
Ganac|09,1722,2024,DVF
Gandelu,1430,2024,DVF
Gandelu|02,1430,2024,DVF
Ganges,1815,2024,DVF
Ganges|34,1815,2024,DVF
Gannat,1313,2024,DVF
Gannat|03,1313,2024,DVF
Gannay-sur-Loire,582,2024,DVF
Gannay-sur-Loire|03,582,2024,DVF
Gan|64,2058,2024,DVF
Gap,2531,2024,DVF
Gap|05,2531,2024,DVF
Garancières,3229,2024,DVF
Garancières|78,3229,2024,DVF
Garat,1679,2024,DVF
Garat|16,1679,2024,DVF
Garches,6303,2024,DVF
Garches|92,6303,2024,DVF
Garchizy,1108,2024,DVF
Garchizy|58,1108,2024,DVF
Garchy,1197,2024,DVF
Garchy|58,1197,2024,DVF
Gardanne,3736,2024,DVF
Gardanne|13,3736,2024,DVF
Garde-Colombe,2055,2024,DVF
Garde-Colombe|05,2055,2024,DVF
Gardonne,1487,2024,DVF
Gardonne|24,1487,2024,DVF
Gardouch,2388,2024,DVF
Gardouch|31,2388,2024,DVF
Gardères,1814,2024,DVF
Gardères|65,1814,2024,DVF
Garein,1289,2024,DVF
Garein|40,1289,2024,DVF
Garennes-sur-Eure,2049,2024,DVF
Garennes-sur-Eure|27,2049,2024,DVF
Garganvillar,1630,2024,DVF
Garganvillar|82,1630,2024,DVF
Gargas,2738,2024,DVF
Gargas|84,2738,2024,DVF
Gargenville,3040,2024,DVF
Gargenville|78,3040,2024,DVF
Garges-lès-Gonesse,2598,2024,DVF
Garges-lès-Gonesse|95,2598,2024,DVF
Gargilesse-Dampierre,993,2024,DVF
Gargilesse-Dampierre|36,993,2024,DVF
Garidech,2678,2024,DVF
Garidech|31,2678,2024,DVF
Garlan,2166,2024,DVF
Garlan|29,2166,2024,DVF
Garlin,1321,2024,DVF
Garlin|64,1321,2024,DVF
Garnay,1973,2024,DVF
Garnay|28,1973,2024,DVF
Garons,2544,2024,DVF
Garons|30,2544,2024,DVF
Garos,1820,2024,DVF
Garos|64,1820,2024,DVF
Garrigues-Sainte-Eulalie,3369,2024,DVF
Garrigues-Sainte-Eulalie|30,3369,2024,DVF
Garéoult,3365,2024,DVF
Garéoult|83,3365,2024,DVF
Gas,2659,2024,DVF
Gasny,2256,2024,DVF
Gasny|27,2256,2024,DVF
Gassin,8761,2024,DVF
Gassin|83,8761,2024,DVF
Gastes,3700,2024,DVF
Gastes|40,3700,2024,DVF
Gastins,2212,2024,DVF
Gastins|77,2212,2024,DVF
Gasville-Oisème,1980,2024,DVF
Gasville-Oisème|28,1980,2024,DVF
Gas|28,2659,2024,DVF
Gatey,1565,2024,DVF
Gatey|39,1565,2024,DVF
Gathemo,1226,2024,DVF
Gathemo|50,1226,2024,DVF
Gatteville-le-Phare,2894,2024,DVF
Gatteville-le-Phare|50,2894,2024,DVF
Gattières,4404,2024,DVF
Gattières|06,4404,2024,DVF
Gauchin-Verloingt,1485,2024,DVF
Gauchin-Verloingt|62,1485,2024,DVF
Gauchy,1342,2024,DVF
Gauchy|02,1342,2024,DVF
Gauciel,2301,2024,DVF
Gauciel|27,2301,2024,DVF
Gaudechart,1570,2024,DVF
Gaudechart|60,1570,2024,DVF
Gaujac,2412,2024,DVF
Gaujac|30,2412,2024,DVF
Gauriac,2105,2024,DVF
Gauriac|33,2105,2024,DVF
Gauriaguet,2357,2024,DVF
Gauriaguet|33,2357,2024,DVF
Gausson,1337,2024,DVF
Gausson|22,1337,2024,DVF
Gavarnie-Gèdre,3095,2024,DVF
Gavarnie-Gèdre|65,3095,2024,DVF
Gavray-sur-Sienne,1498,2024,DVF
Gavray-sur-Sienne|50,1498,2024,DVF
Gavrelle,2002,2024,DVF
Gavrelle|62,2002,2024,DVF
Gaye,1586,2024,DVF
Gaye|51,1586,2024,DVF
Gazeran,3278,2024,DVF
Gazeran|78,3278,2024,DVF
Gaël,1335,2024,DVF
Gaël|35,1335,2024,DVF
Geaune,1669,2024,DVF
Geaune|40,1669,2024,DVF
Geay,1699,2024,DVF
Geay|17,1699,2024,DVF
Geay|79,963,2024,DVF
Geffosses,1886,2024,DVF
Geffosses|50,1886,2024,DVF
Gellainville,2832,2024,DVF
Gellainville|28,2832,2024,DVF
Gelos,2136,2024,DVF
Gelos|64,2136,2024,DVF
Gemeaux,2178,2024,DVF
Gemeaux|21,2178,2024,DVF
Genac-Bignac,1029,2024,DVF
Genac-Bignac|16,1029,2024,DVF
Genainville,2318,2024,DVF
Genainville|95,2318,2024,DVF
Genas,4537,2024,DVF
Genas|69,4537,2024,DVF
Genay,3623,2024,DVF
Genay|21,1189,2024,DVF
Genay|69,3623,2024,DVF
Genech,2648,2024,DVF
Genech|59,2648,2024,DVF
Genestelle,2146,2024,DVF
Genestelle|07,2146,2024,DVF
Geneston,2485,2024,DVF
Geneston|44,2485,2024,DVF
Geneuille,2395,2024,DVF
Geneuille|25,2395,2024,DVF
Genevreuille,754,2024,DVF
Genevreuille|70,754,2024,DVF
Genilac,2707,2024,DVF
Genilac|42,2707,2024,DVF
Genillé,1602,2024,DVF
Genillé|37,1602,2024,DVF
Genlis,1902,2024,DVF
Genlis|21,1902,2024,DVF
Gennes-Longuefuye,1969,2024,DVF
Gennes-Longuefuye|53,1969,2024,DVF
Gennes-Val-de-Loire,1978,2024,DVF
Gennes-Val-de-Loire|49,1978,2024,DVF
Gennes-sur-Seiche,1406,2024,DVF
Gennes-sur-Seiche|35,1406,2024,DVF
Genneville,3443,2024,DVF
Genneville|14,3443,2024,DVF
Gennevilliers,4504,2024,DVF
Gennevilliers|92,4504,2024,DVF
Genouillac,1177,2024,DVF
Genouillac|23,1177,2024,DVF
Genouilly,1118,2024,DVF
Genouilly|18,1118,2024,DVF
Genouilly|71,1206,2024,DVF
Genouillé,1697,2024,DVF
Genouillé|17,1697,2024,DVF
Genouillé|86,1251,2024,DVF
Gensac,1186,2024,DVF
Gensac-la-Pallue,1735,2024,DVF
Gensac-la-Pallue|16,1735,2024,DVF
Gensac|33,1186,2024,DVF
Gentelles,1872,2024,DVF
Gentelles|80,1872,2024,DVF
Gentilly,6088,2024,DVF
Gentilly|94,6088,2024,DVF
Gentioux-Pigerolles,1238,2024,DVF
Gentioux-Pigerolles|23,1238,2024,DVF
Genté,1306,2024,DVF
Genté|16,1306,2024,DVF
Gençay,1352,2024,DVF
Gençay|86,1352,2024,DVF
Ger,1141,2024,DVF
Gerbépal,2741,2024,DVF
Gerbépal|88,2741,2024,DVF
Gerbéviller,1135,2024,DVF
Gerbéviller|54,1135,2024,DVF
Gerde,2103,2024,DVF
Gerde|65,2103,2024,DVF
Gergy,1675,2024,DVF
Gergy|71,1675,2024,DVF
Germ,2697,2024,DVF
Germagny,1225,2024,DVF
Germagny|71,1225,2024,DVF
Germainville,2089,2024,DVF
Germainville|28,2089,2024,DVF
Germigny-des-Prés,2324,2024,DVF
Germigny-des-Prés|45,2324,2024,DVF
Germigny-l'Évêque,2869,2024,DVF
Germigny-l'Évêque|77,2869,2024,DVF
Germigny-sur-Loire,1637,2024,DVF
Germigny-sur-Loire|58,1637,2024,DVF
Germond-Rouvre,1819,2024,DVF
Germond-Rouvre|79,1819,2024,DVF
Germ|65,2697,2024,DVF
Gerponville,2081,2024,DVF
Gerponville|76,2081,2024,DVF
Gervans,1957,2024,DVF
Gervans|26,1957,2024,DVF
Gerville,2449,2024,DVF
Gerville|76,2449,2024,DVF
Gerzat,2109,2024,DVF
Gerzat|63,2109,2024,DVF
Ger|50,1141,2024,DVF
Ger|64,1953,2024,DVF
Gesnes-le-Gandelin,1612,2024,DVF
Gesnes-le-Gandelin|72,1612,2024,DVF
Gespunsart,1206,2024,DVF
Gespunsart|08,1206,2024,DVF
Gestel,2674,2024,DVF
Gestel|56,2674,2024,DVF
Gesvres,941,2024,DVF
Gesvres|53,941,2024,DVF
Geville,1081,2024,DVF
Geville|55,1081,2024,DVF
Gevingey,1660,2024,DVF
Gevingey|39,1660,2024,DVF
Gevrey-Chambertin,2676,2024,DVF
Gevrey-Chambertin|21,2676,2024,DVF
Gevry,1663,2024,DVF
Gevry|39,1663,2024,DVF
Gex,4533,2024,DVF
Gex|01,4533,2024,DVF
Geyssans,2757,2024,DVF
Geyssans|26,2757,2024,DVF
Ghisonaccia,3280,2024,DVF
Ghisonaccia|2B,3280,2024,DVF
Ghyvelde,2279,2024,DVF
Ghyvelde|59,2279,2024,DVF
Giat,668,2024,DVF
Giat|63,668,2024,DVF
Giberville,2567,2024,DVF
Giberville|14,2567,2024,DVF
Gibles,1382,2024,DVF
Gibles|71,1382,2024,DVF
Gidy,2203,2024,DVF
Gidy|45,2203,2024,DVF
Gien,1272,2024,DVF
Gien|45,1272,2024,DVF
Giez,2721,2024,DVF
Giez|74,2721,2024,DVF
Gif-sur-Yvette,4050,2024,DVF
Gif-sur-Yvette|91,4050,2024,DVF
Giffaumont-Champaubert,3185,2024,DVF
Giffaumont-Champaubert|51,3185,2024,DVF
Gigean,3132,2024,DVF
Gigean|34,3132,2024,DVF
Gignac,2814,2024,DVF
Gignac-la-Nerthe,3677,2024,DVF
Gignac-la-Nerthe|13,3677,2024,DVF
Gignac|34,2814,2024,DVF
Gignac|46,1559,2024,DVF
Gigny-sur-Saône,1429,2024,DVF
Gigny-sur-Saône|71,1429,2024,DVF
Gigondas,3911,2024,DVF
Gigondas|84,3911,2024,DVF
Gilette,3338,2024,DVF
Gilette|06,3338,2024,DVF
Gilhoc-sur-Ormèze,2537,2024,DVF
Gilhoc-sur-Ormèze|07,2537,2024,DVF
Gilles,2666,2024,DVF
Gilles|28,2666,2024,DVF
Gilley,2749,2024,DVF
Gilley|25,2749,2024,DVF
Gillonnay,2405,2024,DVF
Gillonnay|38,2405,2024,DVF
Gilly-lès-Cîteaux,2964,2024,DVF
Gilly-lès-Cîteaux|21,2964,2024,DVF
Gilly-sur-Isère,3248,2024,DVF
Gilly-sur-Isère|73,3248,2024,DVF
Gilly-sur-Loire,1154,2024,DVF
Gilly-sur-Loire|71,1154,2024,DVF
Gimeux,1906,2024,DVF
Gimeux|16,1906,2024,DVF
Gimont,2005,2024,DVF
Gimont|32,2005,2024,DVF
Ginasservis,2795,2024,DVF
Ginasservis|83,2795,2024,DVF
Ginestas,2418,2024,DVF
Ginestas|11,2418,2024,DVF
Ginestet,1910,2024,DVF
Ginestet|24,1910,2024,DVF
Gioux,630,2024,DVF
Gioux|23,630,2024,DVF
Gipcy,1265,2024,DVF
Gipcy|03,1265,2024,DVF
Girancourt,1337,2024,DVF
Girancourt|88,1337,2024,DVF
Giraumont,1548,2024,DVF
Giraumont|54,1548,2024,DVF
Girmont-Val-d'Ajol,1817,2024,DVF
Girmont-Val-d'Ajol|88,1817,2024,DVF
Giromagny,1235,2024,DVF
Giromagny|90,1235,2024,DVF
Gironcourt-sur-Vraine,1067,2024,DVF
Gironcourt-sur-Vraine|88,1067,2024,DVF
Gironde-sur-Dropt,1611,2024,DVF
Gironde-sur-Dropt|33,1611,2024,DVF
Gironville-sur-Essonne,2098,2024,DVF
Gironville-sur-Essonne|91,2098,2024,DVF
Giroussens,2769,2024,DVF
Giroussens|81,2769,2024,DVF
Giry,870,2024,DVF
Giry|58,870,2024,DVF
Gisors,2529,2024,DVF
Gisors|27,2529,2024,DVF
Gissey-sur-Ouche,1731,2024,DVF
Gissey-sur-Ouche|21,1731,2024,DVF
Gisy-les-Nobles,1655,2024,DVF
Gisy-les-Nobles|89,1655,2024,DVF
Givenchy-en-Gohelle,1860,2024,DVF
Givenchy-en-Gohelle|62,1860,2024,DVF
Givenchy-lès-la-Bassée,1528,2024,DVF
Givenchy-lès-la-Bassée|62,1528,2024,DVF
Giverny,3531,2024,DVF
Giverny|27,3531,2024,DVF
Giverville,2271,2024,DVF
Giverville|27,2271,2024,DVF
Givet,1353,2024,DVF
Givet|08,1353,2024,DVF
Givonne,1453,2024,DVF
Givonne|08,1453,2024,DVF
Givors,2128,2024,DVF
Givors|69,2128,2024,DVF
Givrand,3317,2024,DVF
Givrand|85,3317,2024,DVF
Givry,2265,2024,DVF
Givry|08,1053,2024,DVF
Givry|71,2265,2024,DVF
Gizeux,1267,2024,DVF
Gizeux|37,1267,2024,DVF
Gizy,1341,2024,DVF
Gizy|02,1341,2024,DVF
Gières,3372,2024,DVF
Gières|38,3372,2024,DVF
Gièvres,1178,2024,DVF
Gièvres|41,1178,2024,DVF
Glageon,1165,2024,DVF
Glageon|59,1165,2024,DVF
Glaine-Montaigut,1524,2024,DVF
Glaine-Montaigut|63,1524,2024,DVF
Glanges,1458,2024,DVF
Glanges|87,1458,2024,DVF
Glanon,1571,2024,DVF
Glanon|21,1571,2024,DVF
Glay,1696,2024,DVF
Glay|25,1696,2024,DVF
Gleizé,2521,2024,DVF
Gleizé|69,2521,2024,DVF
Glisolles,2094,2024,DVF
Glisolles|27,2094,2024,DVF
Glières-Val-de-Borne,4123,2024,DVF
Glières-Val-de-Borne|74,4123,2024,DVF
Glomel,1367,2024,DVF
Glomel|22,1367,2024,DVF
Glonville,722,2024,DVF
Glonville|54,722,2024,DVF
Glos,1617,2024,DVF
Glos|14,1617,2024,DVF
Glère,1353,2024,DVF
Glère|25,1353,2024,DVF
Glénay,877,2024,DVF
Glénay|79,877,2024,DVF
Glénic,1071,2024,DVF
Glénic|23,1071,2024,DVF
Goderville,2254,2024,DVF
Goderville|76,2254,2024,DVF
Godewaersvelde,2007,2024,DVF
Godewaersvelde|59,2007,2024,DVF
Gognies-Chaussée,1433,2024,DVF
Gognies-Chaussée|59,1433,2024,DVF
Goincourt,1964,2024,DVF
Goincourt|60,1964,2024,DVF
Golancourt,1671,2024,DVF
Golancourt|60,1671,2024,DVF
Golbey,1624,2024,DVF
Golbey|88,1624,2024,DVF
Golfech,1474,2024,DVF
Golfech|82,1474,2024,DVF
Gomené,1200,2024,DVF
Gomené|22,1200,2024,DVF
Gometz-la-Ville,4088,2024,DVF
Gometz-la-Ville|91,4088,2024,DVF
Gometz-le-Châtel,3967,2024,DVF
Gometz-le-Châtel|91,3967,2024,DVF
Gommegnies,1589,2024,DVF
Gommegnies|59,1589,2024,DVF
Gommerville,1667,2024,DVF
Gommerville|28,1667,2024,DVF
Gommerville|76,2033,2024,DVF
Goncelin,2672,2024,DVF
Goncelin|38,2672,2024,DVF
Gond-Pontouvre,1517,2024,DVF
Gond-Pontouvre|16,1517,2024,DVF
Gondecourt,2425,2024,DVF
Gondecourt|59,2425,2024,DVF
Gondrecourt-le-Château,603,2024,DVF
Gondrecourt-le-Château|55,603,2024,DVF
Gondreville,2034,2024,DVF
Gondreville|54,2034,2024,DVF
Gondrin,1838,2024,DVF
Gondrin|32,1838,2024,DVF
Gonesse,3142,2024,DVF
Gonesse|95,3142,2024,DVF
Gonfaron,2666,2024,DVF
Gonfaron|83,2666,2024,DVF
Gonfreville-Caillot,2276,2024,DVF
Gonfreville-Caillot|76,2276,2024,DVF
Gonfreville-l'Orcher,2315,2024,DVF
Gonfreville-l'Orcher|76,2315,2024,DVF
Gonnehem,1987,2024,DVF
Gonnehem|62,1987,2024,DVF
Gonneville-Le Theil,2184,2024,DVF
Gonneville-Le Theil|50,2184,2024,DVF
Gonneville-en-Auge,3646,2024,DVF
Gonneville-en-Auge|14,3646,2024,DVF
Gonneville-la-Mallet,2362,2024,DVF
Gonneville-la-Mallet|76,2362,2024,DVF
Gonneville-sur-Honfleur,3211,2024,DVF
Gonneville-sur-Honfleur|14,3211,2024,DVF
Gonneville-sur-Mer,4297,2024,DVF
Gonneville-sur-Mer|14,4297,2024,DVF
Gonneville-sur-Scie,1478,2024,DVF
Gonneville-sur-Scie|76,1478,2024,DVF
Gonsans,1615,2024,DVF
Gonsans|25,1615,2024,DVF
Gontaud-de-Nogaret,1351,2024,DVF
Gontaud-de-Nogaret|47,1351,2024,DVF
Goos,2245,2024,DVF
Goos|40,2245,2024,DVF
Gorbio,4854,2024,DVF
Gorbio|06,4854,2024,DVF
Gorcy,2666,2024,DVF
Gorcy|54,2666,2024,DVF
Gordes,7186,2024,DVF
Gordes|84,7186,2024,DVF
Gorges,2532,2024,DVF
Gorges du Tarn Causses,1910,2024,DVF
Gorges du Tarn Causses|48,1910,2024,DVF
Gorges|44,2532,2024,DVF
Gorrevod,2292,2024,DVF
Gorrevod|01,2292,2024,DVF
Gorron,1049,2024,DVF
Gorron|53,1049,2024,DVF
Gosnay,1405,2024,DVF
Gosnay|62,1405,2024,DVF
Gosné,1980,2024,DVF
Gosné|35,1980,2024,DVF
Gotein-Libarrenx,1166,2024,DVF
Gotein-Libarrenx|64,1166,2024,DVF
Gouaix,1254,2024,DVF
Gouaix|77,1254,2024,DVF
Goualade,1406,2024,DVF
Goualade|33,1406,2024,DVF
Gouarec,978,2024,DVF
Gouarec|22,978,2024,DVF
Gouaux-de-Larboust,2169,2024,DVF
Gouaux-de-Larboust|31,2169,2024,DVF
Goudargues,2586,2024,DVF
Goudargues|30,2586,2024,DVF
Goudelin,1723,2024,DVF
Goudelin|22,1723,2024,DVF
Goudourville,1709,2024,DVF
Goudourville|82,1709,2024,DVF
Gouesnach,2706,2024,DVF
Gouesnach|29,2706,2024,DVF
Gouesnou,2517,2024,DVF
Gouesnou|29,2517,2024,DVF
Gouex,1044,2024,DVF
Gouex|86,1044,2024,DVF
Gouffern en Auge,1564,2024,DVF
Gouffern en Auge|61,1564,2024,DVF
Gouillons,1933,2024,DVF
Gouillons|28,1933,2024,DVF
Goujounac,2002,2024,DVF
Goujounac|46,2002,2024,DVF
Goulien,2247,2024,DVF
Goulien|29,2247,2024,DVF
Goult,3504,2024,DVF
Goult|84,3504,2024,DVF
Goulven,2451,2024,DVF
Goulven|29,2451,2024,DVF
Goupil-Othon,1515,2024,DVF
Goupil-Othon|27,1515,2024,DVF
Gourbera,2549,2024,DVF
Gourbera|40,2549,2024,DVF
Gourdan-Polignan,1128,2024,DVF
Gourdan-Polignan|31,1128,2024,DVF
Gourdon,1512,2024,DVF
Gourdon-Murat,963,2024,DVF
Gourdon-Murat|19,963,2024,DVF
Gourdon|46,1512,2024,DVF
Gourdon|71,1672,2024,DVF
Gourgé,1310,2024,DVF
Gourgé|79,1310,2024,DVF
Gourhel,2260,2024,DVF
Gourhel|56,2260,2024,DVF
Gourin,1321,2024,DVF
Gourin|56,1321,2024,DVF
Gourlizon,1968,2024,DVF
Gourlizon|29,1968,2024,DVF
Gournay,1018,2024,DVF
Gournay-en-Bray,1510,2024,DVF
Gournay-en-Bray|76,1510,2024,DVF
Gournay-sur-Aronde,1849,2024,DVF
Gournay-sur-Aronde|60,1849,2024,DVF
Gournay-sur-Marne,4319,2024,DVF
Gournay-sur-Marne|93,4319,2024,DVF
Gournay|36,1018,2024,DVF
Gours,2125,2024,DVF
Gours|33,2125,2024,DVF
Goussainville,3483,2024,DVF
Goussainville|28,2211,2024,DVF
Goussainville|95,3483,2024,DVF
Goussonville,3268,2024,DVF
Goussonville|78,3268,2024,DVF
Goustranville,2087,2024,DVF
Goustranville|14,2087,2024,DVF
Gout-Rossignol,1608,2024,DVF
Gout-Rossignol|24,1608,2024,DVF
Gouvernes,3822,2024,DVF
Gouvernes|77,3822,2024,DVF
Gouvieux,3635,2024,DVF
Gouvieux|60,3635,2024,DVF
Gouville-sur-Mer,2459,2024,DVF
Gouville-sur-Mer|50,2459,2024,DVF
Gouvix,2305,2024,DVF
Gouvix|14,2305,2024,DVF
Gouy,2070,2024,DVF
Gouy-sous-Bellonne,1883,2024,DVF
Gouy-sous-Bellonne|62,1883,2024,DVF
Gouy|02,935,2024,DVF
Gouy|76,2070,2024,DVF
Gouzeaucourt,1260,2024,DVF
Gouzeaucourt|59,1260,2024,DVF
Gouzon,954,2024,DVF
Gouzon|23,954,2024,DVF
Gouézec,1490,2024,DVF
Gouézec|29,1490,2024,DVF
Goven,2393,2024,DVF
Goven|35,2393,2024,DVF
Goviller,907,2024,DVF
Goviller|54,907,2024,DVF
Goyrans,2923,2024,DVF
Goyrans|31,2923,2024,DVF
Goès,1818,2024,DVF
Goès|64,1818,2024,DVF
Grabels,3662,2024,DVF
Grabels|34,3662,2024,DVF
Gradignan,3736,2024,DVF
Gradignan|33,3736,2024,DVF
Gragnague,3236,2024,DVF
Gragnague|31,3236,2024,DVF
Graignes-Mesnil-Angot,1241,2024,DVF
Graignes-Mesnil-Angot|50,1241,2024,DVF
Graimbouville,2198,2024,DVF
Graimbouville|76,2198,2024,DVF
Graincourt-lès-Havrincourt,1373,2024,DVF
Graincourt-lès-Havrincourt|62,1373,2024,DVF
Grainville-Langannerie,2045,2024,DVF
Grainville-Langannerie|14,2045,2024,DVF
Grainville-la-Teinturière,2168,2024,DVF
Grainville-la-Teinturière|76,2168,2024,DVF
Grainville-sur-Odon,2438,2024,DVF
Grainville-sur-Odon|14,2438,2024,DVF
Grainville-sur-Ry,1935,2024,DVF
Grainville-sur-Ry|76,1935,2024,DVF
Graissessac,953,2024,DVF
Graissessac|34,953,2024,DVF
Gramat,1555,2024,DVF
Gramat|46,1555,2024,DVF
Grambois,3636,2024,DVF
Grambois|84,3636,2024,DVF
Grand Bourgtheroulde,2178,2024,DVF
Grand Bourgtheroulde|27,2178,2024,DVF
Grand'Combe-Châteleu,2987,2024,DVF
Grand'Combe-Châteleu|25,2987,2024,DVF
Grand'Landes,1699,2024,DVF
Grand'Landes|85,1699,2024,DVF
Grand-Aigueblanche,2835,2024,DVF
Grand-Aigueblanche|73,2835,2024,DVF
Grand-Auverné,1492,2024,DVF
Grand-Auverné|44,1492,2024,DVF
Grand-Champ,2539,2024,DVF
Grand-Champ|56,2539,2024,DVF
Grand-Charmont,1282,2024,DVF
Grand-Charmont|25,1282,2024,DVF
Grand-Couronne,1946,2024,DVF
Grand-Couronne|76,1946,2024,DVF
Grand-Fayt,1404,2024,DVF
Grand-Fayt|59,1404,2024,DVF
Grand-Fort-Philippe,1588,2024,DVF
Grand-Fort-Philippe|59,1588,2024,DVF
Grand-Fougeray,1536,2024,DVF
Grand-Fougeray|35,1536,2024,DVF
Grand-Laviers,2079,2024,DVF
Grand-Laviers|80,2079,2024,DVF
Grandcamp-Maisy,2418,2024,DVF
Grandcamp-Maisy|14,2418,2024,DVF
Grandchamp,3447,2024,DVF
Grandchamp-des-Fontaines,3019,2024,DVF
Grandchamp-des-Fontaines|44,3019,2024,DVF
Grandchamp|78,3447,2024,DVF
Grandcourt,1473,2024,DVF
Grandcourt|76,1473,2024,DVF
Grande-Synthe,1498,2024,DVF
Grande-Synthe|59,1498,2024,DVF
Grandfontaine,2762,2024,DVF
Grandfontaine|25,2762,2024,DVF
Grandfresnoy,2192,2024,DVF
Grandfresnoy|60,2192,2024,DVF
Grandjean,1816,2024,DVF
Grandjean|17,1816,2024,DVF
Grandparigny,2982,2024,DVF
Grandparigny|50,2982,2024,DVF
Grandrieu,1785,2024,DVF
Grandrieu|48,1785,2024,DVF
Grandrif,1830,2024,DVF
Grandrif|63,1830,2024,DVF
Grandris,1588,2024,DVF
Grandris|69,1588,2024,DVF
Grandvillars,1692,2024,DVF
Grandvillars|90,1692,2024,DVF
Grandvilliers,1712,2024,DVF
Grandvilliers|60,1712,2024,DVF
Grane,2627,2024,DVF
Grane|26,2627,2024,DVF
Granges,1823,2024,DVF
Granges-Aumontzey,1442,2024,DVF
Granges-Aumontzey|88,1442,2024,DVF
Granges-Narboz,3331,2024,DVF
Granges-Narboz|25,3331,2024,DVF
Granges-sur-Lot,1179,2024,DVF
Granges-sur-Lot|47,1179,2024,DVF
Granges|71,1823,2024,DVF
Grans,3912,2024,DVF
Grans|13,3912,2024,DVF
Granville,3717,2024,DVF
Granville|50,3717,2024,DVF
Granzay-Gript,1916,2024,DVF
Granzay-Gript|79,1916,2024,DVF
Gras,3514,2024,DVF
Grasse,3497,2024,DVF
Grasse|06,3497,2024,DVF
Gras|07,3514,2024,DVF
Gratens,1978,2024,DVF
Gratens|31,1978,2024,DVF
Gratentour,2846,2024,DVF
Gratentour|31,2846,2024,DVF
Gratot,2590,2024,DVF
Gratot|50,2590,2024,DVF
Graulhet,1432,2024,DVF
Graulhet|81,1432,2024,DVF
Gravelines,1967,2024,DVF
Gravelines|59,1967,2024,DVF
Graveson,3340,2024,DVF
Graveson|13,3340,2024,DVF
Gravigny,1903,2024,DVF
Gravigny|27,1903,2024,DVF
Gravières,2778,2024,DVF
Gravières|07,2778,2024,DVF
Gray,1234,2024,DVF
Gray-la-Ville,1289,2024,DVF
Gray-la-Ville|70,1289,2024,DVF
Grayan-et-l'Hôpital,2719,2024,DVF
Grayan-et-l'Hôpital|33,2719,2024,DVF
Graye-sur-Mer,2491,2024,DVF
Graye-sur-Mer|14,2491,2024,DVF
Gray|70,1234,2024,DVF
Grazac,2220,2024,DVF
Grazac|31,2220,2024,DVF
Grazac|43,1900,2024,DVF
Grazay,1220,2024,DVF
Grazay|53,1220,2024,DVF
Graçay,959,2024,DVF
Graçay|18,959,2024,DVF
Grenade,2394,2024,DVF
Grenade-sur-l'Adour,1662,2024,DVF
Grenade-sur-l'Adour|40,1662,2024,DVF
Grenade|31,2394,2024,DVF
Grenay,1601,2024,DVF
Grenay|38,3457,2024,DVF
Grenay|62,1601,2024,DVF
Grenoble,2625,2024,DVF
Grenoble|38,2625,2024,DVF
Grentheville,2613,2024,DVF
Grentheville|14,2613,2024,DVF
Gresse-en-Vercors,2299,2024,DVF
Gresse-en-Vercors|38,2299,2024,DVF
Gressey,3073,2024,DVF
Gressey|78,3073,2024,DVF
Gressy,2325,2024,DVF
Gressy|77,2325,2024,DVF
Gretz-Armainvilliers,3244,2024,DVF
Gretz-Armainvilliers|77,3244,2024,DVF
Greuville,2245,2024,DVF
Greuville|76,2245,2024,DVF
Grez-Neuville,2191,2024,DVF
Grez-Neuville|49,2191,2024,DVF
Grez-en-Bouère,2084,2024,DVF
Grez-en-Bouère|53,2084,2024,DVF
Grez-sur-Loing,2900,2024,DVF
Grez-sur-Loing|77,2900,2024,DVF
Grignan,3389,2024,DVF
Grignan|26,3389,2024,DVF
Grignols,1259,2024,DVF
Grignols|33,1259,2024,DVF
Grignon,3049,2024,DVF
Grignon|73,3049,2024,DVF
Grigny,1439,2024,DVF
Grigny-sur-Rhône,2500,2024,DVF
Grigny-sur-Rhône|69,2500,2024,DVF
Grigny|91,1439,2024,DVF
Grillon,2623,2024,DVF
Grillon|84,2623,2024,DVF
Grilly,6141,2024,DVF
Grilly|01,6141,2024,DVF
Grimaud,8489,2024,DVF
Grimaud|83,8489,2024,DVF
Griselles,1843,2024,DVF
Griselles|45,1843,2024,DVF
Grisolles,2212,2024,DVF
Grisolles|82,2212,2024,DVF
Grisy-Suisnes,3740,2024,DVF
Grisy-Suisnes|77,3740,2024,DVF
Grièges,2237,2024,DVF
Grièges|01,2237,2024,DVF
Groffliers,2472,2024,DVF
Groffliers|62,2472,2024,DVF
Groissiat,2209,2024,DVF
Groissiat|01,2209,2024,DVF
Groisy,4988,2024,DVF
Groisy|74,4988,2024,DVF
Groix,4403,2024,DVF
Groix|56,4403,2024,DVF
Groléjac,1642,2024,DVF
Groléjac|24,1642,2024,DVF
Gron,866,2024,DVF
Gron|18,866,2024,DVF
Gron|89,2332,2024,DVF
Grosbreuil,1968,2024,DVF
Grosbreuil|85,1968,2024,DVF
Groslay,3458,2024,DVF
Groslay|95,3458,2024,DVF
Grosley-sur-Risle,1536,2024,DVF
Grosley-sur-Risle|27,1536,2024,DVF
Groslée-Saint-Benoit,1875,2024,DVF
Groslée-Saint-Benoit|01,1875,2024,DVF
Grospierres,3056,2024,DVF
Grospierres|07,3056,2024,DVF
Grosrouvre,5457,2024,DVF
Grosrouvre|78,5457,2024,DVF
Grosseto-Prugna,6306,2024,DVF
Grosseto-Prugna|2A,6306,2024,DVF
Grossœuvre,2150,2024,DVF
Grossœuvre|27,2150,2024,DVF
Grosville,2107,2024,DVF
Grosville|50,2107,2024,DVF
Gruchet-Saint-Siméon,2719,2024,DVF
Gruchet-Saint-Siméon|76,2719,2024,DVF
Gruchet-le-Valasse,1908,2024,DVF
Gruchet-le-Valasse|76,1908,2024,DVF
Grues,2123,2024,DVF
Grues|85,2123,2024,DVF
Gruffy,4398,2024,DVF
Gruffy|74,4398,2024,DVF
Grugies,1580,2024,DVF
Grugies|02,1580,2024,DVF
Grugny,1809,2024,DVF
Grugny|76,1809,2024,DVF
Gruissan,4497,2024,DVF
Gruissan|11,4497,2024,DVF
Gruny,1987,2024,DVF
Gruny|80,1987,2024,DVF
Gruson,3825,2024,DVF
Gruson|59,3825,2024,DVF
Grâce-Uzel,1281,2024,DVF
Grâce-Uzel|22,1281,2024,DVF
Grâces,1785,2024,DVF
Grâces|22,1785,2024,DVF
Grèges,1587,2024,DVF
Grèges|76,1587,2024,DVF
Gréasque,4537,2024,DVF
Gréasque|13,4537,2024,DVF
Gréez-sur-Roc,1431,2024,DVF
Gréez-sur-Roc|72,1431,2024,DVF
Grémonville,2036,2024,DVF
Grémonville|76,2036,2024,DVF
Grémévillers,1754,2024,DVF
Grémévillers|60,1754,2024,DVF
Gréolières,1997,2024,DVF
Gréolières|06,1997,2024,DVF
Gréoux-les-Bains,3169,2024,DVF
Gréoux-les-Bains|04,3169,2024,DVF
Grépiac,2371,2024,DVF
Grépiac|31,2371,2024,DVF
Grésy-sur-Aix,4547,2024,DVF
Grésy-sur-Aix|73,4547,2024,DVF
Grésy-sur-Isère,3136,2024,DVF
Grésy-sur-Isère|73,3136,2024,DVF
Grévillers,2037,2024,DVF
Grévillers|62,2037,2024,DVF
Grézac,1905,2024,DVF
Grézac|17,1905,2024,DVF
Grézels,2226,2024,DVF
Grézels|46,2226,2024,DVF
Grézet-Cavagnan,2169,2024,DVF
Grézet-Cavagnan|47,2169,2024,DVF
Grézieu-la-Varenne,4324,2024,DVF
Grézieu-la-Varenne|69,4324,2024,DVF
Grézieu-le-Marché,2096,2024,DVF
Grézieu-le-Marché|69,2096,2024,DVF
Grézillac,2046,2024,DVF
Grézillac|33,2046,2024,DVF
Guainville,2272,2024,DVF
Guainville|28,2272,2024,DVF
Guarbecque,1441,2024,DVF
Guarbecque|62,1441,2024,DVF
Gueltas,1262,2024,DVF
Gueltas|56,1262,2024,DVF
Guemps,2199,2024,DVF
Guemps|62,2199,2024,DVF
Guengat,1940,2024,DVF
Guengat|29,1940,2024,DVF
Guenrouet,2145,2024,DVF
Guenrouet|44,2145,2024,DVF
Guer,1979,2024,DVF
Guerbigny,1184,2024,DVF
Guerbigny|80,1184,2024,DVF
Guerlesquin,1185,2024,DVF
Guerlesquin|29,1185,2024,DVF
Guerlédan,1374,2024,DVF
Guerlédan|22,1374,2024,DVF
Guermantes,3481,2024,DVF
Guermantes|77,3481,2024,DVF
Guern,1497,2024,DVF
Guernes,2463,2024,DVF
Guernes|78,2463,2024,DVF
Guern|56,1497,2024,DVF
Guerpont,1071,2024,DVF
Guerpont|55,1071,2024,DVF
Guerville,2704,2024,DVF
Guerville|76,1816,2024,DVF
Guerville|78,2704,2024,DVF
Guer|56,1979,2024,DVF
Guesnain,1530,2024,DVF
Guesnain|59,1530,2024,DVF
Guesnes,1127,2024,DVF
Guesnes|86,1127,2024,DVF
Gueugnon,1210,2024,DVF
Gueugnon|71,1210,2024,DVF
Gueures,1863,2024,DVF
Gueures|76,1863,2024,DVF
Gueutteville-les-Grès,1509,2024,DVF
Gueutteville-les-Grès|76,1509,2024,DVF
Gueux,3346,2024,DVF
Gueux|51,3346,2024,DVF
Guibeville,3409,2024,DVF
Guibeville|91,3409,2024,DVF
Guichainville,2231,2024,DVF
Guichainville|27,2231,2024,DVF
Guiche,2803,2024,DVF
Guichen,2418,2024,DVF
Guichen|35,2418,2024,DVF
Guiche|64,2803,2024,DVF
Guiclan,1481,2024,DVF
Guiclan|29,1481,2024,DVF
Guidel,3717,2024,DVF
Guidel|56,3717,2024,DVF
Guignen,2244,2024,DVF
Guignen|35,2244,2024,DVF
Guignes,2677,2024,DVF
Guignes|77,2677,2024,DVF
Guigneville-sur-Essonne,2400,2024,DVF
Guigneville-sur-Essonne|91,2400,2024,DVF
Guignicourt-sur-Vence,1614,2024,DVF
Guignicourt-sur-Vence|08,1614,2024,DVF
Guiler-sur-Goyen,2052,2024,DVF
Guiler-sur-Goyen|29,2052,2024,DVF
Guilers,2219,2024,DVF
Guilers|29,2219,2024,DVF
Guilherand-Granges,2549,2024,DVF
Guilherand-Granges|07,2549,2024,DVF
Guillac,2030,2024,DVF
Guillac|56,2030,2024,DVF
Guillaucourt,1486,2024,DVF
Guillaucourt|80,1486,2024,DVF
Guillaumes,3739,2024,DVF
Guillaumes|06,3739,2024,DVF
Guillerval,2654,2024,DVF
Guillerval|91,2654,2024,DVF
Guillestre,2626,2024,DVF
Guillestre|05,2626,2024,DVF
Guilliers,1404,2024,DVF
Guilliers|56,1404,2024,DVF
Guilligomarc'h,1438,2024,DVF
Guilligomarc'h|29,1438,2024,DVF
Guillon-Terre-Plaine,1071,2024,DVF
Guillon-Terre-Plaine|89,1071,2024,DVF
Guilly,1150,2024,DVF
Guilly|36,1150,2024,DVF
Guilly|45,1769,2024,DVF
Guilvinec,2707,2024,DVF
Guilvinec|29,2707,2024,DVF
Guimaëc,2209,2024,DVF
Guimaëc|29,2209,2024,DVF
Guimiliau,1767,2024,DVF
Guimiliau|29,1767,2024,DVF
Guingamp,2101,2024,DVF
Guingamp|22,2101,2024,DVF
Guipavas,2491,2024,DVF
Guipavas|29,2491,2024,DVF
Guipel,2216,2024,DVF
Guipel|35,2216,2024,DVF
Guipry-Messac,1769,2024,DVF
Guipry-Messac|35,1769,2024,DVF
Guipy,863,2024,DVF
Guipy|58,863,2024,DVF
Guiscard,1564,2024,DVF
Guiscard|60,1564,2024,DVF
Guiscriff,1371,2024,DVF
Guiscriff|56,1371,2024,DVF
Guise,853,2024,DVF
Guiseniers,1877,2024,DVF
Guiseniers|27,1877,2024,DVF
Guise|02,853,2024,DVF
Guissény,2085,2024,DVF
Guissény|29,2085,2024,DVF
Guitalens-L'Albarède,1391,2024,DVF
Guitalens-L'Albarède|81,1391,2024,DVF
Guitté,1951,2024,DVF
Guitté|22,1951,2024,DVF
Gujan-Mestras,4675,2024,DVF
Gujan-Mestras|33,4675,2024,DVF
Gurgy,1571,2024,DVF
Gurgy|89,1571,2024,DVF
Gurmençon,1790,2024,DVF
Gurmençon|64,1790,2024,DVF
Gurunhuel,1430,2024,DVF
Gurunhuel|22,1430,2024,DVF
Guyancourt,3885,2024,DVF
Guyancourt|78,3885,2024,DVF
Guyans-Vennes,1731,2024,DVF
Guyans-Vennes|25,1731,2024,DVF
Gué-d'Hossus,1712,2024,DVF
Gué-d'Hossus|08,1712,2024,DVF
Guécélard,1756,2024,DVF
Guécélard|72,1756,2024,DVF
Guégon,1482,2024,DVF
Guégon|56,1482,2024,DVF
Guéhenno,1892,2024,DVF
Guéhenno|56,1892,2024,DVF
Guémené-Penfao,1608,2024,DVF
Guémené-Penfao|44,1608,2024,DVF
Guémené-sur-Scorff,1191,2024,DVF
Guémené-sur-Scorff|56,1191,2024,DVF
Guénin,1949,2024,DVF
Guénin|56,1949,2024,DVF
Guérande,3790,2024,DVF
Guérande|44,3790,2024,DVF
Guérard,3047,2024,DVF
Guérard|77,3047,2024,DVF
Guéreins,2409,2024,DVF
Guéreins|01,2409,2024,DVF
Guéret,1205,2024,DVF
Guéret|23,1205,2024,DVF
Guérigny,1244,2024,DVF
Guérigny|58,1244,2024,DVF
Guéthary,8660,2024,DVF
Guéthary|64,8660,2024,DVF
Guînes,1829,2024,DVF
Guînes|62,1829,2024,DVF
Guîtres,1915,2024,DVF
Guîtres|33,1915,2024,DVF
Gy,884,2024,DVF
Gy-en-Sologne,2122,2024,DVF
Gy-en-Sologne|41,2122,2024,DVF
Gy|70,884,2024,DVF
Gyé-sur-Seine,1205,2024,DVF
Gyé-sur-Seine|10,1205,2024,DVF
Gâvres,3549,2024,DVF
Gâvres|56,3549,2024,DVF
Gélannes,1582,2024,DVF
Gélannes|10,1582,2024,DVF
Gémenos,5531,2024,DVF
Gémenos|13,5531,2024,DVF
Gémozac,1538,2024,DVF
Gémozac|17,1538,2024,DVF
Génelard,845,2024,DVF
Génelard|71,845,2024,DVF
Génis,1347,2024,DVF
Génissac,2267,2024,DVF
Génissac|33,2267,2024,DVF
Génissieux,2729,2024,DVF
Génissieux|26,2729,2024,DVF
Génis|24,1347,2024,DVF
Génolhac,1706,2024,DVF
Génolhac|30,1706,2024,DVF
Génébrières,2276,2024,DVF
Génébrières|82,2276,2024,DVF
Générac,2310,2024,DVF
Générac|30,2310,2024,DVF
Générac|33,1236,2024,DVF
Générargues,2162,2024,DVF
Générargues|30,2162,2024,DVF
Gérardmer,3146,2024,DVF
Gérardmer|88,3146,2024,DVF
Géronce,1659,2024,DVF
Géronce|64,1659,2024,DVF
Gétigné,2269,2024,DVF
Gétigné|44,2269,2024,DVF
Gévezé,3048,2024,DVF
Gévezé|35,3048,2024,DVF
Gézaincourt,1038,2024,DVF
Gézaincourt|80,1038,2024,DVF
Gœulzin,2185,2024,DVF
Gœulzin|59,2185,2024,DVF
Habarcq,1890,2024,DVF
Habarcq|62,1890,2024,DVF
Habas,1841,2024,DVF
Habas|40,1841,2024,DVF
Habère-Poche,3260,2024,DVF
Habère-Poche|74,3260,2024,DVF
Hacqueville,1813,2024,DVF
Hacqueville|27,1813,2024,DVF
Hadol,1656,2024,DVF
Hadol|88,1656,2024,DVF
Hagetmau,1724,2024,DVF
Hagetmau|40,1724,2024,DVF
Haillicourt,1397,2024,DVF
Haillicourt|62,1397,2024,DVF
Haimps,1983,2024,DVF
Haimps|17,1983,2024,DVF
Haisnes,1735,2024,DVF
Haisnes|62,1735,2024,DVF
Hallencourt,1225,2024,DVF
Hallencourt|80,1225,2024,DVF
Hallennes-lez-Haubourdin,2660,2024,DVF
Hallennes-lez-Haubourdin|59,2660,2024,DVF
Hallignicourt,892,2024,DVF
Hallignicourt|52,892,2024,DVF
Hallines,1565,2024,DVF
Hallines|62,1565,2024,DVF
Halluin,2171,2024,DVF
Halluin|59,2171,2024,DVF
Halsou,3952,2024,DVF
Halsou|64,3952,2024,DVF
Ham,1128,2024,DVF
Ham-en-Artois,1646,2024,DVF
Ham-en-Artois|62,1646,2024,DVF
Hambers,1241,2024,DVF
Hambers|53,1241,2024,DVF
Hambye,1644,2024,DVF
Hambye|50,1644,2024,DVF
Hamel,1615,2024,DVF
Hamelet,1954,2024,DVF
Hamelet|80,1954,2024,DVF
Hamel|59,1615,2024,DVF
Hames-Boucres,1805,2024,DVF
Hames-Boucres|62,1805,2024,DVF
Ham|80,1128,2024,DVF
Hanches,2548,2024,DVF
Hanches|28,2548,2024,DVF
Hangest-en-Santerre,1712,2024,DVF
Hangest-en-Santerre|80,1712,2024,DVF
Hangest-sur-Somme,1718,2024,DVF
Hangest-sur-Somme|80,1718,2024,DVF
Hannapes,1072,2024,DVF
Hannapes|02,1072,2024,DVF
Hantay,2502,2024,DVF
Hantay|59,2502,2024,DVF
Hanvec,2244,2024,DVF
Hanvec|29,2244,2024,DVF
Hanvoile,1495,2024,DVF
Hanvoile|60,1495,2024,DVF
Happonvilliers,1284,2024,DVF
Happonvilliers|28,1284,2024,DVF
Haravilliers,2861,2024,DVF
Haravilliers|95,2861,2024,DVF
Harbonnières,1029,2024,DVF
Harbonnières|80,1029,2024,DVF
Harcanville,1714,2024,DVF
Harcanville|76,1714,2024,DVF
Harcourt,1930,2024,DVF
Harcourt|27,1930,2024,DVF
Harcy,1127,2024,DVF
Harcy|08,1127,2024,DVF
Hardifort,1940,2024,DVF
Hardifort|59,1940,2024,DVF
Hardinghen,1367,2024,DVF
Hardinghen|62,1367,2024,DVF
Hardinvast,1843,2024,DVF
Hardinvast|50,1843,2024,DVF
Hardivillers,1250,2024,DVF
Hardivillers|60,1250,2024,DVF
Hardricourt,3744,2024,DVF
Hardricourt|78,3744,2024,DVF
Harfleur,2085,2024,DVF
Harfleur|76,2085,2024,DVF
Hargnies,971,2024,DVF
Hargnies|08,971,2024,DVF
Harly,1438,2024,DVF
Harly|02,1438,2024,DVF
Harnes,1435,2024,DVF
Harnes|62,1435,2024,DVF
Hartennes-et-Taux,1594,2024,DVF
Hartennes-et-Taux|02,1594,2024,DVF
Haréville,1498,2024,DVF
Haréville|88,1498,2024,DVF
Hasnon,1882,2024,DVF
Hasnon|59,1882,2024,DVF
Hasparren,3431,2024,DVF
Hasparren|64,3431,2024,DVF
Haspres,1345,2024,DVF
Haspres|59,1345,2024,DVF
Hastingues,1471,2024,DVF
Hastingues|40,1471,2024,DVF
Hatrize,1619,2024,DVF
Hatrize|54,1619,2024,DVF
Hattencourt,1661,2024,DVF
Hattencourt|80,1661,2024,DVF
Hattenville,1641,2024,DVF
Hattenville|76,1641,2024,DVF
Haubourdin,2324,2024,DVF
Haubourdin|59,2324,2024,DVF
Haucourt,1897,2024,DVF
Haucourt-Moulaine,2570,2024,DVF
Haucourt-Moulaine|54,2570,2024,DVF
Haucourt|62,1897,2024,DVF
Haucourt|76,955,2024,DVF
Haudivillers,1756,2024,DVF
Haudivillers|60,1756,2024,DVF
Haudrecy,1962,2024,DVF
Haudrecy|08,1962,2024,DVF
Haudricourt,1105,2024,DVF
Haudricourt|76,1105,2024,DVF
Haulchin,1271,2024,DVF
Haulchin|59,1271,2024,DVF
Hauriet,1241,2024,DVF
Hauriet|40,1241,2024,DVF
Haussez,1445,2024,DVF
Haussez|76,1445,2024,DVF
Haussignémont,1377,2024,DVF
Haussignémont|51,1377,2024,DVF
Haussy,1273,2024,DVF
Haussy|59,1273,2024,DVF
Haut Valromey,1968,2024,DVF
Haut Valromey|01,1968,2024,DVF
Haut-Bocage,1085,2024,DVF
Haut-Bocage|03,1085,2024,DVF
Haut-Lieu,1344,2024,DVF
Haut-Lieu|59,1344,2024,DVF
Haut-Mauco,2137,2024,DVF
Haut-Mauco|40,2137,2024,DVF
Haut-du-Them-Château-Lambert,1632,2024,DVF
Haut-du-Them-Château-Lambert|70,1632,2024,DVF
Haute-Amance,672,2024,DVF
Haute-Amance|52,672,2024,DVF
Haute-Avesnes,1744,2024,DVF
Haute-Avesnes|62,1744,2024,DVF
Haute-Goulaine,3277,2024,DVF
Haute-Goulaine|44,3277,2024,DVF
Haute-Rivoire,1693,2024,DVF
Haute-Rivoire|69,1693,2024,DVF
Hautecour,3072,2024,DVF
Hautecourt-Romanèche,2535,2024,DVF
Hautecourt-Romanèche|01,2535,2024,DVF
Hautecour|73,3072,2024,DVF
Hautefage-la-Tour,1874,2024,DVF
Hautefage-la-Tour|47,1874,2024,DVF
Hautefort,1853,2024,DVF
Hautefort|24,1853,2024,DVF
Hauteluce,6838,2024,DVF
Hauteluce|73,6838,2024,DVF
Hauterive,1803,2024,DVF
Hauterives,2012,2024,DVF
Hauterives|26,2012,2024,DVF
Hauterive|03,1803,2024,DVF
Hauterive|61,1676,2024,DVF
Hauteroche,1508,2024,DVF
Hauteroche|39,1508,2024,DVF
Hauteville-la-Guichard,1424,2024,DVF
Hauteville-la-Guichard|50,1424,2024,DVF
Hauteville-lès-Dijon,2763,2024,DVF
Hauteville-lès-Dijon|21,2763,2024,DVF
Hauteville-sur-Fier,3838,2024,DVF
Hauteville-sur-Fier|74,3838,2024,DVF
Hauteville-sur-Mer,2909,2024,DVF
Hauteville-sur-Mer|50,2909,2024,DVF
Hautmont,1125,2024,DVF
Hautmont|59,1125,2024,DVF
Hautot-Saint-Sulpice,2087,2024,DVF
Hautot-Saint-Sulpice|76,2087,2024,DVF
Hautot-sur-Mer,3970,2024,DVF
Hautot-sur-Mer|76,3970,2024,DVF
Hauts de Bienne,1414,2024,DVF
Hauts de Bienne|39,1414,2024,DVF
Hautvillers,2631,2024,DVF
Hautvillers-Ouville,1846,2024,DVF
Hautvillers-Ouville|80,1846,2024,DVF
Hautvillers|51,2631,2024,DVF
Hauville,1845,2024,DVF
Hauville|27,1845,2024,DVF
Hauviné,1562,2024,DVF
Hauviné|08,1562,2024,DVF
Haux,1800,2024,DVF
Haux|33,1800,2024,DVF
Haveluy,1287,2024,DVF
Haveluy|59,1287,2024,DVF
Havernas,2084,2024,DVF
Havernas|80,2084,2024,DVF
Haverskerque,1700,2024,DVF
Haverskerque|59,1700,2024,DVF
Haybes,1339,2024,DVF
Haybes|08,1339,2024,DVF
Hazebrouck,1995,2024,DVF
Hazebrouck|59,1995,2024,DVF
Hecq,1231,2024,DVF
Hecq|59,1231,2024,DVF
Heillecourt,2729,2024,DVF
Heillecourt|54,2729,2024,DVF
Heilles,2788,2024,DVF
Heilles|60,2788,2024,DVF
Helfaut,1783,2024,DVF
Helfaut|62,1783,2024,DVF
Helléan,2135,2024,DVF
Helléan|56,2135,2024,DVF
Hem,2906,2024,DVF
Hem-Lenglet,1472,2024,DVF
Hem-Lenglet|59,1472,2024,DVF
Hem|59,2906,2024,DVF
Hendaye,4772,2024,DVF
Hendaye|64,4772,2024,DVF
Hennebont,2548,2024,DVF
Hennebont|56,2548,2024,DVF
Hennezis,1797,2024,DVF
Hennezis|27,1797,2024,DVF
Henrichemont,1146,2024,DVF
Henrichemont|18,1146,2024,DVF
Henvic,1543,2024,DVF
Henvic|29,1543,2024,DVF
Herbault,1360,2024,DVF
Herbault|41,1360,2024,DVF
Herbeys,4497,2024,DVF
Herbeys|38,4497,2024,DVF
Herbignac,2839,2024,DVF
Herbignac|44,2839,2024,DVF
Herblay-sur-Seine,3831,2024,DVF
Herblay-sur-Seine|95,3831,2024,DVF
Herchies,2069,2024,DVF
Herchies|60,2069,2024,DVF
Hercé,1374,2024,DVF
Hercé|53,1374,2024,DVF
Hergnies,1738,2024,DVF
Hergnies|59,1738,2024,DVF
Herlies,2839,2024,DVF
Herlies|59,2839,2024,DVF
Herm,3035,2024,DVF
Hermanville-sur-Mer,3136,2024,DVF
Hermanville-sur-Mer|14,3136,2024,DVF
Hermelinghen,1795,2024,DVF
Hermelinghen|62,1795,2024,DVF
Hermeray,3092,2024,DVF
Hermeray|78,3092,2024,DVF
Hermes,2237,2024,DVF
Hermes|60,2237,2024,DVF
Hermival-les-Vaux,2385,2024,DVF
Hermival-les-Vaux|14,2385,2024,DVF
Hermonville,2589,2024,DVF
Hermonville|51,2589,2024,DVF
Herm|40,3035,2024,DVF
Hermé,1563,2024,DVF
Hermé|77,1563,2024,DVF
Herry,1140,2024,DVF
Herry|18,1140,2024,DVF
Herrère,1124,2024,DVF
Herrère|64,1124,2024,DVF
Herserange,2011,2024,DVF
Herserange|54,2011,2024,DVF
Hersin-Coupigny,1369,2024,DVF
Hersin-Coupigny|62,1369,2024,DVF
Herzeele,2448,2024,DVF
Herzeele|59,2448,2024,DVF
Hescamps,1284,2024,DVF
Hescamps|80,1284,2024,DVF
Hesdigneul-lès-Boulogne,1562,2024,DVF
Hesdigneul-lès-Boulogne|62,1562,2024,DVF
Hesdigneul-lès-Béthune,1616,2024,DVF
Hesdigneul-lès-Béthune|62,1616,2024,DVF
Hesdin-l'Abbé,1959,2024,DVF
Hesdin-l'Abbé|62,1959,2024,DVF
Hesdin-la-Forêt,1324,2024,DVF
Hesdin-la-Forêt|62,1324,2024,DVF
Heudebouville,2036,2024,DVF
Heudebouville|27,2036,2024,DVF
Heudicourt,1364,2024,DVF
Heudicourt|27,2371,2024,DVF
Heudicourt|80,1364,2024,DVF
Heudreville-sur-Eure,2267,2024,DVF
Heudreville-sur-Eure|27,2267,2024,DVF
Heugas,2455,2024,DVF
Heugas|40,2455,2024,DVF
Heugnes,1184,2024,DVF
Heugnes|36,1184,2024,DVF
Heugueville-sur-Sienne,2416,2024,DVF
Heugueville-sur-Sienne|50,2416,2024,DVF
Heuilley-sur-Saône,1042,2024,DVF
Heuilley-sur-Saône|21,1042,2024,DVF
Heuqueville,2882,2024,DVF
Heuqueville|27,1795,2024,DVF
Heuqueville|76,2882,2024,DVF
Heuringhem,2269,2024,DVF
Heuringhem|62,2269,2024,DVF
Heutrégiville,1713,2024,DVF
Heutrégiville|51,1713,2024,DVF
Heyrieux,3569,2024,DVF
Heyrieux|38,3569,2024,DVF
Hiersac,1506,2024,DVF
Hiersac|16,1506,2024,DVF
Hiesse,1235,2024,DVF
Hiesse|16,1235,2024,DVF
Hillion,2182,2024,DVF
Hillion|22,2182,2024,DVF
Hinges,2213,2024,DVF
Hinges|62,2213,2024,DVF
Hinx,2182,2024,DVF
Hinx|40,2182,2024,DVF
Hirel,2338,2024,DVF
Hirel|35,2338,2024,DVF
Hirson,832,2024,DVF
Hirson|02,832,2024,DVF
Hières-sur-Amby,2304,2024,DVF
Hières-sur-Amby|38,2304,2024,DVF
Hodeng-Hodenger,2596,2024,DVF
Hodeng-Hodenger|76,2596,2024,DVF
Holnon,1496,2024,DVF
Holnon|02,1496,2024,DVF
Holque,1612,2024,DVF
Holque|59,1612,2024,DVF
Hombleux,1392,2024,DVF
Hombleux|80,1392,2024,DVF
Homblières,1332,2024,DVF
Homblières|02,1332,2024,DVF
Homps,2161,2024,DVF
Homps|11,2161,2024,DVF
Homécourt,1389,2024,DVF
Homécourt|54,1389,2024,DVF
Hon-Hergies,2257,2024,DVF
Hon-Hergies|59,2257,2024,DVF
Hondainville,2202,2024,DVF
Hondainville|60,2202,2024,DVF
Hondeghem,1810,2024,DVF
Hondeghem|59,1810,2024,DVF
Hondevilliers,1576,2024,DVF
Hondevilliers|77,1576,2024,DVF
Hondouville,2064,2024,DVF
Hondouville|27,2064,2024,DVF
Hondschoote,1801,2024,DVF
Hondschoote|59,1801,2024,DVF
Honfleur,3422,2024,DVF
Honfleur|14,3422,2024,DVF
Honguemare-Guenouville,1640,2024,DVF
Honguemare-Guenouville|27,1640,2024,DVF
Honnechy,771,2024,DVF
Honnechy|59,771,2024,DVF
Honnecourt-sur-Escaut,1021,2024,DVF
Honnecourt-sur-Escaut|59,1021,2024,DVF
Hontanx,1383,2024,DVF
Hontanx|40,1383,2024,DVF
Hordain,1413,2024,DVF
Hordain|59,1413,2024,DVF
Horgues,2152,2024,DVF
Horgues|65,2152,2024,DVF
Hornaing,1623,2024,DVF
Hornaing|59,1623,2024,DVF
Hornoy-le-Bourg,1346,2024,DVF
Hornoy-le-Bourg|80,1346,2024,DVF
Hostens,2715,2024,DVF
Hostens|33,2715,2024,DVF
Hostun,2220,2024,DVF
Hostun|26,2220,2024,DVF
Hotot-en-Auge,2275,2024,DVF
Hotot-en-Auge|14,2275,2024,DVF
Hottot-les-Bagues,2134,2024,DVF
Hottot-les-Bagues|14,2134,2024,DVF
Houdain,1509,2024,DVF
Houdain-lez-Bavay,1597,2024,DVF
Houdain-lez-Bavay|59,1597,2024,DVF
Houdain|62,1509,2024,DVF
Houdan,3380,2024,DVF
Houdan|78,3380,2024,DVF
Houdelaincourt,995,2024,DVF
Houdelaincourt|55,995,2024,DVF
Houdemont,2346,2024,DVF
Houdemont|54,2346,2024,DVF
Houeillès,1574,2024,DVF
Houeillès|47,1574,2024,DVF
Houilles,4979,2024,DVF
Houilles|78,4979,2024,DVF
Houlbec-Cocherel,2121,2024,DVF
Houlbec-Cocherel|27,2121,2024,DVF
Houlgate,4306,2024,DVF
Houlgate|14,4306,2024,DVF
Houlle,1890,2024,DVF
Houlle|62,1890,2024,DVF
Houplin-Ancoisne,2451,2024,DVF
Houplin-Ancoisne|59,2451,2024,DVF
Houplines,2299,2024,DVF
Houplines|59,2299,2024,DVF
Houppeville,2518,2024,DVF
Houppeville|76,2518,2024,DVF
Hourtin,3677,2024,DVF
Hourtin|33,3677,2024,DVF
Housseras,1239,2024,DVF
Housseras|88,1239,2024,DVF
Houtaud,2965,2024,DVF
Houtaud|25,2965,2024,DVF
Houtkerque,1975,2024,DVF
Houtkerque|59,1975,2024,DVF
Houx,2339,2024,DVF
Houx|28,2339,2024,DVF
Hoymille,2164,2024,DVF
Hoymille|59,2164,2024,DVF
Huchenneville,1258,2024,DVF
Huchenneville|80,1258,2024,DVF
Hudimesnil,1844,2024,DVF
Hudimesnil|50,1844,2024,DVF
Huelgoat,1438,2024,DVF
Huelgoat|29,1438,2024,DVF
Huest,1931,2024,DVF
Huest|27,1931,2024,DVF
Huez,7446,2024,DVF
Huez|38,7446,2024,DVF
Huillé-Lézigné,1442,2024,DVF
Huillé-Lézigné|49,1442,2024,DVF
Huismes,1516,2024,DVF
Huismes|37,1516,2024,DVF
Huisseau-sur-Cosson,1969,2024,DVF
Huisseau-sur-Cosson|41,1969,2024,DVF
Huisseau-sur-Mauves,2043,2024,DVF
Huisseau-sur-Mauves|45,2043,2024,DVF
Hulluch,1960,2024,DVF
Hulluch|62,1960,2024,DVF
Humbécourt,1366,2024,DVF
Humbécourt|52,1366,2024,DVF
Huos,1631,2024,DVF
Huos|31,1631,2024,DVF
Huppy,1772,2024,DVF
Huppy|80,1772,2024,DVF
Huriel,1219,2024,DVF
Huriel|03,1219,2024,DVF
Hurigny,2263,2024,DVF
Hurigny|71,2263,2024,DVF
Hussigny-Godbrange,2623,2024,DVF
Hussigny-Godbrange|54,2623,2024,DVF
Hymont,978,2024,DVF
Hymont|88,978,2024,DVF
Hypercourt,1124,2024,DVF
Hypercourt|80,1124,2024,DVF
Hyères,4431,2024,DVF
Hyères|83,4431,2024,DVF
Hèches,1596,2024,DVF
Hèches|65,1596,2024,DVF
Héauville,1731,2024,DVF
Héauville|50,1731,2024,DVF
Hébuterne,986,2024,DVF
Hébuterne|62,986,2024,DVF
Hébécourt,1760,2024,DVF
Hébécourt|27,1760,2024,DVF
Hédé-Bazouges,2304,2024,DVF
Hédé-Bazouges|35,2304,2024,DVF
Hélesmes,1384,2024,DVF
Hélesmes|59,1384,2024,DVF
Héloup,1667,2024,DVF
Héloup|61,1667,2024,DVF
Hémonstoir,1351,2024,DVF
Hémonstoir|22,1351,2024,DVF
Hénanbihen,2134,2024,DVF
Hénanbihen|22,2134,2024,DVF
Hénansal,2201,2024,DVF
Hénansal|22,2201,2024,DVF
Hénin-Beaumont,1448,2024,DVF
Hénin-Beaumont|62,1448,2024,DVF
Hénin-sur-Cojeul,2213,2024,DVF
Hénin-sur-Cojeul|62,2213,2024,DVF
Hénon,1796,2024,DVF
Hénonville,2932,2024,DVF
Hénonville|60,2932,2024,DVF
Hénon|22,1796,2024,DVF
Hénouville,2570,2024,DVF
Hénouville|76,2570,2024,DVF
Héric,2584,2024,DVF
Héricourt,1396,2024,DVF
Héricourt-en-Caux,1853,2024,DVF
Héricourt-en-Caux|76,1853,2024,DVF
Héricourt|70,1396,2024,DVF
Héricy,2952,2024,DVF
Héricy|77,2952,2024,DVF
Héric|44,2584,2024,DVF
Hérimoncourt,1228,2024,DVF
Hérimoncourt|25,1228,2024,DVF
Hérin,1323,2024,DVF
Hérin|59,1323,2024,DVF
Hérissart,1195,2024,DVF
Hérissart|80,1195,2024,DVF
Hérisson,830,2024,DVF
Hérisson|03,830,2024,DVF
Hérouville-Saint-Clair,2290,2024,DVF
Hérouville-Saint-Clair|14,2290,2024,DVF
Hérouville-en-Vexin,5300,2024,DVF
Hérouville-en-Vexin|95,5300,2024,DVF
Hérouvillette,2553,2024,DVF
Hérouvillette|14,2553,2024,DVF
Héry,1504,2024,DVF
Héry-sur-Alby,4311,2024,DVF
Héry-sur-Alby|74,4311,2024,DVF
Héry|89,1504,2024,DVF
Hérépian,1906,2024,DVF
Hérépian|34,1906,2024,DVF
Hôpital-Camfrout,2035,2024,DVF
Hôpital-Camfrout|29,2035,2024,DVF
Ibos,2042,2024,DVF
Ibos|65,2042,2024,DVF
Idron,2969,2024,DVF
Idron|64,2969,2024,DVF
Ids-Saint-Roch,982,2024,DVF
Ids-Saint-Roch|18,982,2024,DVF
Iffendic,2113,2024,DVF
Iffendic|35,2113,2024,DVF
Ifs,2415,2024,DVF
Ifs|14,2415,2024,DVF
Igney,1750,2024,DVF
Igney|88,1750,2024,DVF
Igny,4538,2024,DVF
Igny-Comblizy,1700,2024,DVF
Igny-Comblizy|51,1700,2024,DVF
Igny|91,4538,2024,DVF
Igon,2042,2024,DVF
Igon|64,2042,2024,DVF
Igornay,1540,2024,DVF
Igornay|71,1540,2024,DVF
Igoville,1975,2024,DVF
Igoville|27,1975,2024,DVF
Iguerande,1964,2024,DVF
Iguerande|71,1964,2024,DVF
Igé,2069,2024,DVF
Igé|61,2069,2024,DVF
Igé|71,2219,2024,DVF
Illats,1916,2024,DVF
Illats|33,1916,2024,DVF
Ille-sur-Têt,1910,2024,DVF
Ille-sur-Têt|66,1910,2024,DVF
Illeville-sur-Montfort,1696,2024,DVF
Illeville-sur-Montfort|27,1696,2024,DVF
Illiers-Combray,1391,2024,DVF
Illiers-Combray|28,1391,2024,DVF
Illiers-l'Évêque,1799,2024,DVF
Illiers-l'Évêque|27,1799,2024,DVF
Illies,2072,2024,DVF
Illies|59,2072,2024,DVF
Illifaut,1220,2024,DVF
Illifaut|22,1220,2024,DVF
Illy,1262,2024,DVF
Illy|08,1262,2024,DVF
Imphy,893,2024,DVF
Imphy|58,893,2024,DVF
Incarville,1894,2024,DVF
Incarville|27,1894,2024,DVF
Incheville,1755,2024,DVF
Incheville|76,1755,2024,DVF
Inchy-en-Artois,1386,2024,DVF
Inchy-en-Artois|62,1386,2024,DVF
Indre,3010,2024,DVF
Indre|44,3010,2024,DVF
Ingouville,2163,2024,DVF
Ingouville|76,2163,2024,DVF
Ingrandes,1583,2024,DVF
Ingrandes-le-Fresne-sur-Loire,1945,2024,DVF
Ingrandes-le-Fresne-sur-Loire|49,1945,2024,DVF
Ingrandes|86,1583,2024,DVF
Ingrannes,1839,2024,DVF
Ingrannes|45,1839,2024,DVF
Ingré,2308,2024,DVF
Ingré|45,2308,2024,DVF
Inguiniel,1855,2024,DVF
Inguiniel|56,1855,2024,DVF
Injoux-Génissiat,2005,2024,DVF
Injoux-Génissiat|01,2005,2024,DVF
Inzinzac-Lochrist,2177,2024,DVF
Inzinzac-Lochrist|56,2177,2024,DVF
Irai,1441,2024,DVF
Irai|61,1441,2024,DVF
Irancy,1158,2024,DVF
Irancy|89,1158,2024,DVF
Irigny,3777,2024,DVF
Irigny|69,3777,2024,DVF
Irissarry,2169,2024,DVF
Irissarry|64,2169,2024,DVF
Irodouër,2102,2024,DVF
Irodouër|35,2102,2024,DVF
Irvillac,1871,2024,DVF
Irvillac|29,1871,2024,DVF
Is-en-Bassigny,1202,2024,DVF
Is-en-Bassigny|52,1202,2024,DVF
Is-sur-Tille,2075,2024,DVF
Is-sur-Tille|21,2075,2024,DVF
Isbergues,1284,2024,DVF
Isbergues|62,1284,2024,DVF
Isdes,1318,2024,DVF
Isdes|45,1318,2024,DVF
Isigny-le-Buat,1636,2024,DVF
Isigny-le-Buat|50,1636,2024,DVF
Isigny-sur-Mer,1520,2024,DVF
Isigny-sur-Mer|14,1520,2024,DVF
Isle,1956,2024,DVF
Isle-Saint-Georges,2179,2024,DVF
Isle-Saint-Georges|33,2179,2024,DVF
Isle-et-Bardais,849,2024,DVF
Isle-et-Bardais|03,849,2024,DVF
Isles-les-Meldeuses,2434,2024,DVF
Isles-les-Meldeuses|77,2434,2024,DVF
Isles-lès-Villenoy,2824,2024,DVF
Isles-lès-Villenoy|77,2824,2024,DVF
Isle|87,1956,2024,DVF
Isneauville,2781,2024,DVF
Isneauville|76,2781,2024,DVF
Isola,4894,2024,DVF
Isolaccio-di-Fiumorbo,1432,2024,DVF
Isolaccio-di-Fiumorbo|2B,1432,2024,DVF
Isola|06,4894,2024,DVF
Ispagnac,1551,2024,DVF
Ispagnac|48,1551,2024,DVF
Isques,2025,2024,DVF
Isques|62,2025,2024,DVF
Issac,2045,2024,DVF
Issac|24,2045,2024,DVF
Issendolus,1025,2024,DVF
Issendolus|46,1025,2024,DVF
Isserpent,1458,2024,DVF
Isserpent|03,1458,2024,DVF
Isserteaux,1331,2024,DVF
Isserteaux|63,1331,2024,DVF
Issigeac,1705,2024,DVF
Issigeac|24,1705,2024,DVF
Issirac,2579,2024,DVF
Issirac|30,2579,2024,DVF
Issoire,2021,2024,DVF
Issoire|63,2021,2024,DVF
Issou,3290,2024,DVF
Issoudun,1062,2024,DVF
Issoudun|36,1062,2024,DVF
Issou|78,3290,2024,DVF
Issy-l'Évêque,980,2024,DVF
Issy-l'Évêque|71,980,2024,DVF
Issy-les-Moulineaux,7438,2024,DVF
Issy-les-Moulineaux|92,7438,2024,DVF
Issé,1439,2024,DVF
Issé|44,1439,2024,DVF
Istres,3187,2024,DVF
Istres|13,3187,2024,DVF
Iteuil,2055,2024,DVF
Iteuil|86,2055,2024,DVF
Itteville,3344,2024,DVF
Itteville|91,3344,2024,DVF
Itxassou,4488,2024,DVF
Itxassou|64,4488,2024,DVF
Ivoy-le-Pré,948,2024,DVF
Ivoy-le-Pré|18,948,2024,DVF
Ivry-la-Bataille,2224,2024,DVF
Ivry-la-Bataille|27,2224,2024,DVF
Ivry-le-Temple,2515,2024,DVF
Ivry-le-Temple|60,2515,2024,DVF
Ivry-sur-Seine,4992,2024,DVF
Ivry-sur-Seine|94,4992,2024,DVF
Iwuy,1212,2024,DVF
Iwuy|59,1212,2024,DVF
Izaut-de-l'Hôtel,1315,2024,DVF
Izaut-de-l'Hôtel|31,1315,2024,DVF
Izeaux,1913,2024,DVF
Izeaux|38,1913,2024,DVF
Izernore,2267,2024,DVF
Izernore|01,2267,2024,DVF
Izeron,2177,2024,DVF
Izeron|38,2177,2024,DVF
Izeure,2629,2024,DVF
Izeure|21,2629,2024,DVF
Izon,2654,2024,DVF
Izon|33,2654,2024,DVF
Izé,990,2024,DVF
Izé|53,990,2024,DVF
Jabreilles-les-Bordes,1103,2024,DVF
Jabreilles-les-Bordes|87,1103,2024,DVF
Jacob-Bellecombette,3856,2024,DVF
Jacob-Bellecombette|73,3856,2024,DVF
Jacou,3924,2024,DVF
Jacou|34,3924,2024,DVF
Jagny-sous-Bois,3266,2024,DVF
Jagny-sous-Bois|95,3266,2024,DVF
Jaignes,2232,2024,DVF
Jaignes|77,2232,2024,DVF
Jallans,1389,2024,DVF
Jallans|28,1389,2024,DVF
Jalognes,1398,2024,DVF
Jalognes|18,1398,2024,DVF
Jalogny,3041,2024,DVF
Jalogny|71,3041,2024,DVF
Jambville,2858,2024,DVF
Jambville|78,2858,2024,DVF
Jametz,851,2024,DVF
Jametz|55,851,2024,DVF
Jaméricourt,2249,2024,DVF
Jaméricourt|60,2249,2024,DVF
Janaillat,1206,2024,DVF
Janaillat|23,1206,2024,DVF
Janneyrias,4189,2024,DVF
Janneyrias|38,4189,2024,DVF
Jans,1588,2024,DVF
Jans|44,1588,2024,DVF
Janville,2464,2024,DVF
Janville-en-Beauce,1631,2024,DVF
Janville-en-Beauce|28,1631,2024,DVF
Janville-sur-Juine,3397,2024,DVF
Janville-sur-Juine|91,3397,2024,DVF
Janville|14,2628,2024,DVF
Janville|60,2464,2024,DVF
Janvry,3623,2024,DVF
Janvry|91,3623,2024,DVF
Janzé,2391,2024,DVF
Janzé|35,2391,2024,DVF
Jarcieu,2402,2024,DVF
Jarcieu|38,2402,2024,DVF
Jard-sur-Mer,3722,2024,DVF
Jard-sur-Mer|85,3722,2024,DVF
Jardin,2830,2024,DVF
Jardin|38,2830,2024,DVF
Jardres,1638,2024,DVF
Jardres|86,1638,2024,DVF
Jargeau,1923,2024,DVF
Jargeau|45,1923,2024,DVF
Jarnac,1507,2024,DVF
Jarnac-Champagne,1404,2024,DVF
Jarnac-Champagne|17,1404,2024,DVF
Jarnac|16,1507,2024,DVF
Jarny,1628,2024,DVF
Jarny|54,1628,2024,DVF
Jarrie,3252,2024,DVF
Jarrier,4768,2024,DVF
Jarrier|73,4768,2024,DVF
Jarrie|38,3252,2024,DVF
Jars,1141,2024,DVF
Jarsy,2079,2024,DVF
Jarsy|73,2079,2024,DVF
Jars|18,1141,2024,DVF
Jarville-la-Malgrange,2006,2024,DVF
Jarville-la-Malgrange|54,2006,2024,DVF
Jarzé Villages,1790,2024,DVF
Jarzé Villages|49,1790,2024,DVF
Jassans-Riottier,2944,2024,DVF
Jassans-Riottier|01,2944,2024,DVF
Jasseron,2282,2024,DVF
Jasseron|01,2282,2024,DVF
Jatxou,4193,2024,DVF
Jatxou|64,4193,2024,DVF
Jau-Dignac-et-Loirac,2137,2024,DVF
Jau-Dignac-et-Loirac|33,2137,2024,DVF
Jaucourt,1198,2024,DVF
Jaucourt|10,1198,2024,DVF
Jaujac,2060,2024,DVF
Jaujac|07,2060,2024,DVF
Jauldes,1556,2024,DVF
Jauldes|16,1556,2024,DVF
Jaulgonne,1546,2024,DVF
Jaulgonne|02,1546,2024,DVF
Jaulnay,939,2024,DVF
Jaulnay|37,939,2024,DVF
Jaulnes,1900,2024,DVF
Jaulnes|77,1900,2024,DVF
Jaulzy,1547,2024,DVF
Jaulzy|60,1547,2024,DVF
Jaunay-Marigny,1996,2024,DVF
Jaunay-Marigny|86,1996,2024,DVF
Jausiers,2292,2024,DVF
Jausiers|04,2292,2024,DVF
Jaux,2429,2024,DVF
Jaux|60,2429,2024,DVF
Javené,2181,2024,DVF
Javené|35,2181,2024,DVF
Javerdat,1218,2024,DVF
Javerdat|87,1218,2024,DVF
Javerlhac-et-la-Chapelle-Saint-Robert,1393,2024,DVF
Javerlhac-et-la-Chapelle-Saint-Robert|24,1393,2024,DVF
Javrezac,1154,2024,DVF
Javrezac|16,1154,2024,DVF
Javron-les-Chapelles,1020,2024,DVF
Javron-les-Chapelles|53,1020,2024,DVF
Jayat,1996,2024,DVF
Jayat|01,1996,2024,DVF
Jazeneuil,992,2024,DVF
Jazeneuil|86,992,2024,DVF
Jazennes,1687,2024,DVF
Jazennes|17,1687,2024,DVF
Jeandelaincourt,2194,2024,DVF
Jeandelaincourt|54,2194,2024,DVF
Jeandelize,1445,2024,DVF
Jeandelize|54,1445,2024,DVF
Jeanménil,1679,2024,DVF
Jeanménil|88,1679,2024,DVF
Jegun,1565,2024,DVF
Jegun|32,1565,2024,DVF
Jenlain,2126,2024,DVF
Jenlain|59,2126,2024,DVF
Jenzat,1078,2024,DVF
Jenzat|03,1078,2024,DVF
Jeumont,1232,2024,DVF
Jeumont|59,1232,2024,DVF
Jevoncourt,1511,2024,DVF
Jevoncourt|54,1511,2024,DVF
Jezainville,1557,2024,DVF
Jezainville|54,1557,2024,DVF
Joannas,1526,2024,DVF
Joannas|07,1526,2024,DVF
Job,1234,2024,DVF
Job|63,1234,2024,DVF
Joch,2452,2024,DVF
Joch|66,2452,2024,DVF
Joigny,1431,2024,DVF
Joigny-sur-Meuse,1225,2024,DVF
Joigny-sur-Meuse|08,1225,2024,DVF
Joigny|89,1431,2024,DVF
Joinville,858,2024,DVF
Joinville-le-Pont,6037,2024,DVF
Joinville-le-Pont|94,6037,2024,DVF
Joinville|52,858,2024,DVF
Jolivet,1473,2024,DVF
Jolivet|54,1473,2024,DVF
Jonage,3786,2024,DVF
Jonage|69,3786,2024,DVF
Joncels,1556,2024,DVF
Joncels|34,1556,2024,DVF
Joncherey,2106,2024,DVF
Joncherey|90,2106,2024,DVF
Jonchery,1336,2024,DVF
Jonchery-sur-Vesle,2258,2024,DVF
Jonchery-sur-Vesle|51,2258,2024,DVF
Jonchery|52,1336,2024,DVF
Joncy,1213,2024,DVF
Joncy|71,1213,2024,DVF
Jonquerettes,3271,2024,DVF
Jonquerettes|84,3271,2024,DVF
Jonquières,2781,2024,DVF
Jonquières-Saint-Vincent,2253,2024,DVF
Jonquières-Saint-Vincent|30,2253,2024,DVF
Jonquières|34,2454,2024,DVF
Jonquières|60,5659,2024,DVF
Jonquières|84,2781,2024,DVF
Jons,3425,2024,DVF
Jons|69,3425,2024,DVF
Jonzac,1998,2024,DVF
Jonzac|17,1998,2024,DVF
Jonzier-Épagny,4068,2024,DVF
Jonzier-Épagny|74,4068,2024,DVF
Jonzieux,1731,2024,DVF
Jonzieux|42,1731,2024,DVF
Josnes,1322,2024,DVF
Josnes|41,1322,2024,DVF
Josse,2402,2024,DVF
Josselin,1942,2024,DVF
Josselin|56,1942,2024,DVF
Josse|40,2402,2024,DVF
Jossigny,4230,2024,DVF
Jossigny|77,4230,2024,DVF
Jouac,916,2024,DVF
Jouac|87,916,2024,DVF
Jouarre,1920,2024,DVF
Jouarre|77,1920,2024,DVF
Jouars-Pontchartrain,3540,2024,DVF
Jouars-Pontchartrain|78,3540,2024,DVF
Joudes,1378,2024,DVF
Joudes|71,1378,2024,DVF
Joudreville,1058,2024,DVF
Joudreville|54,1058,2024,DVF
Jouet-sur-l'Aubois,1144,2024,DVF
Jouet-sur-l'Aubois|18,1144,2024,DVF
Jougne,3410,2024,DVF
Jougne|25,3410,2024,DVF
Jouhet,877,2024,DVF
Jouhet|86,877,2024,DVF
Jouillat,1454,2024,DVF
Jouillat|23,1454,2024,DVF
Jouques,3612,2024,DVF
Jouques|13,3612,2024,DVF
Jourgnac,1546,2024,DVF
Jourgnac|87,1546,2024,DVF
Journet,1177,2024,DVF
Journet|86,1177,2024,DVF
Joussé,945,2024,DVF
Joussé|86,945,2024,DVF
Jouvençon,1366,2024,DVF
Jouvençon|71,1366,2024,DVF
Joux,2334,2024,DVF
Joux-la-Ville,964,2024,DVF
Joux-la-Ville|89,964,2024,DVF
Joux|69,2334,2024,DVF
Jouy,2559,2024,DVF
Jouy-Mauvoisin,2931,2024,DVF
Jouy-Mauvoisin|78,2931,2024,DVF
Jouy-en-Josas,4780,2024,DVF
Jouy-en-Josas|78,4780,2024,DVF
Jouy-le-Châtel,1979,2024,DVF
Jouy-le-Châtel|77,1979,2024,DVF
Jouy-le-Moutier,3084,2024,DVF
Jouy-le-Moutier|95,3084,2024,DVF
Jouy-le-Potier,2677,2024,DVF
Jouy-le-Potier|45,2677,2024,DVF
Jouy-sous-Thelle,1812,2024,DVF
Jouy-sous-Thelle|60,1812,2024,DVF
Jouy-sur-Morin,2102,2024,DVF
Jouy-sur-Morin|77,2102,2024,DVF
Jouy|28,2559,2024,DVF
Joué-en-Charnie,1116,2024,DVF
Joué-en-Charnie|72,1116,2024,DVF
Joué-l'Abbé,1639,2024,DVF
Joué-l'Abbé|72,1639,2024,DVF
Joué-lès-Tours,2377,2024,DVF
Joué-lès-Tours|37,2377,2024,DVF
Joué-sur-Erdre,2204,2024,DVF
Joué-sur-Erdre|44,2204,2024,DVF
Joyeuse,2059,2024,DVF
Joyeuse|07,2059,2024,DVF
Joze,1875,2024,DVF
Jozerand,1804,2024,DVF
Jozerand|63,1804,2024,DVF
Joze|63,1875,2024,DVF
Jublains,1222,2024,DVF
Jublains|53,1222,2024,DVF
Jugeals-Nazareth,2139,2024,DVF
Jugeals-Nazareth|19,2139,2024,DVF
Jugon-les-Lacs,1913,2024,DVF
Jugon-les-Lacs|22,1913,2024,DVF
Juignac,1114,2024,DVF
Juignac|16,1114,2024,DVF
Juigné-sur-Sarthe,1436,2024,DVF
Juigné-sur-Sarthe|72,1436,2024,DVF
Juillac,1462,2024,DVF
Juillac-le-Coq,1656,2024,DVF
Juillac-le-Coq|16,1656,2024,DVF
Juillac|19,1462,2024,DVF
Juillan,2214,2024,DVF
Juillan|65,2214,2024,DVF
Juilley,1766,2024,DVF
Juilley|50,1766,2024,DVF
Juilly,3027,2024,DVF
Juilly|77,3027,2024,DVF
Juillé,1430,2024,DVF
Juillé|72,1430,2024,DVF
Jujurieux,1664,2024,DVF
Jujurieux|01,1664,2024,DVF
Juliénas,2661,2024,DVF
Juliénas|69,2661,2024,DVF
Jullianges,1209,2024,DVF
Jullianges|43,1209,2024,DVF
Jullouville,3995,2024,DVF
Jullouville|50,3995,2024,DVF
Jumeauville,3144,2024,DVF
Jumeauville|78,3144,2024,DVF
Jumeaux,950,2024,DVF
Jumeaux|63,950,2024,DVF
Jumelles,1950,2024,DVF
Jumelles|27,1950,2024,DVF
Jumilhac-le-Grand,1974,2024,DVF
Jumilhac-le-Grand|24,1974,2024,DVF
Jumièges,1845,2024,DVF
Jumièges|76,1845,2024,DVF
Junas,2957,2024,DVF
Junas|30,2957,2024,DVF
Juniville,1614,2024,DVF
Juniville|08,1614,2024,DVF
Juranville,1561,2024,DVF
Juranville|45,1561,2024,DVF
Jurançon,2047,2024,DVF
Jurançon|64,2047,2024,DVF
Jussac,2021,2024,DVF
Jussac|15,2021,2024,DVF
Jussey,929,2024,DVF
Jussey|70,929,2024,DVF
Jussy,1126,2024,DVF
Jussy-le-Chaudrier,929,2024,DVF
Jussy-le-Chaudrier|18,929,2024,DVF
Jussy|02,1126,2024,DVF
Jussy|89,1264,2024,DVF
Jutigny,1722,2024,DVF
Jutigny|77,1722,2024,DVF
Juvardeil,1926,2024,DVF
Juvardeil|49,1926,2024,DVF
Juvignac,3330,2024,DVF
Juvignac|34,3330,2024,DVF
Juvigny,1738,2024,DVF
Juvigny Val d'Andaine,1228,2024,DVF
Juvigny Val d'Andaine|61,1228,2024,DVF
Juvigny les Vallées,1397,2024,DVF
Juvigny les Vallées|50,1397,2024,DVF
Juvigny|51,1738,2024,DVF
Juvigné,1393,2024,DVF
Juvigné|53,1393,2024,DVF
Juvincourt-et-Damary,1308,2024,DVF
Juvincourt-et-Damary|02,1308,2024,DVF
Juvisy-sur-Orge,3860,2024,DVF
Juvisy-sur-Orge|91,3860,2024,DVF
Juziers,2833,2024,DVF
Juziers|78,2833,2024,DVF
Jâlons,1695,2024,DVF
Jâlons|51,1695,2024,DVF
Jû-Belloc,1238,2024,DVF
Jû-Belloc|32,1238,2024,DVF
Jœuf,1150,2024,DVF
Jœuf|54,1150,2024,DVF
Kerbors,2896,2024,DVF
Kerbors|22,2896,2024,DVF
Kerfot,1857,2024,DVF
Kerfot|22,1857,2024,DVF
Kerfourn,1806,2024,DVF
Kerfourn|56,1806,2024,DVF
Kergloff,961,2024,DVF
Kergloff|29,961,2024,DVF
Kergrist,1543,2024,DVF
Kergrist-Moëlou,1109,2024,DVF
Kergrist-Moëlou|22,1109,2024,DVF
Kergrist|56,1543,2024,DVF
Kerlaz,2715,2024,DVF
Kerlaz|29,2715,2024,DVF
Kerlouan,2457,2024,DVF
Kerlouan|29,2457,2024,DVF
Kermaria-Sulard,2164,2024,DVF
Kermaria-Sulard|22,2164,2024,DVF
Kernascléden,1076,2024,DVF
Kernascléden|56,1076,2024,DVF
Kernilis,1903,2024,DVF
Kernilis|29,1903,2024,DVF
Kerpert,1226,2024,DVF
Kerpert|22,1226,2024,DVF
Kersaint-Plabennec,2112,2024,DVF
Kersaint-Plabennec|29,2112,2024,DVF
Kervignac,2895,2024,DVF
Kervignac|56,2895,2024,DVF
Killem,1427,2024,DVF
Killem|59,1427,2024,DVF
L'Abergement-Sainte-Colombe,1574,2024,DVF
L'Abergement-Sainte-Colombe|71,1574,2024,DVF
L'Abergement-de-Cuisery,1548,2024,DVF
L'Abergement-de-Cuisery|71,1548,2024,DVF
L'Absie,1014,2024,DVF
L'Absie|79,1014,2024,DVF
L'Aigle,1561,2024,DVF
L'Aigle|61,1561,2024,DVF
L'Aiguillon,1220,2024,DVF
L'Aiguillon-la-Presqu'île,2917,2024,DVF
L'Aiguillon-la-Presqu'île|85,2917,2024,DVF
L'Aiguillon-sur-Vie,2758,2024,DVF
L'Aiguillon-sur-Vie|85,2758,2024,DVF
L'Aiguillon|09,1220,2024,DVF
L'Albenc,2187,2024,DVF
L'Albenc|38,2187,2024,DVF
L'Arbresle,2880,2024,DVF
L'Arbresle|69,2880,2024,DVF
L'Argentière-la-Bessée,2822,2024,DVF
L'Argentière-la-Bessée|05,2822,2024,DVF
L'Escale,2339,2024,DVF
L'Escale|04,2339,2024,DVF
L'Escarène,2861,2024,DVF
L'Escarène|06,2861,2024,DVF
L'Habit,2878,2024,DVF
L'Habit|27,2878,2024,DVF
L'Haÿ-les-Roses,4471,2024,DVF
L'Haÿ-les-Roses|94,4471,2024,DVF
L'Herbergement,2279,2024,DVF
L'Herbergement|85,2279,2024,DVF
L'Hermenault,1515,2024,DVF
L'Hermenault|85,1515,2024,DVF
L'Hermitage,2852,2024,DVF
L'Hermitage|35,2852,2024,DVF
L'Honor-de-Cos,2187,2024,DVF
L'Honor-de-Cos|82,2187,2024,DVF
L'Horme,2207,2024,DVF
L'Horme|42,2207,2024,DVF
L'Hospitalet-du-Larzac,898,2024,DVF
L'Hospitalet-du-Larzac|12,898,2024,DVF
L'Houmeau,3766,2024,DVF
L'Houmeau|17,3766,2024,DVF
L'Huisserie,2146,2024,DVF
L'Huisserie|53,2146,2024,DVF
L'Hôpital-du-Grosbois,2219,2024,DVF
L'Hôpital-du-Grosbois|25,2219,2024,DVF
L'Hôpital-le-Grand,2068,2024,DVF
L'Hôpital-le-Grand|42,2068,2024,DVF
L'Hôtellerie,1783,2024,DVF
L'Hôtellerie|14,1783,2024,DVF
L'Isle-Adam,4345,2024,DVF
L'Isle-Adam|95,4345,2024,DVF
L'Isle-Jourdain,2553,2024,DVF
L'Isle-Jourdain|32,2553,2024,DVF
L'Isle-Jourdain|86,996,2024,DVF
L'Isle-d'Abeau,2585,2024,DVF
L'Isle-d'Abeau|38,2585,2024,DVF
L'Isle-d'Espagnac,1751,2024,DVF
L'Isle-d'Espagnac|16,1751,2024,DVF
L'Isle-de-Noé,1074,2024,DVF
L'Isle-de-Noé|32,1074,2024,DVF
L'Isle-en-Dodon,1226,2024,DVF
L'Isle-en-Dodon|31,1226,2024,DVF
L'Isle-en-Rigault,1234,2024,DVF
L'Isle-en-Rigault|55,1234,2024,DVF
L'Isle-sur-Serein,1297,2024,DVF
L'Isle-sur-Serein|89,1297,2024,DVF
L'Isle-sur-la-Sorgue,3948,2024,DVF
L'Isle-sur-la-Sorgue|84,3948,2024,DVF
L'Isle-sur-le-Doubs,1205,2024,DVF
L'Isle-sur-le-Doubs|25,1205,2024,DVF
L'Orbrie,1649,2024,DVF
L'Orbrie|85,1649,2024,DVF
L'Orée-d'Écouves,1376,2024,DVF
L'Orée-d'Écouves|61,1376,2024,DVF
L'Union,3186,2024,DVF
L'Union|31,3186,2024,DVF
L'Éguille,1781,2024,DVF
L'Éguille|17,1781,2024,DVF
L'Épine,4866,2024,DVF
L'Épine|85,4866,2024,DVF
L'Étang-la-Ville,5364,2024,DVF
L'Étang-la-Ville|78,5364,2024,DVF
L'Étoile,968,2024,DVF
L'Étoile|80,968,2024,DVF
L'Étrat,2520,2024,DVF
L'Étrat|42,2520,2024,DVF
L'Île-Bouchard,1540,2024,DVF
L'Île-Bouchard|37,1540,2024,DVF
L'Île-Rousse,4431,2024,DVF
L'Île-Rousse|2B,4431,2024,DVF
L'Île-Saint-Denis,4214,2024,DVF
L'Île-Saint-Denis|93,4214,2024,DVF
L'Île-d'Elle,1522,2024,DVF
L'Île-d'Elle|85,1522,2024,DVF
L'Île-d'Olonne,3047,2024,DVF
L'Île-d'Olonne|85,3047,2024,DVF
L'Île-d'Yeu,7091,2024,DVF
L'Île-d'Yeu|85,7091,2024,DVF
La Bachellerie,1536,2024,DVF
La Bachellerie|24,1536,2024,DVF
La Baconnière,1577,2024,DVF
La Baconnière|53,1577,2024,DVF
La Baffe,1983,2024,DVF
La Baffe|88,1983,2024,DVF
La Balme-de-Sillingy,4419,2024,DVF
La Balme-de-Sillingy|74,4419,2024,DVF
La Balme-les-Grottes,3378,2024,DVF
La Balme-les-Grottes|38,3378,2024,DVF
La Barben,4127,2024,DVF
La Barben|13,4127,2024,DVF
La Barre-de-Monts,2933,2024,DVF
La Barre-de-Monts|85,2933,2024,DVF
La Barre-de-Semilly,1712,2024,DVF
La Barre-de-Semilly|50,1712,2024,DVF
La Barthe-de-Neste,1676,2024,DVF
La Barthe-de-Neste|65,1676,2024,DVF
La Bassée,2050,2024,DVF
La Bassée|59,2050,2024,DVF
La Bastide,2432,2024,DVF
La Bastide-Clairence,3915,2024,DVF
La Bastide-Clairence|64,3915,2024,DVF
La Bastide-Solages,1098,2024,DVF
La Bastide-Solages|12,1098,2024,DVF
La Bastide-d'Engras,3529,2024,DVF
La Bastide-d'Engras|30,3529,2024,DVF
La Bastide-de-Besplas,1156,2024,DVF
La Bastide-de-Besplas|09,1156,2024,DVF
La Bastide-de-Bousignac,1202,2024,DVF
La Bastide-de-Bousignac|09,1202,2024,DVF
La Bastide-de-Sérou,1901,2024,DVF
La Bastide-de-Sérou|09,1901,2024,DVF
La Bastide-des-Jourdans,3026,2024,DVF
La Bastide-des-Jourdans|84,3026,2024,DVF
La Bastide-sur-l'Hers,1281,2024,DVF
La Bastide-sur-l'Hers|09,1281,2024,DVF
La Bastide|83,2432,2024,DVF
La Bastidonne,3873,2024,DVF
La Bastidonne|84,3873,2024,DVF
La Bauche,2222,2024,DVF
La Bauche|73,2222,2024,DVF
La Baule-Escoublac,6644,2024,DVF
La Baule-Escoublac|44,6644,2024,DVF
La Baume-de-Transit,2780,2024,DVF
La Baume-de-Transit|26,2780,2024,DVF
La Baussaine,2289,2024,DVF
La Baussaine|35,2289,2024,DVF
La Bazoche-Gouet,1181,2024,DVF
La Bazoche-Gouet|28,1181,2024,DVF
La Bazoge,1983,2024,DVF
La Bazoge-Montpinçon,1323,2024,DVF
La Bazoge-Montpinçon|53,1323,2024,DVF
La Bazoge|72,1983,2024,DVF
La Bazouge-de-Chemeré,1135,2024,DVF
La Bazouge-de-Chemeré|53,1135,2024,DVF
La Bazouge-des-Alleux,1528,2024,DVF
La Bazouge-des-Alleux|53,1528,2024,DVF
La Bazouge-du-Désert,1317,2024,DVF
La Bazouge-du-Désert|35,1317,2024,DVF
La Bernerie-en-Retz,4561,2024,DVF
La Bernerie-en-Retz|44,4561,2024,DVF
La Biolle,3906,2024,DVF
La Biolle|73,3906,2024,DVF
La Bloutière,1666,2024,DVF
La Bloutière|50,1666,2024,DVF
La Boisse,2900,2024,DVF
La Boisse|01,2900,2024,DVF
La Boissière,3685,2024,DVF
La Boissière-de-Montaigu,1714,2024,DVF
La Boissière-de-Montaigu|85,1714,2024,DVF
La Boissière-des-Landes,2034,2024,DVF
La Boissière-des-Landes|85,2034,2024,DVF
La Boissière-du-Doré,1518,2024,DVF
La Boissière-du-Doré|44,1518,2024,DVF
La Boissière|34,3685,2024,DVF
La Boixe,1719,2024,DVF
La Boixe|16,1719,2024,DVF
La Bollène-Vésubie,2739,2024,DVF
La Bollène-Vésubie|06,2739,2024,DVF
La Bonneville-sur-Iton,2140,2024,DVF
La Bonneville-sur-Iton|27,2140,2024,DVF
La Bosse-de-Bretagne,1806,2024,DVF
La Bosse-de-Bretagne|35,1806,2024,DVF
La Bouilladisse,4523,2024,DVF
La Bouilladisse|13,4523,2024,DVF
La Bouille,1988,2024,DVF
La Bouille|76,1988,2024,DVF
La Bouillie,2374,2024,DVF
La Bouillie|22,2374,2024,DVF
La Bourboule,1843,2024,DVF
La Bourboule|63,1843,2024,DVF
La Bourdinière-Saint-Loup,1561,2024,DVF
La Bourdinière-Saint-Loup|28,1561,2024,DVF
La Bourgonce,1551,2024,DVF
La Bourgonce|88,1551,2024,DVF
La Boussac,1874,2024,DVF
La Boussac|35,1874,2024,DVF
La Bouëxière,2000,2024,DVF
La Bouëxière|35,2000,2024,DVF
La Breille-les-Pins,1638,2024,DVF
La Breille-les-Pins|49,1638,2024,DVF
La Bresse,2387,2024,DVF
La Bresse|88,2387,2024,DVF
La Bretonnière-la-Claye,1877,2024,DVF
La Bretonnière-la-Claye|85,1877,2024,DVF
La Bridoire,1598,2024,DVF
La Bridoire|73,1598,2024,DVF
La Brigue,1467,2024,DVF
La Brigue|06,1467,2024,DVF
La Brosse-Montceaux,2302,2024,DVF
La Brosse-Montceaux|77,2302,2024,DVF
La Bruffière,2055,2024,DVF
La Bruffière|85,2055,2024,DVF
La Bruguière,2775,2024,DVF
La Bruguière|30,2775,2024,DVF
La Brède,3164,2024,DVF
La Brède|33,3164,2024,DVF
La Brée-les-Bains,5093,2024,DVF
La Brée-les-Bains|17,5093,2024,DVF
La Brûlatte,1866,2024,DVF
La Brûlatte|53,1866,2024,DVF
La Buisse,3156,2024,DVF
La Buisse|38,3156,2024,DVF
La Buissière,2718,2024,DVF
La Buissière|38,2718,2024,DVF
La Bussière,1081,2024,DVF
La Bussière|45,1081,2024,DVF
La Bâthie,2312,2024,DVF
La Bâthie|73,2312,2024,DVF
La Bâtie-Montgascon,2011,2024,DVF
La Bâtie-Montgascon|38,2011,2024,DVF
La Bâtie-Neuve,2871,2024,DVF
La Bâtie-Neuve|05,2871,2024,DVF
La Bâtie-Rolland,2317,2024,DVF
La Bâtie-Rolland|26,2317,2024,DVF
La Bégude-de-Mazenc,2734,2024,DVF
La Bégude-de-Mazenc|26,2734,2024,DVF
La Bénisson-Dieu,1689,2024,DVF
La Bénisson-Dieu|42,1689,2024,DVF
La Cabanasse,3640,2024,DVF
La Cabanasse|66,3640,2024,DVF
La Cadière-d'Azur,6024,2024,DVF
La Cadière-d'Azur|83,6024,2024,DVF
La Caillère-Saint-Hilaire,1249,2024,DVF
La Caillère-Saint-Hilaire|85,1249,2024,DVF
La Caine,1947,2024,DVF
La Caine|14,1947,2024,DVF
La Calmette,2373,2024,DVF
La Calmette|30,2373,2024,DVF
La Cambe,1305,2024,DVF
La Cambe|14,1305,2024,DVF
La Canourgue,1567,2024,DVF
La Canourgue|48,1567,2024,DVF
La Capelle,863,2024,DVF
La Capelle-Balaguier,1469,2024,DVF
La Capelle-Balaguier|12,1469,2024,DVF
La Capelle-Bleys,2195,2024,DVF
La Capelle-Bleys|12,2195,2024,DVF
La Capelle-et-Masmolène,2467,2024,DVF
La Capelle-et-Masmolène|30,2467,2024,DVF
La Capelle-lès-Boulogne,2403,2024,DVF
La Capelle-lès-Boulogne|62,2403,2024,DVF
La Capelle|02,863,2024,DVF
La Caunette,1480,2024,DVF
La Caunette|34,1480,2024,DVF
La Cavalerie,1682,2024,DVF
La Cavalerie|12,1682,2024,DVF
La Celette,1090,2024,DVF
La Celette|18,1090,2024,DVF
La Celle,2806,2024,DVF
La Celle-Dunoise,846,2024,DVF
La Celle-Dunoise|23,846,2024,DVF
La Celle-Saint-Avant,1348,2024,DVF
La Celle-Saint-Avant|37,1348,2024,DVF
La Celle-Saint-Cloud,5180,2024,DVF
La Celle-Saint-Cloud|78,5180,2024,DVF
La Celle-Saint-Cyr,1237,2024,DVF
La Celle-Saint-Cyr|89,1237,2024,DVF
La Celle-les-Bordes,3352,2024,DVF
La Celle-les-Bordes|78,3352,2024,DVF
La Celle-sous-Chantemerle,1333,2024,DVF
La Celle-sous-Chantemerle|51,1333,2024,DVF
La Celle-sur-Loire,1451,2024,DVF
La Celle-sur-Loire|58,1451,2024,DVF
La Celle-sur-Morin,2467,2024,DVF
La Celle-sur-Morin|77,2467,2024,DVF
La Cellette,745,2024,DVF
La Cellette|23,745,2024,DVF
La Celle|03,1181,2024,DVF
La Celle|83,2806,2024,DVF
La Cerlangue,2306,2024,DVF
La Cerlangue|76,2306,2024,DVF
La Chabanne,1583,2024,DVF
La Chabanne|03,1583,2024,DVF
La Chailleuse,1584,2024,DVF
La Chailleuse|39,1584,2024,DVF
La Chaise-Dieu,1293,2024,DVF
La Chaise-Dieu|43,1293,2024,DVF
La Chaize-Giraud,2254,2024,DVF
La Chaize-Giraud|85,2254,2024,DVF
La Chaize-le-Vicomte,2067,2024,DVF
La Chaize-le-Vicomte|85,2067,2024,DVF
La Chambre,2166,2024,DVF
La Chambre|73,2166,2024,DVF
La Chapelaude,1112,2024,DVF
La Chapelaude|03,1112,2024,DVF
La Chapelle,1589,2024,DVF
La Chapelle du Lou du Lac,1902,2024,DVF
La Chapelle du Lou du Lac|35,1902,2024,DVF
La Chapelle-Agnon,1206,2024,DVF
La Chapelle-Agnon|63,1206,2024,DVF
La Chapelle-Anthenaise,1697,2024,DVF
La Chapelle-Anthenaise|53,1697,2024,DVF
La Chapelle-Aubareil,2583,2024,DVF
La Chapelle-Aubareil|24,2583,2024,DVF
La Chapelle-Bayvel,2298,2024,DVF
La Chapelle-Bayvel|27,2298,2024,DVF
La Chapelle-Bertrand,1362,2024,DVF
La Chapelle-Bertrand|79,1362,2024,DVF
La Chapelle-Blanche-Saint-Martin,1214,2024,DVF
La Chapelle-Blanche-Saint-Martin|37,1214,2024,DVF
La Chapelle-Bouëxic,1991,2024,DVF
La Chapelle-Bouëxic|35,1991,2024,DVF
La Chapelle-Bâton,942,2024,DVF
La Chapelle-Bâton|86,942,2024,DVF
La Chapelle-Chaussée,2123,2024,DVF
La Chapelle-Chaussée|35,2123,2024,DVF
La Chapelle-Craonnaise,1205,2024,DVF
La Chapelle-Craonnaise|53,1205,2024,DVF
La Chapelle-Fleurigné,1746,2024,DVF
La Chapelle-Fleurigné|35,1746,2024,DVF
La Chapelle-Fortin,1428,2024,DVF
La Chapelle-Fortin|28,1428,2024,DVF
La Chapelle-Gauthier,2268,2024,DVF
La Chapelle-Gauthier|77,2268,2024,DVF
La Chapelle-Glain,1499,2024,DVF
La Chapelle-Glain|44,1499,2024,DVF
La Chapelle-Gonaguet,1887,2024,DVF
La Chapelle-Gonaguet|24,1887,2024,DVF
La Chapelle-Grésignac,1022,2024,DVF
La Chapelle-Grésignac|24,1022,2024,DVF
La Chapelle-Hermier,2308,2024,DVF
La Chapelle-Hermier|85,2308,2024,DVF
La Chapelle-Heulin,2939,2024,DVF
La Chapelle-Heulin|44,2939,2024,DVF
La Chapelle-Hugon,1027,2024,DVF
La Chapelle-Hugon|18,1027,2024,DVF
La Chapelle-Huon,1409,2024,DVF
La Chapelle-Huon|72,1409,2024,DVF
La Chapelle-Launay,2384,2024,DVF
La Chapelle-Launay|44,2384,2024,DVF
La Chapelle-Longueville,2266,2024,DVF
La Chapelle-Longueville|27,2266,2024,DVF
La Chapelle-Montbrandeix,2592,2024,DVF
La Chapelle-Montbrandeix|87,2592,2024,DVF
La Chapelle-Montlinard,1211,2024,DVF
La Chapelle-Montlinard|18,1211,2024,DVF
La Chapelle-Montmartin,1586,2024,DVF
La Chapelle-Montmartin|41,1586,2024,DVF
La Chapelle-Moulière,2216,2024,DVF
La Chapelle-Moulière|86,2216,2024,DVF
La Chapelle-Naude,1428,2024,DVF
La Chapelle-Naude|71,1428,2024,DVF
La Chapelle-Neuve,2081,2024,DVF
La Chapelle-Neuve|22,830,2024,DVF
La Chapelle-Neuve|56,2081,2024,DVF
La Chapelle-Palluau,1817,2024,DVF
La Chapelle-Palluau|85,1817,2024,DVF
La Chapelle-Rablais,2547,2024,DVF
La Chapelle-Rablais|77,2547,2024,DVF
La Chapelle-Saint-Aubert,1937,2024,DVF
La Chapelle-Saint-Aubert|35,1937,2024,DVF
La Chapelle-Saint-Aubin,2289,2024,DVF
La Chapelle-Saint-Aubin|72,2289,2024,DVF
La Chapelle-Saint-Laud,1838,2024,DVF
La Chapelle-Saint-Laud|49,1838,2024,DVF
La Chapelle-Saint-Laurent,1335,2024,DVF
La Chapelle-Saint-Laurent|79,1335,2024,DVF
La Chapelle-Saint-Luc,1647,2024,DVF
La Chapelle-Saint-Luc|10,1647,2024,DVF
La Chapelle-Saint-Martin-en-Plaine,1549,2024,DVF
La Chapelle-Saint-Martin-en-Plaine|41,1549,2024,DVF
La Chapelle-Saint-Mesmin,2400,2024,DVF
La Chapelle-Saint-Mesmin|45,2400,2024,DVF
La Chapelle-Saint-Rémy,1749,2024,DVF
La Chapelle-Saint-Rémy|72,1749,2024,DVF
La Chapelle-Saint-Sauveur,1563,2024,DVF
La Chapelle-Saint-Sauveur|71,1563,2024,DVF
La Chapelle-Saint-Ursin,1609,2024,DVF
La Chapelle-Saint-Ursin|18,1609,2024,DVF
La Chapelle-Souëf,2037,2024,DVF
La Chapelle-Souëf|61,2037,2024,DVF
La Chapelle-Taillefert,1195,2024,DVF
La Chapelle-Taillefert|23,1195,2024,DVF
La Chapelle-Thouarault,2527,2024,DVF
La Chapelle-Thouarault|35,2527,2024,DVF
La Chapelle-Thècle,1234,2024,DVF
La Chapelle-Thècle|71,1234,2024,DVF
La Chapelle-Thémer,1978,2024,DVF
La Chapelle-Thémer|85,1978,2024,DVF
La Chapelle-Vendômoise,1649,2024,DVF
La Chapelle-Vendômoise|41,1649,2024,DVF
La Chapelle-au-Moine,1784,2024,DVF
La Chapelle-au-Moine|61,1784,2024,DVF
La Chapelle-au-Riboul,1050,2024,DVF
La Chapelle-au-Riboul|53,1050,2024,DVF
La Chapelle-aux-Bois,1018,2024,DVF
La Chapelle-aux-Bois|88,1018,2024,DVF
La Chapelle-aux-Brocs,2335,2024,DVF
La Chapelle-aux-Brocs|19,2335,2024,DVF
La Chapelle-aux-Filtzméens,1583,2024,DVF
La Chapelle-aux-Filtzméens|35,1583,2024,DVF
La Chapelle-d'Abondance,4311,2024,DVF
La Chapelle-d'Abondance|74,4311,2024,DVF
La Chapelle-d'Aligné,1325,2024,DVF
La Chapelle-d'Aligné|72,1325,2024,DVF
La Chapelle-d'Angillon,1197,2024,DVF
La Chapelle-d'Angillon|18,1197,2024,DVF
La Chapelle-d'Armentières,2508,2024,DVF
La Chapelle-d'Armentières|59,2508,2024,DVF
La Chapelle-d'Aunainville,1808,2024,DVF
La Chapelle-d'Aunainville|28,1808,2024,DVF
La Chapelle-d'Aurec,2717,2024,DVF
La Chapelle-d'Aurec|43,2717,2024,DVF
La Chapelle-de-Bragny,2234,2024,DVF
La Chapelle-de-Bragny|71,2234,2024,DVF
La Chapelle-de-Brain,1387,2024,DVF
La Chapelle-de-Brain|35,1387,2024,DVF
La Chapelle-de-Guinchay,2187,2024,DVF
La Chapelle-de-Guinchay|71,2187,2024,DVF
La Chapelle-de-Surieu,2266,2024,DVF
La Chapelle-de-Surieu|38,2266,2024,DVF
La Chapelle-de-la-Tour,2174,2024,DVF
La Chapelle-de-la-Tour|38,2174,2024,DVF
La Chapelle-des-Fougeretz,3175,2024,DVF
La Chapelle-des-Fougeretz|35,3175,2024,DVF
La Chapelle-des-Marais,2430,2024,DVF
La Chapelle-des-Marais|44,2430,2024,DVF
La Chapelle-des-Pots,2122,2024,DVF
La Chapelle-des-Pots|17,2122,2024,DVF
La Chapelle-devant-Bruyères,1313,2024,DVF
La Chapelle-devant-Bruyères|88,1313,2024,DVF
La Chapelle-du-Bard,2562,2024,DVF
La Chapelle-du-Bard|38,2562,2024,DVF
La Chapelle-du-Bois,1330,2024,DVF
La Chapelle-du-Bois-des-Faulx,2368,2024,DVF
La Chapelle-du-Bois-des-Faulx|27,2368,2024,DVF
La Chapelle-du-Bois|72,1330,2024,DVF
La Chapelle-du-Noyer,1498,2024,DVF
La Chapelle-du-Noyer|28,1498,2024,DVF
La Chapelle-en-Serval,3171,2024,DVF
La Chapelle-en-Serval|60,3171,2024,DVF
La Chapelle-en-Vercors,2164,2024,DVF
La Chapelle-en-Vercors|26,2164,2024,DVF
La Chapelle-la-Reine,2495,2024,DVF
La Chapelle-la-Reine|77,2495,2024,DVF
La Chapelle-sous-Dun,876,2024,DVF
La Chapelle-sous-Dun|71,876,2024,DVF
La Chapelle-sur-Aveyron,1191,2024,DVF
La Chapelle-sur-Aveyron|45,1191,2024,DVF
La Chapelle-sur-Erdre,3376,2024,DVF
La Chapelle-sur-Erdre|44,3376,2024,DVF
La Chapelle-sur-Loire,1662,2024,DVF
La Chapelle-sur-Loire|37,1662,2024,DVF
La Chapelle-sur-Oreuse,1098,2024,DVF
La Chapelle-sur-Oreuse|89,1098,2024,DVF
La Chapelle|03,1589,2024,DVF
La Chapelle|73,1874,2024,DVF
La Charité-sur-Loire,1172,2024,DVF
La Charité-sur-Loire|58,1172,2024,DVF
La Chartre-sur-le-Loir,1201,2024,DVF
La Chartre-sur-le-Loir|72,1201,2024,DVF
La Chaussée,1654,2024,DVF
La Chaussée-Saint-Victor,2088,2024,DVF
La Chaussée-Saint-Victor|41,2088,2024,DVF
La Chaussée-Tirancourt,2078,2024,DVF
La Chaussée-Tirancourt|80,2078,2024,DVF
La Chaussée-d'Ivry,2523,2024,DVF
La Chaussée-d'Ivry|28,2523,2024,DVF
La Chaussée-sur-Marne,1545,2024,DVF
La Chaussée-sur-Marne|51,1545,2024,DVF
La Chaussée|76,1654,2024,DVF
La Chaux,2741,2024,DVF
La Chaux-du-Dombief,1895,2024,DVF
La Chaux-du-Dombief|39,1895,2024,DVF
La Chaux|25,2741,2024,DVF
La Chavanne,3360,2024,DVF
La Chavanne|73,3360,2024,DVF
La Chevallerais,2451,2024,DVF
La Chevallerais|44,2451,2024,DVF
La Chevrolière,2687,2024,DVF
La Chevrolière|44,2687,2024,DVF
La Châtaigneraie,1315,2024,DVF
La Châtaigneraie|85,1315,2024,DVF
La Châtre,1126,2024,DVF
La Châtre-Langlin,860,2024,DVF
La Châtre-Langlin|36,860,2024,DVF
La Châtre|36,1126,2024,DVF
La Chèze,1138,2024,DVF
La Chèze|22,1138,2024,DVF
La Ciotat,5491,2024,DVF
La Ciotat|13,5491,2024,DVF
La Clayette,1414,2024,DVF
La Clayette|71,1414,2024,DVF
La Clisse,1949,2024,DVF
La Clisse|17,1949,2024,DVF
La Clotte,1443,2024,DVF
La Clotte|17,1443,2024,DVF
La Clusaz,8713,2024,DVF
La Clusaz|74,8713,2024,DVF
La Cluse-et-Mijoux,3136,2024,DVF
La Cluse-et-Mijoux|25,3136,2024,DVF
La Colle-sur-Loup,5909,2024,DVF
La Colle-sur-Loup|06,5909,2024,DVF
La Colombe,1572,2024,DVF
La Colombe|50,1572,2024,DVF
La Combe-de-Lancey,3365,2024,DVF
La Combe-de-Lancey|38,3365,2024,DVF
La Comté,1332,2024,DVF
La Comté|62,1332,2024,DVF
La Copechagnière,2467,2024,DVF
La Copechagnière|85,2467,2024,DVF
La Coquille,1910,2024,DVF
La Coquille|24,1910,2024,DVF
La Corne-en-Vexin,2376,2024,DVF
La Corne-en-Vexin|60,2376,2024,DVF
La Couarde-sur-Mer,7621,2024,DVF
La Couarde-sur-Mer|17,7621,2024,DVF
La Coucourde,2568,2024,DVF
La Coucourde|26,2568,2024,DVF
La Courneuve,3235,2024,DVF
La Courneuve|93,3235,2024,DVF
La Couronne,1663,2024,DVF
La Couronne|16,1663,2024,DVF
La Couture,2304,2024,DVF
La Couture-Boussey,2705,2024,DVF
La Couture-Boussey|27,2705,2024,DVF
La Couture|62,2304,2024,DVF
La Couvertoirade,1578,2024,DVF
La Couvertoirade|12,1578,2024,DVF
La Crau,4350,2024,DVF
La Crau|83,4350,2024,DVF
La Cresse,2277,2024,DVF
La Cresse|12,2277,2024,DVF
La Croisille-sur-Briance,1639,2024,DVF
La Croisille-sur-Briance|87,1639,2024,DVF
La Croix-Blanche,1922,2024,DVF
La Croix-Blanche|47,1922,2024,DVF
La Croix-Helléan,1774,2024,DVF
La Croix-Helléan|56,1774,2024,DVF
La Croix-Valmer,7922,2024,DVF
La Croix-Valmer|83,7922,2024,DVF
La Croix-aux-Mines,1416,2024,DVF
La Croix-aux-Mines|88,1416,2024,DVF
La Croix-de-la-Rochette,3109,2024,DVF
La Croix-de-la-Rochette|73,3109,2024,DVF
La Croix-en-Brie,2097,2024,DVF
La Croix-en-Brie|77,2097,2024,DVF
La Croix-en-Touraine,2067,2024,DVF
La Croix-en-Touraine|37,2067,2024,DVF
La Croix-sur-Gartempe,934,2024,DVF
La Croix-sur-Gartempe|87,934,2024,DVF
La Croixille,1182,2024,DVF
La Croixille|53,1182,2024,DVF
La Crèche,1740,2024,DVF
La Crèche|79,1740,2024,DVF
La Côte,1877,2024,DVF
La Côte-Saint-André,2406,2024,DVF
La Côte-Saint-André|38,2406,2024,DVF
La Côte-Saint-Didier,729,2024,DVF
La Côte-Saint-Didier|42,729,2024,DVF
La Côte-d'Arbroz,6336,2024,DVF
La Côte-d'Arbroz|74,6336,2024,DVF
La Côte|70,1877,2024,DVF
La Destrousse,3860,2024,DVF
La Destrousse|13,3860,2024,DVF
La Devise,2169,2024,DVF
La Devise|17,2169,2024,DVF
La Digne-d'Amont,1606,2024,DVF
La Digne-d'Amont|11,1606,2024,DVF
La Digne-d'Aval,1417,2024,DVF
La Digne-d'Aval|11,1417,2024,DVF
La Dominelais,2105,2024,DVF
La Dominelais|35,2105,2024,DVF
La Dorée,1007,2024,DVF
La Dorée|53,1007,2024,DVF
La Drenne,2248,2024,DVF
La Drenne|60,2248,2024,DVF
La Falaise,2863,2024,DVF
La Falaise|78,2863,2024,DVF
La Faloise,1085,2024,DVF
La Faloise|80,1085,2024,DVF
La Fare-les-Oliviers,4015,2024,DVF
La Fare-les-Oliviers|13,4015,2024,DVF
La Farlède,3925,2024,DVF
La Farlède|83,3925,2024,DVF
La Faye,1047,2024,DVF
La Faye|16,1047,2024,DVF
La Fermeté,1395,2024,DVF
La Fermeté|58,1395,2024,DVF
La Ferrière,2241,2024,DVF
La Ferrière-Bochard,1420,2024,DVF
La Ferrière-Bochard|61,1420,2024,DVF
La Ferrière-au-Doyen,1361,2024,DVF
La Ferrière-au-Doyen|61,1361,2024,DVF
La Ferrière-aux-Étangs,979,2024,DVF
La Ferrière-aux-Étangs|61,979,2024,DVF
La Ferrière-en-Parthenay,1253,2024,DVF
La Ferrière-en-Parthenay|79,1253,2024,DVF
La Ferrière|85,2241,2024,DVF
La Ferté Macé,1266,2024,DVF
La Ferté Macé|61,1266,2024,DVF
La Ferté-Alais,2744,2024,DVF
La Ferté-Alais|91,2744,2024,DVF
La Ferté-Bernard,1718,2024,DVF
La Ferté-Bernard|72,1718,2024,DVF
La Ferté-Chevresis,1055,2024,DVF
La Ferté-Chevresis|02,1055,2024,DVF
La Ferté-Gaucher,1848,2024,DVF
La Ferté-Gaucher|77,1848,2024,DVF
La Ferté-Imbault,1364,2024,DVF
La Ferté-Imbault|41,1364,2024,DVF
La Ferté-Loupière,1301,2024,DVF
La Ferté-Loupière|89,1301,2024,DVF
La Ferté-Milon,1955,2024,DVF
La Ferté-Milon|02,1955,2024,DVF
La Ferté-Saint-Aubin,2102,2024,DVF
La Ferté-Saint-Aubin|45,2102,2024,DVF
La Ferté-Saint-Cyr,1709,2024,DVF
La Ferté-Saint-Cyr|41,1709,2024,DVF
La Ferté-Saint-Samson,1492,2024,DVF
La Ferté-Saint-Samson|76,1492,2024,DVF
La Ferté-Vidame,1163,2024,DVF
La Ferté-Vidame|28,1163,2024,DVF
La Ferté-en-Ouche,1471,2024,DVF
La Ferté-en-Ouche|61,1471,2024,DVF
La Ferté-sous-Jouarre,2395,2024,DVF
La Ferté-sous-Jouarre|77,2395,2024,DVF
La Feuillade,2083,2024,DVF
La Feuillade|24,2083,2024,DVF
La Feuillie,1931,2024,DVF
La Feuillie|50,1887,2024,DVF
La Feuillie|76,1931,2024,DVF
La Feuillée,1264,2024,DVF
La Feuillée|29,1264,2024,DVF
La Flamengrie,1142,2024,DVF
La Flamengrie|02,1142,2024,DVF
La Flamengrie|59,2455,2024,DVF
La Flotte,7456,2024,DVF
La Flotte|17,7456,2024,DVF
La Flèche,1788,2024,DVF
La Flèche|72,1788,2024,DVF
La Fontaine-Saint-Martin,1090,2024,DVF
La Fontaine-Saint-Martin|72,1090,2024,DVF
La Force,1751,2024,DVF
La Force|24,1751,2024,DVF
La Forest-Landerneau,2341,2024,DVF
La Forest-Landerneau|29,2341,2024,DVF
La Forge,1804,2024,DVF
La Forge|88,1804,2024,DVF
La Forêt-Fouesnant,3688,2024,DVF
La Forêt-Fouesnant|29,3688,2024,DVF
La Forêt-sur-Sèvre,1008,2024,DVF
La Forêt-sur-Sèvre|79,1008,2024,DVF
La Fouillade,2003,2024,DVF
La Fouillade|12,2003,2024,DVF
La Fouillouse,2391,2024,DVF
La Fouillouse|42,2391,2024,DVF
La Foye-Monjault,1051,2024,DVF
La Foye-Monjault|79,1051,2024,DVF
La Framboisière,1627,2024,DVF
La Framboisière|28,1627,2024,DVF
La Francheville,1721,2024,DVF
La Francheville|08,1721,2024,DVF
La Freissinouse,2912,2024,DVF
La Freissinouse|05,2912,2024,DVF
La Fresnais,2307,2024,DVF
La Fresnais|35,2307,2024,DVF
La Frette,2206,2024,DVF
La Frette-sur-Seine,4248,2024,DVF
La Frette-sur-Seine|95,4248,2024,DVF
La Frette|38,2206,2024,DVF
La Frette|71,1819,2024,DVF
La Frénaye,1818,2024,DVF
La Frénaye|76,1818,2024,DVF
La Fère,835,2024,DVF
La Fère|02,835,2024,DVF
La Gacilly,1596,2024,DVF
La Gacilly|56,1596,2024,DVF
La Gaillarde,1844,2024,DVF
La Gaillarde|76,1844,2024,DVF
La Garde,3749,2024,DVF
La Garde-Adhémar,2511,2024,DVF
La Garde-Adhémar|26,2511,2024,DVF
La Garde-Freinet,5116,2024,DVF
La Garde-Freinet|83,5116,2024,DVF
La Garde|04,1560,2024,DVF
La Garde|83,3749,2024,DVF
La Garenne-Colombes,6731,2024,DVF
La Garenne-Colombes|92,6731,2024,DVF
La Garnache,2308,2024,DVF
La Garnache|85,2308,2024,DVF
La Gaubretière,2094,2024,DVF
La Gaubretière|85,2094,2024,DVF
La Gaude,5211,2024,DVF
La Gaude|06,5211,2024,DVF
La Genevraye,2705,2024,DVF
La Genevraye|77,2705,2024,DVF
La Geneytouse,1430,2024,DVF
La Geneytouse|87,1430,2024,DVF
La Genétouze,2058,2024,DVF
La Genétouze|85,2058,2024,DVF
La Genête,1127,2024,DVF
La Genête|71,1127,2024,DVF
La Giettaz,3828,2024,DVF
La Giettaz|73,3828,2024,DVF
La Gorgue,1798,2024,DVF
La Gorgue|59,1798,2024,DVF
La Gouesnière,2966,2024,DVF
La Gouesnière|35,2966,2024,DVF
La Grand-Combe,1148,2024,DVF
La Grand-Combe|30,1148,2024,DVF
La Grand-Croix,2379,2024,DVF
La Grand-Croix|42,2379,2024,DVF
La Grande-Motte,5649,2024,DVF
La Grande-Motte|34,5649,2024,DVF
La Grande-Paroisse,2077,2024,DVF
La Grande-Paroisse|77,2077,2024,DVF
La Grande-Verrière,1372,2024,DVF
La Grande-Verrière|71,1372,2024,DVF
La Grandville,1609,2024,DVF
La Grandville|08,1609,2024,DVF
La Grave,3420,2024,DVF
La Gravelle,1523,2024,DVF
La Gravelle|53,1523,2024,DVF
La Grave|05,3420,2024,DVF
La Gresle,1046,2024,DVF
La Gresle|42,1046,2024,DVF
La Grigonnais,2200,2024,DVF
La Grigonnais|44,2200,2024,DVF
La Gripperie-Saint-Symphorien,2073,2024,DVF
La Gripperie-Saint-Symphorien|17,2073,2024,DVF
La Grée-Saint-Laurent,1562,2024,DVF
La Grée-Saint-Laurent|56,1562,2024,DVF
La Guerche-de-Bretagne,1532,2024,DVF
La Guerche-de-Bretagne|35,1532,2024,DVF
La Guerche-sur-l'Aubois,1231,2024,DVF
La Guerche-sur-l'Aubois|18,1231,2024,DVF
La Guiche,1925,2024,DVF
La Guiche|71,1925,2024,DVF
La Guierche,1905,2024,DVF
La Guierche|72,1905,2024,DVF
La Guérinière,4121,2024,DVF
La Guérinière|85,4121,2024,DVF
La Hague,2400,2024,DVF
La Hague|50,2400,2024,DVF
La Haie-Fouassière,2900,2024,DVF
La Haie-Fouassière|44,2900,2024,DVF
La Harengère,1951,2024,DVF
La Harengère|27,1951,2024,DVF
La Harmoye,1446,2024,DVF
La Harmoye|22,1446,2024,DVF
La Haye,2015,2024,DVF
La Haye-Bellefond,1321,2024,DVF
La Haye-Bellefond|50,1321,2024,DVF
La Haye-Malherbe,1706,2024,DVF
La Haye-Malherbe|27,1706,2024,DVF
La Haye-Pesnel,1364,2024,DVF
La Haye-Pesnel|50,1364,2024,DVF
La Haye-Saint-Sylvestre,1402,2024,DVF
La Haye-Saint-Sylvestre|27,1402,2024,DVF
La Haye|50,2015,2024,DVF
La Haye|76,1872,2024,DVF
La Hoguette,1783,2024,DVF
La Hoguette|14,1783,2024,DVF
La Houssaye,1551,2024,DVF
La Houssaye-en-Brie,2900,2024,DVF
La Houssaye-en-Brie|77,2900,2024,DVF
La Houssaye|27,1551,2024,DVF
La Houssière,1349,2024,DVF
La Houssière|88,1349,2024,DVF
La Houssoye,2179,2024,DVF
La Houssoye|60,2179,2024,DVF
La Hérelle,1283,2024,DVF
La Hérelle|60,1283,2024,DVF
La Jaille-Yvon,2138,2024,DVF
La Jaille-Yvon|49,2138,2024,DVF
La Jarne,3275,2024,DVF
La Jarne|17,3275,2024,DVF
La Jarrie,3114,2024,DVF
La Jarrie|17,3114,2024,DVF
La Jaudonnière,1325,2024,DVF
La Jaudonnière|85,1325,2024,DVF
La Javie,1577,2024,DVF
La Javie|04,1577,2024,DVF
La Jonchère,2316,2024,DVF
La Jonchère-Saint-Maurice,1166,2024,DVF
La Jonchère-Saint-Maurice|87,1166,2024,DVF
La Jonchère|85,2316,2024,DVF
La Lande-Patry,1275,2024,DVF
La Lande-Patry|61,1275,2024,DVF
La Lande-d'Airou,1201,2024,DVF
La Lande-d'Airou|50,1201,2024,DVF
La Lande-de-Fronsac,2407,2024,DVF
La Lande-de-Fronsac|33,2407,2024,DVF
La Landec,1986,2024,DVF
La Landec|22,1986,2024,DVF
La Laupie,3000,2024,DVF
La Laupie|26,3000,2024,DVF
La Limouzinière,2462,2024,DVF
La Limouzinière|44,2462,2024,DVF
La Livinière,1622,2024,DVF
La Livinière|34,1622,2024,DVF
La Llagonne,2911,2024,DVF
La Llagonne|66,2911,2024,DVF
La Londe,1805,2024,DVF
La Londe-les-Maures,5774,2024,DVF
La Londe-les-Maures|83,5774,2024,DVF
La Londe|76,1805,2024,DVF
La Longueville,1955,2024,DVF
La Longueville|59,1955,2024,DVF
La Loubière,2269,2024,DVF
La Loubière|12,2269,2024,DVF
La Loupe,1470,2024,DVF
La Loupe|28,1470,2024,DVF
La Louptière-Thénard,1539,2024,DVF
La Louptière-Thénard|10,1539,2024,DVF
La Loye,1598,2024,DVF
La Loye|39,1598,2024,DVF
La Lucerne-d'Outremer,1816,2024,DVF
La Lucerne-d'Outremer|50,1816,2024,DVF
La Léchère,2399,2024,DVF
La Léchère|73,2399,2024,DVF
La Machine,929,2024,DVF
La Machine|58,929,2024,DVF
La Madeleine,3406,2024,DVF
La Madeleine-de-Nonancourt,1858,2024,DVF
La Madeleine-de-Nonancourt|27,1858,2024,DVF
La Madeleine|59,3406,2024,DVF
La Maison-Dieu,1455,2024,DVF
La Maison-Dieu|58,1455,2024,DVF
La Malhoure,2369,2024,DVF
La Malhoure|22,2369,2024,DVF
La Marche,1266,2024,DVF
La Marche|58,1266,2024,DVF
La Marne,2300,2024,DVF
La Marne|44,2300,2024,DVF
La Martyre,1398,2024,DVF
La Martyre|29,1398,2024,DVF
La Meauffe,1444,2024,DVF
La Meauffe|50,1444,2024,DVF
La Meilleraie-Tillay,1403,2024,DVF
La Meilleraie-Tillay|85,1403,2024,DVF
La Meilleraye-de-Bretagne,1653,2024,DVF
La Meilleraye-de-Bretagne|44,1653,2024,DVF
La Membrolle-sur-Choisille,2589,2024,DVF
La Membrolle-sur-Choisille|37,2589,2024,DVF
La Merlatière,1734,2024,DVF
La Merlatière|85,1734,2024,DVF
La Meyze,1236,2024,DVF
La Meyze|87,1236,2024,DVF
La Milesse,2168,2024,DVF
La Milesse|72,2168,2024,DVF
La Monnerie-le-Montel,911,2024,DVF
La Monnerie-le-Montel|63,911,2024,DVF
La Montagne,2990,2024,DVF
La Montagne|44,2990,2024,DVF
La Morte,2633,2024,DVF
La Morte|38,2633,2024,DVF
La Mothe-Saint-Héray,978,2024,DVF
La Mothe-Saint-Héray|79,978,2024,DVF
La Motte,4115,2024,DVF
La Motte-Chalancon,2344,2024,DVF
La Motte-Chalancon|26,2344,2024,DVF
La Motte-Saint-Jean,1550,2024,DVF
La Motte-Saint-Jean|71,1550,2024,DVF
La Motte-Servolex,3628,2024,DVF
La Motte-Servolex|73,3628,2024,DVF
La Motte-d'Aigues,3728,2024,DVF
La Motte-d'Aigues|84,3728,2024,DVF
La Motte-d'Aveillans,2079,2024,DVF
La Motte-d'Aveillans|38,2079,2024,DVF
La Motte-du-Caire,2014,2024,DVF
La Motte-du-Caire|04,2014,2024,DVF
La Motte|22,1419,2024,DVF
La Motte|83,4115,2024,DVF
La Mulatière,3169,2024,DVF
La Mulatière|69,3169,2024,DVF
La Muraz,4048,2024,DVF
La Muraz|74,4048,2024,DVF
La Mure,1809,2024,DVF
La Mure-Argens,2093,2024,DVF
La Mure-Argens|04,2093,2024,DVF
La Murette,2987,2024,DVF
La Murette|38,2987,2024,DVF
La Mure|38,1809,2024,DVF
La Méaugon,1750,2024,DVF
La Méaugon|22,1750,2024,DVF
La Ménitré,1590,2024,DVF
La Ménitré|49,1590,2024,DVF
La Mézière,2900,2024,DVF
La Mézière|35,2900,2024,DVF
La Môle,5724,2024,DVF
La Môle|83,5724,2024,DVF
La Neuve-Lyre,1074,2024,DVF
La Neuve-Lyre|27,1074,2024,DVF
La Neuveville-sous-Châtenois,1022,2024,DVF
La Neuveville-sous-Châtenois|88,1022,2024,DVF
La Neuville,3058,2024,DVF
La Neuville-Chant-d'Oisel,2259,2024,DVF
La Neuville-Chant-d'Oisel|76,2259,2024,DVF
La Neuville-Roy,2256,2024,DVF
La Neuville-Roy|60,2256,2024,DVF
La Neuville-aux-Joûtes,1221,2024,DVF
La Neuville-aux-Joûtes|08,1221,2024,DVF
La Neuville-du-Bosc,2037,2024,DVF
La Neuville-du-Bosc|27,2037,2024,DVF
La Neuville-en-Hez,2106,2024,DVF
La Neuville-en-Hez|60,2106,2024,DVF
La Neuville-en-Tourne-à-Fuy,1550,2024,DVF
La Neuville-en-Tourne-à-Fuy|08,1550,2024,DVF
La Neuville-lès-Bray,1377,2024,DVF
La Neuville-lès-Bray|80,1377,2024,DVF
La Neuville-sur-Essonne,1499,2024,DVF
La Neuville-sur-Essonne|45,1499,2024,DVF
La Neuville|59,3058,2024,DVF
La Norville,3176,2024,DVF
La Norville|91,3176,2024,DVF
La Nouaille,824,2024,DVF
La Nouaille|23,824,2024,DVF
La Noue,1822,2024,DVF
La Noue|51,1822,2024,DVF
La Noë-Blanche,1754,2024,DVF
La Noë-Blanche|35,1754,2024,DVF
La Pacaudière,1574,2024,DVF
La Pacaudière|42,1574,2024,DVF
La Palme,2818,2024,DVF
La Palme|11,2818,2024,DVF
La Palud-sur-Verdon,3103,2024,DVF
La Palud-sur-Verdon|04,3103,2024,DVF
La Penne-sur-Huveaune,3600,2024,DVF
La Penne-sur-Huveaune|13,3600,2024,DVF
La Petite-Boissière,1434,2024,DVF
La Petite-Boissière|79,1434,2024,DVF
La Petite-Raon,892,2024,DVF
La Petite-Raon|88,892,2024,DVF
La Peyratte,1319,2024,DVF
La Peyratte|79,1319,2024,DVF
La Pierre,3575,2024,DVF
La Pierre|38,3575,2024,DVF
La Plagne Tarentaise,5271,2024,DVF
La Plagne Tarentaise|73,5271,2024,DVF
La Plaine,1377,2024,DVF
La Plaine-sur-Mer,4115,2024,DVF
La Plaine-sur-Mer|44,4115,2024,DVF
La Plaine|49,1377,2024,DVF
La Planche,2300,2024,DVF
La Planche|44,2300,2024,DVF
La Porcherie,1526,2024,DVF
La Porcherie|87,1526,2024,DVF
La Porte du Der,1244,2024,DVF
La Porte du Der|52,1244,2024,DVF
La Possonnière,2489,2024,DVF
La Possonnière|49,2489,2024,DVF
La Prénessaye,1470,2024,DVF
La Prénessaye|22,1470,2024,DVF
La Puye,978,2024,DVF
La Puye|86,978,2024,DVF
La Pérouille,1017,2024,DVF
La Pérouille|36,1017,2024,DVF
La Queue-en-Brie,3366,2024,DVF
La Queue-en-Brie|94,3366,2024,DVF
La Queue-les-Yvelines,3857,2024,DVF
La Queue-les-Yvelines|78,3857,2024,DVF
La Quinte,2040,2024,DVF
La Quinte|72,2040,2024,DVF
La Rabatelière,1792,2024,DVF
La Rabatelière|85,1792,2024,DVF
La Ravoire,3333,2024,DVF
La Ravoire|73,3333,2024,DVF
La Redorte,1393,2024,DVF
La Redorte|11,1393,2024,DVF
La Regrippière,1898,2024,DVF
La Regrippière|44,1898,2024,DVF
La Remaudière,2116,2024,DVF
La Remaudière|44,2116,2024,DVF
La Remuée,2263,2024,DVF
La Remuée|76,2263,2024,DVF
La Ricamarie,1188,2024,DVF
La Ricamarie|42,1188,2024,DVF
La Richardais,3839,2024,DVF
La Richardais|35,3839,2024,DVF
La Riche,2798,2024,DVF
La Riche|37,2798,2024,DVF
La Rivière-Drugeon,2128,2024,DVF
La Rivière-Drugeon|25,2128,2024,DVF
La Rivière-Enverse,4431,2024,DVF
La Rivière-Enverse|74,4431,2024,DVF
La Rivière-Saint-Sauveur,2587,2024,DVF
La Rivière-Saint-Sauveur|14,2587,2024,DVF
La Rivière-de-Corps,2142,2024,DVF
La Rivière-de-Corps|10,2142,2024,DVF
La Robine-sur-Galabre,2093,2024,DVF
La Robine-sur-Galabre|04,2093,2024,DVF
La Roche-Bernard,2868,2024,DVF
La Roche-Bernard|56,2868,2024,DVF
La Roche-Blanche,2428,2024,DVF
La Roche-Blanche|44,2007,2024,DVF
La Roche-Blanche|63,2428,2024,DVF
La Roche-Canillac,897,2024,DVF
La Roche-Canillac|19,897,2024,DVF
La Roche-Chalais,1532,2024,DVF
La Roche-Chalais|24,1532,2024,DVF
La Roche-Clermault,1729,2024,DVF
La Roche-Clermault|37,1729,2024,DVF
La Roche-Guyon,2884,2024,DVF
La Roche-Guyon|95,2884,2024,DVF
La Roche-Jaudy,1556,2024,DVF
La Roche-Jaudy|22,1556,2024,DVF
La Roche-Maurice,1792,2024,DVF
La Roche-Maurice|29,1792,2024,DVF
La Roche-Neuville,1857,2024,DVF
La Roche-Neuville|53,1857,2024,DVF
La Roche-Noire,2508,2024,DVF
La Roche-Noire|63,2508,2024,DVF
La Roche-Posay,1659,2024,DVF
La Roche-Posay|86,1659,2024,DVF
La Roche-Rigault,1012,2024,DVF
La Roche-Rigault|86,1012,2024,DVF
La Roche-Vineuse,2318,2024,DVF
La Roche-Vineuse|71,2318,2024,DVF
La Roche-de-Glun,2605,2024,DVF
La Roche-de-Glun|26,2605,2024,DVF
La Roche-de-Rame,2770,2024,DVF
La Roche-de-Rame|05,2770,2024,DVF
La Roche-des-Arnauds,2712,2024,DVF
La Roche-des-Arnauds|05,2712,2024,DVF
La Roche-en-Brenil,1719,2024,DVF
La Roche-en-Brenil|21,1719,2024,DVF
La Roche-l'Abeille,1493,2024,DVF
La Roche-l'Abeille|87,1493,2024,DVF
La Roche-sur-Foron,3768,2024,DVF
La Roche-sur-Foron|74,3768,2024,DVF
La Roche-sur-Yon,2443,2024,DVF
La Roche-sur-Yon|85,2443,2024,DVF
La Roche-sur-le-Buis,3171,2024,DVF
La Roche-sur-le-Buis|26,3171,2024,DVF
La Rochebeaucourt-et-Argentine,923,2024,DVF
La Rochebeaucourt-et-Argentine|24,923,2024,DVF
La Rochefoucauld-en-Angoumois,1532,2024,DVF
La Rochefoucauld-en-Angoumois|16,1532,2024,DVF
La Rochelle,4805,2024,DVF
La Rochelle|17,4805,2024,DVF
La Rochette,2969,2024,DVF
La Rochette|16,1484,2024,DVF
La Rochette|77,2969,2024,DVF
La Rochénard,1378,2024,DVF
La Rochénard|79,1378,2024,DVF
La Romagne,1890,2024,DVF
La Romagne|49,1890,2024,DVF
La Ronde,1658,2024,DVF
La Ronde|17,1658,2024,DVF
La Roque-d'Anthéron,3114,2024,DVF
La Roque-d'Anthéron|13,3114,2024,DVF
La Roque-sur-Pernes,4743,2024,DVF
La Roque-sur-Pernes|84,4743,2024,DVF
La Roquebrussanne,3141,2024,DVF
La Roquebrussanne|83,3141,2024,DVF
La Roquette-sur-Siagne,4599,2024,DVF
La Roquette-sur-Siagne|06,4599,2024,DVF
La Roquette-sur-Var,3177,2024,DVF
La Roquette-sur-Var|06,3177,2024,DVF
La Rouquette,1624,2024,DVF
La Rouquette|12,1624,2024,DVF
La Rue-Saint-Pierre,2311,2024,DVF
La Rue-Saint-Pierre|60,2319,2024,DVF
La Rue-Saint-Pierre|76,2311,2024,DVF
La Réole,1392,2024,DVF
La Réole|33,1392,2024,DVF
La Réorthe,960,2024,DVF
La Réorthe|85,960,2024,DVF
La Salle,1680,2024,DVF
La Salle-en-Beaumont,2087,2024,DVF
La Salle-en-Beaumont|38,2087,2024,DVF
La Salle-les-Alpes,4410,2024,DVF
La Salle-les-Alpes|05,4410,2024,DVF
La Salle|71,1915,2024,DVF
La Salle|88,1680,2024,DVF
La Salvetat-Peyralès,1289,2024,DVF
La Salvetat-Peyralès|12,1289,2024,DVF
La Salvetat-Saint-Gilles,2906,2024,DVF
La Salvetat-Saint-Gilles|31,2906,2024,DVF
La Salvetat-sur-Agout,1734,2024,DVF
La Salvetat-sur-Agout|34,1734,2024,DVF
La Saulce,2582,2024,DVF
La Saulce|05,2582,2024,DVF
La Saulsotte,1390,2024,DVF
La Saulsotte|10,1390,2024,DVF
La Saussaye,1902,2024,DVF
La Saussaye|27,1902,2024,DVF
La Sauve,2205,2024,DVF
La Sauvetat,2119,2024,DVF
La Sauvetat-du-Dropt,1824,2024,DVF
La Sauvetat-du-Dropt|47,1824,2024,DVF
La Sauvetat-sur-Lède,1734,2024,DVF
La Sauvetat-sur-Lède|47,1734,2024,DVF
La Sauvetat|32,2119,2024,DVF
La Sauvetat|63,1924,2024,DVF
La Sauve|33,2205,2024,DVF
La Selle-Craonnaise,1524,2024,DVF
La Selle-Craonnaise|53,1524,2024,DVF
La Selle-en-Hermoy,1729,2024,DVF
La Selle-en-Hermoy|45,1729,2024,DVF
La Selle-en-Luitré,1480,2024,DVF
La Selle-en-Luitré|35,1480,2024,DVF
La Selle-la-Forge,1411,2024,DVF
La Selle-la-Forge|61,1411,2024,DVF
La Selle-sur-le-Bied,1636,2024,DVF
La Selle-sur-le-Bied|45,1636,2024,DVF
La Selve,1215,2024,DVF
La Selve|12,1215,2024,DVF
La Sentinelle,1518,2024,DVF
La Sentinelle|59,1518,2024,DVF
La Seyne-sur-Mer,3662,2024,DVF
La Seyne-sur-Mer|83,3662,2024,DVF
La Souche,2298,2024,DVF
La Souche|07,2298,2024,DVF
La Souterraine,1227,2024,DVF
La Souterraine|23,1227,2024,DVF
La Sure en Chartreuse,2937,2024,DVF
La Sure en Chartreuse|38,2937,2024,DVF
La Suze-sur-Sarthe,1604,2024,DVF
La Suze-sur-Sarthe|72,1604,2024,DVF
La Séauve-sur-Semène,1431,2024,DVF
La Séauve-sur-Semène|43,1431,2024,DVF
La Séguinière,1998,2024,DVF
La Séguinière|49,1998,2024,DVF
La Sône,2062,2024,DVF
La Sône|38,2062,2024,DVF
La Table,2130,2024,DVF
La Table|73,2130,2024,DVF
La Talaudière,2473,2024,DVF
La Talaudière|42,2473,2024,DVF
La Terrasse,3420,2024,DVF
La Terrasse|38,3420,2024,DVF
La Tessoualle,2094,2024,DVF
La Tessoualle|49,2094,2024,DVF
La Teste-de-Buch,6104,2024,DVF
La Teste-de-Buch|33,6104,2024,DVF
La Tombe,1622,2024,DVF
La Tombe|77,1622,2024,DVF
La Tour,3774,2024,DVF
La Tour-Blanche-Cercles,1203,2024,DVF
La Tour-Blanche-Cercles|24,1203,2024,DVF
La Tour-Saint-Gelin,949,2024,DVF
La Tour-Saint-Gelin|37,949,2024,DVF
La Tour-d'Aigues,3060,2024,DVF
La Tour-d'Aigues|84,3060,2024,DVF
La Tour-d'Auvergne,1411,2024,DVF
La Tour-d'Auvergne|63,1411,2024,DVF
La Tour-de-Salvagny,4289,2024,DVF
La Tour-de-Salvagny|69,4289,2024,DVF
La Tour-du-Crieu,1893,2024,DVF
La Tour-du-Crieu|09,1893,2024,DVF
La Tour-du-Pin,2092,2024,DVF
La Tour-du-Pin|38,2092,2024,DVF
La Tour-en-Jarez,2886,2024,DVF
La Tour-en-Jarez|42,2886,2024,DVF
La Tour-en-Maurienne,2712,2024,DVF
La Tour-en-Maurienne|73,2712,2024,DVF
La Tour-sur-Orb,1786,2024,DVF
La Tour-sur-Orb|34,1786,2024,DVF
La Tourette,2018,2024,DVF
La Tourette|42,2018,2024,DVF
La Tour|06,2343,2024,DVF
La Tour|74,3774,2024,DVF
La Tranche-sur-Mer,4080,2024,DVF
La Tranche-sur-Mer|85,4080,2024,DVF
La Tremblade,3521,2024,DVF
La Tremblade|17,3521,2024,DVF
La Trimouille,798,2024,DVF
La Trimouille|86,798,2024,DVF
La Trinité,3690,2024,DVF
La Trinité-Porhoët,853,2024,DVF
La Trinité-Porhoët|56,853,2024,DVF
La Trinité-Surzur,2511,2024,DVF
La Trinité-Surzur|56,2511,2024,DVF
La Trinité-de-Réville,2397,2024,DVF
La Trinité-de-Réville|27,2397,2024,DVF
La Trinité-du-Mont,1842,2024,DVF
La Trinité-du-Mont|76,1842,2024,DVF
La Trinité-sur-Mer,6158,2024,DVF
La Trinité-sur-Mer|56,6158,2024,DVF
La Trinité|06,3690,2024,DVF
La Tronche,3906,2024,DVF
La Tronche|38,3906,2024,DVF
La Turballe,4462,2024,DVF
La Turballe|44,4462,2024,DVF
La Turbie,6931,2024,DVF
La Turbie|06,6931,2024,DVF
La Vacherie,2008,2024,DVF
La Vacherie|27,2008,2024,DVF
La Vacquerie-et-Saint-Martin-de-Castries,2017,2024,DVF
La Vacquerie-et-Saint-Martin-de-Castries|34,2017,2024,DVF
La Valette-du-Var,3469,2024,DVF
La Valette-du-Var|83,3469,2024,DVF
La Valla-en-Gier,1210,2024,DVF
La Valla-en-Gier|42,1210,2024,DVF
La Vallée,2163,2024,DVF
La Vallée|17,2163,2024,DVF
La Vaupalière,2261,2024,DVF
La Vaupalière|76,2261,2024,DVF
La Vendue-Mignot,1250,2024,DVF
La Vendue-Mignot|10,1250,2024,DVF
La Verdière,2551,2024,DVF
La Verdière|83,2551,2024,DVF
La Vernarède,1675,2024,DVF
La Vernarède|30,1675,2024,DVF
La Vernelle,923,2024,DVF
La Vernelle|36,923,2024,DVF
La Verpillière,2875,2024,DVF
La Verpillière|38,2875,2024,DVF
La Verrière,4130,2024,DVF
La Verrière|78,4130,2024,DVF
La Vespière-Friardel,1825,2024,DVF
La Vespière-Friardel|14,1825,2024,DVF
La Veuve,2000,2024,DVF
La Veuve|51,2000,2024,DVF
La Vicomté-sur-Rance,2836,2024,DVF
La Vicomté-sur-Rance|22,2836,2024,DVF
La Vieille-Lyre,1458,2024,DVF
La Vieille-Lyre|27,1458,2024,DVF
La Ville-Dieu-du-Temple,1702,2024,DVF
La Ville-Dieu-du-Temple|82,1702,2024,DVF
La Ville-aux-Clercs,1256,2024,DVF
La Ville-aux-Clercs|41,1256,2024,DVF
La Ville-aux-Dames,2558,2024,DVF
La Ville-aux-Dames|37,2558,2024,DVF
La Ville-du-Bois,3575,2024,DVF
La Ville-du-Bois|91,3575,2024,DVF
La Ville-ès-Nonais,2592,2024,DVF
La Ville-ès-Nonais|35,2592,2024,DVF
La Villedieu-du-Clain,1546,2024,DVF
La Villedieu-du-Clain|86,1546,2024,DVF
La Villeneuve-au-Chêne,1507,2024,DVF
La Villeneuve-au-Chêne|10,1507,2024,DVF
La Villeneuve-en-Chevrie,2570,2024,DVF
La Villeneuve-en-Chevrie|78,2570,2024,DVF
La Vineuse sur Fregande,1624,2024,DVF
La Vineuse sur Fregande|71,1624,2024,DVF
La Voivre,1568,2024,DVF
La Voivre|88,1568,2024,DVF
La Voulte-sur-Rhône,1821,2024,DVF
La Voulte-sur-Rhône|07,1821,2024,DVF
La Vraie-Croix,2013,2024,DVF
La Vraie-Croix|56,2013,2024,DVF
La Vèze,2418,2024,DVF
La Vèze|25,2418,2024,DVF
La Vôge-les-Bains,964,2024,DVF
La Vôge-les-Bains|88,964,2024,DVF
Labarthe-Inard,1299,2024,DVF
Labarthe-Inard|31,1299,2024,DVF
Labarthe-Rivière,1366,2024,DVF
Labarthe-Rivière|31,1366,2024,DVF
Labarthe-sur-Lèze,2867,2024,DVF
Labarthe-sur-Lèze|31,2867,2024,DVF
Labastide-Beauvoir,2948,2024,DVF
Labastide-Beauvoir|31,2948,2024,DVF
Labastide-Clermont,1900,2024,DVF
Labastide-Clermont|31,1900,2024,DVF
Labastide-Gabausse,2112,2024,DVF
Labastide-Gabausse|81,2112,2024,DVF
Labastide-Marnhac,1491,2024,DVF
Labastide-Marnhac|46,1491,2024,DVF
Labastide-Rouairoux,938,2024,DVF
Labastide-Rouairoux|81,938,2024,DVF
Labastide-Saint-Georges,2441,2024,DVF
Labastide-Saint-Georges|81,2441,2024,DVF
Labastide-Saint-Pierre,2208,2024,DVF
Labastide-Saint-Pierre|82,2208,2024,DVF
Labastide-Saint-Sernin,2762,2024,DVF
Labastide-Saint-Sernin|31,2762,2024,DVF
Labastide-Villefranche,1308,2024,DVF
Labastide-Villefranche|64,1308,2024,DVF
Labastide-d'Anjou,1613,2024,DVF
Labastide-d'Anjou|11,1613,2024,DVF
Labastide-d'Armagnac,1367,2024,DVF
Labastide-d'Armagnac|40,1367,2024,DVF
Labastide-de-Lévis,2123,2024,DVF
Labastide-de-Lévis|81,2123,2024,DVF
Labastide-du-Temple,1845,2024,DVF
Labastide-du-Temple|82,1845,2024,DVF
Labastide-sur-Bésorgues,1376,2024,DVF
Labastide-sur-Bésorgues|07,1376,2024,DVF
Labastidette,2681,2024,DVF
Labastidette|31,2681,2024,DVF
Labatut,2093,2024,DVF
Labatut-Rivière,1300,2024,DVF
Labatut-Rivière|65,1300,2024,DVF
Labatut|40,2093,2024,DVF
Labbeville,3496,2024,DVF
Labbeville|95,3496,2024,DVF
Labeaume,3558,2024,DVF
Labeaume|07,3558,2024,DVF
Labenne,4204,2024,DVF
Labenne|40,4204,2024,DVF
Labergement-Sainte-Marie,3481,2024,DVF
Labergement-Sainte-Marie|25,3481,2024,DVF
Labergement-lès-Seurre,1372,2024,DVF
Labergement-lès-Seurre|21,1372,2024,DVF
Labessière-Candeil,1709,2024,DVF
Labessière-Candeil|81,1709,2024,DVF
Labeuvrière,1374,2024,DVF
Labeuvrière|62,1374,2024,DVF
Lablachère,2448,2024,DVF
Lablachère|07,2448,2024,DVF
Laboissière-en-Thelle,2299,2024,DVF
Laboissière-en-Thelle|60,2299,2024,DVF
Labouheyre,2051,2024,DVF
Labouheyre|40,2051,2024,DVF
Labourgade,1024,2024,DVF
Labourgade|82,1024,2024,DVF
Labourse,1726,2024,DVF
Labourse|62,1726,2024,DVF
Labrit,1592,2024,DVF
Labrit|40,1592,2024,DVF
Labruguière,1563,2024,DVF
Labruguière|81,1563,2024,DVF
Labry,1935,2024,DVF
Labry|54,1935,2024,DVF
Labège,3361,2024,DVF
Labège|31,3361,2024,DVF
Labécède-Lauragais,1511,2024,DVF
Labécède-Lauragais|11,1511,2024,DVF
Labégude,1657,2024,DVF
Labégude|07,1657,2024,DVF
Lac-des-Rouges-Truites,1290,2024,DVF
Lac-des-Rouges-Truites|39,1290,2024,DVF
Lacanau,5518,2024,DVF
Lacanau|33,5518,2024,DVF
Lacanche,1118,2024,DVF
Lacanche|21,1118,2024,DVF
Lacapelle-Biron,1173,2024,DVF
Lacapelle-Biron|47,1173,2024,DVF
Lacapelle-Marival,1277,2024,DVF
Lacapelle-Marival|46,1277,2024,DVF
Lacapelle-Viescamp,1816,2024,DVF
Lacapelle-Viescamp|15,1816,2024,DVF
Lacaune,1354,2024,DVF
Lacaune|81,1354,2024,DVF
Lacaze,1315,2024,DVF
Lacaze|81,1315,2024,DVF
Lacelle,547,2024,DVF
Lacelle|19,547,2024,DVF
Lacenas,2888,2024,DVF
Lacenas|69,2888,2024,DVF
Lachamp-Ribennes,998,2024,DVF
Lachamp-Ribennes|48,998,2024,DVF
Lachapelle-Auzac,1667,2024,DVF
Lachapelle-Auzac|46,1667,2024,DVF
Lachapelle-Saint-Pierre,2152,2024,DVF
Lachapelle-Saint-Pierre|60,2152,2024,DVF
Lachapelle-aux-Pots,2152,2024,DVF
Lachapelle-aux-Pots|60,2152,2024,DVF
Lachapelle-sous-Aubenas,3504,2024,DVF
Lachapelle-sous-Aubenas|07,3504,2024,DVF
Lachapelle-sous-Rougemont,1320,2024,DVF
Lachapelle-sous-Rougemont|90,1320,2024,DVF
Lachassagne,3564,2024,DVF
Lachassagne|69,3564,2024,DVF
Lachau,1183,2024,DVF
Lachau|26,1183,2024,DVF
Lachelle,2981,2024,DVF
Lachelle|60,2981,2024,DVF
Lachy,1581,2024,DVF
Lachy|51,1581,2024,DVF
Lacombe,1424,2024,DVF
Lacombe|11,1424,2024,DVF
Lacoste,4086,2024,DVF
Lacoste|84,4086,2024,DVF
Lacourt-Saint-Pierre,2397,2024,DVF
Lacourt-Saint-Pierre|82,2397,2024,DVF
Lacq,1273,2024,DVF
Lacq|64,1273,2024,DVF
Lacroix-Falgarde,3467,2024,DVF
Lacroix-Falgarde|31,3467,2024,DVF
Lacroix-Saint-Ouen,2456,2024,DVF
Lacroix-Saint-Ouen|60,2456,2024,DVF
Lacrost,1518,2024,DVF
Lacrost|71,1518,2024,DVF
Lacrouzette,1036,2024,DVF
Lacrouzette|81,1036,2024,DVF
Lacs,1377,2024,DVF
Lacs|36,1377,2024,DVF
Ladapeyre,1024,2024,DVF
Ladapeyre|23,1024,2024,DVF
Ladignac-le-Long,1123,2024,DVF
Ladignac-le-Long|87,1123,2024,DVF
Ladoix-Serrigny,2256,2024,DVF
Ladoix-Serrigny|21,2256,2024,DVF
Ladon,1243,2024,DVF
Ladon|45,1243,2024,DVF
Lafat,861,2024,DVF
Lafat|23,861,2024,DVF
Laferté-sur-Aube,675,2024,DVF
Laferté-sur-Aube|52,675,2024,DVF
Lafeuillade-en-Vézie,1795,2024,DVF
Lafeuillade-en-Vézie|15,1795,2024,DVF
Laffrey,1874,2024,DVF
Laffrey|38,1874,2024,DVF
Lafitte-Vigordane,1856,2024,DVF
Lafitte-Vigordane|31,1856,2024,DVF
Lafitte-sur-Lot,1098,2024,DVF
Lafitte-sur-Lot|47,1098,2024,DVF
Lafox,1817,2024,DVF
Lafox|47,1817,2024,DVF
Lafrançaise,1877,2024,DVF
Lafrançaise|82,1877,2024,DVF
Lafresguimont-Saint-Martin,1338,2024,DVF
Lafresguimont-Saint-Martin|80,1338,2024,DVF
Laféline,1060,2024,DVF
Laféline|03,1060,2024,DVF
Lagarde,1642,2024,DVF
Lagarde-Marc-la-Tour,1312,2024,DVF
Lagarde-Marc-la-Tour|19,1312,2024,DVF
Lagardelle-sur-Lèze,2349,2024,DVF
Lagardelle-sur-Lèze|31,2349,2024,DVF
Lagarde|09,1642,2024,DVF
Lagarde|31,2047,2024,DVF
Lagarrigue,1662,2024,DVF
Lagarrigue|81,1662,2024,DVF
Lageon,1104,2024,DVF
Lageon|79,1104,2024,DVF
Lagnes,4044,2024,DVF
Lagnes|84,4044,2024,DVF
Lagnieu,2262,2024,DVF
Lagnieu|01,2262,2024,DVF
Lagny,1522,2024,DVF
Lagny-le-Sec,2699,2024,DVF
Lagny-le-Sec|60,2699,2024,DVF
Lagny-sur-Marne,3814,2024,DVF
Lagny-sur-Marne|77,3814,2024,DVF
Lagny|60,1522,2024,DVF
Lagor,1624,2024,DVF
Lagorce,2588,2024,DVF
Lagorce|07,2588,2024,DVF
Lagorce|33,1379,2024,DVF
Lagord,3781,2024,DVF
Lagord|17,3781,2024,DVF
Lagor|64,1624,2024,DVF
Lagos,1975,2024,DVF
Lagos|64,1975,2024,DVF
Lagraulet-du-Gers,1530,2024,DVF
Lagraulet-du-Gers|32,1530,2024,DVF
Lagraulière,1416,2024,DVF
Lagraulière|19,1416,2024,DVF
Lagrave,2216,2024,DVF
Lagrave|81,2216,2024,DVF
Laguenne-sur-Avalouze,1199,2024,DVF
Laguenne-sur-Avalouze|19,1199,2024,DVF
Laguian-Mazous,1505,2024,DVF
Laguian-Mazous|32,1505,2024,DVF
Laguiole,1680,2024,DVF
Laguiole|12,1680,2024,DVF
Lagupie,1729,2024,DVF
Lagupie|47,1729,2024,DVF
Laguépie,1497,2024,DVF
Laguépie|82,1497,2024,DVF
Lahitte-Toupière,1472,2024,DVF
Lahitte-Toupière|65,1472,2024,DVF
Lahonce,3967,2024,DVF
Lahonce|64,3967,2024,DVF
Lahontan,1911,2024,DVF
Lahontan|64,1911,2024,DVF
Lahosse,2050,2024,DVF
Lahosse|40,2050,2024,DVF
Lahourcade,2174,2024,DVF
Lahourcade|64,2174,2024,DVF
Laignelet,2236,2024,DVF
Laignelet|35,2236,2024,DVF
Laignes,1112,2024,DVF
Laignes|21,1112,2024,DVF
Laigneville,2191,2024,DVF
Laigneville|60,2191,2024,DVF
Laigné-Saint-Gervais,1902,2024,DVF
Laigné-Saint-Gervais|72,1902,2024,DVF
Lailly-en-Val,1913,2024,DVF
Lailly-en-Val|45,1913,2024,DVF
Laillé,2630,2024,DVF
Laillé|35,2630,2024,DVF
Laines-aux-Bois,2041,2024,DVF
Laines-aux-Bois|10,2041,2024,DVF
Lainsecq,1560,2024,DVF
Lainsecq|89,1560,2024,DVF
Lainville-en-Vexin,2263,2024,DVF
Lainville-en-Vexin|78,2263,2024,DVF
Laires,955,2024,DVF
Laires|62,955,2024,DVF
Lairoux,2074,2024,DVF
Lairoux|85,2074,2024,DVF
Laissac-Sévérac l'Église,1724,2024,DVF
Laissac-Sévérac l'Église|12,1724,2024,DVF
Laissaud,3242,2024,DVF
Laissaud|73,3242,2024,DVF
Laives,2024,2024,DVF
Laives|71,2024,2024,DVF
Laiz,2214,2024,DVF
Laize-Clinchamps,2218,2024,DVF
Laize-Clinchamps|14,2218,2024,DVF
Laiz|01,2214,2024,DVF
Laizé,1827,2024,DVF
Laizé|71,1827,2024,DVF
Lalande-en-Son,2141,2024,DVF
Lalande-en-Son|60,2141,2024,DVF
Lalandusse,2129,2024,DVF
Lalandusse|47,2129,2024,DVF
Lalbenque,2330,2024,DVF
Lalbenque|46,2330,2024,DVF
Laleu,2029,2024,DVF
Laleu|61,2029,2024,DVF
Lalevade-d'Ardèche,1674,2024,DVF
Lalevade-d'Ardèche|07,1674,2024,DVF
Lalheue,2024,2024,DVF
Lalheue|71,2024,2024,DVF
Lalinde,1646,2024,DVF
Lalinde|24,1646,2024,DVF
Lallaing,1620,2024,DVF
Lallaing|59,1620,2024,DVF
Lalleu,1682,2024,DVF
Lalleu|35,1682,2024,DVF
Laloubère,2085,2024,DVF
Laloubère|65,2085,2024,DVF
Lalouvesc,1087,2024,DVF
Lalouvesc|07,1087,2024,DVF
Laluque,2425,2024,DVF
Laluque|40,2425,2024,DVF
Lamagdelaine,1748,2024,DVF
Lamagdelaine|46,1748,2024,DVF
Lamagistère,947,2024,DVF
Lamagistère|82,947,2024,DVF
Lamalou-les-Bains,2247,2024,DVF
Lamalou-les-Bains|34,2247,2024,DVF
Lamanon,3144,2024,DVF
Lamanon|13,3144,2024,DVF
Lamarche,909,2024,DVF
Lamarche-sur-Saône,1726,2024,DVF
Lamarche-sur-Saône|21,1726,2024,DVF
Lamarche|88,909,2024,DVF
Lamarque,2214,2024,DVF
Lamarque-Pontacq,2011,2024,DVF
Lamarque-Pontacq|65,2011,2024,DVF
Lamarque|33,2214,2024,DVF
Lamasquère,2636,2024,DVF
Lamasquère|31,2636,2024,DVF
Lamastre,1497,2024,DVF
Lamastre|07,1497,2024,DVF
Lamazière-Basse,1854,2024,DVF
Lamazière-Basse|19,1854,2024,DVF
Lamballe-Armor,2456,2024,DVF
Lamballe-Armor|22,2456,2024,DVF
Lambersart,3536,2024,DVF
Lambersart|59,3536,2024,DVF
Lambesc,3916,2024,DVF
Lambesc|13,3916,2024,DVF
Lambres-lez-Aire,1304,2024,DVF
Lambres-lez-Aire|62,1304,2024,DVF
Lambres-lez-Douai,1720,2024,DVF
Lambres-lez-Douai|59,1720,2024,DVF
Lamnay,1318,2024,DVF
Lamnay|72,1318,2024,DVF
Lamontgie,1595,2024,DVF
Lamontgie|63,1595,2024,DVF
Lamontjoie,1556,2024,DVF
Lamontjoie|47,1556,2024,DVF
Lamonzie-Saint-Martin,1628,2024,DVF
Lamonzie-Saint-Martin|24,1628,2024,DVF
Lamorlaye,3960,2024,DVF
Lamorlaye|60,3960,2024,DVF
Lamothe,1302,2024,DVF
Lamothe-Capdeville,1800,2024,DVF
Lamothe-Capdeville|82,1800,2024,DVF
Lamothe-Landerron,1822,2024,DVF
Lamothe-Landerron|33,1822,2024,DVF
Lamothe-Montravel,1820,2024,DVF
Lamothe-Montravel|24,1820,2024,DVF
Lamothe|43,1302,2024,DVF
Lamotte-Beuvron,1724,2024,DVF
Lamotte-Beuvron|41,1724,2024,DVF
Lamotte-Warfusée,1278,2024,DVF
Lamotte-Warfusée|80,1278,2024,DVF
Lamoura,3949,2024,DVF
Lamoura|39,3949,2024,DVF
Lampaul-Guimiliau,1460,2024,DVF
Lampaul-Guimiliau|29,1460,2024,DVF
Lampaul-Plouarzel,2388,2024,DVF
Lampaul-Plouarzel|29,2388,2024,DVF
Lamure-sur-Azergues,1635,2024,DVF
Lamure-sur-Azergues|69,1635,2024,DVF
Lanas,1830,2024,DVF
Lanas|07,1830,2024,DVF
Lanchères,2226,2024,DVF
Lanchères|80,2226,2024,DVF
Lancieux,4976,2024,DVF
Lancieux|22,4976,2024,DVF
Lancié,2240,2024,DVF
Lancié|69,2240,2024,DVF
Landas,2762,2024,DVF
Landas|59,2762,2024,DVF
Landaul,3010,2024,DVF
Landaul|56,3010,2024,DVF
Landavran,1906,2024,DVF
Landavran|35,1906,2024,DVF
Landeleau,978,2024,DVF
Landeleau|29,978,2024,DVF
Landelles,1868,2024,DVF
Landelles-et-Coupigny,1148,2024,DVF
Landelles-et-Coupigny|14,1148,2024,DVF
Landelles|28,1868,2024,DVF
Landerneau,2181,2024,DVF
Landerneau|29,2181,2024,DVF
Landeronde,2355,2024,DVF
Landeronde|85,2355,2024,DVF
Landes,1824,2024,DVF
Landes-le-Gaulois,1588,2024,DVF
Landes-le-Gaulois|41,1588,2024,DVF
Landes-sur-Ajon,1794,2024,DVF
Landes-sur-Ajon|14,1794,2024,DVF
Landes|17,1824,2024,DVF
Landevieille,2459,2024,DVF
Landevieille|85,2459,2024,DVF
Landifay-et-Bertaignemont,958,2024,DVF
Landifay-et-Bertaignemont|02,958,2024,DVF
Landiras,2303,2024,DVF
Landiras|33,2303,2024,DVF
Landisacq,1005,2024,DVF
Landisacq|61,1005,2024,DVF
Landivisiau,1740,2024,DVF
Landivisiau|29,1740,2024,DVF
Landivy,1116,2024,DVF
Landivy|53,1116,2024,DVF
Landorthe,1900,2024,DVF
Landorthe|31,1900,2024,DVF
Landos,1452,2024,DVF
Landos|43,1452,2024,DVF
Landrais,2281,2024,DVF
Landrais|17,2281,2024,DVF
Landrecies,1210,2024,DVF
Landrecies|59,1210,2024,DVF
Landres,2039,2024,DVF
Landres|54,2039,2024,DVF
Landrethun-le-Nord,1987,2024,DVF
Landrethun-le-Nord|62,1987,2024,DVF
Landrethun-lès-Ardres,1290,2024,DVF
Landrethun-lès-Ardres|62,1290,2024,DVF
Landreville,1120,2024,DVF
Landreville|10,1120,2024,DVF
Landry,5676,2024,DVF
Landry|73,5676,2024,DVF
Landrévarzec,1784,2024,DVF
Landrévarzec|29,1784,2024,DVF
Landudal,2055,2024,DVF
Landudal|29,2055,2024,DVF
Landudec,1857,2024,DVF
Landudec|29,1857,2024,DVF
Landujan,1598,2024,DVF
Landujan|35,1598,2024,DVF
Landunvez,2754,2024,DVF
Landunvez|29,2754,2024,DVF
Landéan,1440,2024,DVF
Landéan|35,1440,2024,DVF
Landébia,2214,2024,DVF
Landébia|22,2214,2024,DVF
Landéda,2697,2024,DVF
Landéda|29,2697,2024,DVF
Landéhen,1948,2024,DVF
Landéhen|22,1948,2024,DVF
Landévant,2735,2024,DVF
Landévant|56,2735,2024,DVF
Lanester,2510,2024,DVF
Lanester|56,2510,2024,DVF
Laneuveville-devant-Nancy,2120,2024,DVF
Laneuveville-devant-Nancy|54,2120,2024,DVF
Lanfains,1213,2024,DVF
Lanfains|22,1213,2024,DVF
Langan,3014,2024,DVF
Langan|35,3014,2024,DVF
Langeac,1361,2024,DVF
Langeac|43,1361,2024,DVF
Langeais,2312,2024,DVF
Langeais|37,2312,2024,DVF
Langlade,2939,2024,DVF
Langlade|30,2939,2024,DVF
Langoat,1482,2024,DVF
Langoat|22,1482,2024,DVF
Langogne,1555,2024,DVF
Langogne|48,1555,2024,DVF
Langoiran,2170,2024,DVF
Langoiran|33,2170,2024,DVF
Langon,2098,2024,DVF
Langon-sur-Cher,2065,2024,DVF
Langon-sur-Cher|41,2065,2024,DVF
Langonnet,1613,2024,DVF
Langonnet|56,1613,2024,DVF
Langon|33,2098,2024,DVF
Langon|35,1406,2024,DVF
Langouet,2338,2024,DVF
Langouet|35,2338,2024,DVF
Langoëlan,1136,2024,DVF
Langoëlan|56,1136,2024,DVF
Langres,1243,2024,DVF
Langres|52,1243,2024,DVF
Langrolay-sur-Rance,2336,2024,DVF
Langrolay-sur-Rance|22,2336,2024,DVF
Langrune-sur-Mer,3714,2024,DVF
Langrune-sur-Mer|14,3714,2024,DVF
Languenan,2032,2024,DVF
Languenan|22,2032,2024,DVF
Langueux,2356,2024,DVF
Langueux|22,2356,2024,DVF
Languidic,2415,2024,DVF
Languidic|56,2415,2024,DVF
Languédias,1469,2024,DVF
Languédias|22,1469,2024,DVF
Lanhouarneau,1959,2024,DVF
Lanhouarneau|29,1959,2024,DVF
Lanildut,3120,2024,DVF
Lanildut|29,3120,2024,DVF
Lanloup,4324,2024,DVF
Lanloup|22,4324,2024,DVF
Lanmeur,2047,2024,DVF
Lanmeur|29,2047,2024,DVF
Lanmodez,2903,2024,DVF
Lanmodez|22,2903,2024,DVF
Lanmérin,2013,2024,DVF
Lanmérin|22,2013,2024,DVF
Lanne-en-Barétous,1056,2024,DVF
Lanne-en-Barétous|64,1056,2024,DVF
Lannebert,1184,2024,DVF
Lannebert|22,1184,2024,DVF
Lannemezan,1250,2024,DVF
Lannemezan|65,1250,2024,DVF
Lannepax,1340,2024,DVF
Lannepax|32,1340,2024,DVF
Lannes,1908,2024,DVF
Lannes|47,1908,2024,DVF
Lannilis,2265,2024,DVF
Lannilis|29,2265,2024,DVF
Lannion,2359,2024,DVF
Lannion|22,2359,2024,DVF
Lannoy,1872,2024,DVF
Lannoy|59,1872,2024,DVF
Lannéanou,1129,2024,DVF
Lannéanou|29,1129,2024,DVF
Lannédern,1256,2024,DVF
Lannédern|29,1256,2024,DVF
Lanobre,1550,2024,DVF
Lanobre|15,1550,2024,DVF
Lanouaille,1424,2024,DVF
Lanouaille|24,1424,2024,DVF
Lanquais,1447,2024,DVF
Lanquais|24,1447,2024,DVF
Lanquetot,1838,2024,DVF
Lanquetot|76,1838,2024,DVF
Lanrelas,1049,2024,DVF
Lanrelas|22,1049,2024,DVF
Lanrivain,1017,2024,DVF
Lanrivain|22,1017,2024,DVF
Lanrivoaré,2386,2024,DVF
Lanrivoaré|29,2386,2024,DVF
Lanrodec,1851,2024,DVF
Lanrodec|22,1851,2024,DVF
Lans,1685,2024,DVF
Lans-en-Vercors,4016,2024,DVF
Lans-en-Vercors|38,4016,2024,DVF
Lansac,1845,2024,DVF
Lansac|33,1845,2024,DVF
Lansargues,3360,2024,DVF
Lansargues|34,3360,2024,DVF
Lans|71,1685,2024,DVF
Lanta,2587,2024,DVF
Lanta|31,2587,2024,DVF
Lantic,2046,2024,DVF
Lantic|22,2046,2024,DVF
Lantillac,1473,2024,DVF
Lantillac|56,1473,2024,DVF
Lanton,4554,2024,DVF
Lanton|33,4554,2024,DVF
Lantosque,2504,2024,DVF
Lantosque|06,2504,2024,DVF
Lantriac,2040,2024,DVF
Lantriac|43,2040,2024,DVF
Lanuéjouls,2865,2024,DVF
Lanuéjouls|12,2865,2024,DVF
Lanvallay,2367,2024,DVF
Lanvallay|22,2367,2024,DVF
Lanvaudan,2080,2024,DVF
Lanvaudan|56,2080,2024,DVF
Lanvellec,1899,2024,DVF
Lanvellec|22,1899,2024,DVF
Lanvollon,1837,2024,DVF
Lanvollon|22,1837,2024,DVF
Lanvénégen,1094,2024,DVF
Lanvénégen|56,1094,2024,DVF
Lanvéoc,2022,2024,DVF
Lanvéoc|29,2022,2024,DVF
Lanzac,3591,2024,DVF
Lanzac|46,3591,2024,DVF
Lançon-Provence,3855,2024,DVF
Lançon-Provence|13,3855,2024,DVF
Laon,1238,2024,DVF
Laons,1679,2024,DVF
Laons|28,1679,2024,DVF
Laon|02,1238,2024,DVF
Lapalisse,1039,2024,DVF
Lapalisse|03,1039,2024,DVF
Lapalud,1696,2024,DVF
Lapalud|84,1696,2024,DVF
Laparade,1327,2024,DVF
Laparade|47,1327,2024,DVF
Lapenty,1182,2024,DVF
Lapenty|50,1182,2024,DVF
Lapeyrouse,1194,2024,DVF
Lapeyrouse-Fossat,2884,2024,DVF
Lapeyrouse-Fossat|31,2884,2024,DVF
Lapeyrouse-Mornay,1844,2024,DVF
Lapeyrouse-Mornay|26,1844,2024,DVF
Lapeyrouse|63,1194,2024,DVF
Lapleau,1809,2024,DVF
Lapleau|19,1809,2024,DVF
Laplume,2252,2024,DVF
Laplume|47,2252,2024,DVF
Lapouyade,1835,2024,DVF
Lapouyade|33,1835,2024,DVF
Laprugne,1108,2024,DVF
Laprugne|03,1108,2024,DVF
Laps,1608,2024,DVF
Laps|63,1608,2024,DVF
Lapte,1392,2024,DVF
Lapte|43,1392,2024,DVF
Lapugnoy,1404,2024,DVF
Lapugnoy|62,1404,2024,DVF
Laragne-Montéglin,1699,2024,DVF
Laragne-Montéglin|05,1699,2024,DVF
Larajasse,2410,2024,DVF
Larajasse|69,2410,2024,DVF
Larbey,936,2024,DVF
Larbey|40,936,2024,DVF
Larbroye,1445,2024,DVF
Larbroye|60,1445,2024,DVF
Larchamp,1165,2024,DVF
Larchamp|53,1165,2024,DVF
Larchant,2231,2024,DVF
Larchant|77,2231,2024,DVF
Larche,1847,2024,DVF
Larche|19,1847,2024,DVF
Lardy,3051,2024,DVF
Lardy|91,3051,2024,DVF
Largeasse,1052,2024,DVF
Largeasse|79,1052,2024,DVF
Largentière,1602,2024,DVF
Largentière|07,1602,2024,DVF
Larmor-Baden,5983,2024,DVF
Larmor-Baden|56,5983,2024,DVF
Larmor-Plage,4738,2024,DVF
Larmor-Plage|56,4738,2024,DVF
Larnod,1759,2024,DVF
Larnod|25,1759,2024,DVF
Laroche-Saint-Cydroine,1384,2024,DVF
Laroche-Saint-Cydroine|89,1384,2024,DVF
Larochemillay,1082,2024,DVF
Larochemillay|58,1082,2024,DVF
Larodde,947,2024,DVF
Larodde|63,947,2024,DVF
Laroque,2034,2024,DVF
Laroque-Timbaut,1596,2024,DVF
Laroque-Timbaut|47,1596,2024,DVF
Laroque-d'Olmes,1299,2024,DVF
Laroque-d'Olmes|09,1299,2024,DVF
Laroque-des-Albères,3108,2024,DVF
Laroque-des-Albères|66,3108,2024,DVF
Laroquebrou,1247,2024,DVF
Laroquebrou|15,1247,2024,DVF
Laroque|34,2034,2024,DVF
Larouillies,1378,2024,DVF
Larouillies|59,1378,2024,DVF
Larra,2298,2024,DVF
Larra|31,2298,2024,DVF
Larressore,3845,2024,DVF
Larressore|64,3845,2024,DVF
Larreule,1140,2024,DVF
Larreule|65,1140,2024,DVF
Larringes,3978,2024,DVF
Larringes|74,3978,2024,DVF
Larrivière-Saint-Savin,1572,2024,DVF
Larrivière-Saint-Savin|40,1572,2024,DVF
Larroque,962,2024,DVF
Larroque|31,962,2024,DVF
Larré,2078,2024,DVF
Larré|56,2078,2024,DVF
Larré|61,1433,2024,DVF
Laruns,2107,2024,DVF
Laruns|64,2107,2024,DVF
Laruscade,1900,2024,DVF
Laruscade|33,1900,2024,DVF
Larçay,2768,2024,DVF
Larçay|37,2768,2024,DVF
Larée,1329,2024,DVF
Larée|32,1329,2024,DVF
Lasalle,1822,2024,DVF
Lasalle|30,1822,2024,DVF
Lasbordes,1760,2024,DVF
Lasbordes|11,1760,2024,DVF
Lascaux,1922,2024,DVF
Lascaux|19,1922,2024,DVF
Lascelle,1207,2024,DVF
Lascelle|15,1207,2024,DVF
Lasgraisses,1868,2024,DVF
Lasgraisses|81,1868,2024,DVF
Lassay-les-Châteaux,1631,2024,DVF
Lassay-les-Châteaux|53,1631,2024,DVF
Lasserre-Pradère,2385,2024,DVF
Lasserre-Pradère|31,2385,2024,DVF
Lasseube,1915,2024,DVF
Lasseube|64,1915,2024,DVF
Lassigny,1737,2024,DVF
Lassigny|60,1737,2024,DVF
Lasson,848,2024,DVF
Lasson|89,848,2024,DVF
Lassy,2461,2024,DVF
Lassy|35,2461,2024,DVF
Lathuile,6186,2024,DVF
Lathuile|74,6186,2024,DVF
Lathus-Saint-Rémy,738,2024,DVF
Lathus-Saint-Rémy|86,738,2024,DVF
Latillé,1512,2024,DVF
Latillé|86,1512,2024,DVF
Latouille-Lentillac,1538,2024,DVF
Latouille-Lentillac|46,1538,2024,DVF
Latour-Bas-Elne,2861,2024,DVF
Latour-Bas-Elne|66,2861,2024,DVF
Latour-de-Carol,2866,2024,DVF
Latour-de-Carol|66,2866,2024,DVF
Latour-de-France,1858,2024,DVF
Latour-de-France|66,1858,2024,DVF
Latrape,1195,2024,DVF
Latrape|31,1195,2024,DVF
Latresne,3784,2024,DVF
Latresne|33,3784,2024,DVF
Latronquière,785,2024,DVF
Latronquière|46,785,2024,DVF
Lattes,4616,2024,DVF
Lattes|34,4616,2024,DVF
Lau-Balagnas,2818,2024,DVF
Lau-Balagnas|65,2818,2024,DVF
Laubressel,2293,2024,DVF
Laubressel|10,2293,2024,DVF
Laubrières,1416,2024,DVF
Laubrières|53,1416,2024,DVF
Laudun-l'Ardoise,2468,2024,DVF
Laudun-l'Ardoise|30,2468,2024,DVF
Laugnac,1925,2024,DVF
Laugnac|47,1925,2024,DVF
Launac,2269,2024,DVF
Launac|31,2269,2024,DVF
Launaguet,2695,2024,DVF
Launaguet|31,2695,2024,DVF
Launay-Villiers,1881,2024,DVF
Launay-Villiers|53,1881,2024,DVF
Laurac,1439,2024,DVF
Laurac|11,1439,2024,DVF
Lauraguel,1500,2024,DVF
Lauraguel|11,1500,2024,DVF
Laure-Minervois,1350,2024,DVF
Laure-Minervois|11,1350,2024,DVF
Laurenan,1022,2024,DVF
Laurenan|22,1022,2024,DVF
Laurens,2525,2024,DVF
Laurens|34,2525,2024,DVF
Lauris,3477,2024,DVF
Lauris|84,3477,2024,DVF
Laurière,1024,2024,DVF
Laurière|87,1024,2024,DVF
Laussonne,1736,2024,DVF
Laussonne|43,1736,2024,DVF
Laussou,1650,2024,DVF
Laussou|47,1650,2024,DVF
Lautrec,1603,2024,DVF
Lautrec|81,1603,2024,DVF
Lauwin-Planque,1971,2024,DVF
Lauwin-Planque|59,1971,2024,DVF
Lauzach,2603,2024,DVF
Lauzach|56,2603,2024,DVF
Lauzerte,1490,2024,DVF
Lauzerte|82,1490,2024,DVF
Lauzerville,3361,2024,DVF
Lauzerville|31,3361,2024,DVF
Lauzun,1803,2024,DVF
Lauzun|47,1803,2024,DVF
Laval,2161,2024,DVF
Laval-Pradel,1550,2024,DVF
Laval-Pradel|30,1550,2024,DVF
Laval-Roquecezière,758,2024,DVF
Laval-Roquecezière|12,758,2024,DVF
Laval-de-Cère,1157,2024,DVF
Laval-de-Cère|46,1157,2024,DVF
Laval-sur-Vologne,1341,2024,DVF
Laval-sur-Vologne|88,1341,2024,DVF
Lavalette,2023,2024,DVF
Lavalette|11,2023,2024,DVF
Lavalette|31,2886,2024,DVF
Laval|53,2161,2024,DVF
Lavannes,1739,2024,DVF
Lavannes|51,1739,2024,DVF
Lavans-lès-Dole,1217,2024,DVF
Lavans-lès-Dole|39,1217,2024,DVF
Lavans-lès-Saint-Claude,1291,2024,DVF
Lavans-lès-Saint-Claude|39,1291,2024,DVF
Lavardac,1379,2024,DVF
Lavardac|47,1379,2024,DVF
Lavardens,1746,2024,DVF
Lavardens|32,1746,2024,DVF
Lavardin,1895,2024,DVF
Lavardin|72,1895,2024,DVF
Lavaré,1470,2024,DVF
Lavaré|72,1470,2024,DVF
Lavau,2576,2024,DVF
Lavau-sur-Loire,2466,2024,DVF
Lavau-sur-Loire|44,2466,2024,DVF
Lavault-Sainte-Anne,1356,2024,DVF
Lavault-Sainte-Anne|03,1356,2024,DVF
Lavaur,2150,2024,DVF
Lavaur|81,2150,2024,DVF
Lavau|10,2576,2024,DVF
Lavau|89,1023,2024,DVF
Lavaveix-les-Mines,798,2024,DVF
Lavaveix-les-Mines|23,798,2024,DVF
Laveissière,2600,2024,DVF
Laveissière|15,2600,2024,DVF
Lavelanet,1037,2024,DVF
Lavelanet|09,1037,2024,DVF
Laveline-devant-Bruyères,792,2024,DVF
Laveline-devant-Bruyères|88,792,2024,DVF
Laventie,2238,2024,DVF
Laventie|62,2238,2024,DVF
Lavergne,2003,2024,DVF
Lavergne|47,2003,2024,DVF
Lavernat,1927,2024,DVF
Lavernat|72,1927,2024,DVF
Lavernay,2074,2024,DVF
Lavernay|25,2074,2024,DVF
Lavernose-Lacasse,2439,2024,DVF
Lavernose-Lacasse|31,2439,2024,DVF
Laversines,1874,2024,DVF
Laversines|60,1874,2024,DVF
Laveyron,1873,2024,DVF
Laveyron|26,1873,2024,DVF
Lavigny,1683,2024,DVF
Lavigny|39,1683,2024,DVF
Lavilledieu,2307,2024,DVF
Lavilledieu|07,2307,2024,DVF
Lavilletertre,3108,2024,DVF
Lavilletertre|60,3108,2024,DVF
Lavit,1696,2024,DVF
Lavit|82,1696,2024,DVF
Lavoux,1977,2024,DVF
Lavoux|86,1977,2024,DVF
Lavoûte-sur-Loire,1392,2024,DVF
Lavoûte-sur-Loire|43,1392,2024,DVF
Lavérune,3466,2024,DVF
Lavérune|34,3466,2024,DVF
Laxou,2256,2024,DVF
Laxou|54,2256,2024,DVF
Lay,1725,2024,DVF
Lay-Saint-Christophe,2520,2024,DVF
Lay-Saint-Christophe|54,2520,2024,DVF
Lay-Saint-Remy,1426,2024,DVF
Lay-Saint-Remy|54,1426,2024,DVF
Laye,2524,2024,DVF
Laye|05,2524,2024,DVF
Layrac,1756,2024,DVF
Layrac|47,1756,2024,DVF
Lay|42,1725,2024,DVF
Laz,1482,2024,DVF
Lazenay,1988,2024,DVF
Lazenay|18,1988,2024,DVF
Laz|29,1482,2024,DVF
Laà-Mondrans,1954,2024,DVF
Laà-Mondrans|64,1954,2024,DVF
Le Bailleul,1603,2024,DVF
Le Bailleul|72,1603,2024,DVF
Le Bar-sur-Loup,3301,2024,DVF
Le Bar-sur-Loup|06,3301,2024,DVF
Le Barboux,1909,2024,DVF
Le Barboux|25,1909,2024,DVF
Le Barcarès,3557,2024,DVF
Le Barcarès|66,3557,2024,DVF
Le Bardon,2318,2024,DVF
Le Bardon|45,2318,2024,DVF
Le Barp,3286,2024,DVF
Le Barp|33,3286,2024,DVF
Le Barroux,5515,2024,DVF
Le Barroux|84,5515,2024,DVF
Le Bas Ségala,1422,2024,DVF
Le Bas Ségala|12,1422,2024,DVF
Le Beaucet,4224,2024,DVF
Le Beaucet|84,4224,2024,DVF
Le Beausset,4248,2024,DVF
Le Beausset|83,4248,2024,DVF
Le Bec-Hellouin,1970,2024,DVF
Le Bec-Hellouin|27,1970,2024,DVF
Le Bellay-en-Vexin,2977,2024,DVF
Le Bellay-en-Vexin|95,2977,2024,DVF
Le Bernard,2578,2024,DVF
Le Bernard|85,2578,2024,DVF
Le Bessat,2525,2024,DVF
Le Bessat|42,2525,2024,DVF
Le Bez,1690,2024,DVF
Le Bez|81,1690,2024,DVF
Le Bignon,2626,2024,DVF
Le Bignon|44,2626,2024,DVF
Le Biot,3218,2024,DVF
Le Biot|74,3218,2024,DVF
Le Blanc,969,2024,DVF
Le Blanc-Mesnil,4305,2024,DVF
Le Blanc-Mesnil|93,4305,2024,DVF
Le Blanc|36,969,2024,DVF
Le Bois-Plage-en-Ré,7991,2024,DVF
Le Bois-Plage-en-Ré|17,7991,2024,DVF
Le Bois-Robert,2272,2024,DVF
Le Bois-Robert|76,2272,2024,DVF
Le Boisle,1217,2024,DVF
Le Boisle|80,1217,2024,DVF
Le Bono,4457,2024,DVF
Le Bono|56,4457,2024,DVF
Le Bosc,2215,2024,DVF
Le Bosc du Theil,1838,2024,DVF
Le Bosc du Theil|27,1838,2024,DVF
Le Bosc|34,2215,2024,DVF
Le Bouchage,1647,2024,DVF
Le Bouchage|38,1647,2024,DVF
Le Boulay,1755,2024,DVF
Le Boulay|37,1755,2024,DVF
Le Boullay-Mivoye,1585,2024,DVF
Le Boullay-Mivoye|28,1585,2024,DVF
Le Boullay-Thierry,1934,2024,DVF
Le Boullay-Thierry|28,1934,2024,DVF
Le Boullay-les-Deux-Églises,1700,2024,DVF
Le Boullay-les-Deux-Églises|28,1700,2024,DVF
Le Boulou,2471,2024,DVF
Le Boulou|66,2471,2024,DVF
Le Boupère,1715,2024,DVF
Le Boupère|85,1715,2024,DVF
Le Bourdet,1812,2024,DVF
Le Bourdet|79,1812,2024,DVF
Le Bourg,1394,2024,DVF
Le Bourg-Dun,3985,2024,DVF
Le Bourg-Dun|76,3985,2024,DVF
Le Bourg-d'Hem,925,2024,DVF
Le Bourg-d'Hem|23,925,2024,DVF
Le Bourg-d'Oisans,3220,2024,DVF
Le Bourg-d'Oisans|38,3220,2024,DVF
Le Bourget,4245,2024,DVF
Le Bourget-du-Lac,4384,2024,DVF
Le Bourget-du-Lac|73,4384,2024,DVF
Le Bourget|93,4245,2024,DVF
Le Bourgneuf-la-Forêt,1320,2024,DVF
Le Bourgneuf-la-Forêt|53,1320,2024,DVF
Le Bourg|46,1394,2024,DVF
Le Bouscat,4496,2024,DVF
Le Bouscat|33,4496,2024,DVF
Le Bousquet-d'Orb,1505,2024,DVF
Le Bousquet-d'Orb|34,1505,2024,DVF
Le Breil-sur-Mérize,1365,2024,DVF
Le Breil-sur-Mérize|72,1365,2024,DVF
Le Breuil,1530,2024,DVF
Le Breuil-en-Auge,3576,2024,DVF
Le Breuil-en-Auge|14,3576,2024,DVF
Le Breuil-en-Bessin,2179,2024,DVF
Le Breuil-en-Bessin|14,2179,2024,DVF
Le Breuil-sur-Couze,1253,2024,DVF
Le Breuil-sur-Couze|63,1253,2024,DVF
Le Breuil|03,1214,2024,DVF
Le Breuil|71,1530,2024,DVF
Le Brignon,1913,2024,DVF
Le Brignon|43,1913,2024,DVF
Le Broc,2961,2024,DVF
Le Broc|06,2961,2024,DVF
Le Broc|63,1707,2024,DVF
Le Brugeron,1678,2024,DVF
Le Brugeron|63,1678,2024,DVF
Le Bugue,1618,2024,DVF
Le Bugue|24,1618,2024,DVF
Le Buisson-de-Cadouin,1792,2024,DVF
Le Buisson-de-Cadouin|24,1792,2024,DVF
Le Buret,1443,2024,DVF
Le Buret|53,1443,2024,DVF
Le Burgaud,1686,2024,DVF
Le Burgaud|31,1686,2024,DVF
Le Busseau,1094,2024,DVF
Le Busseau|79,1094,2024,DVF
Le Cailar,3074,2024,DVF
Le Cailar|30,3074,2024,DVF
Le Cannet,4203,2024,DVF
Le Cannet-des-Maures,2995,2024,DVF
Le Cannet-des-Maures|83,2995,2024,DVF
Le Cannet|06,4203,2024,DVF
Le Castelet,2576,2024,DVF
Le Castelet|14,2576,2024,DVF
Le Castellet,4692,2024,DVF
Le Castellet|83,4692,2024,DVF
Le Cateau-Cambrésis,878,2024,DVF
Le Cateau-Cambrésis|59,878,2024,DVF
Le Caylar,1344,2024,DVF
Le Caylar|34,1344,2024,DVF
Le Cellier,2453,2024,DVF
Le Cellier|44,2453,2024,DVF
Le Cendre,2293,2024,DVF
Le Cendre|63,2293,2024,DVF
Le Chaffaut-Saint-Jurson,2267,2024,DVF
Le Chaffaut-Saint-Jurson|04,2267,2024,DVF
Le Chambon-Feugerolles,1523,2024,DVF
Le Chambon-Feugerolles|42,1523,2024,DVF
Le Chambon-sur-Lignon,1696,2024,DVF
Le Chambon-sur-Lignon|43,1696,2024,DVF
Le Champ-Saint-Père,2114,2024,DVF
Le Champ-Saint-Père|85,2114,2024,DVF
Le Champ-près-Froges,2591,2024,DVF
Le Champ-près-Froges|38,2591,2024,DVF
Le Chay,2690,2024,DVF
Le Chay|17,2690,2024,DVF
Le Cheix-sur-Morge,2254,2024,DVF
Le Cheix-sur-Morge|63,2254,2024,DVF
Le Chesnay-Rocquencourt,5976,2024,DVF
Le Chesnay-Rocquencourt|78,5976,2024,DVF
Le Cheylard,1204,2024,DVF
Le Cheylard|07,1204,2024,DVF
Le Cheylas,2598,2024,DVF
Le Cheylas|38,2598,2024,DVF
Le Chillou,1074,2024,DVF
Le Chillou|79,1074,2024,DVF
Le Château-d'Oléron,3374,2024,DVF
Le Château-d'Oléron|17,3374,2024,DVF
Le Châtelard,2626,2024,DVF
Le Châtelard|73,2626,2024,DVF
Le Châtelet,794,2024,DVF
Le Châtelet-en-Brie,2594,2024,DVF
Le Châtelet-en-Brie|77,2594,2024,DVF
Le Châtelet|18,794,2024,DVF
Le Clapier,2094,2024,DVF
Le Clapier|12,2094,2024,DVF
Le Clerjus,1089,2024,DVF
Le Clerjus|88,1089,2024,DVF
Le Cloître-Pleyben,1112,2024,DVF
Le Cloître-Pleyben|29,1112,2024,DVF
Le Cloître-Saint-Thégonnec,1400,2024,DVF
Le Cloître-Saint-Thégonnec|29,1400,2024,DVF
Le Conquet,3069,2024,DVF
Le Conquet|29,3069,2024,DVF
Le Controis-en-Sologne,1571,2024,DVF
Le Controis-en-Sologne|41,1571,2024,DVF
Le Coteau,1607,2024,DVF
Le Coteau|42,1607,2024,DVF
Le Coudray,2661,2024,DVF
Le Coudray-Macouard,1688,2024,DVF
Le Coudray-Macouard|49,1688,2024,DVF
Le Coudray-Montceaux,2993,2024,DVF
Le Coudray-Montceaux|91,2993,2024,DVF
Le Coudray|28,2661,2024,DVF
Le Cours,2267,2024,DVF
Le Cours|56,2267,2024,DVF
Le Crest,2044,2024,DVF
Le Crest|63,2044,2024,DVF
Le Creusot,1200,2024,DVF
Le Creusot|71,1200,2024,DVF
Le Croisic,4676,2024,DVF
Le Croisic|44,4676,2024,DVF
Le Croisty,1158,2024,DVF
Le Croisty|56,1158,2024,DVF
Le Crotoy,4501,2024,DVF
Le Crotoy|80,4501,2024,DVF
Le Crouais,1733,2024,DVF
Le Crouais|35,1733,2024,DVF
Le Crès,3813,2024,DVF
Le Crès|34,3813,2024,DVF
Le Deschaux,1363,2024,DVF
Le Deschaux|39,1363,2024,DVF
Le Donjon,1067,2024,DVF
Le Donjon|03,1067,2024,DVF
Le Dorat,862,2024,DVF
Le Dorat|87,862,2024,DVF
Le Douhet,1542,2024,DVF
Le Douhet|17,1542,2024,DVF
Le Doulieu,2122,2024,DVF
Le Doulieu|59,2122,2024,DVF
Le Drennec,1931,2024,DVF
Le Drennec|29,1931,2024,DVF
Le Dézert,1259,2024,DVF
Le Dézert|50,1259,2024,DVF
Le Faou,1889,2024,DVF
Le Faou|29,1889,2024,DVF
Le Faouët,1476,2024,DVF
Le Faouët|56,1476,2024,DVF
Le Fauga,2564,2024,DVF
Le Fauga|31,2564,2024,DVF
Le Faulq,3308,2024,DVF
Le Faulq|14,3308,2024,DVF
Le Favril,1094,2024,DVF
Le Favril|28,1094,2024,DVF
Le Fay,1613,2024,DVF
Le Fay-Saint-Quentin,2031,2024,DVF
Le Fay-Saint-Quentin|60,2031,2024,DVF
Le Fay|71,1613,2024,DVF
Le Fenouiller,3145,2024,DVF
Le Fenouiller|85,3145,2024,DVF
Le Fidelaire,1670,2024,DVF
Le Fidelaire|27,1670,2024,DVF
Le Fieu,1456,2024,DVF
Le Fieu|33,1456,2024,DVF
Le Fleix,1516,2024,DVF
Le Fleix|24,1516,2024,DVF
Le Folgoët,2063,2024,DVF
Le Folgoët|29,2063,2024,DVF
Le Fossat,1651,2024,DVF
Le Fossat|09,1651,2024,DVF
Le Fouilloux,1121,2024,DVF
Le Fouilloux|17,1121,2024,DVF
Le Fousseret,1566,2024,DVF
Le Fousseret|31,1566,2024,DVF
Le Fraysse,1854,2024,DVF
Le Fraysse|81,1854,2024,DVF
Le Fresne-Camilly,2684,2024,DVF
Le Fresne-Camilly|14,2684,2024,DVF
Le Fœil,1568,2024,DVF
Le Fœil|22,1568,2024,DVF
Le Garric,1581,2024,DVF
Le Garric|81,1581,2024,DVF
Le Gault-Saint-Denis,1498,2024,DVF
Le Gault-Saint-Denis|28,1498,2024,DVF
Le Gault-Soigny,1400,2024,DVF
Le Gault-Soigny|51,1400,2024,DVF
Le Gault-du-Perche,1316,2024,DVF
Le Gault-du-Perche|41,1316,2024,DVF
Le Genest-Saint-Isle,1632,2024,DVF
Le Genest-Saint-Isle|53,1632,2024,DVF
Le Girouard,2497,2024,DVF
Le Girouard|85,2497,2024,DVF
Le Givre,2120,2024,DVF
Le Givre|85,2120,2024,DVF
Le Grand-Bornand,6213,2024,DVF
Le Grand-Bornand|74,6213,2024,DVF
Le Grand-Bourg,1242,2024,DVF
Le Grand-Bourg|23,1242,2024,DVF
Le Grand-Celland,1555,2024,DVF
Le Grand-Celland|50,1555,2024,DVF
Le Grand-Lemps,2209,2024,DVF
Le Grand-Lemps|38,2209,2024,DVF
Le Grand-Lucé,1321,2024,DVF
Le Grand-Lucé|72,1321,2024,DVF
Le Grand-Pressigny,944,2024,DVF
Le Grand-Pressigny|37,944,2024,DVF
Le Grand-Quevilly,2317,2024,DVF
Le Grand-Quevilly|76,2317,2024,DVF
Le Grand-Serre,1505,2024,DVF
Le Grand-Serre|26,1505,2024,DVF
Le Grand-Village-Plage,4039,2024,DVF
Le Grand-Village-Plage|17,4039,2024,DVF
Le Grau-du-Roi,5276,2024,DVF
Le Grau-du-Roi|30,5276,2024,DVF
Le Grès,1945,2024,DVF
Le Grès|31,1945,2024,DVF
Le Gua,2803,2024,DVF
Le Gua|17,2803,2024,DVF
Le Gua|38,2546,2024,DVF
Le Guerno,2301,2024,DVF
Le Guerno|56,2301,2024,DVF
Le Gué-d'Alleré,2090,2024,DVF
Le Gué-d'Alleré|17,2090,2024,DVF
Le Gué-de-Longroi,2056,2024,DVF
Le Gué-de-Longroi|28,2056,2024,DVF
Le Gué-de-Velluire,1802,2024,DVF
Le Gué-de-Velluire|85,1802,2024,DVF
Le Gâvre,2003,2024,DVF
Le Gâvre|44,2003,2024,DVF
Le Haillan,3602,2024,DVF
Le Haillan|33,3602,2024,DVF
Le Ham,1374,2024,DVF
Le Hamel,2002,2024,DVF
Le Hamel|80,2002,2024,DVF
Le Ham|53,1374,2024,DVF
Le Haut-Bréda,2104,2024,DVF
Le Haut-Bréda|38,2104,2024,DVF
Le Haut-Corlay,1298,2024,DVF
Le Haut-Corlay|22,1298,2024,DVF
Le Havre,2424,2024,DVF
Le Havre|76,2424,2024,DVF
Le Hinglé,2498,2024,DVF
Le Hinglé|22,2498,2024,DVF
Le Horps,1106,2024,DVF
Le Horps|53,1106,2024,DVF
Le Houga,1384,2024,DVF
Le Houga|32,1384,2024,DVF
Le Houlme,1887,2024,DVF
Le Houlme|76,1887,2024,DVF
Le Hézo,4042,2024,DVF
Le Hézo|56,4042,2024,DVF
Le Juch,1728,2024,DVF
Le Juch|29,1728,2024,DVF
Le Kremlin-Bicêtre,5673,2024,DVF
Le Kremlin-Bicêtre|94,5673,2024,DVF
Le Landreau,2308,2024,DVF
Le Landreau|44,2308,2024,DVF
Le Langon,1534,2024,DVF
Le Langon|85,1534,2024,DVF
Le Lardin-Saint-Lazare,1639,2024,DVF
Le Lardin-Saint-Lazare|24,1639,2024,DVF
Le Lavandou,6626,2024,DVF
Le Lavandou|83,6626,2024,DVF
Le Lesme,1862,2024,DVF
Le Lesme|27,1862,2024,DVF
Le Lindois,1184,2024,DVF
Le Lindois|16,1184,2024,DVF
Le Lion-d'Angers,2163,2024,DVF
Le Lion-d'Angers|49,2163,2024,DVF
Le Lonzac,926,2024,DVF
Le Lonzac|19,926,2024,DVF
Le Loroux,1621,2024,DVF
Le Loroux-Bottereau,2783,2024,DVF
Le Loroux-Bottereau|44,2783,2024,DVF
Le Loroux|35,1621,2024,DVF
Le Louverot,1143,2024,DVF
Le Louverot|39,1143,2024,DVF
Le Luart,1542,2024,DVF
Le Luart|72,1542,2024,DVF
Le Luc,2795,2024,DVF
Le Luc|83,2795,2024,DVF
Le Lude,1247,2024,DVF
Le Lude|72,1247,2024,DVF
Le Mage,2493,2024,DVF
Le Mage|61,2493,2024,DVF
Le Magny,1313,2024,DVF
Le Magny|36,1313,2024,DVF
Le Maisnil,3047,2024,DVF
Le Maisnil|59,3047,2024,DVF
Le Malesherbois,2207,2024,DVF
Le Malesherbois|45,2207,2024,DVF
Le Manoir,1763,2024,DVF
Le Manoir|27,1763,2024,DVF
Le Mans,2076,2024,DVF
Le Mans|72,2076,2024,DVF
Le Martinet,1685,2024,DVF
Le Martinet|30,1685,2024,DVF
Le Mas,2168,2024,DVF
Le Mas-d'Agenais,1073,2024,DVF
Le Mas-d'Agenais|47,1073,2024,DVF
Le Mas-d'Azil,1287,2024,DVF
Le Mas-d'Azil|09,1287,2024,DVF
Le Mas|06,2168,2024,DVF
Le May-sur-Èvre,1632,2024,DVF
Le May-sur-Èvre|49,1632,2024,DVF
Le Mayet-de-Montagne,1260,2024,DVF
Le Mayet-de-Montagne|03,1260,2024,DVF
Le Menoux,984,2024,DVF
Le Menoux|36,984,2024,DVF
Le Mené,1207,2024,DVF
Le Mené|22,1207,2024,DVF
Le Merzer,1577,2024,DVF
Le Merzer|22,1577,2024,DVF
Le Mesnil-Adelée,1008,2024,DVF
Le Mesnil-Adelée|50,1008,2024,DVF
Le Mesnil-Amelot,2834,2024,DVF
Le Mesnil-Amelot|77,2834,2024,DVF
Le Mesnil-Aubry,2857,2024,DVF
Le Mesnil-Aubry|95,2857,2024,DVF
Le Mesnil-Esnard,2806,2024,DVF
Le Mesnil-Esnard|76,2806,2024,DVF
Le Mesnil-Eury,1237,2024,DVF
Le Mesnil-Eury|50,1237,2024,DVF
Le Mesnil-Guillaume,1580,2024,DVF
Le Mesnil-Guillaume|14,1580,2024,DVF
Le Mesnil-Robert,1374,2024,DVF
Le Mesnil-Robert|14,1374,2024,DVF
Le Mesnil-Rouxelin,1644,2024,DVF
Le Mesnil-Rouxelin|50,1644,2024,DVF
Le Mesnil-Réaume,1906,2024,DVF
Le Mesnil-Réaume|76,1906,2024,DVF
Le Mesnil-Saint-Denis,3751,2024,DVF
Le Mesnil-Saint-Denis|78,3751,2024,DVF
Le Mesnil-Saint-Jean,2517,2024,DVF
Le Mesnil-Saint-Jean|27,2517,2024,DVF
Le Mesnil-Simon,2357,2024,DVF
Le Mesnil-Simon|28,2357,2024,DVF
Le Mesnil-Théribus,2411,2024,DVF
Le Mesnil-Théribus|60,2411,2024,DVF
Le Mesnil-Villeman,946,2024,DVF
Le Mesnil-Villeman|50,946,2024,DVF
Le Mesnil-Villement,1125,2024,DVF
Le Mesnil-Villement|14,1125,2024,DVF
Le Mesnil-au-Val,2131,2024,DVF
Le Mesnil-au-Val|50,2131,2024,DVF
Le Mesnil-en-Thelle,2706,2024,DVF
Le Mesnil-en-Thelle|60,2706,2024,DVF
Le Mesnil-le-Roi,5274,2024,DVF
Le Mesnil-le-Roi|78,5274,2024,DVF
Le Mesnil-sur-Oger,1498,2024,DVF
Le Mesnil-sur-Oger|51,1498,2024,DVF
Le Meux,2824,2024,DVF
Le Meux|60,2824,2024,DVF
Le Minihic-sur-Rance,4038,2024,DVF
Le Minihic-sur-Rance|35,4038,2024,DVF
Le Miroir,1520,2024,DVF
Le Miroir|71,1520,2024,DVF
Le Molay-Littry,1998,2024,DVF
Le Molay-Littry|14,1998,2024,DVF
Le Monastier-sur-Gazeille,1810,2024,DVF
Le Monastier-sur-Gazeille|43,1810,2024,DVF
Le Monastère,2392,2024,DVF
Le Monastère|12,2392,2024,DVF
Le Monestier,1572,2024,DVF
Le Monestier|63,1572,2024,DVF
Le Mont-Saint-Adrien,2161,2024,DVF
Le Mont-Saint-Adrien|60,2161,2024,DVF
Le Monteil,1369,2024,DVF
Le Monteil|15,1369,2024,DVF
Le Montsaugeonnais,1006,2024,DVF
Le Montsaugeonnais|52,1006,2024,DVF
Le Monêtier-les-Bains,5178,2024,DVF
Le Monêtier-les-Bains|05,5178,2024,DVF
Le Moustoir,1208,2024,DVF
Le Moustoir|22,1208,2024,DVF
Le Muy,3040,2024,DVF
Le Muy|83,3040,2024,DVF
Le Mée-sur-Seine,2122,2024,DVF
Le Mée-sur-Seine|77,2122,2024,DVF
Le Ménil,1841,2024,DVF
Le Ménil-de-Briouze,1351,2024,DVF
Le Ménil-de-Briouze|61,1351,2024,DVF
Le Ménil|88,1841,2024,DVF
Le Mérévillois,2292,2024,DVF
Le Mérévillois|91,2292,2024,DVF
Le Mêle-sur-Sarthe,1212,2024,DVF
Le Mêle-sur-Sarthe|61,1212,2024,DVF
Le Nayrac,1503,2024,DVF
Le Nayrac|12,1503,2024,DVF
Le Neubourg,2079,2024,DVF
Le Neubourg|27,2079,2024,DVF
Le Neufbourg,1162,2024,DVF
Le Neufbourg|50,1162,2024,DVF
Le Nizan,2183,2024,DVF
Le Nizan|33,2183,2024,DVF
Le Nouvion-en-Thiérache,1170,2024,DVF
Le Nouvion-en-Thiérache|02,1170,2024,DVF
Le Noyer-en-Ouche,1519,2024,DVF
Le Noyer-en-Ouche|27,1519,2024,DVF
Le Palais,5054,2024,DVF
Le Palais-sur-Vienne,1840,2024,DVF
Le Palais-sur-Vienne|87,1840,2024,DVF
Le Palais|56,5054,2024,DVF
Le Pallet,2383,2024,DVF
Le Pallet|44,2383,2024,DVF
Le Parc,1449,2024,DVF
Le Parcq,1638,2024,DVF
Le Parcq|62,1638,2024,DVF
Le Parc|50,1449,2024,DVF
Le Pas,791,2024,DVF
Le Passage,1863,2024,DVF
Le Passage|38,1679,2024,DVF
Le Passage|47,1863,2024,DVF
Le Pas|53,791,2024,DVF
Le Pecq,4836,2024,DVF
Le Pecq|78,4836,2024,DVF
Le Pellerin,2616,2024,DVF
Le Pellerin|44,2616,2024,DVF
Le Perchay,3834,2024,DVF
Le Perchay|95,3834,2024,DVF
Le Perray-en-Yvelines,3462,2024,DVF
Le Perray-en-Yvelines|78,3462,2024,DVF
Le Perreux-sur-Marne,5828,2024,DVF
Le Perreux-sur-Marne|94,5828,2024,DVF
Le Perrey,1992,2024,DVF
Le Perrey|27,1992,2024,DVF
Le Perrier,2125,2024,DVF
Le Perrier|85,2125,2024,DVF
Le Perréon,2619,2024,DVF
Le Perréon|69,2619,2024,DVF
Le Perthus,1386,2024,DVF
Le Perthus|66,1386,2024,DVF
Le Pertre,1575,2024,DVF
Le Pertre|35,1575,2024,DVF
Le Pertuis,2426,2024,DVF
Le Pertuis|43,2426,2024,DVF
Le Petit-Celland,1446,2024,DVF
Le Petit-Celland|50,1446,2024,DVF
Le Petit-Fougeray,2282,2024,DVF
Le Petit-Fougeray|35,2282,2024,DVF
Le Petit-Quevilly,1810,2024,DVF
Le Petit-Quevilly|76,1810,2024,DVF
Le Peyrat,959,2024,DVF
Le Peyrat|09,959,2024,DVF
Le Pian-Médoc,3356,2024,DVF
Le Pian-Médoc|33,3356,2024,DVF
Le Pin,2271,2024,DVF
Le Pin-au-Haras,1651,2024,DVF
Le Pin-au-Haras|61,1651,2024,DVF
Le Pin-la-Garenne,1569,2024,DVF
Le Pin-la-Garenne|61,1569,2024,DVF
Le Pin|03,991,2024,DVF
Le Pin|14,2271,2024,DVF
Le Pin|44,1878,2024,DVF
Le Pin|77,4162,2024,DVF
Le Pin|79,1442,2024,DVF
Le Pizou,1637,2024,DVF
Le Pizou|24,1637,2024,DVF
Le Plan,1562,2024,DVF
Le Plan-de-la-Tour,4760,2024,DVF
Le Plan-de-la-Tour|83,4760,2024,DVF
Le Plan|31,1562,2024,DVF
Le Plessier-Rozainvillers,1590,2024,DVF
Le Plessier-Rozainvillers|80,1590,2024,DVF
Le Plessier-sur-Saint-Just,1930,2024,DVF
Le Plessier-sur-Saint-Just|60,1930,2024,DVF
Le Plessis-Belleville,3006,2024,DVF
Le Plessis-Belleville|60,3006,2024,DVF
Le Plessis-Bouchard,3776,2024,DVF
Le Plessis-Bouchard|95,3776,2024,DVF
Le Plessis-Brion,2133,2024,DVF
Le Plessis-Brion|60,2133,2024,DVF
Le Plessis-Grammoire,2361,2024,DVF
Le Plessis-Grammoire|49,2361,2024,DVF
Le Plessis-Grohan,1911,2024,DVF
Le Plessis-Grohan|27,1911,2024,DVF
Le Plessis-Lastelle,1682,2024,DVF
Le Plessis-Lastelle|50,1682,2024,DVF
Le Plessis-Pâté,3244,2024,DVF
Le Plessis-Pâté|91,3244,2024,DVF
Le Plessis-Robinson,5556,2024,DVF
Le Plessis-Robinson|92,5556,2024,DVF
Le Plessis-Trévise,3956,2024,DVF
Le Plessis-Trévise|94,3956,2024,DVF
Le Ployron,3034,2024,DVF
Le Ployron|60,3034,2024,DVF
Le Poinçonnet,1641,2024,DVF
Le Poinçonnet|36,1641,2024,DVF
Le Poiré-sur-Vie,2194,2024,DVF
Le Poiré-sur-Vie|85,2194,2024,DVF
Le Poizat-Lalleyriat,1910,2024,DVF
Le Poizat-Lalleyriat|01,1910,2024,DVF
Le Ponchel,876,2024,DVF
Le Ponchel|62,876,2024,DVF
Le Pont-Chrétien-Chabenet,1039,2024,DVF
Le Pont-Chrétien-Chabenet|36,1039,2024,DVF
Le Pont-de-Beauvoisin,2242,2024,DVF
Le Pont-de-Beauvoisin|38,2242,2024,DVF
Le Pont-de-Beauvoisin|73,1955,2024,DVF
Le Pont-de-Claix,2072,2024,DVF
Le Pont-de-Claix|38,2072,2024,DVF
Le Pontet,1944,2024,DVF
Le Pontet|84,1944,2024,DVF
Le Porge,4408,2024,DVF
Le Porge|33,4408,2024,DVF
Le Port,1667,2024,DVF
Le Port-Marly,4639,2024,DVF
Le Port-Marly|78,4639,2024,DVF
Le Portel,1964,2024,DVF
Le Portel|62,1964,2024,DVF
Le Port|09,1667,2024,DVF
Le Pouget,2278,2024,DVF
Le Pouget|34,2278,2024,DVF
Le Poujol-sur-Orb,1559,2024,DVF
Le Poujol-sur-Orb|34,1559,2024,DVF
Le Pouliguen,5555,2024,DVF
Le Pouliguen|44,5555,2024,DVF
Le Pouzin,2238,2024,DVF
Le Pouzin|07,2238,2024,DVF
Le Poët,2254,2024,DVF
Le Poët-Laval,3116,2024,DVF
Le Poët-Laval|26,3116,2024,DVF
Le Poët|05,2254,2024,DVF
Le Pradet,4944,2024,DVF
Le Pradet|83,4944,2024,DVF
Le Pré-Saint-Gervais,6194,2024,DVF
Le Pré-Saint-Gervais|93,6194,2024,DVF
Le Pré-d'Auge,2106,2024,DVF
Le Pré-d'Auge|14,2106,2024,DVF
Le Puy-Notre-Dame,1132,2024,DVF
Le Puy-Notre-Dame|49,1132,2024,DVF
Le Puy-Sainte-Réparade,4708,2024,DVF
Le Puy-Sainte-Réparade|13,4708,2024,DVF
Le Puy-en-Velay,1633,2024,DVF
Le Puy-en-Velay|43,1633,2024,DVF
Le Péage-de-Roussillon,1862,2024,DVF
Le Péage-de-Roussillon|38,1862,2024,DVF
Le Pêchereau,1322,2024,DVF
Le Pêchereau|36,1322,2024,DVF
Le Quesne,1121,2024,DVF
Le Quesnel,1849,2024,DVF
Le Quesnel|80,1849,2024,DVF
Le Quesne|80,1121,2024,DVF
Le Quesnoy,1756,2024,DVF
Le Quesnoy|59,1756,2024,DVF
Le Quillio,1336,2024,DVF
Le Quillio|22,1336,2024,DVF
Le Quiou,1289,2024,DVF
Le Quiou|22,1289,2024,DVF
Le Raincy,4345,2024,DVF
Le Raincy|93,4345,2024,DVF
Le Relecq-Kerhuon,2987,2024,DVF
Le Relecq-Kerhuon|29,2987,2024,DVF
Le Renouard,3110,2024,DVF
Le Renouard|61,3110,2024,DVF
Le Revest-les-Eaux,4194,2024,DVF
Le Revest-les-Eaux|83,4194,2024,DVF
Le Rheu,2980,2024,DVF
Le Rheu|35,2980,2024,DVF
Le Rouget-Pers,1673,2024,DVF
Le Rouget-Pers|15,1673,2024,DVF
Le Rouret,5639,2024,DVF
Le Rouret|06,5639,2024,DVF
Le Rousset-Marizy,1221,2024,DVF
Le Rousset-Marizy|71,1221,2024,DVF
Le Rove,5277,2024,DVF
Le Rove|13,5277,2024,DVF
Le Rozel,2182,2024,DVF
Le Rozel|50,2182,2024,DVF
Le Russey,2463,2024,DVF
Le Russey|25,2463,2024,DVF
Le Saint,1129,2024,DVF
Le Saint|56,1129,2024,DVF
Le Sappey-en-Chartreuse,4830,2024,DVF
Le Sappey-en-Chartreuse|38,4830,2024,DVF
Le Saulcy,1464,2024,DVF
Le Saulcy|88,1464,2024,DVF
Le Sel-de-Bretagne,1823,2024,DVF
Le Sel-de-Bretagne|35,1823,2024,DVF
Le Sequestre,2341,2024,DVF
Le Sequestre|81,2341,2024,DVF
Le Seure,1218,2024,DVF
Le Seure|17,1218,2024,DVF
Le Soler,2512,2024,DVF
Le Soler|66,2512,2024,DVF
Le Souich,1088,2024,DVF
Le Souich|62,1088,2024,DVF
Le Sourn,1638,2024,DVF
Le Sourn|56,1638,2024,DVF
Le Subdray,2116,2024,DVF
Le Subdray|18,2116,2024,DVF
Le Syndicat,1600,2024,DVF
Le Syndicat|88,1600,2024,DVF
Le Tablier,1869,2024,DVF
Le Tablier|85,1869,2024,DVF
Le Taillan-Médoc,3480,2024,DVF
Le Taillan-Médoc|33,3480,2024,DVF
Le Tallud,1655,2024,DVF
Le Tallud|79,1655,2024,DVF
Le Tanu,1553,2024,DVF
Le Tanu|50,1553,2024,DVF
Le Tech,1303,2024,DVF
Le Tech|66,1303,2024,DVF
Le Teich,4329,2024,DVF
Le Teich|33,4329,2024,DVF
Le Teil,1768,2024,DVF
Le Teilleul,1209,2024,DVF
Le Teilleul|50,1209,2024,DVF
Le Teil|07,1768,2024,DVF
Le Temple-de-Bretagne,2732,2024,DVF
Le Temple-de-Bretagne|44,2732,2024,DVF
Le Temple-sur-Lot,1713,2024,DVF
Le Temple-sur-Lot|47,1713,2024,DVF
Le Theil,699,2024,DVF
Le Theil-Nolent,1805,2024,DVF
Le Theil-Nolent|27,1805,2024,DVF
Le Theil-de-Bretagne,1918,2024,DVF
Le Theil-de-Bretagne|35,1918,2024,DVF
Le Theil|03,699,2024,DVF
Le Thieulin,1846,2024,DVF
Le Thieulin|28,1846,2024,DVF
Le Thillay,3466,2024,DVF
Le Thillay|95,3466,2024,DVF
Le Thillot,1320,2024,DVF
Le Thillot|88,1320,2024,DVF
Le Tholonet,10999,2024,DVF
Le Tholonet|13,10999,2024,DVF
Le Tholy,2602,2024,DVF
Le Tholy|88,2602,2024,DVF
Le Thor,3149,2024,DVF
Le Thoronet,3315,2024,DVF
Le Thoronet|83,3315,2024,DVF
Le Thor|84,3149,2024,DVF
Le Thou,2558,2024,DVF
Le Thou|17,2558,2024,DVF
Le Thuit de l'Oison,1883,2024,DVF
Le Thuit de l'Oison|27,1883,2024,DVF
Le Tignet,4428,2024,DVF
Le Tignet|06,4428,2024,DVF
Le Torp-Mesnil,1606,2024,DVF
Le Torp-Mesnil|76,1606,2024,DVF
Le Touquet-Paris-Plage,8879,2024,DVF
Le Touquet-Paris-Plage|62,8879,2024,DVF
Le Tour-du-Parc,3679,2024,DVF
Le Tour-du-Parc|56,3679,2024,DVF
Le Tourne,2318,2024,DVF
Le Tourne|33,2318,2024,DVF
Le Touvet,3408,2024,DVF
Le Touvet|38,3408,2024,DVF
Le Trait,1708,2024,DVF
Le Trait|76,1708,2024,DVF
Le Tremblay-sur-Mauldre,3905,2024,DVF
Le Tremblay-sur-Mauldre|78,3905,2024,DVF
Le Tronchet,1905,2024,DVF
Le Tronchet|35,1905,2024,DVF
Le Tronquay,1891,2024,DVF
Le Tronquay|14,1891,2024,DVF
Le Tronquay|27,1594,2024,DVF
Le Tréhou,1830,2024,DVF
Le Tréhou|29,1830,2024,DVF
Le Tréport,2547,2024,DVF
Le Tréport|76,2547,2024,DVF
Le Trévoux,1944,2024,DVF
Le Trévoux|29,1944,2024,DVF
Le Val,2800,2024,DVF
Le Val d'Hazey,2127,2024,DVF
Le Val d'Hazey|27,2127,2024,DVF
Le Val d'Ocre,1306,2024,DVF
Le Val d'Ocre|89,1306,2024,DVF
Le Val-David,1888,2024,DVF
Le Val-David|27,1888,2024,DVF
Le Val-Doré,1706,2024,DVF
Le Val-Doré|27,1706,2024,DVF
Le Val-Saint-Germain,3007,2024,DVF
Le Val-Saint-Germain|91,3007,2024,DVF
Le Val-Saint-Père,2165,2024,DVF
Le Val-Saint-Père|50,2165,2024,DVF
Le Val-d'Ajol,1314,2024,DVF
Le Val-d'Ajol|88,1314,2024,DVF
Le Val|83,2800,2024,DVF
Le Vanneau-Irleau,1638,2024,DVF
Le Vanneau-Irleau|79,1638,2024,DVF
Le Vast,2104,2024,DVF
Le Vast|50,2104,2024,DVF
Le Vaudoué,4605,2024,DVF
Le Vaudoué|77,4605,2024,DVF
Le Vaudreuil,2308,2024,DVF
Le Vaudreuil|27,2308,2024,DVF
Le Vauroux,2653,2024,DVF
Le Vauroux|60,2653,2024,DVF
Le Verdon-sur-Mer,2845,2024,DVF
Le Verdon-sur-Mer|33,2845,2024,DVF
Le Verger,2320,2024,DVF
Le Verger|35,2320,2024,DVF
Le Vernet,1693,2024,DVF
Le Vernet-Chaméane,933,2024,DVF
Le Vernet-Chaméane|63,933,2024,DVF
Le Vernet|03,1693,2024,DVF
Le Vernet|09,2236,2024,DVF
Le Versoud,3498,2024,DVF
Le Versoud|38,3498,2024,DVF
Le Vibal,2004,2024,DVF
Le Vibal|12,2004,2024,DVF
Le Vieil-Évreux,1723,2024,DVF
Le Vieil-Évreux|27,1723,2024,DVF
Le Vieux-Bourg,1033,2024,DVF
Le Vieux-Bourg|22,1033,2024,DVF
Le Vieux-Marché,1703,2024,DVF
Le Vieux-Marché|22,1703,2024,DVF
Le Vigan,1387,2024,DVF
Le Vigan-en-Quercy,2277,2024,DVF
Le Vigan-en-Quercy|46,2277,2024,DVF
Le Vigan|30,1387,2024,DVF
Le Vigean,1328,2024,DVF
Le Vigeant,971,2024,DVF
Le Vigeant|86,971,2024,DVF
Le Vigean|15,1328,2024,DVF
Le Vigen,1731,2024,DVF
Le Vigen|87,1731,2024,DVF
Le Vignau,1912,2024,DVF
Le Vignau|40,1912,2024,DVF
Le Vignon-en-Quercy,1662,2024,DVF
Le Vignon-en-Quercy|46,1662,2024,DVF
Le Villars,1314,2024,DVF
Le Villars|71,1314,2024,DVF
Le Vivier-sur-Mer,2987,2024,DVF
Le Vivier-sur-Mer|35,2987,2024,DVF
Le Vésinet,6891,2024,DVF
Le Vésinet|78,6891,2024,DVF
Le Wast,1565,2024,DVF
Le Wast|62,1565,2024,DVF
Lecci,6253,2024,DVF
Lecci|2A,6253,2024,DVF
Lecelles,2400,2024,DVF
Lecelles|59,2400,2024,DVF
Lechâtelet,1434,2024,DVF
Lechâtelet|21,1434,2024,DVF
Lectoure,1649,2024,DVF
Lectoure|32,1649,2024,DVF
Lederzeele,2089,2024,DVF
Lederzeele|59,2089,2024,DVF
Ledeuix,1981,2024,DVF
Ledeuix|64,1981,2024,DVF
Ledringhem,2138,2024,DVF
Ledringhem|59,2138,2024,DVF
Leers,2649,2024,DVF
Leers|59,2649,2024,DVF
Leffrinckoucke,2584,2024,DVF
Leffrinckoucke|59,2584,2024,DVF
Leforest,1853,2024,DVF
Leforest|62,1853,2024,DVF
Legé,1865,2024,DVF
Legé|44,1865,2024,DVF
Lehaucourt,931,2024,DVF
Lehaucourt|02,931,2024,DVF
Leignes-sur-Fontaine,1163,2024,DVF
Leignes-sur-Fontaine|86,1163,2024,DVF
Leigneux,1355,2024,DVF
Leigneux|42,1355,2024,DVF
Leigné-les-Bois,1322,2024,DVF
Leigné-les-Bois|86,1322,2024,DVF
Leigné-sur-Usseau,1084,2024,DVF
Leigné-sur-Usseau|86,1084,2024,DVF
Lembras,1761,2024,DVF
Lembras|24,1761,2024,DVF
Lempaut,1134,2024,DVF
Lempaut|81,1134,2024,DVF
Lempdes,2481,2024,DVF
Lempdes-sur-Allagnon,1210,2024,DVF
Lempdes-sur-Allagnon|43,1210,2024,DVF
Lempdes|63,2481,2024,DVF
Lemé,997,2024,DVF
Lemé|02,997,2024,DVF
Lencloître,1286,2024,DVF
Lencloître|86,1286,2024,DVF
Lendou-en-Quercy,1922,2024,DVF
Lendou-en-Quercy|46,1922,2024,DVF
Lengronne,1753,2024,DVF
Lengronne|50,1753,2024,DVF
Lennon,1360,2024,DVF
Lennon|29,1360,2024,DVF
Lens,1678,2024,DVF
Lens-Lestang,1413,2024,DVF
Lens-Lestang|26,1413,2024,DVF
Lens|62,1678,2024,DVF
Lent,2241,2024,DVF
Lentigny,1672,2024,DVF
Lentigny|42,1672,2024,DVF
Lentilly,4343,2024,DVF
Lentilly|69,4343,2024,DVF
Lent|01,2241,2024,DVF
Lepuix,1278,2024,DVF
Lepuix|90,1278,2024,DVF
Lerzy,1397,2024,DVF
Lerzy|02,1397,2024,DVF
Les Abrets en Dauphiné,2484,2024,DVF
Les Abrets en Dauphiné|38,2484,2024,DVF
Les Achards,2323,2024,DVF
Les Achards|85,2323,2024,DVF
Les Adjots,993,2024,DVF
Les Adjots|16,993,2024,DVF
Les Adrets,3281,2024,DVF
Les Adrets-de-l'Estérel,5240,2024,DVF
Les Adrets-de-l'Estérel|83,5240,2024,DVF
Les Adrets|38,3281,2024,DVF
Les Ageux,2525,2024,DVF
Les Ageux|60,2525,2024,DVF
Les Aires,2137,2024,DVF
Les Aires|34,2137,2024,DVF
Les Aix-d'Angillon,1294,2024,DVF
Les Aix-d'Angillon|18,1294,2024,DVF
Les Allues,10129,2024,DVF
Les Allues|73,10129,2024,DVF
Les Alluets-le-Roi,4422,2024,DVF
Les Alluets-le-Roi|78,4422,2024,DVF
Les Ancizes-Comps,1409,2024,DVF
Les Ancizes-Comps|63,1409,2024,DVF
Les Andelys,1782,2024,DVF
Les Andelys|27,1782,2024,DVF
Les Angles,3362,2024,DVF
Les Angles|30,3362,2024,DVF
Les Angles|66,3893,2024,DVF
Les Arcs,3332,2024,DVF
Les Arcs|83,3332,2024,DVF
Les Artigues-de-Lussac,2250,2024,DVF
Les Artigues-de-Lussac|33,2250,2024,DVF
Les Aspres,1290,2024,DVF
Les Aspres|61,1290,2024,DVF
Les Assions,2288,2024,DVF
Les Assions|07,2288,2024,DVF
Les Attaques,1956,2024,DVF
Les Attaques|62,1956,2024,DVF
Les Autels-Villevillon,1281,2024,DVF
Les Autels-Villevillon|28,1281,2024,DVF
Les Authieux-sur-le-Port-Saint-Ouen,2474,2024,DVF
Les Authieux-sur-le-Port-Saint-Ouen|76,2474,2024,DVF
Les Auxons,2459,2024,DVF
Les Auxons|25,2459,2024,DVF
Les Avanchers-Valmorel,4934,2024,DVF
Les Avanchers-Valmorel|73,4934,2024,DVF
Les Avenières Veyrins-Thuellin,2260,2024,DVF
Les Avenières Veyrins-Thuellin|38,2260,2024,DVF
Les Ayvelles,1551,2024,DVF
Les Ayvelles|08,1551,2024,DVF
Les Baux-Sainte-Croix,1796,2024,DVF
Les Baux-Sainte-Croix|27,1796,2024,DVF
Les Baux-de-Breteuil,1341,2024,DVF
Les Baux-de-Breteuil|27,1341,2024,DVF
Les Baux-de-Provence,5532,2024,DVF
Les Baux-de-Provence|13,5532,2024,DVF
Les Belleville,8124,2024,DVF
Les Belleville|73,8124,2024,DVF
Les Billanges,835,2024,DVF
Les Billanges|87,835,2024,DVF
Les Billaux,1788,2024,DVF
Les Billaux|33,1788,2024,DVF
Les Bois d'Anjou,1646,2024,DVF
Les Bois d'Anjou|49,1646,2024,DVF
Les Bordes,1924,2024,DVF
Les Bordes-sur-Arize,1508,2024,DVF
Les Bordes-sur-Arize|09,1508,2024,DVF
Les Bordes|36,1000,2024,DVF
Les Bordes|45,1924,2024,DVF
Les Bordes|89,1342,2024,DVF
Les Bottereaux,2040,2024,DVF
Les Bottereaux|27,2040,2024,DVF
Les Bouchoux,2664,2024,DVF
Les Bouchoux|39,2664,2024,DVF
Les Brouzils,1892,2024,DVF
Les Brouzils|85,1892,2024,DVF
Les Brulais,1307,2024,DVF
Les Brulais|35,1307,2024,DVF
Les Bréseux,2228,2024,DVF
Les Bréseux|25,2228,2024,DVF
Les Bréviaires,3215,2024,DVF
Les Bréviaires|78,3215,2024,DVF
Les Cammazes,1208,2024,DVF
Les Cammazes|81,1208,2024,DVF
Les Cars,910,2024,DVF
Les Cars|87,910,2024,DVF
Les Cerqueux,1364,2024,DVF
Les Cerqueux|49,1364,2024,DVF
Les Champs-Géraux,2145,2024,DVF
Les Champs-Géraux|22,2145,2024,DVF
Les Choux,1834,2024,DVF
Les Choux|45,1834,2024,DVF
Les Châteliers,1147,2024,DVF
Les Châteliers|79,1147,2024,DVF
Les Chères,3627,2024,DVF
Les Chères|69,3627,2024,DVF
Les Clayes-sous-Bois,3616,2024,DVF
Les Clayes-sous-Bois|78,3616,2024,DVF
Les Clefs,6142,2024,DVF
Les Clefs|74,6142,2024,DVF
Les Clérimois,1419,2024,DVF
Les Clérimois|89,1419,2024,DVF
Les Contamines-Montjoie,5539,2024,DVF
Les Contamines-Montjoie|74,5539,2024,DVF
Les Corvées-les-Yys,1210,2024,DVF
Les Corvées-les-Yys|28,1210,2024,DVF
Les Côtes-d'Arey,2742,2024,DVF
Les Côtes-d'Arey|38,2742,2024,DVF
Les Côtes-de-Corps,2487,2024,DVF
Les Côtes-de-Corps|38,2487,2024,DVF
Les Damps,1734,2024,DVF
Les Damps|27,1734,2024,DVF
Les Deux Alpes,5191,2024,DVF
Les Deux Alpes|38,5191,2024,DVF
Les Déserts,4429,2024,DVF
Les Déserts|73,4429,2024,DVF
Les Epesses,1885,2024,DVF
Les Epesses|85,1885,2024,DVF
Les Essards,1763,2024,DVF
Les Essards|17,1763,2024,DVF
Les Essarts-le-Roi,3248,2024,DVF
Les Essarts-le-Roi|78,3248,2024,DVF
Les Essarts-le-Vicomte,1231,2024,DVF
Les Essarts-le-Vicomte|51,1231,2024,DVF
Les Eyzies,1751,2024,DVF
Les Eyzies|24,1751,2024,DVF
Les Fins,3151,2024,DVF
Les Fins|25,3151,2024,DVF
Les Fontenelles,1499,2024,DVF
Les Fontenelles|25,1499,2024,DVF
Les Forges,1355,2024,DVF
Les Forges|79,1355,2024,DVF
Les Forges|88,1874,2024,DVF
Les Fougerêts,1509,2024,DVF
Les Fougerêts|56,1509,2024,DVF
Les Fourgs,2704,2024,DVF
Les Fourgs|25,2704,2024,DVF
Les Garennes sur Loire,2715,2024,DVF
Les Garennes sur Loire|49,2715,2024,DVF
Les Gets,7346,2024,DVF
Les Gets|74,7346,2024,DVF
Les Gonds,2030,2024,DVF
Les Gonds|17,2030,2024,DVF
Les Grandes-Chapelles,1574,2024,DVF
Les Grandes-Chapelles|10,1574,2024,DVF
Les Grandes-Ventes,1977,2024,DVF
Les Grandes-Ventes|76,1977,2024,DVF
Les Grands-Chézeaux,1273,2024,DVF
Les Grands-Chézeaux|87,1273,2024,DVF
Les Granges-le-Roi,2717,2024,DVF
Les Granges-le-Roi|91,2717,2024,DVF
Les Grangettes,3145,2024,DVF
Les Grangettes|25,3145,2024,DVF
Les Gras,2618,2024,DVF
Les Gras|25,2618,2024,DVF
Les Halles,2113,2024,DVF
Les Halles|69,2113,2024,DVF
Les Hautes-Rivières,1024,2024,DVF
Les Hautes-Rivières|08,1024,2024,DVF
Les Hauts-d'Anjou,1643,2024,DVF
Les Hauts-d'Anjou|49,1643,2024,DVF
Les Hauts-de-Caux,1918,2024,DVF
Les Hauts-de-Caux|76,1918,2024,DVF
Les Herbiers,2339,2024,DVF
Les Herbiers|85,2339,2024,DVF
Les Hermites,1078,2024,DVF
Les Hermites|37,1078,2024,DVF
Les Hogues,1803,2024,DVF
Les Hogues|27,1803,2024,DVF
Les Houches,7615,2024,DVF
Les Houches|74,7615,2024,DVF
Les Hôpitaux-Neufs,3345,2024,DVF
Les Hôpitaux-Neufs|25,3345,2024,DVF
Les Hôpitaux-Vieux,3671,2024,DVF
Les Hôpitaux-Vieux|25,3671,2024,DVF
Les Islettes,781,2024,DVF
Les Islettes|55,781,2024,DVF
Les Issards,1603,2024,DVF
Les Issards|09,1603,2024,DVF
Les Landes-Genusson,1884,2024,DVF
Les Landes-Genusson|85,1884,2024,DVF
Les Laubies,966,2024,DVF
Les Laubies|48,966,2024,DVF
Les Lilas,6613,2024,DVF
Les Lilas|93,6613,2024,DVF
Les Loges,2164,2024,DVF
Les Loges-Marchis,1283,2024,DVF
Les Loges-Marchis|50,1283,2024,DVF
Les Loges-en-Josas,6079,2024,DVF
Les Loges-en-Josas|78,6079,2024,DVF
Les Loges|76,2164,2024,DVF
Les Lucs-sur-Boulogne,1910,2024,DVF
Les Lucs-sur-Boulogne|85,1910,2024,DVF
Les Mages,2125,2024,DVF
Les Mages|30,2125,2024,DVF
Les Magnils-Reigniers,1776,2024,DVF
Les Magnils-Reigniers|85,1776,2024,DVF
Les Maillys,1524,2024,DVF
Les Maillys|21,1524,2024,DVF
Les Mars,1040,2024,DVF
Les Mars|23,1040,2024,DVF
Les Martres-d'Artière,2375,2024,DVF
Les Martres-d'Artière|63,2375,2024,DVF
Les Martres-de-Veyre,1949,2024,DVF
Les Martres-de-Veyre|63,1949,2024,DVF
Les Matelles,3811,2024,DVF
Les Matelles|34,3811,2024,DVF
Les Mathes,4430,2024,DVF
Les Mathes|17,4430,2024,DVF
Les Mayons,2593,2024,DVF
Les Mayons|83,2593,2024,DVF
Les Mazures,1176,2024,DVF
Les Mazures|08,1176,2024,DVF
Les Mesneux,3223,2024,DVF
Les Mesneux|51,3223,2024,DVF
Les Mesnuls,5286,2024,DVF
Les Mesnuls|78,5286,2024,DVF
Les Moitiers-d'Allonne,2529,2024,DVF
Les Moitiers-d'Allonne|50,2529,2024,DVF
Les Molières,3436,2024,DVF
Les Molières|91,3436,2024,DVF
Les Montils,1830,2024,DVF
Les Montils|41,1830,2024,DVF
Les Monts d'Andaine,1485,2024,DVF
Les Monts d'Andaine|61,1485,2024,DVF
Les Monts d'Aunay,1712,2024,DVF
Les Monts d'Aunay|14,1712,2024,DVF
Les Monts du Roumois,1778,2024,DVF
Les Monts du Roumois|27,1778,2024,DVF
Les Monts-Verts,1120,2024,DVF
Les Monts-Verts|48,1120,2024,DVF
Les Moussières,2460,2024,DVF
Les Moussières|39,2460,2024,DVF
Les Moutiers-en-Cinglais,1833,2024,DVF
Les Moutiers-en-Cinglais|14,1833,2024,DVF
Les Moutiers-en-Retz,4071,2024,DVF
Les Moutiers-en-Retz|44,4071,2024,DVF
Les Mureaux,2397,2024,DVF
Les Mureaux|78,2397,2024,DVF
Les Mées,2415,2024,DVF
Les Mées|04,2415,2024,DVF
Les Neyrolles,2466,2024,DVF
Les Neyrolles|01,2466,2024,DVF
Les Noës-près-Troyes,1802,2024,DVF
Les Noës-près-Troyes|10,1802,2024,DVF
Les Ollières-sur-Eyrieux,2097,2024,DVF
Les Ollières-sur-Eyrieux|07,2097,2024,DVF
Les Ormes,1088,2024,DVF
Les Ormes-sur-Voulzie,2266,2024,DVF
Les Ormes-sur-Voulzie|77,2266,2024,DVF
Les Ormes|86,1088,2024,DVF
Les Ormes|89,1999,2024,DVF
Les Orres,3524,2024,DVF
Les Orres|05,3524,2024,DVF
Les Pavillons-sous-Bois,3695,2024,DVF
Les Pavillons-sous-Bois|93,3695,2024,DVF
Les Peintures,1418,2024,DVF
Les Peintures|33,1418,2024,DVF
Les Pennes-Mirabeau,3974,2024,DVF
Les Pennes-Mirabeau|13,3974,2024,DVF
Les Pieux,2468,2024,DVF
Les Pieux|50,2468,2024,DVF
Les Pineaux,1649,2024,DVF
Les Pineaux|85,1649,2024,DVF
Les Pins,844,2024,DVF
Les Pins|16,844,2024,DVF
Les Ponts-de-Cé,2648,2024,DVF
Les Ponts-de-Cé|49,2648,2024,DVF
Les Portes du Coglais,1373,2024,DVF
Les Portes du Coglais|35,1373,2024,DVF
Les Portes-en-Ré,7242,2024,DVF
Les Portes-en-Ré|17,7242,2024,DVF
Les Premiers Sapins,1878,2024,DVF
Les Premiers Sapins|25,1878,2024,DVF
Les Pujols,1857,2024,DVF
Les Pujols|09,1857,2024,DVF
Les Rairies,1507,2024,DVF
Les Rairies|49,1507,2024,DVF
Les Riceys,862,2024,DVF
Les Riceys|10,862,2024,DVF
Les Roches-de-Condrieu,2575,2024,DVF
Les Roches-de-Condrieu|38,2575,2024,DVF
Les Rousses,3478,2024,DVF
Les Rousses|39,3478,2024,DVF
Les Rues-des-Vignes,1518,2024,DVF
Les Rues-des-Vignes|59,1518,2024,DVF
Les Sables-d'Olonne,4488,2024,DVF
Les Sables-d'Olonne|85,4488,2024,DVF
Les Salelles,3125,2024,DVF
Les Salelles|07,3125,2024,DVF
Les Salles-Lavauguyon,1413,2024,DVF
Les Salles-Lavauguyon|87,1413,2024,DVF
Les Salles-du-Gardon,1620,2024,DVF
Les Salles-du-Gardon|30,1620,2024,DVF
Les Salles-sur-Verdon,2449,2024,DVF
Les Salles-sur-Verdon|83,2449,2024,DVF
Les Septvallons,1512,2024,DVF
Les Septvallons|02,1512,2024,DVF
Les Sièges,1225,2024,DVF
Les Sièges|89,1225,2024,DVF
Les Sorinières,3126,2024,DVF
Les Sorinières|44,3126,2024,DVF
Les Souhesmes-Rampont,1670,2024,DVF
Les Souhesmes-Rampont|55,1670,2024,DVF
Les Thilliers-en-Vexin,1996,2024,DVF
Les Thilliers-en-Vexin|27,1996,2024,DVF
Les Thuiles,2592,2024,DVF
Les Thuiles|04,2592,2024,DVF
Les Touches,2389,2024,DVF
Les Touches|44,2389,2024,DVF
Les Tourrettes,2171,2024,DVF
Les Tourrettes|26,2171,2024,DVF
Les Trois Lacs,2666,2024,DVF
Les Trois Lacs|27,2666,2024,DVF
Les Trois-Châteaux,1531,2024,DVF
Les Trois-Châteaux|39,1531,2024,DVF
Les Trois-Moutiers,1279,2024,DVF
Les Trois-Moutiers|86,1279,2024,DVF
Les Trois-Pierres,2340,2024,DVF
Les Trois-Pierres|76,2340,2024,DVF
Les Trois-Saints,1410,2024,DVF
Les Trois-Saints|19,1410,2024,DVF
Les Ulis,2524,2024,DVF
Les Ulis|91,2524,2024,DVF
Les Vallées de la Vanne,1560,2024,DVF
Les Vallées de la Vanne|89,1560,2024,DVF
Les Vans,2968,2024,DVF
Les Vans|07,2968,2024,DVF
Les Velluire-sur-Vendée,1309,2024,DVF
Les Velluire-sur-Vendée|85,1309,2024,DVF
Les Ventes,2018,2024,DVF
Les Ventes|27,2018,2024,DVF
Les Vigneaux,3190,2024,DVF
Les Vigneaux|05,3190,2024,DVF
Les Villages Vovéens,1836,2024,DVF
Les Villages Vovéens|28,1836,2024,DVF
Les Villards-sur-Thônes,4328,2024,DVF
Les Villards-sur-Thônes|74,4328,2024,DVF
Les Villedieu,3031,2024,DVF
Les Villedieu|25,3031,2024,DVF
Les Villettes,1629,2024,DVF
Les Villettes|43,1629,2024,DVF
Les Échelles,2169,2024,DVF
Les Échelles|73,2169,2024,DVF
Les Écorces,2699,2024,DVF
Les Écorces|25,2699,2024,DVF
Les Écrennes,2781,2024,DVF
Les Écrennes|77,2781,2024,DVF
Les Églises-d'Argenteuil,872,2024,DVF
Les Églises-d'Argenteuil|17,872,2024,DVF
Les Églisottes-et-Chalaures,1264,2024,DVF
Les Églisottes-et-Chalaures|33,1264,2024,DVF
Les Éparres,1986,2024,DVF
Les Éparres|38,1986,2024,DVF
Lescar,2537,2024,DVF
Lescar|64,2537,2024,DVF
Lescheroux,1398,2024,DVF
Lescheroux|01,1398,2024,DVF
Lesches,3386,2024,DVF
Lesches|77,3386,2024,DVF
Lescure,1528,2024,DVF
Lescure-d'Albigeois,1904,2024,DVF
Lescure-d'Albigeois|81,1904,2024,DVF
Lescure|09,1528,2024,DVF
Lesgor,1881,2024,DVF
Lesgor|40,1881,2024,DVF
Lesménils,2007,2024,DVF
Lesménils|54,2007,2024,DVF
Lesneven,1860,2024,DVF
Lesneven|29,1860,2024,DVF
Lesparre-Médoc,1920,2024,DVF
Lesparre-Médoc|33,1920,2024,DVF
Lesparrou,1276,2024,DVF
Lesparrou|09,1276,2024,DVF
Lesperon,2446,2024,DVF
Lesperon|40,2446,2024,DVF
Lespignan,2129,2024,DVF
Lespignan|34,2129,2024,DVF
Lespinasse,2959,2024,DVF
Lespinasse|31,2959,2024,DVF
Lesquielles-Saint-Germain,976,2024,DVF
Lesquielles-Saint-Germain|02,976,2024,DVF
Lesquin,2947,2024,DVF
Lesquin|59,2947,2024,DVF
Lessac,1010,2024,DVF
Lessac|16,1010,2024,DVF
Lessay,2108,2024,DVF
Lessay|50,2108,2024,DVF
Lestelle-Bétharram,1640,2024,DVF
Lestelle-Bétharram|64,1640,2024,DVF
Lestelle-de-Saint-Martory,981,2024,DVF
Lestelle-de-Saint-Martory|31,981,2024,DVF
Lesterps,1073,2024,DVF
Lesterps|16,1073,2024,DVF
Lestiac-sur-Garonne,2095,2024,DVF
Lestiac-sur-Garonne|33,2095,2024,DVF
Lestrem,2179,2024,DVF
Lestrem|62,2179,2024,DVF
Leuc,1468,2024,DVF
Leucamp,1560,2024,DVF
Leucamp|15,1560,2024,DVF
Leucate,3740,2024,DVF
Leucate|11,3740,2024,DVF
Leuc|11,1468,2024,DVF
Leudeville,2936,2024,DVF
Leudeville|91,2936,2024,DVF
Leugny,924,2024,DVF
Leugny|86,924,2024,DVF
Leugny|89,1044,2024,DVF
Leuhan,983,2024,DVF
Leuhan|29,983,2024,DVF
Leuilly-sous-Coucy,1656,2024,DVF
Leuilly-sous-Coucy|02,1656,2024,DVF
Leuville-sur-Orge,3126,2024,DVF
Leuville-sur-Orge|91,3126,2024,DVF
Leuvrigny,1391,2024,DVF
Leuvrigny|51,1391,2024,DVF
Levainville,1993,2024,DVF
Levainville|28,1993,2024,DVF
Leval,1261,2024,DVF
Levallois-Perret,8940,2024,DVF
Levallois-Perret|92,8940,2024,DVF
Leval|59,1261,2024,DVF
Levaré,1014,2024,DVF
Levaré|53,1014,2024,DVF
Levens,3867,2024,DVF
Levens|06,3867,2024,DVF
Levergies,1327,2024,DVF
Levergies|02,1327,2024,DVF
Levesville-la-Chenard,1344,2024,DVF
Levesville-la-Chenard|28,1344,2024,DVF
Levet,1315,2024,DVF
Levet|18,1315,2024,DVF
Levie,1481,2024,DVF
Levier,2033,2024,DVF
Levier|25,2033,2024,DVF
Levie|2A,1481,2024,DVF
Levroux,1162,2024,DVF
Levroux|36,1162,2024,DVF
Lewarde,1550,2024,DVF
Lewarde|59,1550,2024,DVF
Lexy,3020,2024,DVF
Lexy|54,3020,2024,DVF
Leyme,1481,2024,DVF
Leyment,2647,2024,DVF
Leyment|01,2647,2024,DVF
Leyme|46,1481,2024,DVF
Leynes,1926,2024,DVF
Leynes|71,1926,2024,DVF
Leynhac,1113,2024,DVF
Leynhac|15,1113,2024,DVF
Leyr,1549,2024,DVF
Leyr|54,1549,2024,DVF
Lezay,986,2024,DVF
Lezay|79,986,2024,DVF
Lezennes,2999,2024,DVF
Lezennes|59,2999,2024,DVF
Lezoux,1979,2024,DVF
Lezoux|63,1979,2024,DVF
Lherm,2421,2024,DVF
Lherm|31,2421,2024,DVF
Lherm|46,1881,2024,DVF
Lhommaizé,1227,2024,DVF
Lhommaizé|86,1227,2024,DVF
Lhomme,1136,2024,DVF
Lhomme|72,1136,2024,DVF
Lhuis,2206,2024,DVF
Lhuis|01,2206,2024,DVF
Lhuys,1300,2024,DVF
Lhuys|02,1300,2024,DVF
Liancourt,1910,2024,DVF
Liancourt-Fosse,1370,2024,DVF
Liancourt-Fosse|80,1370,2024,DVF
Liancourt-Saint-Pierre,2289,2024,DVF
Liancourt-Saint-Pierre|60,2289,2024,DVF
Liancourt|60,1910,2024,DVF
Libercourt,1705,2024,DVF
Libercourt|62,1705,2024,DVF
Libourne,2529,2024,DVF
Libourne|33,2529,2024,DVF
Licourt,1232,2024,DVF
Licourt|80,1232,2024,DVF
Licques,2252,2024,DVF
Licques|62,2252,2024,DVF
Liercourt,1264,2024,DVF
Liercourt|80,1264,2024,DVF
Liernais,1219,2024,DVF
Liernais|21,1219,2024,DVF
Liesle,1679,2024,DVF
Liesle|25,1679,2024,DVF
Liesse-Notre-Dame,1059,2024,DVF
Liesse-Notre-Dame|02,1059,2024,DVF
Liessies,1414,2024,DVF
Liessies|59,1414,2024,DVF
Liettres,1101,2024,DVF
Liettres|62,1101,2024,DVF
Lieu-Saint-Amand,1820,2024,DVF
Lieu-Saint-Amand|59,1820,2024,DVF
Lieudieu,2359,2024,DVF
Lieudieu|38,2359,2024,DVF
Lieuran-lès-Béziers,2336,2024,DVF
Lieuran-lès-Béziers|34,2336,2024,DVF
Lieurey,1968,2024,DVF
Lieurey|27,1968,2024,DVF
Lieuron,1306,2024,DVF
Lieuron|35,1306,2024,DVF
Lieusaint,3316,2024,DVF
Lieusaint|50,2075,2024,DVF
Lieusaint|77,3316,2024,DVF
Lieutadès,1190,2024,DVF
Lieutadès|15,1190,2024,DVF
Lieuvillers,2180,2024,DVF
Lieuvillers|60,2180,2024,DVF
Liez,1231,2024,DVF
Liez|02,1231,2024,DVF
Liffol-le-Grand,902,2024,DVF
Liffol-le-Grand|88,902,2024,DVF
Liffré,2746,2024,DVF
Liffré|35,2746,2024,DVF
Liginiac,1811,2024,DVF
Liginiac|19,1811,2024,DVF
Liglet,839,2024,DVF
Liglet|86,839,2024,DVF
Lignac,688,2024,DVF
Lignac|36,688,2024,DVF
Lignan-sur-Orb,2382,2024,DVF
Lignan-sur-Orb|34,2382,2024,DVF
Lignerolles,1183,2024,DVF
Lignerolles|03,1183,2024,DVF
Lignerolles|27,2126,2024,DVF
Lignerolles|36,901,2024,DVF
Lignières,1024,2024,DVF
Lignières-Orgères,1047,2024,DVF
Lignières-Orgères|53,1047,2024,DVF
Lignières-de-Touraine,2125,2024,DVF
Lignières-de-Touraine|37,2125,2024,DVF
Lignières|10,926,2024,DVF
Lignières|18,1024,2024,DVF
Lignières|41,1469,2024,DVF
Lignol,1359,2024,DVF
Lignol|56,1359,2024,DVF
Ligny-en-Barrois,1253,2024,DVF
Ligny-en-Barrois|55,1253,2024,DVF
Ligny-en-Cambrésis,1398,2024,DVF
Ligny-en-Cambrésis|59,1398,2024,DVF
Ligny-le-Châtel,1379,2024,DVF
Ligny-le-Châtel|89,1379,2024,DVF
Ligny-le-Ribault,1917,2024,DVF
Ligny-le-Ribault|45,1917,2024,DVF
Ligné,2286,2024,DVF
Ligné|44,2286,2024,DVF
Ligron,1267,2024,DVF
Ligron|72,1267,2024,DVF
Ligré,1556,2024,DVF
Ligré|37,1556,2024,DVF
Ligueil,1391,2024,DVF
Ligueil|37,1391,2024,DVF
Ligugé,2103,2024,DVF
Ligugé|86,2103,2024,DVF
Lihons,1432,2024,DVF
Lihons|80,1432,2024,DVF
Lille,3589,2024,DVF
Lillebonne,1646,2024,DVF
Lillebonne|76,1646,2024,DVF
Lillemer,2622,2024,DVF
Lillemer|35,2622,2024,DVF
Lillers,1183,2024,DVF
Lillers|62,1183,2024,DVF
Lille|59,3589,2024,DVF
Limalonges,1178,2024,DVF
Limalonges|79,1178,2024,DVF
Limanton,668,2024,DVF
Limanton|58,668,2024,DVF
Limas,3011,2024,DVF
Limas|69,3011,2024,DVF
Limay,2876,2024,DVF
Limay|78,2876,2024,DVF
Limeil-Brévannes,3494,2024,DVF
Limeil-Brévannes|94,3494,2024,DVF
Limeray,1943,2024,DVF
Limeray|37,1943,2024,DVF
Limerzel,1873,2024,DVF
Limerzel|56,1873,2024,DVF
Limetz-Villez,2456,2024,DVF
Limetz-Villez|78,2456,2024,DVF
Limey-Remenauville,1783,2024,DVF
Limey-Remenauville|54,1783,2024,DVF
Limeyrat,1792,2024,DVF
Limeyrat|24,1792,2024,DVF
Limoges,1727,2024,DVF
Limoges-Fourches,2968,2024,DVF
Limoges-Fourches|77,2968,2024,DVF
Limoges|87,1727,2024,DVF
Limogne-en-Quercy,1713,2024,DVF
Limogne-en-Quercy|46,1713,2024,DVF
Limonest,5096,2024,DVF
Limonest|69,5096,2024,DVF
Limons,1272,2024,DVF
Limons|63,1272,2024,DVF
Limont-Fontaine,1167,2024,DVF
Limont-Fontaine|59,1167,2024,DVF
Limony,1844,2024,DVF
Limony|07,1844,2024,DVF
Limours,3399,2024,DVF
Limours|91,3399,2024,DVF
Limoux,1642,2024,DVF
Limoux|11,1642,2024,DVF
Limésy,1968,2024,DVF
Limésy|76,1968,2024,DVF
Linards,1271,2024,DVF
Linards|87,1271,2024,DVF
Linars,1379,2024,DVF
Linars|16,1379,2024,DVF
Linas,3287,2024,DVF
Linas|91,3287,2024,DVF
Lindry,1672,2024,DVF
Lindry|89,1672,2024,DVF
Linguizzetta,2577,2024,DVF
Linguizzetta|2B,2577,2024,DVF
Liniers,1650,2024,DVF
Liniers|86,1650,2024,DVF
Liniez,1215,2024,DVF
Liniez|36,1215,2024,DVF
Linselles,3002,2024,DVF
Linselles|59,3002,2024,DVF
Linxe,3610,2024,DVF
Linxe|40,3610,2024,DVF
Liomer,694,2024,DVF
Liomer|80,694,2024,DVF
Lion-sur-Mer,3666,2024,DVF
Lion-sur-Mer|14,3666,2024,DVF
Lioux,4199,2024,DVF
Lioux|84,4199,2024,DVF
Liposthey,2619,2024,DVF
Liposthey|40,2619,2024,DVF
Lisbourg,1180,2024,DVF
Lisbourg|62,1180,2024,DVF
Lisieux,1883,2024,DVF
Lisieux|14,1883,2024,DVF
Lisle,1205,2024,DVF
Lisle-sur-Tarn,1878,2024,DVF
Lisle-sur-Tarn|81,1878,2024,DVF
Lisle|24,1205,2024,DVF
Lissac-et-Mouret,1536,2024,DVF
Lissac-et-Mouret|46,1536,2024,DVF
Lissac-sur-Couze,1524,2024,DVF
Lissac-sur-Couze|19,1524,2024,DVF
Lisses,3127,2024,DVF
Lisses|91,3127,2024,DVF
Lissieu,3737,2024,DVF
Lissieu|69,3737,2024,DVF
Listrac-Médoc,2368,2024,DVF
Listrac-Médoc|33,2368,2024,DVF
Lit-et-Mixe,3899,2024,DVF
Lit-et-Mixe|40,3899,2024,DVF
Livarot-Pays-d'Auge,1725,2024,DVF
Livarot-Pays-d'Auge|14,1725,2024,DVF
Liverdun,1798,2024,DVF
Liverdun|54,1798,2024,DVF
Liverdy-en-Brie,2959,2024,DVF
Liverdy-en-Brie|77,2959,2024,DVF
Livernon,3132,2024,DVF
Livernon|46,3132,2024,DVF
Livet-et-Gavet,1983,2024,DVF
Livet-et-Gavet|38,1983,2024,DVF
Livinhac-le-Haut,1068,2024,DVF
Livinhac-le-Haut|12,1068,2024,DVF
Livron-sur-Drôme,2100,2024,DVF
Livron-sur-Drôme|26,2100,2024,DVF
Livry,1041,2024,DVF
Livry-Gargan,3217,2024,DVF
Livry-Gargan|93,3217,2024,DVF
Livry-Louvercy,2033,2024,DVF
Livry-Louvercy|51,2033,2024,DVF
Livry-sur-Seine,2658,2024,DVF
Livry-sur-Seine|77,2658,2024,DVF
Livry|58,1041,2024,DVF
Livré-la-Touche,1501,2024,DVF
Livré-la-Touche|53,1501,2024,DVF
Livré-sur-Changeon,1565,2024,DVF
Livré-sur-Changeon|35,1565,2024,DVF
Lixy,1182,2024,DVF
Lixy|89,1182,2024,DVF
Lizant,1349,2024,DVF
Lizant|86,1349,2024,DVF
Lizines,1813,2024,DVF
Lizines|77,1813,2024,DVF
Lizio,1779,2024,DVF
Lizio|56,1779,2024,DVF
Lizy-sur-Ourcq,2161,2024,DVF
Lizy-sur-Ourcq|77,2161,2024,DVF
Lières,967,2024,DVF
Lières|62,967,2024,DVF
Liéramont,1265,2024,DVF
Liéramont|80,1265,2024,DVF
Liévin,1545,2024,DVF
Liévin|62,1545,2024,DVF
Llupia,2532,2024,DVF
Llupia|66,2532,2024,DVF
Locarn,1119,2024,DVF
Locarn|22,1119,2024,DVF
Loches,1978,2024,DVF
Loches-sur-Ource,917,2024,DVF
Loches-sur-Ource|10,917,2024,DVF
Loches|37,1978,2024,DVF
Loché-sur-Indrois,1054,2024,DVF
Loché-sur-Indrois|37,1054,2024,DVF
Locmalo,1263,2024,DVF
Locmalo|56,1263,2024,DVF
Locmaria,5446,2024,DVF
Locmaria-Grand-Champ,2579,2024,DVF
Locmaria-Grand-Champ|56,2579,2024,DVF
Locmaria-Plouzané,2948,2024,DVF
Locmaria-Plouzané|29,2948,2024,DVF
Locmariaquer,5567,2024,DVF
Locmariaquer|56,5567,2024,DVF
Locmaria|56,5446,2024,DVF
Locminé,2124,2024,DVF
Locminé|56,2124,2024,DVF
Locmiquélic,3345,2024,DVF
Locmiquélic|56,3345,2024,DVF
Locmélar,1658,2024,DVF
Locmélar|29,1658,2024,DVF
Locoal-Mendon,3481,2024,DVF
Locoal-Mendon|56,3481,2024,DVF
Locon,2001,2024,DVF
Locon|62,2001,2024,DVF
Locqueltas,2283,2024,DVF
Locqueltas|56,2283,2024,DVF
Locquirec,4632,2024,DVF
Locquirec|29,4632,2024,DVF
Locquénolé,2665,2024,DVF
Locquénolé|29,2665,2024,DVF
Locronan,2818,2024,DVF
Locronan|29,2818,2024,DVF
Loctudy,3048,2024,DVF
Loctudy|29,3048,2024,DVF
Locunolé,1753,2024,DVF
Locunolé|29,1753,2024,DVF
Lodève,1836,2024,DVF
Lodève|34,1836,2024,DVF
Loffre,2260,2024,DVF
Loffre|59,2260,2024,DVF
Lognes,3543,2024,DVF
Lognes|77,3543,2024,DVF
Logonna-Daoulas,2614,2024,DVF
Logonna-Daoulas|29,2614,2024,DVF
Loguivy-Plougras,1282,2024,DVF
Loguivy-Plougras|22,1282,2024,DVF
Loir en Vallée,1181,2024,DVF
Loir en Vallée|72,1181,2024,DVF
Loire-Authion,2260,2024,DVF
Loire-Authion|49,2260,2024,DVF
Loire-sur-Rhône,2741,2024,DVF
Loire-sur-Rhône|69,2741,2024,DVF
Loireauxence,1976,2024,DVF
Loireauxence|44,1976,2024,DVF
Loiron-Ruillé,2017,2024,DVF
Loiron-Ruillé|53,2017,2024,DVF
Loiré,1320,2024,DVF
Loiré-sur-Nie,1162,2024,DVF
Loiré-sur-Nie|17,1162,2024,DVF
Loiré|49,1320,2024,DVF
Loisin,3557,2024,DVF
Loisin|74,3557,2024,DVF
Loison-sous-Lens,1493,2024,DVF
Loison-sous-Lens|62,1493,2024,DVF
Loisy,1470,2024,DVF
Loisy-sur-Marne,1605,2024,DVF
Loisy-sur-Marne|51,1605,2024,DVF
Loisy|71,1470,2024,DVF
Loivre,2472,2024,DVF
Loivre|51,2472,2024,DVF
Loix,6577,2024,DVF
Loix|17,6577,2024,DVF
Lombers,1356,2024,DVF
Lombers|81,1356,2024,DVF
Lombez,2022,2024,DVF
Lombez|32,2022,2024,DVF
Lombron,1746,2024,DVF
Lombron|72,1746,2024,DVF
Lomont,821,2024,DVF
Lomont|70,821,2024,DVF
Lompret,3779,2024,DVF
Lompret|59,3779,2024,DVF
Londigny,1058,2024,DVF
Londigny|16,1058,2024,DVF
Londinières,1610,2024,DVF
Londinières|76,1610,2024,DVF
Long,1347,2024,DVF
Longages,2423,2024,DVF
Longages|31,2423,2024,DVF
Longchamp,2002,2024,DVF
Longchamps,2281,2024,DVF
Longchamps|27,2281,2024,DVF
Longchamp|21,2002,2024,DVF
Longchaumois,2422,2024,DVF
Longchaumois|39,2422,2024,DVF
Longeault-Pluvault,2055,2024,DVF
Longeault-Pluvault|21,2055,2024,DVF
Longechenal,1739,2024,DVF
Longechenal|38,1739,2024,DVF
Longecourt-en-Plaine,2525,2024,DVF
Longecourt-en-Plaine|21,2525,2024,DVF
Longes,2483,2024,DVF
Longes|69,2483,2024,DVF
Longevelle-sur-Doubs,1464,2024,DVF
Longevelle-sur-Doubs|25,1464,2024,DVF
Longeville-en-Barrois,1154,2024,DVF
Longeville-en-Barrois|55,1154,2024,DVF
Longeville-sur-Mer,3178,2024,DVF
Longeville-sur-Mer|85,3178,2024,DVF
Longevilles-Mont-d'Or,3525,2024,DVF
Longevilles-Mont-d'Or|25,3525,2024,DVF
Longfossé,1695,2024,DVF
Longfossé|62,1695,2024,DVF
Longjumeau,3027,2024,DVF
Longjumeau|91,3027,2024,DVF
Longlaville,2158,2024,DVF
Longlaville|54,2158,2024,DVF
Longnes,2603,2024,DVF
Longnes|78,2603,2024,DVF
Longny les Villages,1639,2024,DVF
Longny les Villages|61,1639,2024,DVF
Longperrier,3292,2024,DVF
Longperrier|77,3292,2024,DVF
Longpont-sur-Orge,3337,2024,DVF
Longpont-sur-Orge|91,3337,2024,DVF
Longpré-les-Corps-Saints,2046,2024,DVF
Longpré-les-Corps-Saints|80,2046,2024,DVF
Longueau,1948,2024,DVF
Longueau|80,1948,2024,DVF
Longueil,1700,2024,DVF
Longueil-Annel,1979,2024,DVF
Longueil-Annel|60,1979,2024,DVF
Longueil-Sainte-Marie,2503,2024,DVF
Longueil-Sainte-Marie|60,2503,2024,DVF
Longueil|76,1700,2024,DVF
Longuenesse,1810,2024,DVF
Longuenesse|62,1810,2024,DVF
Longuenée-en-Anjou,2582,2024,DVF
Longuenée-en-Anjou|49,2582,2024,DVF
Longues-sur-Mer,2335,2024,DVF
Longues-sur-Mer|14,2335,2024,DVF
Longuesse,3218,2024,DVF
Longuesse|95,3218,2024,DVF
Longueville,1933,2024,DVF
Longueville-sur-Scie,1938,2024,DVF
Longueville-sur-Scie|76,1938,2024,DVF
Longueville|14,1574,2024,DVF
Longueville|50,2283,2024,DVF
Longueville|77,1933,2024,DVF
Longuyon,1355,2024,DVF
Longuyon|54,1355,2024,DVF
Longué-Jumelles,1562,2024,DVF
Longué-Jumelles|49,1562,2024,DVF
Longvic,2466,2024,DVF
Longvic|21,2466,2024,DVF
Longvilliers,2838,2024,DVF
Longvilliers|78,2838,2024,DVF
Longwy,1891,2024,DVF
Longwy|54,1891,2024,DVF
Long|80,1347,2024,DVF
Longèves,2377,2024,DVF
Longèves|17,2377,2024,DVF
Longèves|85,1756,2024,DVF
Lonlay-l'Abbaye,1070,2024,DVF
Lonlay-l'Abbaye|61,1070,2024,DVF
Lonlay-le-Tesson,1248,2024,DVF
Lonlay-le-Tesson|61,1248,2024,DVF
Lonny,1641,2024,DVF
Lonny|08,1641,2024,DVF
Lonrai,1547,2024,DVF
Lonrai|61,1547,2024,DVF
Lons,2479,2024,DVF
Lons-le-Saunier,1764,2024,DVF
Lons-le-Saunier|39,1764,2024,DVF
Lons|64,2479,2024,DVF
Looberghe,1853,2024,DVF
Looberghe|59,1853,2024,DVF
Loon-Plage,1860,2024,DVF
Loon-Plage|59,1860,2024,DVF
Loos,2448,2024,DVF
Loos-en-Gohelle,1687,2024,DVF
Loos-en-Gohelle|62,1687,2024,DVF
Loos|59,2448,2024,DVF
Looze,1497,2024,DVF
Looze|89,1497,2024,DVF
Loperhet,2799,2024,DVF
Loperhet|29,2799,2024,DVF
Lopérec,1468,2024,DVF
Lopérec|29,1468,2024,DVF
Loqueffret,1116,2024,DVF
Loqueffret|29,1116,2024,DVF
Lorcy,1284,2024,DVF
Lorcy|45,1284,2024,DVF
Lorette,2203,2024,DVF
Lorette|42,2203,2024,DVF
Loretz-d'Argenton,1115,2024,DVF
Loretz-d'Argenton|79,1115,2024,DVF
Lorgies,2508,2024,DVF
Lorgies|62,2508,2024,DVF
Lorgues,3320,2024,DVF
Lorgues|83,3320,2024,DVF
Lorient,2759,2024,DVF
Lorient|56,2759,2024,DVF
Lorignac,937,2024,DVF
Lorignac|17,937,2024,DVF
Lorigné,982,2024,DVF
Lorigné|79,982,2024,DVF
Loriol-du-Comtat,2917,2024,DVF
Loriol-du-Comtat|84,2917,2024,DVF
Loriol-sur-Drôme,1908,2024,DVF
Loriol-sur-Drôme|26,1908,2024,DVF
Lormaison,2322,2024,DVF
Lormaison|60,2322,2024,DVF
Lormaye,1941,2024,DVF
Lormaye|28,1941,2024,DVF
Lormes,985,2024,DVF
Lormes|58,985,2024,DVF
Lormont,2619,2024,DVF
Lormont|33,2619,2024,DVF
Lornay,3475,2024,DVF
Lornay|74,3475,2024,DVF
Lorp-Sentaraille,1683,2024,DVF
Lorp-Sentaraille|09,1683,2024,DVF
Lorrez-le-Bocage-Préaux,1771,2024,DVF
Lorrez-le-Bocage-Préaux|77,1771,2024,DVF
Lorris,1412,2024,DVF
Lorris|45,1412,2024,DVF
Los Masos,2528,2024,DVF
Los Masos|66,2528,2024,DVF
Loscouët-sur-Meu,1578,2024,DVF
Loscouët-sur-Meu|22,1578,2024,DVF
Losne,1573,2024,DVF
Losne|21,1573,2024,DVF
Losse,1686,2024,DVF
Losse|40,1686,2024,DVF
Lothey,1295,2024,DVF
Lothey|29,1295,2024,DVF
Louailles,1431,2024,DVF
Louailles|72,1431,2024,DVF
Louannec,2681,2024,DVF
Louannec|22,2681,2024,DVF
Louans,1947,2024,DVF
Louans|37,1947,2024,DVF
Louargat,1583,2024,DVF
Louargat|22,1583,2024,DVF
Loubens-Lauragais,2529,2024,DVF
Loubens-Lauragais|31,2529,2024,DVF
Loubeyrat,2027,2024,DVF
Loubeyrat|63,2027,2024,DVF
Loubières,2116,2024,DVF
Loubières|09,2116,2024,DVF
Loubressac,1497,2024,DVF
Loubressac|46,1497,2024,DVF
Loubès-Bernac,1582,2024,DVF
Loubès-Bernac|47,1582,2024,DVF
Loudenvielle,5461,2024,DVF
Loudenvielle|65,5461,2024,DVF
Loudes,1302,2024,DVF
Loudes|43,1302,2024,DVF
Loudun,1211,2024,DVF
Loudun|86,1211,2024,DVF
Loudéac,1555,2024,DVF
Loudéac|22,1555,2024,DVF
Louey,2149,2024,DVF
Louey|65,2149,2024,DVF
Lougres,1125,2024,DVF
Lougres|25,1125,2024,DVF
Louhans-Châteaurenaud,1699,2024,DVF
Louhans-Châteaurenaud|71,1699,2024,DVF
Louisfert,1599,2024,DVF
Louisfert|44,1599,2024,DVF
Loulans-Verchamp,1431,2024,DVF
Loulans-Verchamp|70,1431,2024,DVF
Loulay,1558,2024,DVF
Loulay|17,1558,2024,DVF
Loupfougères,1313,2024,DVF
Loupfougères|53,1313,2024,DVF
Loupiac,2365,2024,DVF
Loupiac-de-la-Réole,1576,2024,DVF
Loupiac-de-la-Réole|33,1576,2024,DVF
Loupiac|33,2365,2024,DVF
Loupian,3901,2024,DVF
Loupian|34,3901,2024,DVF
Louplande,1864,2024,DVF
Louplande|72,1864,2024,DVF
Lourches,1017,2024,DVF
Lourches|59,1017,2024,DVF
Lourdes,1505,2024,DVF
Lourdes|65,1505,2024,DVF
Lourdoueix-Saint-Pierre,1407,2024,DVF
Lourdoueix-Saint-Pierre|23,1407,2024,DVF
Loures-Barousse,1567,2024,DVF
Loures-Barousse|65,1567,2024,DVF
Louresse-Rochemenier,1916,2024,DVF
Louresse-Rochemenier|49,1916,2024,DVF
Lourmarin,6062,2024,DVF
Lourmarin|84,6062,2024,DVF
Lournand,1477,2024,DVF
Lournand|71,1477,2024,DVF
Louroux-de-Beaune,938,2024,DVF
Louroux-de-Beaune|03,938,2024,DVF
Loury,1789,2024,DVF
Loury|45,1789,2024,DVF
Louveciennes,4517,2024,DVF
Louveciennes|78,4517,2024,DVF
Louvemont,1549,2024,DVF
Louvemont|52,1549,2024,DVF
Louverné,1867,2024,DVF
Louverné|53,1867,2024,DVF
Louversey,1813,2024,DVF
Louversey|27,1813,2024,DVF
Louvetot,2022,2024,DVF
Louvetot|76,2022,2024,DVF
Louvie-Juzon,1757,2024,DVF
Louvie-Juzon|64,1757,2024,DVF
Louviers,2066,2024,DVF
Louviers|27,2066,2024,DVF
Louvignies-Quesnoy,1556,2024,DVF
Louvignies-Quesnoy|59,1556,2024,DVF
Louvigny,2841,2024,DVF
Louvigny|14,2841,2024,DVF
Louvigny|72,1149,2024,DVF
Louvigné,1677,2024,DVF
Louvigné-de-Bais,1864,2024,DVF
Louvigné-de-Bais|35,1864,2024,DVF
Louvigné-du-Désert,1416,2024,DVF
Louvigné-du-Désert|35,1416,2024,DVF
Louvigné|53,1677,2024,DVF
Louvres,3416,2024,DVF
Louvres|95,3416,2024,DVF
Louvroil,994,2024,DVF
Louvroil|59,994,2024,DVF
Louzac-Saint-André,1819,2024,DVF
Louzac-Saint-André|16,1819,2024,DVF
Louzignac,1849,2024,DVF
Louzignac|17,1849,2024,DVF
Louzy,1170,2024,DVF
Louzy|79,1170,2024,DVF
Loué,1351,2024,DVF
Loué|72,1351,2024,DVF
Lovagny,5470,2024,DVF
Lovagny|74,5470,2024,DVF
Loyat,1764,2024,DVF
Loyat|56,1764,2024,DVF
Loye-sur-Arnon,793,2024,DVF
Loye-sur-Arnon|18,793,2024,DVF
Loyettes,2306,2024,DVF
Loyettes|01,2306,2024,DVF
Lozanne,3451,2024,DVF
Lozanne|69,3451,2024,DVF
Lozinghem,1128,2024,DVF
Lozinghem|62,1128,2024,DVF
Luant,1326,2024,DVF
Luant|36,1326,2024,DVF
Lubersac,1449,2024,DVF
Lubersac|19,1449,2024,DVF
Luc,1262,2024,DVF
Luc-en-Diois,2937,2024,DVF
Luc-en-Diois|26,2937,2024,DVF
Luc-la-Primaube,2188,2024,DVF
Luc-la-Primaube|12,2188,2024,DVF
Luc-sur-Mer,3744,2024,DVF
Luc-sur-Mer|14,3744,2024,DVF
Luc-sur-Orbieu,1609,2024,DVF
Luc-sur-Orbieu|11,1609,2024,DVF
Lucbardez-et-Bargues,1920,2024,DVF
Lucbardez-et-Bargues|40,1920,2024,DVF
Lucciana,3294,2024,DVF
Lucciana|2B,3294,2024,DVF
Luceau,1178,2024,DVF
Luceau|72,1178,2024,DVF
Lucenay,3514,2024,DVF
Lucenay-l'Évêque,1051,2024,DVF
Lucenay-l'Évêque|71,1051,2024,DVF
Lucenay-lès-Aix,1234,2024,DVF
Lucenay-lès-Aix|58,1234,2024,DVF
Lucenay|69,3514,2024,DVF
Luchy,1461,2024,DVF
Luchy|60,1461,2024,DVF
Luché-Pringé,1370,2024,DVF
Luché-Pringé|72,1370,2024,DVF
Lucinges,4016,2024,DVF
Lucinges|74,4016,2024,DVF
Lucq-de-Béarn,1838,2024,DVF
Lucq-de-Béarn|64,1838,2024,DVF
Lucquy,1634,2024,DVF
Lucquy|08,1634,2024,DVF
Lucy-sur-Cure,912,2024,DVF
Lucy-sur-Cure|89,912,2024,DVF
Luc|48,1262,2024,DVF
Lucé,2242,2024,DVF
Lucéram,2312,2024,DVF
Lucéram|06,2312,2024,DVF
Lucé|28,2242,2024,DVF
Ludes,2369,2024,DVF
Ludesse,1264,2024,DVF
Ludesse|63,1264,2024,DVF
Ludes|51,2369,2024,DVF
Ludon-Médoc,2806,2024,DVF
Ludon-Médoc|33,2806,2024,DVF
Ludres,2351,2024,DVF
Ludres|54,2351,2024,DVF
Lugan,1805,2024,DVF
Lugan|81,1805,2024,DVF
Luglon,1473,2024,DVF
Luglon|40,1473,2024,DVF
Lugny,1528,2024,DVF
Lugny-lès-Charolles,1449,2024,DVF
Lugny-lès-Charolles|71,1449,2024,DVF
Lugny|71,1528,2024,DVF
Lugon-et-l'Île-du-Carnay,2087,2024,DVF
Lugon-et-l'Île-du-Carnay|33,2087,2024,DVF
Lugos,5284,2024,DVF
Lugos|33,5284,2024,DVF
Lugrin,3788,2024,DVF
Lugrin|74,3788,2024,DVF
Luigny,2594,2024,DVF
Luigny|28,2594,2024,DVF
Luisant,2649,2024,DVF
Luisant|28,2649,2024,DVF
Luisetaines,1673,2024,DVF
Luisetaines|77,1673,2024,DVF
Luitré-Dompierre,1256,2024,DVF
Luitré-Dompierre|35,1256,2024,DVF
Lullin,2981,2024,DVF
Lullin|74,2981,2024,DVF
Lully,3762,2024,DVF
Lully|74,3762,2024,DVF
Lumbin,3710,2024,DVF
Lumbin|38,3710,2024,DVF
Lumbres,1435,2024,DVF
Lumbres|62,1435,2024,DVF
Lumes,1791,2024,DVF
Lumes|08,1791,2024,DVF
Lumigny-Nesles-Ormeaux,2463,2024,DVF
Lumigny-Nesles-Ormeaux|77,2463,2024,DVF
Lumio,5610,2024,DVF
Lumio|2B,5610,2024,DVF
Lunac,1250,2024,DVF
Lunac|12,1250,2024,DVF
Lunan,1686,2024,DVF
Lunan|46,1686,2024,DVF
Lunas-les-Châteaux,1521,2024,DVF
Lunas-les-Châteaux|34,1521,2024,DVF
Lunay,1677,2024,DVF
Lunay|41,1677,2024,DVF
Luneau,1387,2024,DVF
Luneau|03,1387,2024,DVF
Lunel,2617,2024,DVF
Lunel-Viel,3084,2024,DVF
Lunel-Viel|34,3084,2024,DVF
Lunel|34,2617,2024,DVF
Luneray,2056,2024,DVF
Luneray|76,2056,2024,DVF
Lunery,1053,2024,DVF
Lunery|18,1053,2024,DVF
Lunéville,1310,2024,DVF
Lunéville|54,1310,2024,DVF
Lupersat,789,2024,DVF
Lupersat|23,789,2024,DVF
Lurais,834,2024,DVF
Lurais|36,834,2024,DVF
Luray,2249,2024,DVF
Luray|28,2249,2024,DVF
Lurbe-Saint-Christau,1258,2024,DVF
Lurbe-Saint-Christau|64,1258,2024,DVF
Lurcy-Lévis,838,2024,DVF
Lurcy-Lévis|03,838,2024,DVF
Lure,1255,2024,DVF
Lureuil,1125,2024,DVF
Lureuil|36,1125,2024,DVF
Lure|70,1255,2024,DVF
Luri,2320,2024,DVF
Luriecq,1737,2024,DVF
Luriecq|42,1737,2024,DVF
Luri|2B,2320,2024,DVF
Lurs,2520,2024,DVF
Lurs|04,2520,2024,DVF
Lury-sur-Arnon,908,2024,DVF
Lury-sur-Arnon|18,908,2024,DVF
Lus-la-Croix-Haute,1979,2024,DVF
Lus-la-Croix-Haute|26,1979,2024,DVF
Lusanger,1601,2024,DVF
Lusanger|44,1601,2024,DVF
Lusignan,1318,2024,DVF
Lusignan-Petit,1811,2024,DVF
Lusignan-Petit|47,1811,2024,DVF
Lusignan|86,1318,2024,DVF
Lusigny,1623,2024,DVF
Lusigny-sur-Barse,2372,2024,DVF
Lusigny-sur-Barse|10,2372,2024,DVF
Lusigny|03,1623,2024,DVF
Lussac,1469,2024,DVF
Lussac-les-Châteaux,1289,2024,DVF
Lussac-les-Châteaux|86,1289,2024,DVF
Lussac-les-Églises,885,2024,DVF
Lussac-les-Églises|87,885,2024,DVF
Lussac|33,1469,2024,DVF
Lussan,2538,2024,DVF
Lussant,1638,2024,DVF
Lussant|17,1638,2024,DVF
Lussan|30,2538,2024,DVF
Lussas,2127,2024,DVF
Lussas|07,2127,2024,DVF
Lussat,2054,2024,DVF
Lussat|23,1431,2024,DVF
Lussat|63,2054,2024,DVF
Lussault-sur-Loire,2319,2024,DVF
Lussault-sur-Loire|37,2319,2024,DVF
Lusse,1664,2024,DVF
Lusse|88,1664,2024,DVF
Luthenay-Uxeloup,1149,2024,DVF
Luthenay-Uxeloup|58,1149,2024,DVF
Lux,1800,2024,DVF
Luxeuil-les-Bains,1167,2024,DVF
Luxeuil-les-Bains|70,1167,2024,DVF
Luxey,1948,2024,DVF
Luxey|40,1948,2024,DVF
Lux|21,1494,2024,DVF
Lux|71,1800,2024,DVF
Luxé,1122,2024,DVF
Luxé|16,1122,2024,DVF
Luynes,2511,2024,DVF
Luynes|37,2511,2024,DVF
Luz-Saint-Sauveur,2892,2024,DVF
Luz-Saint-Sauveur|65,2892,2024,DVF
Luzancy,2056,2024,DVF
Luzancy|77,2056,2024,DVF
Luzarches,3784,2024,DVF
Luzarches|95,3784,2024,DVF
Luzay,1189,2024,DVF
Luzay|79,1189,2024,DVF
Luze,2166,2024,DVF
Luzech,1595,2024,DVF
Luzech|46,1595,2024,DVF
Luzenac,1414,2024,DVF
Luzenac|09,1414,2024,DVF
Luze|70,2166,2024,DVF
Luzillat,1824,2024,DVF
Luzillat|63,1824,2024,DVF
Luzillé,2203,2024,DVF
Luzillé|37,2203,2024,DVF
Luzinay,4004,2024,DVF
Luzinay|38,4004,2024,DVF
Luzy,1161,2024,DVF
Luzy|58,1161,2024,DVF
Luçay-le-Mâle,919,2024,DVF
Luçay-le-Mâle|36,919,2024,DVF
Luçon,1939,2024,DVF
Luçon|85,1939,2024,DVF
Lyas,2171,2024,DVF
Lyas|07,2171,2024,DVF
Lyaud,4102,2024,DVF
Lyaud|74,4102,2024,DVF
Lye,1068,2024,DVF
Lye|36,1068,2024,DVF
Lynde,1938,2024,DVF
Lynde|59,1938,2024,DVF
Lyon,4545,2024,DVF
Lyons-la-Forêt,1698,2024,DVF
Lyons-la-Forêt|27,1698,2024,DVF
Lyon|69,4545,2024,DVF
Lys-Haut-Layon,1525,2024,DVF
Lys-Haut-Layon|49,1525,2024,DVF
Lys-lez-Lannoy,2323,2024,DVF
Lys-lez-Lannoy|59,2323,2024,DVF
Lège-Cap-Ferret,10071,2024,DVF
Lège-Cap-Ferret|33,10071,2024,DVF
Lème,1252,2024,DVF
Lème|64,1252,2024,DVF
Lèves,2355,2024,DVF
Lèves|28,2355,2024,DVF
Léaz,3086,2024,DVF
Léaz|01,3086,2024,DVF
Lécluse,1295,2024,DVF
Lécluse|59,1295,2024,DVF
Lécousse,2110,2024,DVF
Lécousse|35,2110,2024,DVF
Lédat,1639,2024,DVF
Lédat|47,1639,2024,DVF
Lédenon,2668,2024,DVF
Lédenon|30,2668,2024,DVF
Lédergues,1752,2024,DVF
Lédergues|12,1752,2024,DVF
Lédignan,1774,2024,DVF
Lédignan|30,1774,2024,DVF
Lée,2811,2024,DVF
Lée|64,2811,2024,DVF
Léglantiers,1838,2024,DVF
Léglantiers|60,1838,2024,DVF
Légny,3422,2024,DVF
Légny|69,3422,2024,DVF
Léguevin,2663,2024,DVF
Léguevin|31,2663,2024,DVF
Lélex,2424,2024,DVF
Lélex|01,2424,2024,DVF
Léogeats,1840,2024,DVF
Léogeats|33,1840,2024,DVF
Léognan,3494,2024,DVF
Léognan|33,3494,2024,DVF
Léojac,2289,2024,DVF
Léojac|82,2289,2024,DVF
Léon,4059,2024,DVF
Léon|40,4059,2024,DVF
Léoville,1265,2024,DVF
Léoville|17,1265,2024,DVF
Lépanges-sur-Vologne,615,2024,DVF
Lépanges-sur-Vologne|88,615,2024,DVF
Léran,1877,2024,DVF
Léran|09,1877,2024,DVF
Lérouville,1227,2024,DVF
Lérouville|55,1227,2024,DVF
Léry,2023,2024,DVF
Léry|27,2023,2024,DVF
Léré,1156,2024,DVF
Léré|18,1156,2024,DVF
Lésigny,3474,2024,DVF
Lésigny|77,3474,2024,DVF
Létra,1813,2024,DVF
Létra|69,1813,2024,DVF
Lévignac,2614,2024,DVF
Lévignac-de-Guyenne,1587,2024,DVF
Lévignac-de-Guyenne|47,1587,2024,DVF
Lévignac|31,2614,2024,DVF
Lévignen,2528,2024,DVF
Lévignen|60,2528,2024,DVF
Lévis-Saint-Nom,4035,2024,DVF
Lévis-Saint-Nom|78,4035,2024,DVF
Lézan,1957,2024,DVF
Lézan|30,1957,2024,DVF
Lézardrieux,2845,2024,DVF
Lézardrieux|22,2845,2024,DVF
Lézat-sur-Lèze,1655,2024,DVF
Lézat-sur-Lèze|09,1655,2024,DVF
Lézignan-Corbières,1645,2024,DVF
Lézignan-Corbières|11,1645,2024,DVF
Lézignan-la-Cèbe,2161,2024,DVF
Lézignan-la-Cèbe|34,2161,2024,DVF
Lézigneux,1885,2024,DVF
Lézigneux|42,1885,2024,DVF
Lézinnes,870,2024,DVF
Lézinnes|89,870,2024,DVF
Lüe,2599,2024,DVF
Lüe|40,2599,2024,DVF
Mably,1914,2024,DVF
Mably|42,1914,2024,DVF
Macau,2566,2024,DVF
Macau|33,2566,2024,DVF
Macey,2096,2024,DVF
Macey|10,2096,2024,DVF
Machault,1282,2024,DVF
Machault|08,1282,2024,DVF
Machault|77,2957,2024,DVF
Machecoul-Saint-Même,2274,2024,DVF
Machecoul-Saint-Même|44,2274,2024,DVF
Machilly,4386,2024,DVF
Machilly|74,4386,2024,DVF
Machy,1440,2024,DVF
Machy|80,1440,2024,DVF
Maché,1938,2024,DVF
Maché|85,1938,2024,DVF
Maclas,2230,2024,DVF
Maclas|42,2230,2024,DVF
Macornay,1905,2024,DVF
Macornay|39,1905,2024,DVF
Macqueville,954,2024,DVF
Macqueville|17,954,2024,DVF
Macé,1260,2024,DVF
Macé|61,1260,2024,DVF
Madranges,1331,2024,DVF
Madranges|19,1331,2024,DVF
Madré,1702,2024,DVF
Madré|53,1702,2024,DVF
Maen Roch,1699,2024,DVF
Maen Roch|35,1699,2024,DVF
Maffliers,3793,2024,DVF
Maffliers|95,3793,2024,DVF
Magalas,2173,2024,DVF
Magalas|34,2173,2024,DVF
Magenta,2446,2024,DVF
Magenta|51,2446,2024,DVF
Magescq,3027,2024,DVF
Magescq|40,3027,2024,DVF
Magland,3381,2024,DVF
Magland|74,3381,2024,DVF
Magnac-Bourg,1316,2024,DVF
Magnac-Bourg|87,1316,2024,DVF
Magnac-Laval,1060,2024,DVF
Magnac-Laval|87,1060,2024,DVF
Magnac-sur-Touvre,1683,2024,DVF
Magnac-sur-Touvre|16,1683,2024,DVF
Magnanville,2547,2024,DVF
Magnanville|78,2547,2024,DVF
Magnat-l'Étrange,763,2024,DVF
Magnat-l'Étrange|23,763,2024,DVF
Magnet,1620,2024,DVF
Magnet|03,1620,2024,DVF
Magnieu,2107,2024,DVF
Magnieu|01,2107,2024,DVF
Magnières,1176,2024,DVF
Magnières|54,1176,2024,DVF
Magny,1910,2024,DVF
Magny-Cours,1644,2024,DVF
Magny-Cours|58,1644,2024,DVF
Magny-Saint-Médard,2341,2024,DVF
Magny-Saint-Médard|21,2341,2024,DVF
Magny-Vernois,1889,2024,DVF
Magny-Vernois|70,1889,2024,DVF
Magny-en-Vexin,3127,2024,DVF
Magny-en-Vexin|95,3127,2024,DVF
Magny-le-Désert,1563,2024,DVF
Magny-le-Désert|61,1563,2024,DVF
Magny-le-Hongre,4788,2024,DVF
Magny-le-Hongre|77,4788,2024,DVF
Magny-les-Hameaux,3807,2024,DVF
Magny-les-Hameaux|78,3807,2024,DVF
Magny-sur-Tille,2545,2024,DVF
Magny-sur-Tille|21,2545,2024,DVF
Magny|28,1910,2024,DVF
Magny|89,1472,2024,DVF
Magné,1922,2024,DVF
Magné|79,1922,2024,DVF
Magrie,1546,2024,DVF
Magrie|11,1546,2024,DVF
Mahalon,1935,2024,DVF
Mahalon|29,1935,2024,DVF
Maidières,1968,2024,DVF
Maidières|54,1968,2024,DVF
Maignelay-Montigny,1678,2024,DVF
Maignelay-Montigny|60,1678,2024,DVF
Mailhac,1779,2024,DVF
Mailhac|11,1779,2024,DVF
Maillane,4850,2024,DVF
Maillane|13,4850,2024,DVF
Maillebois,1323,2024,DVF
Maillebois|28,1323,2024,DVF
Maillet,1068,2024,DVF
Maillet|36,1068,2024,DVF
Mailley-et-Chazelot,1979,2024,DVF
Mailley-et-Chazelot|70,1979,2024,DVF
Maillezais,1382,2024,DVF
Maillezais|85,1382,2024,DVF
Maillot,2230,2024,DVF
Maillot|89,2230,2024,DVF
Mailly-Champagne,2033,2024,DVF
Mailly-Champagne|51,2033,2024,DVF
Mailly-Maillet,1065,2024,DVF
Mailly-Maillet|80,1065,2024,DVF
Mailly-la-Ville,930,2024,DVF
Mailly-la-Ville|89,930,2024,DVF
Mailly-le-Camp,1049,2024,DVF
Mailly-le-Camp|10,1049,2024,DVF
Mailly-le-Château,1144,2024,DVF
Mailly-le-Château|89,1144,2024,DVF
Maillé,1418,2024,DVF
Maillé|85,1418,2024,DVF
Maillé|86,1412,2024,DVF
Maimbeville,2686,2024,DVF
Maimbeville|60,2686,2024,DVF
Maincy,2966,2024,DVF
Maincy|77,2966,2024,DVF
Maing,1440,2024,DVF
Maing|59,1440,2024,DVF
Mainsat,903,2024,DVF
Mainsat|23,903,2024,DVF
Maintenon,2634,2024,DVF
Maintenon|28,2634,2024,DVF
Mainvilliers,2260,2024,DVF
Mainvilliers|28,2260,2024,DVF
Mainxe-Gondeville,1420,2024,DVF
Mainxe-Gondeville|16,1420,2024,DVF
Mairieux,1937,2024,DVF
Mairieux|59,1937,2024,DVF
Mairy-Mainville,1417,2024,DVF
Mairy-Mainville|54,1417,2024,DVF
Mairé-Levescault,1111,2024,DVF
Mairé-Levescault|79,1111,2024,DVF
Maisdon-sur-Sèvre,2373,2024,DVF
Maisdon-sur-Sèvre|44,2373,2024,DVF
Maisnil-lès-Ruitz,1843,2024,DVF
Maisnil-lès-Ruitz|62,1843,2024,DVF
Maisod,2765,2024,DVF
Maisod|39,2765,2024,DVF
Maison-Rouge,1764,2024,DVF
Maison-Rouge|77,1764,2024,DVF
Maisoncelles-Pelvey,1710,2024,DVF
Maisoncelles-Pelvey|14,1710,2024,DVF
Maisoncelles-en-Brie,2707,2024,DVF
Maisoncelles-en-Brie|77,2707,2024,DVF
Maisonnais,1691,2024,DVF
Maisonnais-sur-Tardoire,1033,2024,DVF
Maisonnais-sur-Tardoire|87,1033,2024,DVF
Maisonnais|18,1691,2024,DVF
Maisonnisses,954,2024,DVF
Maisonnisses|23,954,2024,DVF
Maisons,2240,2024,DVF
Maisons-Alfort,5608,2024,DVF
Maisons-Alfort|94,5608,2024,DVF
Maisons-Laffitte,6213,2024,DVF
Maisons-Laffitte|78,6213,2024,DVF
Maisons|14,2240,2024,DVF
Maisons|28,1897,2024,DVF
Maisse,2534,2024,DVF
Maisse|91,2534,2024,DVF
Maizières,1880,2024,DVF
Maizières-la-Grande-Paroisse,1477,2024,DVF
Maizières-la-Grande-Paroisse|10,1477,2024,DVF
Maizières|14,1942,2024,DVF
Maizières|54,1880,2024,DVF
Maizy,1577,2024,DVF
Maizy|02,1577,2024,DVF
Malafretaz,1960,2024,DVF
Malafretaz|01,1960,2024,DVF
Malakoff,6715,2024,DVF
Malakoff|92,6715,2024,DVF
Malansac,1850,2024,DVF
Malansac|56,1850,2024,DVF
Malarce-sur-la-Thines,2452,2024,DVF
Malarce-sur-la-Thines|07,2452,2024,DVF
Malataverne,2076,2024,DVF
Malataverne|26,2076,2024,DVF
Malaucène,2627,2024,DVF
Malaucène|84,2627,2024,DVF
Malaunay,2127,2024,DVF
Malaunay|76,2127,2024,DVF
Malause,1672,2024,DVF
Malause|82,1672,2024,DVF
Malauzat,2852,2024,DVF
Malauzat|63,2852,2024,DVF
Malay-le-Grand,1649,2024,DVF
Malay-le-Grand|89,1649,2024,DVF
Malay-le-Petit,1641,2024,DVF
Malay-le-Petit|89,1641,2024,DVF
Malbosc,2678,2024,DVF
Malbosc|07,2678,2024,DVF
Malbuisson,3756,2024,DVF
Malbuisson|25,3756,2024,DVF
Malemort,1852,2024,DVF
Malemort-du-Comtat,2779,2024,DVF
Malemort-du-Comtat|84,2779,2024,DVF
Malemort|19,1852,2024,DVF
Malestroit,2112,2024,DVF
Malestroit|56,2112,2024,DVF
Maleville,1102,2024,DVF
Maleville|12,1102,2024,DVF
Malguénac,1502,2024,DVF
Malguénac|56,1502,2024,DVF
Malherbe-sur-Ajon,1898,2024,DVF
Malherbe-sur-Ajon|14,1898,2024,DVF
Malicorne,953,2024,DVF
Malicorne-sur-Sarthe,1248,2024,DVF
Malicorne-sur-Sarthe|72,1248,2024,DVF
Malicorne|03,953,2024,DVF
Maligny,1341,2024,DVF
Maligny|89,1341,2024,DVF
Malijai,2007,2024,DVF
Malijai|04,2007,2024,DVF
Malintrat,2148,2024,DVF
Malintrat|63,2148,2024,DVF
Malissard,2635,2024,DVF
Malissard|26,2635,2024,DVF
Mallefougasse-Augès,2274,2024,DVF
Mallefougasse-Augès|04,2274,2024,DVF
Malleloy,1880,2024,DVF
Malleloy|54,1880,2024,DVF
Mallemoisson,2488,2024,DVF
Mallemoisson|04,2488,2024,DVF
Mallemort,3743,2024,DVF
Mallemort|13,3743,2024,DVF
Malleret-Boussac,1256,2024,DVF
Malleret-Boussac|23,1256,2024,DVF
Malleville-sur-le-Bec,1740,2024,DVF
Malleville-sur-le-Bec|27,1740,2024,DVF
Mallièvre,1761,2024,DVF
Mallièvre|85,1761,2024,DVF
Malouy,2106,2024,DVF
Malouy|27,2106,2024,DVF
Malrevers,1588,2024,DVF
Malrevers|43,1588,2024,DVF
Maltot,2697,2024,DVF
Maltot|14,2697,2024,DVF
Malvalette,2265,2024,DVF
Malvalette|43,2265,2024,DVF
Malves-en-Minervois,2265,2024,DVF
Malves-en-Minervois|11,2265,2024,DVF
Malville,2486,2024,DVF
Malville|44,2486,2024,DVF
Malzéville,2119,2024,DVF
Malzéville|54,2119,2024,DVF
Mamers,1096,2024,DVF
Mamers|72,1096,2024,DVF
Mametz,1822,2024,DVF
Mametz|62,1822,2024,DVF
Mamirolle,2381,2024,DVF
Mamirolle|25,2381,2024,DVF
Manciet,1576,2024,DVF
Manciet|32,1576,2024,DVF
Mancioux,1429,2024,DVF
Mancioux|31,1429,2024,DVF
Mandagout,1202,2024,DVF
Mandagout|30,1202,2024,DVF
Mandelieu-la-Napoule,5160,2024,DVF
Mandelieu-la-Napoule|06,5160,2024,DVF
Mandeure,1165,2024,DVF
Mandeure|25,1165,2024,DVF
Mandeville-en-Bessin,1693,2024,DVF
Mandeville-en-Bessin|14,1693,2024,DVF
Mandray,1797,2024,DVF
Mandray|88,1797,2024,DVF
Mandres,1563,2024,DVF
Mandres-les-Roses,3667,2024,DVF
Mandres-les-Roses|94,3667,2024,DVF
Mandres|27,1563,2024,DVF
Manduel,2707,2024,DVF
Manduel|30,2707,2024,DVF
Mane,3383,2024,DVF
Manerbe,2397,2024,DVF
Manerbe|14,2397,2024,DVF
Mane|04,3383,2024,DVF
Mane|31,1356,2024,DVF
Mangiennes,1111,2024,DVF
Mangiennes|55,1111,2024,DVF
Manglieu,1544,2024,DVF
Manglieu|63,1544,2024,DVF
Manhac,1752,2024,DVF
Manhac|12,1752,2024,DVF
Manigod,5745,2024,DVF
Manigod|74,5745,2024,DVF
Maniquerville,1821,2024,DVF
Maniquerville|76,1821,2024,DVF
Manneville-la-Goupil,2284,2024,DVF
Manneville-la-Goupil|76,2284,2024,DVF
Manneville-la-Pipard,3176,2024,DVF
Manneville-la-Pipard|14,3176,2024,DVF
Manneville-la-Raoult,2356,2024,DVF
Manneville-la-Raoult|27,2356,2024,DVF
Manneville-sur-Risle,1989,2024,DVF
Manneville-sur-Risle|27,1989,2024,DVF
Mannevillette,2530,2024,DVF
Mannevillette|76,2530,2024,DVF
Manoncourt-en-Vermois,1819,2024,DVF
Manoncourt-en-Vermois|54,1819,2024,DVF
Manosque,2315,2024,DVF
Manosque|04,2315,2024,DVF
Manot,1095,2024,DVF
Manot|16,1095,2024,DVF
Manou,1473,2024,DVF
Manou|28,1473,2024,DVF
Mansac,1808,2024,DVF
Mansac|19,1808,2024,DVF
Mansigné,1381,2024,DVF
Mansigné|72,1381,2024,DVF
Mansle-les-Fontaines,1220,2024,DVF
Mansle-les-Fontaines|16,1220,2024,DVF
Mantes-la-Jolie,2552,2024,DVF
Mantes-la-Jolie|78,2552,2024,DVF
Mantes-la-Ville,2773,2024,DVF
Mantes-la-Ville|78,2773,2024,DVF
Manteyer,3357,2024,DVF
Manteyer|05,3357,2024,DVF
Manthelan,1349,2024,DVF
Manthelan|37,1349,2024,DVF
Manthes,1948,2024,DVF
Manthes|26,1948,2024,DVF
Mantilly,1320,2024,DVF
Mantilly|61,1320,2024,DVF
Mantoche,1175,2024,DVF
Mantoche|70,1175,2024,DVF
Mantry,1750,2024,DVF
Mantry|39,1750,2024,DVF
Manzat,1482,2024,DVF
Manzat|63,1482,2024,DVF
Manziat,2251,2024,DVF
Manziat|01,2251,2024,DVF
Manéglise,2427,2024,DVF
Manéglise|76,2427,2024,DVF
Marainviller,789,2024,DVF
Marainviller|54,789,2024,DVF
Marais-Vernier,2036,2024,DVF
Marais-Vernier|27,2036,2024,DVF
Marans,1934,2024,DVF
Maransin,1756,2024,DVF
Maransin|33,1756,2024,DVF
Marans|17,1934,2024,DVF
Marat,687,2024,DVF
Marat|63,687,2024,DVF
Maraussan,2229,2024,DVF
Maraussan|34,2229,2024,DVF
Maraye-en-Othe,1086,2024,DVF
Maraye-en-Othe|10,1086,2024,DVF
Marbache,1642,2024,DVF
Marbache|54,1642,2024,DVF
Marbeuf,1889,2024,DVF
Marbeuf|27,1889,2024,DVF
Marbois,1764,2024,DVF
Marbois|27,1764,2024,DVF
Marboué,1266,2024,DVF
Marboué|28,1266,2024,DVF
Marboz,2046,2024,DVF
Marboz|01,2046,2024,DVF
Marcelcave,1932,2024,DVF
Marcelcave|80,1932,2024,DVF
Marcellaz,5128,2024,DVF
Marcellaz-Albanais,3908,2024,DVF
Marcellaz-Albanais|74,3908,2024,DVF
Marcellaz|74,5128,2024,DVF
Marcellus,1371,2024,DVF
Marcellus|47,1371,2024,DVF
Marcenat,1533,2024,DVF
Marcenat|03,1533,2024,DVF
Marcenat|15,1277,2024,DVF
Marcey-les-Grèves,1995,2024,DVF
Marcey-les-Grèves|50,1995,2024,DVF
Marchaux-Chaudefontaine,1836,2024,DVF
Marchaux-Chaudefontaine|25,1836,2024,DVF
Marchenoir,1258,2024,DVF
Marchenoir|41,1258,2024,DVF
Marcheprime,3342,2024,DVF
Marcheprime|33,3342,2024,DVF
Marches,2232,2024,DVF
Marches|26,2232,2024,DVF
Marchiennes,1914,2024,DVF
Marchiennes|59,1914,2024,DVF
Marchémoret,3086,2024,DVF
Marchémoret|77,3086,2024,DVF
Marchéville,1384,2024,DVF
Marchéville|28,1384,2024,DVF
Marciac,1782,2024,DVF
Marciac|32,1782,2024,DVF
Marcigny,1040,2024,DVF
Marcigny|71,1040,2024,DVF
Marcilhac-sur-Célé,1571,2024,DVF
Marcilhac-sur-Célé|46,1571,2024,DVF
Marcillac-Lanville,1286,2024,DVF
Marcillac-Lanville|16,1286,2024,DVF
Marcillac-Saint-Quentin,1918,2024,DVF
Marcillac-Saint-Quentin|24,1918,2024,DVF
Marcillac-Vallon,1976,2024,DVF
Marcillac-Vallon|12,1976,2024,DVF
Marcillac-la-Croisille,1260,2024,DVF
Marcillac-la-Croisille|19,1260,2024,DVF
Marcillat-en-Combraille,699,2024,DVF
Marcillat-en-Combraille|03,699,2024,DVF
Marcilloles,1840,2024,DVF
Marcilloles|38,1840,2024,DVF
Marcilly,2522,2024,DVF
Marcilly-d'Azergues,3520,2024,DVF
Marcilly-d'Azergues|69,3520,2024,DVF
Marcilly-en-Gault,1195,2024,DVF
Marcilly-en-Gault|41,1195,2024,DVF
Marcilly-en-Villette,2358,2024,DVF
Marcilly-en-Villette|45,2358,2024,DVF
Marcilly-la-Campagne,1913,2024,DVF
Marcilly-la-Campagne|27,1913,2024,DVF
Marcilly-le-Châtel,1934,2024,DVF
Marcilly-le-Châtel|42,1934,2024,DVF
Marcilly-le-Hayer,967,2024,DVF
Marcilly-le-Hayer|10,967,2024,DVF
Marcilly-lès-Buxy,1543,2024,DVF
Marcilly-lès-Buxy|71,1543,2024,DVF
Marcilly-sur-Eure,1543,2024,DVF
Marcilly-sur-Eure|27,1543,2024,DVF
Marcilly-sur-Seine,1300,2024,DVF
Marcilly-sur-Seine|51,1300,2024,DVF
Marcilly-sur-Tille,2148,2024,DVF
Marcilly-sur-Tille|21,2148,2024,DVF
Marcilly|50,1009,2024,DVF
Marcilly|77,2522,2024,DVF
Marcillé,1184,2024,DVF
Marcillé-Raoul,1617,2024,DVF
Marcillé-Raoul|35,1617,2024,DVF
Marcillé-Robert,1441,2024,DVF
Marcillé-Robert|35,1441,2024,DVF
Marcillé-la-Ville,1070,2024,DVF
Marcillé-la-Ville|53,1070,2024,DVF
Marcillé|79,1184,2024,DVF
Marck,2046,2024,DVF
Marck|62,2046,2024,DVF
Marcoing,1480,2024,DVF
Marcoing|59,1480,2024,DVF
Marcollin,2227,2024,DVF
Marcollin|38,2227,2024,DVF
Marcolès,1616,2024,DVF
Marcolès|15,1616,2024,DVF
Marconnelle,1155,2024,DVF
Marconnelle|62,1155,2024,DVF
Marcorignan,1851,2024,DVF
Marcorignan|11,1851,2024,DVF
Marcoussis,3320,2024,DVF
Marcoussis|91,3320,2024,DVF
Marcoux,820,2024,DVF
Marcoux|42,820,2024,DVF
Marcq,3810,2024,DVF
Marcq-en-Barœul,3986,2024,DVF
Marcq-en-Barœul|59,3986,2024,DVF
Marcq-en-Ostrevent,1283,2024,DVF
Marcq-en-Ostrevent|59,1283,2024,DVF
Marcq|78,3810,2024,DVF
Marcy,3629,2024,DVF
Marcy-l'Étoile,4356,2024,DVF
Marcy-l'Étoile|69,4356,2024,DVF
Marcy|69,3629,2024,DVF
Marcé,1769,2024,DVF
Marcé|49,1769,2024,DVF
Mardeuil,2073,2024,DVF
Mardeuil|51,2073,2024,DVF
Mardié,2119,2024,DVF
Mardié|45,2119,2024,DVF
Mareau-aux-Prés,2047,2024,DVF
Mareau-aux-Prés|45,2047,2024,DVF
Mareil-Marly,5840,2024,DVF
Mareil-Marly|78,5840,2024,DVF
Mareil-sur-Loir,1537,2024,DVF
Mareil-sur-Loir|72,1537,2024,DVF
Mareil-sur-Mauldre,3236,2024,DVF
Mareil-sur-Mauldre|78,3236,2024,DVF
Marennes,3552,2024,DVF
Marennes-Hiers-Brouage,2467,2024,DVF
Marennes-Hiers-Brouage|17,2467,2024,DVF
Marennes|69,3552,2024,DVF
Maresches,1829,2024,DVF
Maresches|59,1829,2024,DVF
Maresquel-Ecquemicourt,1566,2024,DVF
Maresquel-Ecquemicourt|62,1566,2024,DVF
Maretz,1002,2024,DVF
Maretz|59,1002,2024,DVF
Mareuil en Périgord,1379,2024,DVF
Mareuil en Périgord|24,1379,2024,DVF
Mareuil-Caubert,1638,2024,DVF
Mareuil-Caubert|80,1638,2024,DVF
Mareuil-en-Dôle,1409,2024,DVF
Mareuil-en-Dôle|02,1409,2024,DVF
Mareuil-le-Port,1514,2024,DVF
Mareuil-le-Port|51,1514,2024,DVF
Mareuil-lès-Meaux,2973,2024,DVF
Mareuil-lès-Meaux|77,2973,2024,DVF
Mareuil-sur-Arnon,1048,2024,DVF
Mareuil-sur-Arnon|18,1048,2024,DVF
Mareuil-sur-Cher,1102,2024,DVF
Mareuil-sur-Cher|41,1102,2024,DVF
Mareuil-sur-Lay-Dissais,1608,2024,DVF
Mareuil-sur-Lay-Dissais|85,1608,2024,DVF
Mareuil-sur-Ourcq,2426,2024,DVF
Mareuil-sur-Ourcq|60,2426,2024,DVF
Marey-sur-Tille,961,2024,DVF
Marey-sur-Tille|21,961,2024,DVF
Margaux-Cantenac,2291,2024,DVF
Margaux-Cantenac|33,2291,2024,DVF
Margencel,5045,2024,DVF
Margencel|74,5045,2024,DVF
Margency,3829,2024,DVF
Margency|95,3829,2024,DVF
Margerie-Chantagret,1630,2024,DVF
Margerie-Chantagret|42,1630,2024,DVF
Margival,1596,2024,DVF
Margival|02,1596,2024,DVF
Margny,1159,2024,DVF
Margny-lès-Compiègne,2486,2024,DVF
Margny-lès-Compiègne|60,2486,2024,DVF
Margny|08,1159,2024,DVF
Margon,2406,2024,DVF
Margon|34,2406,2024,DVF
Marguerittes,2517,2024,DVF
Marguerittes|30,2517,2024,DVF
Margueron,1787,2024,DVF
Margueron|33,1787,2024,DVF
Margut,1942,2024,DVF
Margut|08,1942,2024,DVF
Margès,2532,2024,DVF
Margès|26,2532,2024,DVF
Marignac,1566,2024,DVF
Marignac-Lasclares,1708,2024,DVF
Marignac-Lasclares|31,1708,2024,DVF
Marignac|31,1566,2024,DVF
Marignane,2965,2024,DVF
Marignane|13,2965,2024,DVF
Marignier,3458,2024,DVF
Marignier|74,3458,2024,DVF
Marigny,1187,2024,DVF
Marigny-Chemereau,1784,2024,DVF
Marigny-Chemereau|86,1784,2024,DVF
Marigny-Le-Lozon,1960,2024,DVF
Marigny-Le-Lozon|50,1960,2024,DVF
Marigny-Saint-Marcel,3538,2024,DVF
Marigny-Saint-Marcel|74,3538,2024,DVF
Marigny-en-Orxois,2085,2024,DVF
Marigny-en-Orxois|02,2085,2024,DVF
Marigny-l'Église,1256,2024,DVF
Marigny-l'Église|58,1256,2024,DVF
Marigny-le-Châtel,1572,2024,DVF
Marigny-le-Châtel|10,1572,2024,DVF
Marigny-les-Usages,2509,2024,DVF
Marigny-les-Usages|45,2509,2024,DVF
Marigny-lès-Reullée,1893,2024,DVF
Marigny-lès-Reullée|21,1893,2024,DVF
Marigny|79,1187,2024,DVF
Marigné-Laillé,1214,2024,DVF
Marigné-Laillé|72,1214,2024,DVF
Marigné-Peuton,1414,2024,DVF
Marigné-Peuton|53,1414,2024,DVF
Marillac-le-Franc,1514,2024,DVF
Marillac-le-Franc|16,1514,2024,DVF
Marin,4101,2024,DVF
Marines,3489,2024,DVF
Marines|95,3489,2024,DVF
Maringues,1592,2024,DVF
Maringues|63,1592,2024,DVF
Marin|74,4101,2024,DVF
Mariol,1120,2024,DVF
Mariol|03,1120,2024,DVF
Marle,1195,2024,DVF
Marles-en-Brie,2773,2024,DVF
Marles-en-Brie|77,2773,2024,DVF
Marles-les-Mines,1358,2024,DVF
Marles-les-Mines|62,1358,2024,DVF
Marles-sur-Canche,1604,2024,DVF
Marles-sur-Canche|62,1604,2024,DVF
Marle|02,1195,2024,DVF
Marlhes,1609,2024,DVF
Marlhes|42,1609,2024,DVF
Marlieux,1942,2024,DVF
Marlieux|01,1942,2024,DVF
Marlioz,4005,2024,DVF
Marlioz|74,4005,2024,DVF
Marly,1542,2024,DVF
Marly-la-Ville,3236,2024,DVF
Marly-la-Ville|95,3236,2024,DVF
Marly-le-Roi,4151,2024,DVF
Marly-le-Roi|78,4151,2024,DVF
Marly|59,1542,2024,DVF
Marmagne,1648,2024,DVF
Marmagne|18,1648,2024,DVF
Marmagne|71,1407,2024,DVF
Marmande,1602,2024,DVF
Marmande|47,1602,2024,DVF
Marmanhac,2521,2024,DVF
Marmanhac|15,2521,2024,DVF
Marminiac,1575,2024,DVF
Marminiac|46,1575,2024,DVF
Marnay,1552,2024,DVF
Marnay-sur-Seine,1356,2024,DVF
Marnay-sur-Seine|10,1356,2024,DVF
Marnay|70,1552,2024,DVF
Marnay|71,1720,2024,DVF
Marnay|86,1580,2024,DVF
Marnaz,2838,2024,DVF
Marnaz|74,2838,2024,DVF
Marnes-la-Coquette,7189,2024,DVF
Marnes-la-Coquette|92,7189,2024,DVF
Maroilles,1142,2024,DVF
Maroilles|59,1142,2024,DVF
Marolles,1621,2024,DVF
Marolles-en-Brie,3653,2024,DVF
Marolles-en-Brie|77,2459,2024,DVF
Marolles-en-Brie|94,3653,2024,DVF
Marolles-en-Hurepoix,3356,2024,DVF
Marolles-en-Hurepoix|91,3356,2024,DVF
Marolles-les-Braults,1088,2024,DVF
Marolles-les-Braults|72,1088,2024,DVF
Marolles-sur-Seine,3008,2024,DVF
Marolles-sur-Seine|77,3008,2024,DVF
Marolles|14,2210,2024,DVF
Marolles|41,1621,2024,DVF
Marolles|51,1139,2024,DVF
Maromme,1769,2024,DVF
Maromme|76,1769,2024,DVF
Maron,1555,2024,DVF
Maron|54,1555,2024,DVF
Marpent,1237,2024,DVF
Marpent|59,1237,2024,DVF
Marpiré,2104,2024,DVF
Marpiré|35,2104,2024,DVF
Marquefave,2085,2024,DVF
Marquefave|31,2085,2024,DVF
Marquette-en-Ostrevant,1356,2024,DVF
Marquette-en-Ostrevant|59,1356,2024,DVF
Marquette-lez-Lille,3291,2024,DVF
Marquette-lez-Lille|59,3291,2024,DVF
Marquillies,2471,2024,DVF
Marquillies|59,2471,2024,DVF
Marquion,3026,2024,DVF
Marquion|62,3026,2024,DVF
Marquise,1934,2024,DVF
Marquise|62,1934,2024,DVF
Marquixanes,1201,2024,DVF
Marquixanes|66,1201,2024,DVF
Marquéglise,2091,2024,DVF
Marquéglise|60,2091,2024,DVF
Marray,1151,2024,DVF
Marray|37,1151,2024,DVF
Mars,1268,2024,DVF
Mars-la-Tour,1980,2024,DVF
Mars-la-Tour|54,1980,2024,DVF
Marsac,1169,2024,DVF
Marsac-en-Livradois,1031,2024,DVF
Marsac-en-Livradois|63,1031,2024,DVF
Marsac-sur-Don,1951,2024,DVF
Marsac-sur-Don|44,1951,2024,DVF
Marsac-sur-l'Isle,1747,2024,DVF
Marsac-sur-l'Isle|24,1747,2024,DVF
Marsac|16,1447,2024,DVF
Marsac|23,1169,2024,DVF
Marsais,1303,2024,DVF
Marsais-Sainte-Radégonde,1253,2024,DVF
Marsais-Sainte-Radégonde|85,1253,2024,DVF
Marsais|17,1303,2024,DVF
Marsalès,1466,2024,DVF
Marsalès|24,1466,2024,DVF
Marsangy,1848,2024,DVF
Marsangy|89,1848,2024,DVF
Marsannay-la-Côte,2439,2024,DVF
Marsannay-la-Côte|21,2439,2024,DVF
Marsannay-le-Bois,2591,2024,DVF
Marsannay-le-Bois|21,2591,2024,DVF
Marsanne,3125,2024,DVF
Marsanne|26,3125,2024,DVF
Marsas,2068,2024,DVF
Marsas|33,2068,2024,DVF
Marsat,2065,2024,DVF
Marsat|63,2065,2024,DVF
Marsaz,2262,2024,DVF
Marsaz|26,2262,2024,DVF
Marseillan,4206,2024,DVF
Marseillan|34,4206,2024,DVF
Marseille,3521,2024,DVF
Marseille-en-Beauvaisis,2084,2024,DVF
Marseille-en-Beauvaisis|60,2084,2024,DVF
Marseilles-lès-Aubigny,1101,2024,DVF
Marseilles-lès-Aubigny|18,1101,2024,DVF
Marseillette,1141,2024,DVF
Marseillette|11,1141,2024,DVF
Marseille|13,3521,2024,DVF
Marsillargues,2854,2024,DVF
Marsillargues|34,2854,2024,DVF
Marsilly,3942,2024,DVF
Marsilly|17,3942,2024,DVF
Marsolan,3028,2024,DVF
Marsolan|32,3028,2024,DVF
Marsonnas,1588,2024,DVF
Marsonnas|01,1588,2024,DVF
Marssac-sur-Tarn,2297,2024,DVF
Marssac-sur-Tarn|81,2297,2024,DVF
Mars|07,2408,2024,DVF
Mars|42,1268,2024,DVF
Martainville-Épreville,2171,2024,DVF
Martainville-Épreville|76,2171,2024,DVF
Martel,2338,2024,DVF
Martel|46,2338,2024,DVF
Marthod,2720,2024,DVF
Marthod|73,2720,2024,DVF
Marthon,1188,2024,DVF
Marthon|16,1188,2024,DVF
Martiel,1638,2024,DVF
Martiel|12,1638,2024,DVF
Martignas-sur-Jalle,3703,2024,DVF
Martignas-sur-Jalle|33,3703,2024,DVF
Martignat,1852,2024,DVF
Martignat|01,1852,2024,DVF
Martigny,1952,2024,DVF
Martigny-le-Comte,1273,2024,DVF
Martigny-le-Comte|71,1273,2024,DVF
Martigny-les-Bains,699,2024,DVF
Martigny-les-Bains|88,699,2024,DVF
Martigny|76,1952,2024,DVF
Martigné-Ferchaud,1464,2024,DVF
Martigné-Ferchaud|35,1464,2024,DVF
Martigné-sur-Mayenne,1387,2024,DVF
Martigné-sur-Mayenne|53,1387,2024,DVF
Martigues,3480,2024,DVF
Martigues|13,3480,2024,DVF
Martillac,3402,2024,DVF
Martillac|33,3402,2024,DVF
Martin-Église,2003,2024,DVF
Martin-Église|76,2003,2024,DVF
Martinet,2279,2024,DVF
Martinet|85,2279,2024,DVF
Martinvast,2399,2024,DVF
Martinvast|50,2399,2024,DVF
Martizay,1072,2024,DVF
Martizay|36,1072,2024,DVF
Martres-Tolosane,1651,2024,DVF
Martres-Tolosane|31,1651,2024,DVF
Martres-sur-Morge,2668,2024,DVF
Martres-sur-Morge|63,2668,2024,DVF
Martrin,995,2024,DVF
Martrin|12,995,2024,DVF
Marval,1492,2024,DVF
Marval|87,1492,2024,DVF
Marvejols,1409,2024,DVF
Marvejols|48,1409,2024,DVF
Marville,1112,2024,DVF
Marville-Moutiers-Brûlé,1934,2024,DVF
Marville-Moutiers-Brûlé|28,1934,2024,DVF
Marville|55,1112,2024,DVF
Mary-sur-Marne,2318,2024,DVF
Mary-sur-Marne|77,2318,2024,DVF
Marzan,2113,2024,DVF
Marzan|56,2113,2024,DVF
Marzy,1570,2024,DVF
Marzy|58,1570,2024,DVF
Marçay,1702,2024,DVF
Marçay|37,1923,2024,DVF
Marçay|86,1702,2024,DVF
Marçon,1451,2024,DVF
Marçon|72,1451,2024,DVF
Marœuil,2227,2024,DVF
Marœuil|62,2227,2024,DVF
Mas-Cabardès,1220,2024,DVF
Mas-Cabardès|11,1220,2024,DVF
Mas-Grenier,1735,2024,DVF
Mas-Grenier|82,1735,2024,DVF
Mas-Saintes-Puelles,1908,2024,DVF
Mas-Saintes-Puelles|11,1908,2024,DVF
Mas-de-Londres,3340,2024,DVF
Mas-de-Londres|34,3340,2024,DVF
Maslacq,1548,2024,DVF
Maslacq|64,1548,2024,DVF
Maslives,1795,2024,DVF
Maslives|41,1795,2024,DVF
Masnières,1297,2024,DVF
Masnières|59,1297,2024,DVF
Masny,1362,2024,DVF
Masny|59,1362,2024,DVF
Maspie-Lalonquère-Juillacq,1233,2024,DVF
Maspie-Lalonquère-Juillacq|64,1233,2024,DVF
Masquières,2903,2024,DVF
Masquières|47,2903,2024,DVF
Massaguel,1472,2024,DVF
Massaguel|81,1472,2024,DVF
Massangis,1207,2024,DVF
Massangis|89,1207,2024,DVF
Massat,1870,2024,DVF
Massat|09,1870,2024,DVF
Massay,1010,2024,DVF
Massay|18,1010,2024,DVF
Massegros Causses Gorges,1736,2024,DVF
Massegros Causses Gorges|48,1736,2024,DVF
Masseret,1280,2024,DVF
Masseret|19,1280,2024,DVF
Masseube,1031,2024,DVF
Masseube|32,1031,2024,DVF
Massiac,1256,2024,DVF
Massiac|15,1256,2024,DVF
Massieu,2529,2024,DVF
Massieux,3235,2024,DVF
Massieux|01,3235,2024,DVF
Massieu|38,2529,2024,DVF
Massignac,1120,2024,DVF
Massignac|16,1120,2024,DVF
Massignieu-de-Rives,1919,2024,DVF
Massignieu-de-Rives|01,1919,2024,DVF
Massongy,4361,2024,DVF
Massongy|74,4361,2024,DVF
Massy,4021,2024,DVF
Massy|91,4021,2024,DVF
Massérac,1518,2024,DVF
Massérac|44,1518,2024,DVF
Mastaing,1274,2024,DVF
Mastaing|59,1274,2024,DVF
Matafelon-Granges,2257,2024,DVF
Matafelon-Granges|01,2257,2024,DVF
Matemale,3020,2024,DVF
Matemale|66,3020,2024,DVF
Matha,1203,2024,DVF
Mathay,1259,2024,DVF
Mathay|25,1259,2024,DVF
Matha|17,1203,2024,DVF
Mathieu,3350,2024,DVF
Mathieu|14,3350,2024,DVF
Matignon,2704,2024,DVF
Matignon|22,2704,2024,DVF
Matougues,2062,2024,DVF
Matougues|51,2062,2024,DVF
Matour,1315,2024,DVF
Matour|71,1315,2024,DVF
Mattaincourt,950,2024,DVF
Mattaincourt|88,950,2024,DVF
Matton-et-Clémency,1345,2024,DVF
Matton-et-Clémency|08,1345,2024,DVF
Maubec,4443,2024,DVF
Maubec|38,2905,2024,DVF
Maubec|84,4443,2024,DVF
Maubert-Fontaine,1486,2024,DVF
Maubert-Fontaine|08,1486,2024,DVF
Maubeuge,1196,2024,DVF
Maubeuge|59,1196,2024,DVF
Maubourguet,1362,2024,DVF
Maubourguet|65,1362,2024,DVF
Maucomble,1945,2024,DVF
Maucomble|76,1945,2024,DVF
Maucor,2224,2024,DVF
Maucor|64,2224,2024,DVF
Maudétour-en-Vexin,2048,2024,DVF
Maudétour-en-Vexin|95,2048,2024,DVF
Mauges-sur-Loire,1819,2024,DVF
Mauges-sur-Loire|49,1819,2024,DVF
Mauguio,4704,2024,DVF
Mauguio|34,4704,2024,DVF
Maulde,1955,2024,DVF
Maulde|59,1955,2024,DVF
Maule,3343,2024,DVF
Maulette,3389,2024,DVF
Maulette|78,3389,2024,DVF
Maule|78,3343,2024,DVF
Mauléon,1455,2024,DVF
Mauléon-Barousse,1495,2024,DVF
Mauléon-Barousse|65,1495,2024,DVF
Mauléon-Licharre,1466,2024,DVF
Mauléon-Licharre|64,1466,2024,DVF
Mauléon|79,1455,2024,DVF
Maulévrier,1758,2024,DVF
Maulévrier|49,1758,2024,DVF
Mauperthuis,2649,2024,DVF
Mauperthuis|77,2649,2024,DVF
Mauprévoir,1170,2024,DVF
Mauprévoir|86,1170,2024,DVF
Maurecourt,4006,2024,DVF
Maurecourt|78,4006,2024,DVF
Mauregny-en-Haye,1647,2024,DVF
Mauregny-en-Haye|02,1647,2024,DVF
Maureilhan,2020,2024,DVF
Maureilhan|34,2020,2024,DVF
Maureillas-las-Illas,2219,2024,DVF
Maureillas-las-Illas|66,2219,2024,DVF
Maurepas,3014,2024,DVF
Maurepas|78,3014,2024,DVF
Mauressac,2458,2024,DVF
Mauressac|31,2458,2024,DVF
Mauriac,1175,2024,DVF
Mauriac|15,1175,2024,DVF
Maurois,1239,2024,DVF
Maurois|59,1239,2024,DVF
Mauron,1406,2024,DVF
Mauron|56,1406,2024,DVF
Mauroux,2333,2024,DVF
Mauroux|46,2333,2024,DVF
Maurs,1513,2024,DVF
Maurs|15,1513,2024,DVF
Maury,891,2024,DVF
Maury|66,891,2024,DVF
Maussac,907,2024,DVF
Maussac|19,907,2024,DVF
Maussane-les-Alpilles,5911,2024,DVF
Maussane-les-Alpilles|13,5911,2024,DVF
Mauves,2042,2024,DVF
Mauves-sur-Huisne,1324,2024,DVF
Mauves-sur-Huisne|61,1324,2024,DVF
Mauves-sur-Loire,2836,2024,DVF
Mauves-sur-Loire|44,2836,2024,DVF
Mauves|07,2042,2024,DVF
Mauvezin,1450,2024,DVF
Mauvezin|32,1450,2024,DVF
Mauzac,2540,2024,DVF
Mauzac-et-Grand-Castang,1599,2024,DVF
Mauzac-et-Grand-Castang|24,1599,2024,DVF
Mauzac|31,2540,2024,DVF
Mauzé-sur-le-Mignon,1940,2024,DVF
Mauzé-sur-le-Mignon|79,1940,2024,DVF
Maxent,1652,2024,DVF
Maxent|35,1652,2024,DVF
Maxilly-sur-Léman,4702,2024,DVF
Maxilly-sur-Léman|74,4702,2024,DVF
Maxéville,1833,2024,DVF
Maxéville|54,1833,2024,DVF
May-en-Multien,2495,2024,DVF
May-en-Multien|77,2495,2024,DVF
Mayenne,1628,2024,DVF
Mayenne|53,1628,2024,DVF
Mayet,1360,2024,DVF
Mayet|72,1360,2024,DVF
Mayres,1144,2024,DVF
Mayres|07,1144,2024,DVF
Mayres|63,1005,2024,DVF
Mayrinhac-Lentour,1082,2024,DVF
Mayrinhac-Lentour|46,1082,2024,DVF
Mazamet,1211,2024,DVF
Mazamet|81,1211,2024,DVF
Mazan,2921,2024,DVF
Mazangé,1761,2024,DVF
Mazangé|41,1761,2024,DVF
Mazan|84,2921,2024,DVF
Mazaugues,2745,2024,DVF
Mazaugues|83,2745,2024,DVF
Mazeray,1470,2024,DVF
Mazeray|17,1470,2024,DVF
Mazerolles,2243,2024,DVF
Mazerolles|40,2111,2024,DVF
Mazerolles|64,2243,2024,DVF
Mazerolles|86,1327,2024,DVF
Mazet-Saint-Voy,1578,2024,DVF
Mazet-Saint-Voy|43,1578,2024,DVF
Mazeuil,924,2024,DVF
Mazeuil|86,924,2024,DVF
Mazeyrat-d'Allier,1327,2024,DVF
Mazeyrat-d'Allier|43,1327,2024,DVF
Mazingarbe,1547,2024,DVF
Mazingarbe|62,1547,2024,DVF
Mazinghem,1732,2024,DVF
Mazinghem|62,1732,2024,DVF
Mazinghien,1344,2024,DVF
Mazinghien|59,1344,2024,DVF
Mazion,1539,2024,DVF
Mazion|33,1539,2024,DVF
Mazières-de-Touraine,2111,2024,DVF
Mazières-de-Touraine|37,2111,2024,DVF
Mazières-en-Gâtine,936,2024,DVF
Mazières-en-Gâtine|79,936,2024,DVF
Mazières-en-Mauges,2239,2024,DVF
Mazières-en-Mauges|49,2239,2024,DVF
Mazères,1622,2024,DVF
Mazères-Lezons,2122,2024,DVF
Mazères-Lezons|64,2122,2024,DVF
Mazères-sur-Salat,1537,2024,DVF
Mazères-sur-Salat|31,1537,2024,DVF
Mazères|09,1622,2024,DVF
Mazères|33,1971,2024,DVF
Mazé-Milon,1958,2024,DVF
Mazé-Milon|49,1958,2024,DVF
Maël-Carhaix,1030,2024,DVF
Maël-Carhaix|22,1030,2024,DVF
Maël-Pestivien,942,2024,DVF
Maël-Pestivien|22,942,2024,DVF
Maîche,2293,2024,DVF
Maîche|25,2293,2024,DVF
Meaucé,1612,2024,DVF
Meaucé|28,1612,2024,DVF
Meaulne-Vitray,985,2024,DVF
Meaulne-Vitray|03,985,2024,DVF
Meaux,2912,2024,DVF
Meaux-la-Montagne,1562,2024,DVF
Meaux-la-Montagne|69,1562,2024,DVF
Meaux|77,2912,2024,DVF
Meauzac,1629,2024,DVF
Meauzac|82,1629,2024,DVF
Mecquignies,1915,2024,DVF
Mecquignies|59,1915,2024,DVF
Mecé,1705,2024,DVF
Mecé|35,1705,2024,DVF
Megève,9732,2024,DVF
Megève|74,9732,2024,DVF
Mehun-sur-Yèvre,1386,2024,DVF
Mehun-sur-Yèvre|18,1386,2024,DVF
Meilhan,2197,2024,DVF
Meilhan-sur-Garonne,1271,2024,DVF
Meilhan-sur-Garonne|47,1271,2024,DVF
Meilhan|40,2197,2024,DVF
Meilhards,971,2024,DVF
Meilhards|19,971,2024,DVF
Meillac,2298,2024,DVF
Meillac|35,2298,2024,DVF
Meillard,1350,2024,DVF
Meillard|03,1350,2024,DVF
Meillerie,2944,2024,DVF
Meillerie|74,2944,2024,DVF
Meillonnas,2497,2024,DVF
Meillonnas|01,2497,2024,DVF
Melay,1006,2024,DVF
Melay|71,1006,2024,DVF
Melesse,3059,2024,DVF
Melesse|35,3059,2024,DVF
Melgven,2238,2024,DVF
Melgven|29,2238,2024,DVF
Mellac,2393,2024,DVF
Mellac|29,2393,2024,DVF
Melle,1153,2024,DVF
Mellecey,1881,2024,DVF
Mellecey|71,1881,2024,DVF
Melleray,854,2024,DVF
Melleray|72,854,2024,DVF
Melleroy,1805,2024,DVF
Melleroy|45,1805,2024,DVF
Melle|79,1153,2024,DVF
Mellionnec,885,2024,DVF
Mellionnec|22,885,2024,DVF
Mellé,1137,2024,DVF
Mellé|35,1137,2024,DVF
Meloisey,2407,2024,DVF
Meloisey|21,2407,2024,DVF
Melrand,1363,2024,DVF
Melrand|56,1363,2024,DVF
Melun,2743,2024,DVF
Melun|77,2743,2024,DVF
Menars,1452,2024,DVF
Menars|41,1452,2024,DVF
Mende,2107,2024,DVF
Mende|48,2107,2024,DVF
Mendionde,2432,2024,DVF
Mendionde|64,2432,2024,DVF
Menet,920,2024,DVF
Menetou-Couture,1140,2024,DVF
Menetou-Couture|18,1140,2024,DVF
Menetou-Râtel,1200,2024,DVF
Menetou-Râtel|18,1200,2024,DVF
Menetou-Salon,1205,2024,DVF
Menetou-Salon|18,1205,2024,DVF
Menet|15,920,2024,DVF
Menglon,2467,2024,DVF
Menglon|26,2467,2024,DVF
Mennecy,3113,2024,DVF
Mennecy|91,3113,2024,DVF
Mennessis,999,2024,DVF
Mennessis|02,999,2024,DVF
Mennetou-sur-Cher,1133,2024,DVF
Mennetou-sur-Cher|41,1133,2024,DVF
Menneval,1819,2024,DVF
Menneval|27,1819,2024,DVF
Mennevret,636,2024,DVF
Mennevret|02,636,2024,DVF
Menomblet,1226,2024,DVF
Menomblet|85,1226,2024,DVF
Menou,907,2024,DVF
Menou|58,907,2024,DVF
Mens,2586,2024,DVF
Mensignac,1755,2024,DVF
Mensignac|24,1755,2024,DVF
Mens|38,2586,2024,DVF
Mentheville,1919,2024,DVF
Mentheville|76,1919,2024,DVF
Menthon-Saint-Bernard,6422,2024,DVF
Menthon-Saint-Bernard|74,6422,2024,DVF
Menthonnex-en-Bornes,3429,2024,DVF
Menthonnex-en-Bornes|74,3429,2024,DVF
Menthonnex-sous-Clermont,3366,2024,DVF
Menthonnex-sous-Clermont|74,3366,2024,DVF
Menton,5057,2024,DVF
Menton|06,5057,2024,DVF
Mentque-Nortbécourt,1734,2024,DVF
Mentque-Nortbécourt|62,1734,2024,DVF
Menucourt,2926,2024,DVF
Menucourt|95,2926,2024,DVF
Menville,2301,2024,DVF
Menville|31,2301,2024,DVF
Mer,1640,2024,DVF
Mercatel,1800,2024,DVF
Mercatel|62,1800,2024,DVF
Mercenac,2246,2024,DVF
Mercenac|09,2246,2024,DVF
Merceuil,2324,2024,DVF
Merceuil|21,2324,2024,DVF
Mercin-et-Vaux,1800,2024,DVF
Mercin-et-Vaux|02,1800,2024,DVF
Merck-Saint-Liévin,1811,2024,DVF
Merck-Saint-Liévin|62,1811,2024,DVF
Merckeghem,1643,2024,DVF
Merckeghem|59,1643,2024,DVF
Mercuer,2297,2024,DVF
Mercuer|07,2297,2024,DVF
Mercurey,1901,2024,DVF
Mercurey|71,1901,2024,DVF
Mercurol-Veaunes,2351,2024,DVF
Mercurol-Veaunes|26,2351,2024,DVF
Mercury,3081,2024,DVF
Mercury|73,3081,2024,DVF
Mercus-Garrabet,1477,2024,DVF
Mercus-Garrabet|09,1477,2024,DVF
Mercuès,1580,2024,DVF
Mercuès|46,1580,2024,DVF
Mercy,1098,2024,DVF
Mercy-le-Bas,1884,2024,DVF
Mercy-le-Bas|54,1884,2024,DVF
Mercy|03,1098,2024,DVF
Merdrignac,1498,2024,DVF
Merdrignac|22,1498,2024,DVF
Merey,2016,2024,DVF
Merey|27,2016,2024,DVF
Merfy,2195,2024,DVF
Merfy|51,2195,2024,DVF
Merlas,2267,2024,DVF
Merlas|38,2267,2024,DVF
Merlerault-le-Pin,1029,2024,DVF
Merlerault-le-Pin|61,1029,2024,DVF
Merlevenez,2655,2024,DVF
Merlevenez|56,2655,2024,DVF
Merlimont,3954,2024,DVF
Merlimont|62,3954,2024,DVF
Merlines,1032,2024,DVF
Merlines|19,1032,2024,DVF
Merléac,1010,2024,DVF
Merléac|22,1010,2024,DVF
Mernel,1701,2024,DVF
Mernel|35,1701,2024,DVF
Meroux-Moval,1853,2024,DVF
Meroux-Moval|90,1853,2024,DVF
Merpins,1573,2024,DVF
Merpins|16,1573,2024,DVF
Merrey-sur-Arce,1116,2024,DVF
Merrey-sur-Arce|10,1116,2024,DVF
Merris,2089,2024,DVF
Merris|59,2089,2024,DVF
Merry-la-Vallée,1015,2024,DVF
Merry-la-Vallée|89,1015,2024,DVF
Mers-les-Bains,2478,2024,DVF
Mers-les-Bains|80,2478,2024,DVF
Mers-sur-Indre,1799,2024,DVF
Mers-sur-Indre|36,1799,2024,DVF
Mervans,1243,2024,DVF
Mervans|71,1243,2024,DVF
Mervent,1507,2024,DVF
Mervent|85,1507,2024,DVF
Merville,1789,2024,DVF
Merville-Franceville-Plage,4602,2024,DVF
Merville-Franceville-Plage|14,4602,2024,DVF
Merville|31,2735,2024,DVF
Merville|59,1789,2024,DVF
Mer|41,1640,2024,DVF
Meschers-sur-Gironde,3419,2024,DVF
Meschers-sur-Gironde|17,3419,2024,DVF
Meslan,1853,2024,DVF
Mesland,1480,2024,DVF
Mesland|41,1480,2024,DVF
Meslan|56,1853,2024,DVF
Meslay-du-Maine,1505,2024,DVF
Meslay-du-Maine|53,1505,2024,DVF
Meslay-le-Grenet,1998,2024,DVF
Meslay-le-Grenet|28,1998,2024,DVF
Meslay-le-Vidame,1303,2024,DVF
Meslay-le-Vidame|28,1303,2024,DVF
Meslières,1421,2024,DVF
Meslières|25,1421,2024,DVF
Mesnard-la-Barotière,2006,2024,DVF
Mesnard-la-Barotière|85,2006,2024,DVF
Mesnay,1553,2024,DVF
Mesnay|39,1553,2024,DVF
Mesnil-Mauger,1612,2024,DVF
Mesnil-Mauger|76,1612,2024,DVF
Mesnil-Panneville,1633,2024,DVF
Mesnil-Panneville|76,1633,2024,DVF
Mesnil-Raoul,2377,2024,DVF
Mesnil-Raoul|76,2377,2024,DVF
Mesnil-Roc'h,1959,2024,DVF
Mesnil-Roc'h|35,1959,2024,DVF
Mesnil-Saint-Loup,1514,2024,DVF
Mesnil-Saint-Loup|10,1514,2024,DVF
Mesnil-Saint-Nicaise,1177,2024,DVF
Mesnil-Saint-Nicaise|80,1177,2024,DVF
Mesnil-Saint-Père,2485,2024,DVF
Mesnil-Saint-Père|10,2485,2024,DVF
Mesnil-en-Ouche,1889,2024,DVF
Mesnil-en-Ouche|27,1889,2024,DVF
Mesnil-sur-l'Estrée,1974,2024,DVF
Mesnil-sur-l'Estrée|27,1974,2024,DVF
Mesnils-sur-Iton,1780,2024,DVF
Mesnils-sur-Iton|27,1780,2024,DVF
Mesnières-en-Bray,1547,2024,DVF
Mesnières-en-Bray|76,1547,2024,DVF
Mespaul,1299,2024,DVF
Mespaul|29,1299,2024,DVF
Mesplède,1807,2024,DVF
Mesplède|64,1807,2024,DVF
Mesquer,4034,2024,DVF
Mesquer|44,4034,2024,DVF
Messanges,4973,2024,DVF
Messanges|21,3278,2024,DVF
Messanges|40,4973,2024,DVF
Messas,1699,2024,DVF
Messas|45,1699,2024,DVF
Messei,1362,2024,DVF
Messein,2345,2024,DVF
Messein|54,2345,2024,DVF
Messeix,1100,2024,DVF
Messeix|63,1100,2024,DVF
Messei|61,1362,2024,DVF
Messery,4999,2024,DVF
Messery|74,4999,2024,DVF
Messia-sur-Sorne,2110,2024,DVF
Messia-sur-Sorne|39,2110,2024,DVF
Messigny-et-Vantoux,2966,2024,DVF
Messigny-et-Vantoux|21,2966,2024,DVF
Messimy,3971,2024,DVF
Messimy-sur-Saône,3096,2024,DVF
Messimy-sur-Saône|01,3096,2024,DVF
Messimy|69,3971,2024,DVF
Messincourt,1182,2024,DVF
Messincourt|08,1182,2024,DVF
Messy,3456,2024,DVF
Messy|77,3456,2024,DVF
Mesvres,1103,2024,DVF
Mesvres|71,1103,2024,DVF
Mettray,2985,2024,DVF
Mettray|37,2985,2024,DVF
Metz-en-Couture,949,2024,DVF
Metz-en-Couture|62,949,2024,DVF
Meucon,2953,2024,DVF
Meucon|56,2953,2024,DVF
Meudon,6060,2024,DVF
Meudon|92,6060,2024,DVF
Meuilley,1688,2024,DVF
Meuilley|21,1688,2024,DVF
Meulan-en-Yvelines,2661,2024,DVF
Meulan-en-Yvelines|78,2661,2024,DVF
Meulers,1428,2024,DVF
Meulers|76,1428,2024,DVF
Meung-sur-Loire,1984,2024,DVF
Meung-sur-Loire|45,1984,2024,DVF
Meurchin,1854,2024,DVF
Meurchin|62,1854,2024,DVF
Meursac,2099,2024,DVF
Meursac|17,2099,2024,DVF
Meursanges,1927,2024,DVF
Meursanges|21,1927,2024,DVF
Meursault,3376,2024,DVF
Meursault|21,3376,2024,DVF
Meusnes,1142,2024,DVF
Meusnes|41,1142,2024,DVF
Meuzac,2628,2024,DVF
Meuzac|87,2628,2024,DVF
Meximieux,2888,2024,DVF
Meximieux|01,2888,2024,DVF
Mexy,2216,2024,DVF
Mexy|54,2216,2024,DVF
Meylan,3785,2024,DVF
Meylan|38,3785,2024,DVF
Meymac,1473,2024,DVF
Meymac|19,1473,2024,DVF
Meynes,2696,2024,DVF
Meynes|30,2696,2024,DVF
Meyrals,2890,2024,DVF
Meyrals|24,2890,2024,DVF
Meyrannes,2458,2024,DVF
Meyrannes|30,2458,2024,DVF
Meyrargues,3878,2024,DVF
Meyrargues|13,3878,2024,DVF
Meyras,2107,2024,DVF
Meyras|07,2107,2024,DVF
Meyreuil,4772,2024,DVF
Meyreuil|13,4772,2024,DVF
Meyrueis,1668,2024,DVF
Meyrueis|48,1668,2024,DVF
Meyssac,1805,2024,DVF
Meyssac|19,1805,2024,DVF
Meysse,1962,2024,DVF
Meysse|07,1962,2024,DVF
Meyssiez,2790,2024,DVF
Meyssiez|38,2790,2024,DVF
Meyzieu,3695,2024,DVF
Meyzieu|69,3695,2024,DVF
Mhère,870,2024,DVF
Mhère|58,870,2024,DVF
Mialet,2507,2024,DVF
Mialet|24,1037,2024,DVF
Mialet|30,2507,2024,DVF
Miannay,1396,2024,DVF
Miannay|80,1396,2024,DVF
Michery,1725,2024,DVF
Michery|89,1725,2024,DVF
Miermaigne,1140,2024,DVF
Miermaigne|28,1140,2024,DVF
Miers,1188,2024,DVF
Miers|46,1188,2024,DVF
Mieussy,3877,2024,DVF
Mieussy|74,3877,2024,DVF
Migennes,1514,2024,DVF
Migennes|89,1514,2024,DVF
Mignaloux-Beauvoir,2247,2024,DVF
Mignaloux-Beauvoir|86,2247,2024,DVF
Mignières,2256,2024,DVF
Mignières|28,2256,2024,DVF
Mignovillard,1634,2024,DVF
Mignovillard|39,1634,2024,DVF
Migné-Auxances,1900,2024,DVF
Migné-Auxances|86,1900,2024,DVF
Migron,1258,2024,DVF
Migron|17,1258,2024,DVF
Migé,1332,2024,DVF
Migé|89,1332,2024,DVF
Mijanès,1223,2024,DVF
Mijanès|09,1223,2024,DVF
Mijoux,2714,2024,DVF
Mijoux|01,2714,2024,DVF
Milhars,1644,2024,DVF
Milhars|81,1644,2024,DVF
Milhaud,2425,2024,DVF
Milhaud|30,2425,2024,DVF
Milizac-Guipronvel,2235,2024,DVF
Milizac-Guipronvel|29,2235,2024,DVF
Millac,936,2024,DVF
Millac|86,936,2024,DVF
Millam,1993,2024,DVF
Millam|59,1993,2024,DVF
Millançay,1380,2024,DVF
Millançay|41,1380,2024,DVF
Millas,1919,2024,DVF
Millas|66,1919,2024,DVF
Millau,1979,2024,DVF
Millau|12,1979,2024,DVF
Millay,1550,2024,DVF
Millay|58,1550,2024,DVF
Millery,3796,2024,DVF
Millery|54,1528,2024,DVF
Millery|69,3796,2024,DVF
Millières,1223,2024,DVF
Millières|50,1223,2024,DVF
Millonfosse,2155,2024,DVF
Millonfosse|59,2155,2024,DVF
Milly-la-Forêt,3468,2024,DVF
Milly-la-Forêt|91,3468,2024,DVF
Milly-sur-Thérain,1627,2024,DVF
Milly-sur-Thérain|60,1627,2024,DVF
Mimbaste,2054,2024,DVF
Mimbaste|40,2054,2024,DVF
Mimet,4970,2024,DVF
Mimet|13,4970,2024,DVF
Mimizan,3718,2024,DVF
Mimizan|40,3718,2024,DVF
Miniac-Morvan,2297,2024,DVF
Miniac-Morvan|35,2297,2024,DVF
Miniac-sous-Bécherel,1478,2024,DVF
Miniac-sous-Bécherel|35,1478,2024,DVF
Minihy-Tréguier,1899,2024,DVF
Minihy-Tréguier|22,1899,2024,DVF
Minzier,4084,2024,DVF
Minzier|74,4084,2024,DVF
Mionnay,3491,2024,DVF
Mionnay|01,3491,2024,DVF
Mions,3948,2024,DVF
Mions|69,3948,2024,DVF
Mios,3751,2024,DVF
Mios|33,3751,2024,DVF
Mirabeau,3345,2024,DVF
Mirabeau|84,3345,2024,DVF
Mirabel,1741,2024,DVF
Mirabel-aux-Baronnies,2784,2024,DVF
Mirabel-aux-Baronnies|26,2784,2024,DVF
Mirabel-et-Blacons,3240,2024,DVF
Mirabel-et-Blacons|26,3240,2024,DVF
Mirabel|07,2657,2024,DVF
Mirabel|82,1741,2024,DVF
Miradoux,1302,2024,DVF
Miradoux|32,1302,2024,DVF
Miramas,2798,2024,DVF
Miramas|13,2798,2024,DVF
Mirambeau,1165,2024,DVF
Mirambeau|17,1165,2024,DVF
Miramont-de-Comminges,1203,2024,DVF
Miramont-de-Comminges|31,1203,2024,DVF
Miramont-de-Guyenne,1067,2024,DVF
Miramont-de-Guyenne|47,1067,2024,DVF
Mirande,1515,2024,DVF
Mirande|32,1515,2024,DVF
Mirandol-Bourgnounac,1390,2024,DVF
Mirandol-Bourgnounac|81,1390,2024,DVF
Mirebeau,1263,2024,DVF
Mirebeau-sur-Bèze,2072,2024,DVF
Mirebeau-sur-Bèze|21,2072,2024,DVF
Mirebeau|86,1263,2024,DVF
Mirecourt,1021,2024,DVF
Mirecourt|88,1021,2024,DVF
Mirefleurs,2317,2024,DVF
Mirefleurs|63,2317,2024,DVF
Miremont,2517,2024,DVF
Miremont|31,2517,2024,DVF
Miremont|63,1398,2024,DVF
Mirepeisset,2489,2024,DVF
Mirepeisset|11,2489,2024,DVF
Mirepeix,1819,2024,DVF
Mirepeix|64,1819,2024,DVF
Mirepoix,1902,2024,DVF
Mirepoix-sur-Tarn,2554,2024,DVF
Mirepoix-sur-Tarn|31,2554,2024,DVF
Mirepoix|09,1902,2024,DVF
Mireval,3390,2024,DVF
Mireval|34,3390,2024,DVF
Miribel,3275,2024,DVF
Miribel-les-Échelles,2805,2024,DVF
Miribel-les-Échelles|38,2805,2024,DVF
Miribel|01,3275,2024,DVF
Miré,1378,2024,DVF
Miré|49,1378,2024,DVF
Miserey,2229,2024,DVF
Miserey-Salines,2554,2024,DVF
Miserey-Salines|25,2554,2024,DVF
Miserey|27,2229,2024,DVF
Mison,2214,2024,DVF
Mison|04,2214,2024,DVF
Missillac,2757,2024,DVF
Missillac|44,2757,2024,DVF
Missiriac,1967,2024,DVF
Missiriac|56,1967,2024,DVF
Misson,1837,2024,DVF
Misson|40,1837,2024,DVF
Misy-sur-Yonne,3048,2024,DVF
Misy-sur-Yonne|77,3048,2024,DVF
Misérieux,2991,2024,DVF
Misérieux|01,2991,2024,DVF
Mitry-Mory,3638,2024,DVF
Mitry-Mory|77,3638,2024,DVF
Mittainvilliers-Vérigny,1828,2024,DVF
Mittainvilliers-Vérigny|28,1828,2024,DVF
Miélan,1193,2024,DVF
Miélan|32,1193,2024,DVF
Modane,2489,2024,DVF
Modane|73,2489,2024,DVF
Moffans-et-Vacheresse,1228,2024,DVF
Moffans-et-Vacheresse|70,1228,2024,DVF
Mogneneins,2745,2024,DVF
Mogneneins|01,2745,2024,DVF
Mogneville,2096,2024,DVF
Mogneville|60,2096,2024,DVF
Mohon,1161,2024,DVF
Mohon|56,1161,2024,DVF
Moidieu-Détourbe,2057,2024,DVF
Moidieu-Détourbe|38,2057,2024,DVF
Moigny-sur-École,3442,2024,DVF
Moigny-sur-École|91,3442,2024,DVF
Moineville,1942,2024,DVF
Moineville|54,1942,2024,DVF
Moirans,2473,2024,DVF
Moirans-en-Montagne,1409,2024,DVF
Moirans-en-Montagne|39,1409,2024,DVF
Moirans|38,2473,2024,DVF
Moirax,1887,2024,DVF
Moirax|47,1887,2024,DVF
Moisdon-la-Rivière,1388,2024,DVF
Moisdon-la-Rivière|44,1388,2024,DVF
Moisenay,2719,2024,DVF
Moisenay|77,2719,2024,DVF
Moislains,1223,2024,DVF
Moislains|80,1223,2024,DVF
Moissac,1549,2024,DVF
Moissac-Bellevue,2960,2024,DVF
Moissac-Bellevue|83,2960,2024,DVF
Moissac|82,1549,2024,DVF
Moissannes,1388,2024,DVF
Moissannes|87,1388,2024,DVF
Moissat,1781,2024,DVF
Moissat|63,1781,2024,DVF
Moisselles,3291,2024,DVF
Moisselles|95,3291,2024,DVF
Moissieu-sur-Dolon,2256,2024,DVF
Moissieu-sur-Dolon|38,2256,2024,DVF
Moisson,2482,2024,DVF
Moisson|78,2482,2024,DVF
Moissy-Cramayel,3122,2024,DVF
Moissy-Cramayel|77,3122,2024,DVF
Moivrons,1884,2024,DVF
Moivrons|54,1884,2024,DVF
Molac,1955,2024,DVF
Molac|56,1955,2024,DVF
Molesme,836,2024,DVF
Molesme|21,836,2024,DVF
Moliens,1751,2024,DVF
Moliens|60,1751,2024,DVF
Moliets-et-Maa,5083,2024,DVF
Moliets-et-Maa|40,5083,2024,DVF
Molinchart,1291,2024,DVF
Molinchart|02,1291,2024,DVF
Molines-en-Queyras,2558,2024,DVF
Molines-en-Queyras|05,2558,2024,DVF
Molinet,1380,2024,DVF
Molinet|03,1380,2024,DVF
Molitg-les-Bains,1727,2024,DVF
Molitg-les-Bains|66,1727,2024,DVF
Molières,2026,2024,DVF
Molières-Cavaillac,2007,2024,DVF
Molières-Cavaillac|30,2007,2024,DVF
Molières-sur-Cèze,1609,2024,DVF
Molières-sur-Cèze|30,1609,2024,DVF
Molières|82,2026,2024,DVF
Mollans-sur-Ouvèze,2262,2024,DVF
Mollans-sur-Ouvèze|26,2262,2024,DVF
Molles,1721,2024,DVF
Molles|03,1721,2024,DVF
Molliens-Dreuil,1640,2024,DVF
Molliens-Dreuil|80,1640,2024,DVF
Mollégès,4008,2024,DVF
Mollégès|13,4008,2024,DVF
Moléans,1389,2024,DVF
Moléans|28,1389,2024,DVF
Mombrier,1730,2024,DVF
Mombrier|33,1730,2024,DVF
Momuy,1713,2024,DVF
Momuy|40,1713,2024,DVF
Momères,1918,2024,DVF
Momères|65,1918,2024,DVF
Monacia-d'Aullène,3089,2024,DVF
Monacia-d'Aullène|2A,3089,2024,DVF
Monbahus,1348,2024,DVF
Monbahus|47,1348,2024,DVF
Monbazillac,1737,2024,DVF
Monbazillac|24,1737,2024,DVF
Monblanc,1984,2024,DVF
Monblanc|32,1984,2024,DVF
Monbéqui,1775,2024,DVF
Monbéqui|82,1775,2024,DVF
Moncaut,1894,2024,DVF
Moncaut|47,1894,2024,DVF
Monceau-Saint-Waast,1061,2024,DVF
Monceau-Saint-Waast|59,1061,2024,DVF
Monceau-le-Waast,1004,2024,DVF
Monceau-le-Waast|02,1004,2024,DVF
Monceaux,2855,2024,DVF
Monceaux-en-Bessin,3039,2024,DVF
Monceaux-en-Bessin|14,3039,2024,DVF
Monceaux|60,2855,2024,DVF
Monchaux-Soreng,1536,2024,DVF
Monchaux-Soreng|76,1536,2024,DVF
Monchaux-sur-Écaillon,1563,2024,DVF
Monchaux-sur-Écaillon|59,1563,2024,DVF
Moncheaux,1885,2024,DVF
Moncheaux|59,1885,2024,DVF
Monchecourt,1309,2024,DVF
Monchecourt|59,1309,2024,DVF
Monchy-Breton,1476,2024,DVF
Monchy-Breton|62,1476,2024,DVF
Monchy-Humières,2394,2024,DVF
Monchy-Humières|60,2394,2024,DVF
Monchy-Saint-Éloi,2576,2024,DVF
Monchy-Saint-Éloi|60,2576,2024,DVF
Monchy-le-Preux,2196,2024,DVF
Monchy-le-Preux|62,2196,2024,DVF
Monclar,1404,2024,DVF
Monclar-de-Quercy,1485,2024,DVF
Monclar-de-Quercy|82,1485,2024,DVF
Monclar|47,1404,2024,DVF
Moncontour,966,2024,DVF
Moncontour|22,1562,2024,DVF
Moncontour|86,966,2024,DVF
Moncourt-Fromonville,2630,2024,DVF
Moncourt-Fromonville|77,2630,2024,DVF
Moncoutant-sur-Sèvre,1243,2024,DVF
Moncoutant-sur-Sèvre|79,1243,2024,DVF
Moncrabeau,1647,2024,DVF
Moncrabeau|47,1647,2024,DVF
Moncy,1471,2024,DVF
Moncy|61,1471,2024,DVF
Moncé-en-Belin,1905,2024,DVF
Moncé-en-Belin|72,1905,2024,DVF
Mondescourt,1380,2024,DVF
Mondescourt|60,1380,2024,DVF
Mondevert,1900,2024,DVF
Mondevert|35,1900,2024,DVF
Mondeville,2657,2024,DVF
Mondeville|14,2657,2024,DVF
Mondeville|91,2999,2024,DVF
Mondonville,2746,2024,DVF
Mondonville|31,2746,2024,DVF
Mondoubleau,1136,2024,DVF
Mondoubleau|41,1136,2024,DVF
Mondragon,1922,2024,DVF
Mondragon|84,1922,2024,DVF
Mondrepuis,1130,2024,DVF
Mondrepuis|02,1130,2024,DVF
Monein,2142,2024,DVF
Monein|64,2142,2024,DVF
Monestier,1203,2024,DVF
Monestier-de-Clermont,1879,2024,DVF
Monestier-de-Clermont|38,1879,2024,DVF
Monestier-du-Percy,2605,2024,DVF
Monestier-du-Percy|38,2605,2024,DVF
Monestier|03,1203,2024,DVF
Monestier|24,3025,2024,DVF
Monestiés,1732,2024,DVF
Monestiés|81,1732,2024,DVF
Monflanquin,1574,2024,DVF
Monflanquin|47,1574,2024,DVF
Monfort,1732,2024,DVF
Monfort|32,1732,2024,DVF
Monistrol-sur-Loire,2034,2024,DVF
Monistrol-sur-Loire|43,2034,2024,DVF
Monléon-Magnoac,1379,2024,DVF
Monléon-Magnoac|65,1379,2024,DVF
Monnaie,2230,2024,DVF
Monnaie|37,2230,2024,DVF
Monnetier-Mornex,4411,2024,DVF
Monnetier-Mornex|74,4411,2024,DVF
Monneville,2299,2024,DVF
Monneville|60,2299,2024,DVF
Monnières,2387,2024,DVF
Monnières|39,2453,2024,DVF
Monnières|44,2387,2024,DVF
Monoblet,2333,2024,DVF
Monoblet|30,2333,2024,DVF
Monpazier,1941,2024,DVF
Monpazier|24,1941,2024,DVF
Mons,2211,2024,DVF
Mons-Boubert,1265,2024,DVF
Mons-Boubert|80,1265,2024,DVF
Mons-en-Barœul,2507,2024,DVF
Mons-en-Barœul|59,2507,2024,DVF
Mons-en-Laonnois,1611,2024,DVF
Mons-en-Laonnois|02,1611,2024,DVF
Mons-en-Pévèle,2231,2024,DVF
Mons-en-Pévèle|59,2231,2024,DVF
Monsempron-Libos,1389,2024,DVF
Monsempron-Libos|47,1389,2024,DVF
Monsireigne,1254,2024,DVF
Monsireigne|85,1254,2024,DVF
Monsteroux-Milieu,2487,2024,DVF
Monsteroux-Milieu|38,2487,2024,DVF
Mons|30,2211,2024,DVF
Mons|31,3478,2024,DVF
Mons|34,2462,2024,DVF
Mons|63,1714,2024,DVF
Mons|83,3191,2024,DVF
Monségur,2034,2024,DVF
Monségur|33,2034,2024,DVF
Mont,1708,2024,DVF
Mont Lozère et Goulet,2116,2024,DVF
Mont Lozère et Goulet|48,2116,2024,DVF
Mont-Bernanchon,1788,2024,DVF
Mont-Bernanchon|62,1788,2024,DVF
Mont-Bonvillers,1533,2024,DVF
Mont-Bonvillers|54,1533,2024,DVF
Mont-Cauvaire,1909,2024,DVF
Mont-Cauvaire|76,1909,2024,DVF
Mont-Dol,2340,2024,DVF
Mont-Dol|35,2340,2024,DVF
Mont-Dore,2623,2024,DVF
Mont-Dore|63,2623,2024,DVF
Mont-Louis,1467,2024,DVF
Mont-Louis|66,1467,2024,DVF
Mont-Notre-Dame,1506,2024,DVF
Mont-Notre-Dame|02,1506,2024,DVF
Mont-Saint-Aignan,2517,2024,DVF
Mont-Saint-Aignan|76,2517,2024,DVF
Mont-Saint-Jean,1289,2024,DVF
Mont-Saint-Jean|72,1289,2024,DVF
Mont-Saint-Martin,2401,2024,DVF
Mont-Saint-Martin|54,2401,2024,DVF
Mont-Saint-Père,1658,2024,DVF
Mont-Saint-Père|02,1658,2024,DVF
Mont-Saint-Sulpice,1219,2024,DVF
Mont-Saint-Sulpice|89,1219,2024,DVF
Mont-Saint-Éloi,2233,2024,DVF
Mont-Saint-Éloi|62,2233,2024,DVF
Mont-Saxonnex,3230,2024,DVF
Mont-Saxonnex|74,3230,2024,DVF
Mont-d'Origny,919,2024,DVF
Mont-d'Origny|02,919,2024,DVF
Mont-de-Marsan,2117,2024,DVF
Mont-de-Marsan|40,2117,2024,DVF
Mont-l'Évêque,2314,2024,DVF
Mont-l'Évêque|60,2314,2024,DVF
Mont-près-Chambord,1831,2024,DVF
Mont-près-Chambord|41,1831,2024,DVF
Mont-sous-Vaudrey,1569,2024,DVF
Mont-sous-Vaudrey|39,1569,2024,DVF
Mont-sur-Meurthe,1671,2024,DVF
Mont-sur-Meurthe|54,1671,2024,DVF
Montabard,1286,2024,DVF
Montabard|61,1286,2024,DVF
Montacher-Villegardin,1702,2024,DVF
Montacher-Villegardin|89,1702,2024,DVF
Montady,2602,2024,DVF
Montady|34,2602,2024,DVF
Montagnac,2159,2024,DVF
Montagnac-Montpezat,2729,2024,DVF
Montagnac-Montpezat|04,2729,2024,DVF
Montagnac|34,2159,2024,DVF
Montagnat,2888,2024,DVF
Montagnat|01,2888,2024,DVF
Montagne,1856,2024,DVF
Montagney,1693,2024,DVF
Montagney|70,1693,2024,DVF
Montagne|33,1856,2024,DVF
Montagnol,1026,2024,DVF
Montagnole,4738,2024,DVF
Montagnole|73,4738,2024,DVF
Montagnol|12,1026,2024,DVF
Montagny,3697,2024,DVF
Montagny-Sainte-Félicité,2810,2024,DVF
Montagny-Sainte-Félicité|60,2810,2024,DVF
Montagny-en-Vexin,2597,2024,DVF
Montagny-en-Vexin|60,2597,2024,DVF
Montagny-lès-Beaune,3594,2024,DVF
Montagny-lès-Beaune|21,3594,2024,DVF
Montagny|42,1833,2024,DVF
Montagny|69,3697,2024,DVF
Montagny|73,2964,2024,DVF
Montagrier,1538,2024,DVF
Montagrier|24,1538,2024,DVF
Montaignac-sur-Doustre,1238,2024,DVF
Montaignac-sur-Doustre|19,1238,2024,DVF
Montaigu,1163,2024,DVF
Montaigu-Vendée,2383,2024,DVF
Montaigu-Vendée|85,2383,2024,DVF
Montaigu-de-Quercy,1821,2024,DVF
Montaigu-de-Quercy|82,1821,2024,DVF
Montaigu-la-Brisette,2008,2024,DVF
Montaigu-la-Brisette|50,2008,2024,DVF
Montaigut-en-Combraille,946,2024,DVF
Montaigut-en-Combraille|63,946,2024,DVF
Montaigut-le-Blanc,725,2024,DVF
Montaigut-le-Blanc|23,725,2024,DVF
Montaigut-le-Blanc|63,1944,2024,DVF
Montaigut-sur-Save,2712,2024,DVF
Montaigut-sur-Save|31,2712,2024,DVF
Montaigu|02,1163,2024,DVF
Montaiguët-en-Forez,1375,2024,DVF
Montaiguët-en-Forez|03,1375,2024,DVF
Montailleur,2478,2024,DVF
Montailleur|73,2478,2024,DVF
Montaillé,1117,2024,DVF
Montaillé|72,1117,2024,DVF
Montalba-le-Château,1614,2024,DVF
Montalba-le-Château|66,1614,2024,DVF
Montalet-le-Bois,2825,2024,DVF
Montalet-le-Bois|78,2825,2024,DVF
Montalieu-Vercieu,2087,2024,DVF
Montalieu-Vercieu|38,2087,2024,DVF
Montalzat,1377,2024,DVF
Montalzat|82,1377,2024,DVF
Montamisé,2274,2024,DVF
Montamisé|86,2274,2024,DVF
Montanay,4218,2024,DVF
Montanay|69,4218,2024,DVF
Montans,1886,2024,DVF
Montans|81,1886,2024,DVF
Montardon,2532,2024,DVF
Montardon|64,2532,2024,DVF
Montaren-et-Saint-Médiers,4206,2024,DVF
Montaren-et-Saint-Médiers|30,4206,2024,DVF
Montargis,1554,2024,DVF
Montargis|45,1554,2024,DVF
Montarnaud,3283,2024,DVF
Montarnaud|34,3283,2024,DVF
Montaron,1068,2024,DVF
Montaron|58,1068,2024,DVF
Montastruc-de-Salies,1487,2024,DVF
Montastruc-de-Salies|31,1487,2024,DVF
Montastruc-la-Conseillère,2563,2024,DVF
Montastruc-la-Conseillère|31,2563,2024,DVF
Montataire,2010,2024,DVF
Montataire|60,2010,2024,DVF
Montauban,2159,2024,DVF
Montauban-de-Bretagne,2242,2024,DVF
Montauban-de-Bretagne|35,2242,2024,DVF
Montauban-de-Luchon,2800,2024,DVF
Montauban-de-Luchon|31,2800,2024,DVF
Montauban|82,2159,2024,DVF
Montaudin,1161,2024,DVF
Montaudin|53,1161,2024,DVF
Montaulin,1491,2024,DVF
Montaulin|10,1491,2024,DVF
Montauriol,1124,2024,DVF
Montauriol|47,1124,2024,DVF
Montauroux,4315,2024,DVF
Montauroux|83,4315,2024,DVF
Montaut,1808,2024,DVF
Montaut-les-Créneaux,1842,2024,DVF
Montaut-les-Créneaux|32,1842,2024,DVF
Montaut|47,1887,2024,DVF
Montaut|64,1808,2024,DVF
Montauville,1537,2024,DVF
Montauville|54,1537,2024,DVF
Montayral,1342,2024,DVF
Montayral|47,1342,2024,DVF
Montazels,1778,2024,DVF
Montazels|11,1778,2024,DVF
Montbard,1202,2024,DVF
Montbard|21,1202,2024,DVF
Montbarrois,1294,2024,DVF
Montbarrois|45,1294,2024,DVF
Montbartier,1936,2024,DVF
Montbartier|82,1936,2024,DVF
Montbazens,1548,2024,DVF
Montbazens|12,1548,2024,DVF
Montbazin,2927,2024,DVF
Montbazin|34,2927,2024,DVF
Montbazon,2437,2024,DVF
Montbazon|37,2437,2024,DVF
Montbellet,1659,2024,DVF
Montbellet|71,1659,2024,DVF
Montberon,2643,2024,DVF
Montberon|31,2643,2024,DVF
Montbert,2594,2024,DVF
Montbert|44,2594,2024,DVF
Montbeton,2086,2024,DVF
Montbeton|82,2086,2024,DVF
Montbeugny,1424,2024,DVF
Montbeugny|03,1424,2024,DVF
Montbizot,1392,2024,DVF
Montbizot|72,1392,2024,DVF
Montblanc,2571,2024,DVF
Montblanc|34,2571,2024,DVF
Montbonnot-Saint-Martin,4349,2024,DVF
Montbonnot-Saint-Martin|38,4349,2024,DVF
Montboucher,1151,2024,DVF
Montboucher-sur-Jabron,2786,2024,DVF
Montboucher-sur-Jabron|26,2786,2024,DVF
Montboucher|23,1151,2024,DVF
Montbouy,1357,2024,DVF
Montbouy|45,1357,2024,DVF
Montboyer,1495,2024,DVF
Montboyer|16,1495,2024,DVF
Montbray,1026,2024,DVF
Montbray|50,1026,2024,DVF
Montbrehain,991,2024,DVF
Montbrehain|02,991,2024,DVF
Montbrison,2060,2024,DVF
Montbrison|42,2060,2024,DVF
Montbron,1570,2024,DVF
Montbron|16,1570,2024,DVF
Montbrun-Bocage,2197,2024,DVF
Montbrun-Bocage|31,2197,2024,DVF
Montbrun-Lauragais,3023,2024,DVF
Montbrun-Lauragais|31,3023,2024,DVF
Montbrun-des-Corbières,1502,2024,DVF
Montbrun-des-Corbières|11,1502,2024,DVF
Montbrun-les-Bains,2337,2024,DVF
Montbrun-les-Bains|26,2337,2024,DVF
Montbéliard,1179,2024,DVF
Montbéliard|25,1179,2024,DVF
Montcabrier,2213,2024,DVF
Montcabrier|46,2213,2024,DVF
Montcaret,2392,2024,DVF
Montcaret|24,2392,2024,DVF
Montcavrel,1806,2024,DVF
Montcavrel|62,1806,2024,DVF
Montceau-les-Mines,1089,2024,DVF
Montceau-les-Mines|71,1089,2024,DVF
Montceaux,2082,2024,DVF
Montceaux-lès-Meaux,2686,2024,DVF
Montceaux-lès-Meaux|77,2686,2024,DVF
Montceaux|01,2082,2024,DVF
Montcel,3839,2024,DVF
Montcel|63,1308,2024,DVF
Montcel|73,3839,2024,DVF
Montcenis,1363,2024,DVF
Montcenis|71,1363,2024,DVF
Montcet,2061,2024,DVF
Montcet|01,2061,2024,DVF
Montchal,1131,2024,DVF
Montchal|42,1131,2024,DVF
Montchanin,1534,2024,DVF
Montchanin|71,1534,2024,DVF
Montchenu,1740,2024,DVF
Montchenu|26,1740,2024,DVF
Montchevreuil,2317,2024,DVF
Montchevreuil|60,2317,2024,DVF
Montchevrier,662,2024,DVF
Montchevrier|36,662,2024,DVF
Montclar,2259,2024,DVF
Montclar|04,2259,2024,DVF
Montclar|11,1712,2024,DVF
Montcornet,1009,2024,DVF
Montcornet|02,1009,2024,DVF
Montcresson,1586,2024,DVF
Montcresson|45,1586,2024,DVF
Montcuq-en-Quercy-Blanc,1798,2024,DVF
Montcuq-en-Quercy-Blanc|46,1798,2024,DVF
Montcy-Notre-Dame,1610,2024,DVF
Montcy-Notre-Dame|08,1610,2024,DVF
Montdardier,1372,2024,DVF
Montdardier|30,1372,2024,DVF
Montdidier,1416,2024,DVF
Montdidier|80,1416,2024,DVF
Monteaux,1538,2024,DVF
Monteaux|41,1538,2024,DVF
Montebourg,1909,2024,DVF
Montebourg|50,1909,2024,DVF
Montech,2027,2024,DVF
Montech|82,2027,2024,DVF
Montegrosso,3088,2024,DVF
Montegrosso|2B,3088,2024,DVF
Monteils,2001,2024,DVF
Monteils|82,2001,2024,DVF
Montel-de-Gelat,1247,2024,DVF
Montel-de-Gelat|63,1247,2024,DVF
Montembœuf,1069,2024,DVF
Montembœuf|16,1069,2024,DVF
Montenay,1090,2024,DVF
Montenay|53,1090,2024,DVF
Montendre,1467,2024,DVF
Montendre|17,1467,2024,DVF
Monteneuf,1900,2024,DVF
Monteneuf|56,1900,2024,DVF
Montenois,1814,2024,DVF
Montenois|25,1814,2024,DVF
Montenoy,1775,2024,DVF
Montenoy|54,1775,2024,DVF
Monterblanc,2605,2024,DVF
Monterblanc|56,2605,2024,DVF
Montereau,1578,2024,DVF
Montereau-Fault-Yonne,2106,2024,DVF
Montereau-Fault-Yonne|77,2106,2024,DVF
Montereau|45,1578,2024,DVF
Monterfil,2280,2024,DVF
Monterfil|35,2280,2024,DVF
Montescot,2676,2024,DVF
Montescot|66,2676,2024,DVF
Montescourt-Lizerolles,1364,2024,DVF
Montescourt-Lizerolles|02,1364,2024,DVF
Montesquieu,2037,2024,DVF
Montesquieu-Guittaut,1158,2024,DVF
Montesquieu-Guittaut|31,1158,2024,DVF
Montesquieu-Lauragais,2437,2024,DVF
Montesquieu-Lauragais|31,2437,2024,DVF
Montesquieu-Volvestre,1595,2024,DVF
Montesquieu-Volvestre|31,1595,2024,DVF
Montesquieu-des-Albères,3026,2024,DVF
Montesquieu-des-Albères|66,3026,2024,DVF
Montesquieu|47,2037,2024,DVF
Montesquieu|82,1543,2024,DVF
Montesquiou,1099,2024,DVF
Montesquiou|32,1099,2024,DVF
Montesson,4675,2024,DVF
Montesson|78,4675,2024,DVF
Monteux,2830,2024,DVF
Monteux|84,2830,2024,DVF
Monteynard,2003,2024,DVF
Monteynard|38,2003,2024,DVF
Montfarville,2345,2024,DVF
Montfarville|50,2345,2024,DVF
Montfaucon,2417,2024,DVF
Montfaucon-d'Argonne,954,2024,DVF
Montfaucon-d'Argonne|55,954,2024,DVF
Montfaucon-en-Velay,1515,2024,DVF
Montfaucon-en-Velay|43,1515,2024,DVF
Montfaucon|25,2951,2024,DVF
Montfaucon|30,2417,2024,DVF
Montfermeil,3765,2024,DVF
Montfermeil|93,3765,2024,DVF
Montferrand,1935,2024,DVF
Montferrand-le-Château,2203,2024,DVF
Montferrand-le-Château|25,2203,2024,DVF
Montferrand|11,1935,2024,DVF
Montferrat,2107,2024,DVF
Montferrat|38,2107,2024,DVF
Montferrat|83,1717,2024,DVF
Montferrier,1764,2024,DVF
Montferrier-sur-Lez,4582,2024,DVF
Montferrier-sur-Lez|34,4582,2024,DVF
Montferrier|09,1764,2024,DVF
Montfleur,1247,2024,DVF
Montfleur|39,1247,2024,DVF
Montfort,2239,2024,DVF
Montfort-en-Chalosse,1777,2024,DVF
Montfort-en-Chalosse|40,1777,2024,DVF
Montfort-l'Amaury,4856,2024,DVF
Montfort-l'Amaury|78,4856,2024,DVF
Montfort-le-Gesnois,1579,2024,DVF
Montfort-le-Gesnois|72,1579,2024,DVF
Montfort-sur-Argens,2797,2024,DVF
Montfort-sur-Argens|83,2797,2024,DVF
Montfort-sur-Boulzane,1050,2024,DVF
Montfort-sur-Boulzane|11,1050,2024,DVF
Montfort-sur-Meu,2445,2024,DVF
Montfort-sur-Meu|35,2445,2024,DVF
Montfort-sur-Risle,1156,2024,DVF
Montfort-sur-Risle|27,1156,2024,DVF
Montfort|04,2239,2024,DVF
Montfrin,2260,2024,DVF
Montfrin|30,2260,2024,DVF
Montgailhard,1773,2024,DVF
Montgailhard|09,1773,2024,DVF
Montgaillard,2726,2024,DVF
Montgaillard|65,2726,2024,DVF
Montgeard,1950,2024,DVF
Montgeard|31,1950,2024,DVF
Montgenèvre,4334,2024,DVF
Montgenèvre|05,4334,2024,DVF
Montgermont,3502,2024,DVF
Montgermont|35,3502,2024,DVF
Montgeron,3867,2024,DVF
Montgeron|91,3867,2024,DVF
Montgesoye,1541,2024,DVF
Montgesoye|25,1541,2024,DVF
Montgesty,1931,2024,DVF
Montgesty|46,1931,2024,DVF
Montgibaud,1500,2024,DVF
Montgibaud|19,1500,2024,DVF
Montgiscard,2471,2024,DVF
Montgiscard|31,2471,2024,DVF
Montgivray,1241,2024,DVF
Montgivray|36,1241,2024,DVF
Montgueux,2287,2024,DVF
Montgueux|10,2287,2024,DVF
Montguyon,1602,2024,DVF
Montguyon|17,1602,2024,DVF
Montgé-en-Goële,2968,2024,DVF
Montgé-en-Goële|77,2968,2024,DVF
Monthelon,1819,2024,DVF
Monthelon|51,1819,2024,DVF
Monthermé,1085,2024,DVF
Monthermé|08,1085,2024,DVF
Monthieux,3039,2024,DVF
Monthieux|01,3039,2024,DVF
Monthodon,1497,2024,DVF
Monthodon|37,1497,2024,DVF
Monthoiron,1308,2024,DVF
Monthoiron|86,1308,2024,DVF
Montholon,1524,2024,DVF
Montholon|89,1524,2024,DVF
Monthou-sur-Bièvre,1728,2024,DVF
Monthou-sur-Bièvre|41,1728,2024,DVF
Monthou-sur-Cher,1650,2024,DVF
Monthou-sur-Cher|41,1650,2024,DVF
Monthuchon,1684,2024,DVF
Monthuchon|50,1684,2024,DVF
Monthureux-sur-Saône,882,2024,DVF
Monthureux-sur-Saône|88,882,2024,DVF
Monthyon,2933,2024,DVF
Monthyon|77,2933,2024,DVF
Monticello,5041,2024,DVF
Monticello|2B,5041,2024,DVF
Montierchaume,1527,2024,DVF
Montierchaume|36,1527,2024,DVF
Montignac-Lascaux,1892,2024,DVF
Montignac-Lascaux|24,1892,2024,DVF
Montigny,2927,2024,DVF
Montigny-Lencoup,1899,2024,DVF
Montigny-Lencoup|77,1899,2024,DVF
Montigny-aux-Amognes,1306,2024,DVF
Montigny-aux-Amognes|58,1306,2024,DVF
Montigny-en-Cambrésis,1077,2024,DVF
Montigny-en-Cambrésis|59,1077,2024,DVF
Montigny-en-Gohelle,1430,2024,DVF
Montigny-en-Gohelle|62,1430,2024,DVF
Montigny-en-Ostrevent,1584,2024,DVF
Montigny-en-Ostrevent|59,1584,2024,DVF
Montigny-le-Bretonneux,3971,2024,DVF
Montigny-le-Bretonneux|78,3971,2024,DVF
Montigny-le-Chartif,1664,2024,DVF
Montigny-le-Chartif|28,1664,2024,DVF
Montigny-lès-Cormeilles,3359,2024,DVF
Montigny-lès-Cormeilles|95,3359,2024,DVF
Montigny-lès-Vesoul,1598,2024,DVF
Montigny-lès-Vesoul|70,1598,2024,DVF
Montigny-sur-Chiers,1645,2024,DVF
Montigny-sur-Chiers|54,1645,2024,DVF
Montigny-sur-Loing,2893,2024,DVF
Montigny-sur-Loing|77,2893,2024,DVF
Montigny|18,1104,2024,DVF
Montigny|76,2927,2024,DVF
Montigné-le-Brillant,1834,2024,DVF
Montigné-le-Brillant|53,1834,2024,DVF
Montigné-lès-Rairies,1412,2024,DVF
Montigné-lès-Rairies|49,1412,2024,DVF
Montilliers,1286,2024,DVF
Montilliers|49,1286,2024,DVF
Montilly-sur-Noireau,1341,2024,DVF
Montilly-sur-Noireau|61,1341,2024,DVF
Montils,2019,2024,DVF
Montils|17,2019,2024,DVF
Montipouret,1282,2024,DVF
Montipouret|36,1282,2024,DVF
Montivilliers,2473,2024,DVF
Montivilliers|76,2473,2024,DVF
Montjaux,1107,2024,DVF
Montjaux|12,1107,2024,DVF
Montjavoult,2691,2024,DVF
Montjavoult|60,2691,2024,DVF
Montjean,1340,2024,DVF
Montjean|16,1222,2024,DVF
Montjean|53,1340,2024,DVF
Montjoie-en-Couserans,1335,2024,DVF
Montjoie-en-Couserans|09,1335,2024,DVF
Montjoire,2367,2024,DVF
Montjoire|31,2367,2024,DVF
Montlainsia,726,2024,DVF
Montlainsia|39,726,2024,DVF
Montlandon,795,2024,DVF
Montlandon|28,795,2024,DVF
Montlaur,666,2024,DVF
Montlaur|12,666,2024,DVF
Montlebon,3363,2024,DVF
Montlebon|25,3363,2024,DVF
Montlhéry,3426,2024,DVF
Montlhéry|91,3426,2024,DVF
Montlieu-la-Garde,1095,2024,DVF
Montlieu-la-Garde|17,1095,2024,DVF
Montlignon,3748,2024,DVF
Montlignon|95,3748,2024,DVF
Montlivault,1672,2024,DVF
Montlivault|41,1672,2024,DVF
Montlouis-sur-Loire,2373,2024,DVF
Montlouis-sur-Loire|37,2373,2024,DVF
Montluel,2681,2024,DVF
Montluel|01,2681,2024,DVF
Montluçon,995,2024,DVF
Montluçon|03,995,2024,DVF
Montmachoux,1769,2024,DVF
Montmachoux|77,1769,2024,DVF
Montmacq,2364,2024,DVF
Montmacq|60,2364,2024,DVF
Montmagny,3248,2024,DVF
Montmagny|95,3248,2024,DVF
Montmain,2442,2024,DVF
Montmain|76,2442,2024,DVF
Montmarault,971,2024,DVF
Montmarault|03,971,2024,DVF
Montmartin-sur-Mer,2341,2024,DVF
Montmartin-sur-Mer|50,2341,2024,DVF
Montmaur,1624,2024,DVF
Montmaur|05,1624,2024,DVF
Montmelard,1618,2024,DVF
Montmelard|71,1618,2024,DVF
Montmelas-Saint-Sorlin,3417,2024,DVF
Montmelas-Saint-Sorlin|69,3417,2024,DVF
Montmerle-sur-Saône,2828,2024,DVF
Montmerle-sur-Saône|01,2828,2024,DVF
Montmerrei,1376,2024,DVF
Montmerrei|61,1376,2024,DVF
Montmeyan,2267,2024,DVF
Montmeyan|83,2267,2024,DVF
Montmeyran,2525,2024,DVF
Montmeyran|26,2525,2024,DVF
Montmirail,1498,2024,DVF
Montmirail|51,1498,2024,DVF
Montmoreau,1279,2024,DVF
Montmoreau|16,1279,2024,DVF
Montmorency,4159,2024,DVF
Montmorency|95,4159,2024,DVF
Montmorillon,1218,2024,DVF
Montmorillon|86,1218,2024,DVF
Montmorin,1398,2024,DVF
Montmorin|63,1398,2024,DVF
Montmorot,1754,2024,DVF
Montmorot|39,1754,2024,DVF
Montmort-Lucy,1519,2024,DVF
Montmort-Lucy|51,1519,2024,DVF
Montmédy,1661,2024,DVF
Montmédy|55,1661,2024,DVF
Montmélian,2573,2024,DVF
Montmélian|73,2573,2024,DVF
Montmérac,1215,2024,DVF
Montmérac|16,1215,2024,DVF
Montner,1532,2024,DVF
Montner|66,1532,2024,DVF
Montoir-de-Bretagne,2331,2024,DVF
Montoir-de-Bretagne|44,2331,2024,DVF
Montoire-sur-le-Loir,1632,2024,DVF
Montoire-sur-le-Loir|41,1632,2024,DVF
Montoison,3326,2024,DVF
Montoison|26,3326,2024,DVF
Montoldre,1251,2024,DVF
Montoldre|03,1251,2024,DVF
Montolieu,1713,2024,DVF
Montolieu|11,1713,2024,DVF
Montouliers,1714,2024,DVF
Montouliers|34,1714,2024,DVF
Montoulieu,2308,2024,DVF
Montoulieu|09,2308,2024,DVF
Montournais,1455,2024,DVF
Montournais|85,1455,2024,DVF
Montpellier,3400,2024,DVF
Montpellier-de-Médillan,2167,2024,DVF
Montpellier-de-Médillan|17,2167,2024,DVF
Montpellier|34,3400,2024,DVF
Montpensier,1362,2024,DVF
Montpensier|63,1362,2024,DVF
Montperreux,5296,2024,DVF
Montperreux|25,5296,2024,DVF
Montpeyroux,3445,2024,DVF
Montpeyroux|34,3445,2024,DVF
Montpezat,2398,2024,DVF
Montpezat-de-Quercy,1727,2024,DVF
Montpezat-de-Quercy|82,1727,2024,DVF
Montpezat-sous-Bauzon,2495,2024,DVF
Montpezat-sous-Bauzon|07,2495,2024,DVF
Montpezat|30,2398,2024,DVF
Montpinchon,1500,2024,DVF
Montpinchon|50,1500,2024,DVF
Montpon-Ménestérol,1496,2024,DVF
Montpon-Ménestérol|24,1496,2024,DVF
Montpont-en-Bresse,1601,2024,DVF
Montpont-en-Bresse|71,1601,2024,DVF
Montpouillan,1662,2024,DVF
Montpouillan|47,1662,2024,DVF
Montrabé,3389,2024,DVF
Montrabé|31,3389,2024,DVF
Montracol,2365,2024,DVF
Montracol|01,2365,2024,DVF
Montravers,1299,2024,DVF
Montravers|79,1299,2024,DVF
Montredon-Labessonnié,1602,2024,DVF
Montredon-Labessonnié|81,1602,2024,DVF
Montredon-des-Corbières,1779,2024,DVF
Montredon-des-Corbières|11,1779,2024,DVF
Montrelais,1950,2024,DVF
Montrelais|44,1950,2024,DVF
Montrem,1604,2024,DVF
Montrem|24,1604,2024,DVF
Montret,1662,2024,DVF
Montret|71,1662,2024,DVF
Montreuil,5871,2024,DVF
Montreuil-Bellay,1353,2024,DVF
Montreuil-Bellay|49,1353,2024,DVF
Montreuil-Juigné,2707,2024,DVF
Montreuil-Juigné|49,2707,2024,DVF
Montreuil-Poulay,828,2024,DVF
Montreuil-Poulay|53,828,2024,DVF
Montreuil-aux-Lions,1943,2024,DVF
Montreuil-aux-Lions|02,1943,2024,DVF
Montreuil-en-Caux,1778,2024,DVF
Montreuil-en-Caux|76,1778,2024,DVF
Montreuil-en-Touraine,1666,2024,DVF
Montreuil-en-Touraine|37,1666,2024,DVF
Montreuil-l'Argillé,1742,2024,DVF
Montreuil-l'Argillé|27,1742,2024,DVF
Montreuil-le-Chétif,992,2024,DVF
Montreuil-le-Chétif|72,992,2024,DVF
Montreuil-le-Gast,2360,2024,DVF
Montreuil-le-Gast|35,2360,2024,DVF
Montreuil-le-Henri,783,2024,DVF
Montreuil-le-Henri|72,783,2024,DVF
Montreuil-sous-Pérouse,2025,2024,DVF
Montreuil-sous-Pérouse|35,2025,2024,DVF
Montreuil-sur-Ille,2102,2024,DVF
Montreuil-sur-Ille|35,2102,2024,DVF
Montreuil-sur-Maine,1793,2024,DVF
Montreuil-sur-Maine|49,1793,2024,DVF
Montreuil-sur-Mer,2521,2024,DVF
Montreuil-sur-Mer|62,2521,2024,DVF
Montreuillon,790,2024,DVF
Montreuillon|58,790,2024,DVF
Montreuil|28,2003,2024,DVF
Montreuil|85,1448,2024,DVF
Montreuil|93,5871,2024,DVF
Montreux-Château,2202,2024,DVF
Montreux-Château|90,2202,2024,DVF
Montrevault-sur-Èvre,1610,2024,DVF
Montrevault-sur-Èvre|49,1610,2024,DVF
Montrevel-en-Bresse,2017,2024,DVF
Montrevel-en-Bresse|01,2017,2024,DVF
Montrichard Val de Cher,1734,2024,DVF
Montrichard Val de Cher|41,1734,2024,DVF
Montricher-Albanne,2125,2024,DVF
Montricher-Albanne|73,2125,2024,DVF
Montricoux,1701,2024,DVF
Montricoux|82,1701,2024,DVF
Montrieux-en-Sologne,1535,2024,DVF
Montrieux-en-Sologne|41,1535,2024,DVF
Montriond,5380,2024,DVF
Montriond|74,5380,2024,DVF
Montrodat,1576,2024,DVF
Montrodat|48,1576,2024,DVF
Montrol-Sénard,851,2024,DVF
Montrol-Sénard|87,851,2024,DVF
Montrollet,1692,2024,DVF
Montrollet|16,1692,2024,DVF
Montrond-le-Château,2336,2024,DVF
Montrond-le-Château|25,2336,2024,DVF
Montrond-les-Bains,2286,2024,DVF
Montrond-les-Bains|42,2286,2024,DVF
Montrottier,2344,2024,DVF
Montrottier|69,2344,2024,DVF
Montrouge,7100,2024,DVF
Montrouge|92,7100,2024,DVF
Montrozier,1714,2024,DVF
Montrozier|12,1714,2024,DVF
Montry,3620,2024,DVF
Montry|77,3620,2024,DVF
Montréal,1433,2024,DVF
Montréal-la-Cluse,2032,2024,DVF
Montréal-la-Cluse|01,2032,2024,DVF
Montréal|07,3010,2024,DVF
Montréal|11,1433,2024,DVF
Montréal|32,1701,2024,DVF
Montréjeau,1096,2024,DVF
Montréjeau|31,1096,2024,DVF
Montrésor,1538,2024,DVF
Montrésor|37,1538,2024,DVF
Montréverd,1817,2024,DVF
Montréverd|85,1817,2024,DVF
Monts,2327,2024,DVF
Monts-de-Randon,1510,2024,DVF
Monts-de-Randon|48,1510,2024,DVF
Monts-sur-Guesnes,1278,2024,DVF
Monts-sur-Guesnes|86,1278,2024,DVF
Monts-sur-Orne,1671,2024,DVF
Monts-sur-Orne|61,1671,2024,DVF
Montsalvy,1282,2024,DVF
Montsalvy|15,1282,2024,DVF
Montsauche-les-Settons,1388,2024,DVF
Montsauche-les-Settons|58,1388,2024,DVF
Montsecret-Clairefougère,1078,2024,DVF
Montsecret-Clairefougère|61,1078,2024,DVF
Montsenelle,1252,2024,DVF
Montsenelle|50,1252,2024,DVF
Montsoreau,2195,2024,DVF
Montsoreau|49,2195,2024,DVF
Montsoult,3112,2024,DVF
Montsoult|95,3112,2024,DVF
Montsoué,1297,2024,DVF
Montsoué|40,1297,2024,DVF
Monts|37,2327,2024,DVF
Montségur,967,2024,DVF
Montségur-sur-Lauzon,2949,2024,DVF
Montségur-sur-Lauzon|26,2949,2024,DVF
Montségur|09,967,2024,DVF
Montséret,1893,2024,DVF
Montséret|11,1893,2024,DVF
Montsûrs,1399,2024,DVF
Montsûrs|53,1399,2024,DVF
Montussan,2820,2024,DVF
Montussan|33,2820,2024,DVF
Montval-sur-Loir,1337,2024,DVF
Montval-sur-Loir|72,1337,2024,DVF
Montvalezan,6347,2024,DVF
Montvalezan|73,6347,2024,DVF
Montvendre,2577,2024,DVF
Montvendre|26,2577,2024,DVF
Montvicq,999,2024,DVF
Montvicq|03,999,2024,DVF
Montville,2158,2024,DVF
Montville|76,2158,2024,DVF
Mont|64,1708,2024,DVF
Montécheroux,1251,2024,DVF
Montécheroux|25,1251,2024,DVF
Montégut,2141,2024,DVF
Montégut-Lauragais,1949,2024,DVF
Montégut-Lauragais|31,1949,2024,DVF
Montégut|32,2141,2024,DVF
Montélier,3085,2024,DVF
Montélier|26,3085,2024,DVF
Montélimar,2133,2024,DVF
Montélimar|26,2133,2024,DVF
Montéléger,3134,2024,DVF
Montéléger|26,3134,2024,DVF
Montérolier,1737,2024,DVF
Montérolier|76,1737,2024,DVF
Montévrain,4410,2024,DVF
Montévrain|77,4410,2024,DVF
Monze,1776,2024,DVF
Monze|11,1776,2024,DVF
Monéteau,1735,2024,DVF
Monéteau|89,1735,2024,DVF
Moon-sur-Elle,1466,2024,DVF
Moon-sur-Elle|50,1466,2024,DVF
Moragne,1649,2024,DVF
Moragne|17,1649,2024,DVF
Morainvilliers,3619,2024,DVF
Morainvilliers|78,3619,2024,DVF
Morancez,2360,2024,DVF
Morancez|28,2360,2024,DVF
Morancé,3284,2024,DVF
Morancé|69,3284,2024,DVF
Morangis,3637,2024,DVF
Morangis|91,3637,2024,DVF
Morannes sur Sarthe-Daumeray,1573,2024,DVF
Morannes sur Sarthe-Daumeray|49,1573,2024,DVF
Moras-en-Valloire,1974,2024,DVF
Moras-en-Valloire|26,1974,2024,DVF
Morbecque,1776,2024,DVF
Morbecque|59,1776,2024,DVF
Morbier,3060,2024,DVF
Morbier|39,3060,2024,DVF
Morcenx-la-Nouvelle,2102,2024,DVF
Morcenx-la-Nouvelle|40,2102,2024,DVF
Morchain,1107,2024,DVF
Morchain|80,1107,2024,DVF
Mordelles,2926,2024,DVF
Mordelles|35,2926,2024,DVF
Moreilles,1501,2024,DVF
Moreilles|85,1501,2024,DVF
Morestel,2235,2024,DVF
Morestel|38,2235,2024,DVF
Moret-Loing-et-Orvanne,2773,2024,DVF
Moret-Loing-et-Orvanne|77,2773,2024,DVF
Moreuil,1588,2024,DVF
Moreuil|80,1588,2024,DVF
Morey-Saint-Denis,1968,2024,DVF
Morey-Saint-Denis|21,1968,2024,DVF
Morfontaine,2353,2024,DVF
Morfontaine|54,2353,2024,DVF
Morgny,1828,2024,DVF
Morgny-la-Pommeraye,2252,2024,DVF
Morgny-la-Pommeraye|76,2252,2024,DVF
Morgny|27,1828,2024,DVF
Morienval,2045,2024,DVF
Morienval|60,2045,2024,DVF
Morigny-Champigny,2841,2024,DVF
Morigny-Champigny|91,2841,2024,DVF
Morillon,4268,2024,DVF
Morillon|74,4268,2024,DVF
Moringhem,2033,2024,DVF
Moringhem|62,2033,2024,DVF
Moriville,1151,2024,DVF
Moriville|88,1151,2024,DVF
Morières-lès-Avignon,2963,2024,DVF
Morières-lès-Avignon|84,2963,2024,DVF
Morlac,935,2024,DVF
Morlac|18,935,2024,DVF
Morlaix,1713,2024,DVF
Morlaix|29,1713,2024,DVF
Morlancourt,1642,2024,DVF
Morlancourt|80,1642,2024,DVF
Morlanne,2096,2024,DVF
Morlanne|64,2096,2024,DVF
Morlaàs,2289,2024,DVF
Morlaàs|64,2289,2024,DVF
Mormant,2404,2024,DVF
Mormant|77,2404,2024,DVF
Mormoiron,3188,2024,DVF
Mormoiron|84,3188,2024,DVF
Mornac,1631,2024,DVF
Mornac-sur-Seudre,3055,2024,DVF
Mornac-sur-Seudre|17,3055,2024,DVF
Mornac|16,1631,2024,DVF
Mornant,3893,2024,DVF
Mornant|69,3893,2024,DVF
Mornas,2265,2024,DVF
Mornas|84,2265,2024,DVF
Mornay-sur-Allier,1610,2024,DVF
Mornay-sur-Allier|18,1610,2024,DVF
Moroges,1993,2024,DVF
Moroges|71,1993,2024,DVF
Morogues,997,2024,DVF
Morogues|18,997,2024,DVF
Morosaglia,2075,2024,DVF
Morosaglia|2B,2075,2024,DVF
Morre,2240,2024,DVF
Morre|25,2240,2024,DVF
Morsang-sur-Orge,3408,2024,DVF
Morsang-sur-Orge|91,3408,2024,DVF
Morsang-sur-Seine,2812,2024,DVF
Morsang-sur-Seine|91,2812,2024,DVF
Mortagne-au-Perche,1665,2024,DVF
Mortagne-au-Perche|61,1665,2024,DVF
Mortagne-du-Nord,1316,2024,DVF
Mortagne-du-Nord|59,1316,2024,DVF
Mortagne-sur-Gironde,2287,2024,DVF
Mortagne-sur-Gironde|17,2287,2024,DVF
Mortagne-sur-Sèvre,2161,2024,DVF
Mortagne-sur-Sèvre|85,2161,2024,DVF
Mortain-Bocage,1106,2024,DVF
Mortain-Bocage|50,1106,2024,DVF
Mortcerf,2930,2024,DVF
Mortcerf|77,2930,2024,DVF
Morteau,2829,2024,DVF
Morteaux-Coulibœuf,1617,2024,DVF
Morteaux-Coulibœuf|14,1617,2024,DVF
Morteau|25,2829,2024,DVF
Mortefontaine,2983,2024,DVF
Mortefontaine-en-Thelle,2169,2024,DVF
Mortefontaine-en-Thelle|60,2169,2024,DVF
Mortefontaine|60,2983,2024,DVF
Morthomiers,1491,2024,DVF
Morthomiers|18,1491,2024,DVF
Morton,953,2024,DVF
Morton|86,953,2024,DVF
Mortrée,1157,2024,DVF
Mortrée|61,1157,2024,DVF
Morvillars,1527,2024,DVF
Morvillars|90,1527,2024,DVF
Morville-en-Beauce,1449,2024,DVF
Morville-en-Beauce|45,1449,2024,DVF
Morvillers-Saint-Saturnin,1054,2024,DVF
Morvillers-Saint-Saturnin|80,1054,2024,DVF
Morzine,7639,2024,DVF
Morzine|74,7639,2024,DVF
Moréac,1791,2024,DVF
Moréac|56,1791,2024,DVF
Morée,1351,2024,DVF
Morée|41,1351,2024,DVF
Mosnac,1263,2024,DVF
Mosnac-Saint-Simeux,1438,2024,DVF
Mosnac-Saint-Simeux|16,1438,2024,DVF
Mosnac|17,1263,2024,DVF
Mosnay,952,2024,DVF
Mosnay|36,952,2024,DVF
Mosnes,1866,2024,DVF
Mosnes|37,1866,2024,DVF
Mosset,1565,2024,DVF
Mosset|66,1565,2024,DVF
Motreff,966,2024,DVF
Motreff|29,966,2024,DVF
Motteville,1729,2024,DVF
Motteville|76,1729,2024,DVF
Mottier,1966,2024,DVF
Mottier|38,1966,2024,DVF
Motz,2774,2024,DVF
Motz|73,2774,2024,DVF
Mouans-Sartoux,5098,2024,DVF
Mouans-Sartoux|06,5098,2024,DVF
Mouazé,2371,2024,DVF
Mouazé|35,2371,2024,DVF
Mouchamps,1915,2024,DVF
Mouchamps|85,1915,2024,DVF
Mouchin,2450,2024,DVF
Mouchin|59,2450,2024,DVF
Mouen,2407,2024,DVF
Mouen|14,2407,2024,DVF
Mouettes,2448,2024,DVF
Mouettes|27,2448,2024,DVF
Mougins,6108,2024,DVF
Mougins|06,6108,2024,DVF
Mouguerre,4154,2024,DVF
Mouguerre|64,4154,2024,DVF
Mouhet,1064,2024,DVF
Mouhet|36,1064,2024,DVF
Mouilleron-Saint-Germain,1453,2024,DVF
Mouilleron-Saint-Germain|85,1453,2024,DVF
Mouilleron-le-Captif,2445,2024,DVF
Mouilleron-le-Captif|85,2445,2024,DVF
Moulay,2202,2024,DVF
Moulay|53,2202,2024,DVF
Mouleydier,1881,2024,DVF
Mouleydier|24,1881,2024,DVF
Moulidars,1447,2024,DVF
Moulidars|16,1447,2024,DVF
Mouliets-et-Villemartin,1652,2024,DVF
Mouliets-et-Villemartin|33,1652,2024,DVF
Mouliherne,1575,2024,DVF
Mouliherne|49,1575,2024,DVF
Moulin-Mage,1252,2024,DVF
Moulin-Mage|81,1252,2024,DVF
Moulin-Neuf,1811,2024,DVF
Moulin-Neuf|09,1425,2024,DVF
Moulin-Neuf|24,1811,2024,DVF
Moulineaux,1902,2024,DVF
Moulineaux|76,1902,2024,DVF
Moulines,1069,2024,DVF
Moulines|50,1069,2024,DVF
Moulinet,1479,2024,DVF
Moulinet|06,1479,2024,DVF
Moulins,1392,2024,DVF
Moulins-Engilbert,1061,2024,DVF
Moulins-Engilbert|58,1061,2024,DVF
Moulins-en-Bessin,2167,2024,DVF
Moulins-en-Bessin|14,2167,2024,DVF
Moulins-la-Marche,1043,2024,DVF
Moulins-la-Marche|61,1043,2024,DVF
Moulins-le-Carbonnel,957,2024,DVF
Moulins-le-Carbonnel|72,957,2024,DVF
Moulins-sur-Céphons,677,2024,DVF
Moulins-sur-Céphons|36,677,2024,DVF
Moulins-sur-Orne,1807,2024,DVF
Moulins-sur-Orne|61,1807,2024,DVF
Moulins-sur-Tardoire,1488,2024,DVF
Moulins-sur-Tardoire|16,1488,2024,DVF
Moulins-sur-Yèvre,1430,2024,DVF
Moulins-sur-Yèvre|18,1430,2024,DVF
Moulins|03,1392,2024,DVF
Moulins|35,1616,2024,DVF
Moulis,1758,2024,DVF
Moulis-en-Médoc,2493,2024,DVF
Moulis-en-Médoc|33,2493,2024,DVF
Moulismes,692,2024,DVF
Moulismes|86,692,2024,DVF
Moulis|09,1758,2024,DVF
Moulle,1894,2024,DVF
Moulle|62,1894,2024,DVF
Moulon,3005,2024,DVF
Moulon|33,3005,2024,DVF
Moult-Chicheboville,2196,2024,DVF
Moult-Chicheboville|14,2196,2024,DVF
Moulès-et-Baucels,3382,2024,DVF
Moulès-et-Baucels|34,3382,2024,DVF
Moulézan,2144,2024,DVF
Moulézan|30,2144,2024,DVF
Moumour,1515,2024,DVF
Moumour|64,1515,2024,DVF
Mourenx,1295,2024,DVF
Mourenx|64,1295,2024,DVF
Moureuille,840,2024,DVF
Moureuille|63,840,2024,DVF
Mourioux-Vieilleville,894,2024,DVF
Mourioux-Vieilleville|23,894,2024,DVF
Mouriès,3959,2024,DVF
Mouriès|13,3959,2024,DVF
Mourmelon-le-Grand,1640,2024,DVF
Mourmelon-le-Grand|51,1640,2024,DVF
Mourmelon-le-Petit,2291,2024,DVF
Mourmelon-le-Petit|51,2291,2024,DVF
Mouron,801,2024,DVF
Mouron|08,801,2024,DVF
Mouroux,2624,2024,DVF
Mouroux|77,2624,2024,DVF
Mours,2627,2024,DVF
Mours-Saint-Eusèbe,2636,2024,DVF
Mours-Saint-Eusèbe|26,2636,2024,DVF
Mours|95,2627,2024,DVF
Moussac,2139,2024,DVF
Moussac|30,2139,2024,DVF
Moussac|86,1234,2024,DVF
Moussan,2364,2024,DVF
Moussan|11,2364,2024,DVF
Mousseaux-Neuville,2148,2024,DVF
Mousseaux-Neuville|27,2148,2024,DVF
Mousseaux-lès-Bray,1968,2024,DVF
Mousseaux-lès-Bray|77,1968,2024,DVF
Mousseaux-sur-Seine,2220,2024,DVF
Mousseaux-sur-Seine|78,2220,2024,DVF
Moussey,2086,2024,DVF
Moussey|10,2086,2024,DVF
Moussey|88,872,2024,DVF
Moussoulens,1614,2024,DVF
Moussoulens|11,1614,2024,DVF
Moussy,1006,2024,DVF
Moussy-le-Neuf,2932,2024,DVF
Moussy-le-Neuf|77,2932,2024,DVF
Moussy-le-Vieux,2981,2024,DVF
Moussy-le-Vieux|77,2981,2024,DVF
Moussy|51,2107,2024,DVF
Moussy|58,1006,2024,DVF
Moustey,1978,2024,DVF
Moustey|40,1978,2024,DVF
Moustier-Ventadour,1494,2024,DVF
Moustier-Ventadour|19,1494,2024,DVF
Moustiers-Sainte-Marie,2867,2024,DVF
Moustiers-Sainte-Marie|04,2867,2024,DVF
Moustoir-Ac,1917,2024,DVF
Moustoir-Ac|56,1917,2024,DVF
Moustéru,958,2024,DVF
Moustéru|22,958,2024,DVF
Mouthe,2675,2024,DVF
Mouthe|25,2675,2024,DVF
Mouthier-en-Bresse,1356,2024,DVF
Mouthier-en-Bresse|71,1356,2024,DVF
Mouthiers-sur-Boëme,1699,2024,DVF
Mouthiers-sur-Boëme|16,1699,2024,DVF
Moutier-Malcard,894,2024,DVF
Moutier-Malcard|23,894,2024,DVF
Moutier-d'Ahun,928,2024,DVF
Moutier-d'Ahun|23,928,2024,DVF
Moutiers,1663,2024,DVF
Moutiers-en-Puisaye,817,2024,DVF
Moutiers-en-Puisaye|89,817,2024,DVF
Moutiers-les-Mauxfaits,2299,2024,DVF
Moutiers-les-Mauxfaits|85,2299,2024,DVF
Moutiers-sur-le-Lay,1364,2024,DVF
Moutiers-sur-le-Lay|85,1364,2024,DVF
Moutiers|54,1663,2024,DVF
Mouvaux,3580,2024,DVF
Mouvaux|59,3580,2024,DVF
Moux,1589,2024,DVF
Moux-en-Morvan,1230,2024,DVF
Moux-en-Morvan|58,1230,2024,DVF
Mouxy,5094,2024,DVF
Mouxy|73,5094,2024,DVF
Moux|11,1589,2024,DVF
Mouy,2147,2024,DVF
Mouy|60,2147,2024,DVF
Mouzay,940,2024,DVF
Mouzay|37,1685,2024,DVF
Mouzay|55,940,2024,DVF
Mouzeil,1973,2024,DVF
Mouzeil|44,1973,2024,DVF
Mouzeuil-Saint-Martin,1642,2024,DVF
Mouzeuil-Saint-Martin|85,1642,2024,DVF
Mouzillon,2664,2024,DVF
Mouzillon|44,2664,2024,DVF
Mouzon,1199,2024,DVF
Mouzon|08,1199,2024,DVF
Moyaux,2616,2024,DVF
Moyaux|14,2616,2024,DVF
Moyen,1012,2024,DVF
Moyencourt,1128,2024,DVF
Moyencourt|80,1128,2024,DVF
Moyenmoutier,1303,2024,DVF
Moyenmoutier|88,1303,2024,DVF
Moyenneville,2441,2024,DVF
Moyenneville|60,2441,2024,DVF
Moyenneville|80,1615,2024,DVF
Moyen|54,1012,2024,DVF
Moyon Villages,1440,2024,DVF
Moyon Villages|50,1440,2024,DVF
Moyrazès,1641,2024,DVF
Moyrazès|12,1641,2024,DVF
Moyvillers,2710,2024,DVF
Moyvillers|60,2710,2024,DVF
Mozac,2372,2024,DVF
Mozac|63,2372,2024,DVF
Mozé-sur-Louet,2089,2024,DVF
Mozé-sur-Louet|49,2089,2024,DVF
Moëlan-sur-Mer,3237,2024,DVF
Moëlan-sur-Mer|29,3237,2024,DVF
Moëze,1845,2024,DVF
Moëze|17,1845,2024,DVF
Moûtiers,2191,2024,DVF
Moûtiers|73,2191,2024,DVF
Moÿ-de-l'Aisne,1045,2024,DVF
Moÿ-de-l'Aisne|02,1045,2024,DVF
Mudaison,3975,2024,DVF
Mudaison|34,3975,2024,DVF
Muel,1561,2024,DVF
Muel|35,1561,2024,DVF
Mugron,1688,2024,DVF
Mugron|40,1688,2024,DVF
Muides-sur-Loire,1076,2024,DVF
Muides-sur-Loire|41,1076,2024,DVF
Muids,2056,2024,DVF
Muids|27,2056,2024,DVF
Muille-Villette,1006,2024,DVF
Muille-Villette|80,1006,2024,DVF
Muirancourt,1533,2024,DVF
Muirancourt|60,1533,2024,DVF
Muizon,2143,2024,DVF
Muizon|51,2143,2024,DVF
Mulsanne,1892,2024,DVF
Mulsanne|72,1892,2024,DVF
Mulsans,1851,2024,DVF
Mulsans|41,1851,2024,DVF
Muneville-le-Bingard,1259,2024,DVF
Muneville-le-Bingard|50,1259,2024,DVF
Mur-de-Barrez,964,2024,DVF
Mur-de-Barrez|12,964,2024,DVF
Mur-de-Sologne,1675,2024,DVF
Mur-de-Sologne|41,1675,2024,DVF
Mur-sur-Allier,1908,2024,DVF
Mur-sur-Allier|63,1908,2024,DVF
Murat,1623,2024,DVF
Murat-le-Quaire,1803,2024,DVF
Murat-le-Quaire|63,1803,2024,DVF
Murat-sur-Vèbre,1279,2024,DVF
Murat-sur-Vèbre|81,1279,2024,DVF
Murat|15,1623,2024,DVF
Muret,2278,2024,DVF
Muret-le-Château,2115,2024,DVF
Muret-le-Château|12,2115,2024,DVF
Muret|31,2278,2024,DVF
Murianette,3870,2024,DVF
Murianette|38,3870,2024,DVF
Murol,1697,2024,DVF
Murol|63,1697,2024,DVF
Muron,1839,2024,DVF
Muron|17,1839,2024,DVF
Murs,4800,2024,DVF
Murs|84,4800,2024,DVF
Murviel-lès-Béziers,2066,2024,DVF
Murviel-lès-Béziers|34,2066,2024,DVF
Murviel-lès-Montpellier,3247,2024,DVF
Murviel-lès-Montpellier|34,3247,2024,DVF
Mus,3178,2024,DVF
Mussidan,1338,2024,DVF
Mussidan|24,1338,2024,DVF
Mussy-sur-Seine,790,2024,DVF
Mussy-sur-Seine|10,790,2024,DVF
Mus|30,3178,2024,DVF
Mutrécy,2349,2024,DVF
Mutrécy|14,2349,2024,DVF
Muzillac,2785,2024,DVF
Muzillac|56,2785,2024,DVF
Muzy,1840,2024,DVF
Muzy|27,1840,2024,DVF
Myans,4135,2024,DVF
Myans|73,4135,2024,DVF
Myennes,1138,2024,DVF
Myennes|58,1138,2024,DVF
Mâcon,1820,2024,DVF
Mâcon|71,1820,2024,DVF
Mâlain,2166,2024,DVF
Mâlain|21,2166,2024,DVF
Mèze,3577,2024,DVF
Mèze|34,3577,2024,DVF
Méailles,1983,2024,DVF
Méailles|04,1983,2024,DVF
Méasnes,891,2024,DVF
Méasnes|23,891,2024,DVF
Méaulte,1688,2024,DVF
Méaulte|80,1688,2024,DVF
Méautis,1610,2024,DVF
Méautis|50,1610,2024,DVF
Médan,5970,2024,DVF
Médan|78,5970,2024,DVF
Médis,3041,2024,DVF
Médis|17,3041,2024,DVF
Médréac,1768,2024,DVF
Médréac|35,1768,2024,DVF
Mées,2958,2024,DVF
Mées|40,2958,2024,DVF
Mégevette,3586,2024,DVF
Mégevette|74,3586,2024,DVF
Mégrit,1438,2024,DVF
Mégrit|22,1438,2024,DVF
Méharicourt,1276,2024,DVF
Méharicourt|80,1276,2024,DVF
Méhers,1279,2024,DVF
Méhers|41,1279,2024,DVF
Méjannes-le-Clap,2626,2024,DVF
Méjannes-le-Clap|30,2626,2024,DVF
Méjannes-lès-Alès,2152,2024,DVF
Méjannes-lès-Alès|30,2152,2024,DVF
Mélamare,2132,2024,DVF
Mélamare|76,2132,2024,DVF
Mélisey,1784,2024,DVF
Mélisey|70,1784,2024,DVF
Ménerbes,5595,2024,DVF
Ménerbes|84,5595,2024,DVF
Ménesplet,1298,2024,DVF
Ménesplet|24,1298,2024,DVF
Ménestreau-en-Villette,2085,2024,DVF
Ménestreau-en-Villette|45,2085,2024,DVF
Ménetreuil,1237,2024,DVF
Ménetreuil|71,1237,2024,DVF
Ménigoute,1012,2024,DVF
Ménigoute|79,1012,2024,DVF
Ménil,1641,2024,DVF
Ménil-Hermei,1010,2024,DVF
Ménil-Hermei|61,1010,2024,DVF
Ménil-Hubert-sur-Orne,1206,2024,DVF
Ménil-Hubert-sur-Orne|61,1206,2024,DVF
Ménil-sur-Belvitte,1197,2024,DVF
Ménil-sur-Belvitte|88,1197,2024,DVF
Ménilles,2441,2024,DVF
Ménilles|27,2441,2024,DVF
Ménil|53,1641,2024,DVF
Ménéac,1291,2024,DVF
Ménéac|56,1291,2024,DVF
Ménétreux-le-Pitois,1464,2024,DVF
Ménétreux-le-Pitois|21,1464,2024,DVF
Ménétrol,2115,2024,DVF
Ménétrol|63,2115,2024,DVF
Méobecq,1280,2024,DVF
Méobecq|36,1280,2024,DVF
Méolans-Revel,1860,2024,DVF
Méolans-Revel|04,1860,2024,DVF
Méounes-lès-Montrieux,3033,2024,DVF
Méounes-lès-Montrieux|83,3033,2024,DVF
Méral,1342,2024,DVF
Méral|53,1342,2024,DVF
Méreau,1224,2024,DVF
Méreau|18,1224,2024,DVF
Méricourt,1610,2024,DVF
Méricourt-l'Abbé,1502,2024,DVF
Méricourt-l'Abbé|80,1502,2024,DVF
Méricourt|62,1610,2024,DVF
Mériel,3754,2024,DVF
Mériel|95,3754,2024,DVF
Mérignac,3695,2024,DVF
Mérignac|16,1758,2024,DVF
Mérignac|33,3695,2024,DVF
Mérignies,3610,2024,DVF
Mérignies|59,3610,2024,DVF
Mérigny,979,2024,DVF
Mérigny|36,979,2024,DVF
Mérillac,667,2024,DVF
Mérillac|22,667,2024,DVF
Mérinchal,1544,2024,DVF
Mérinchal|23,1544,2024,DVF
Mérindol,3504,2024,DVF
Mérindol|84,3504,2024,DVF
Méru,2446,2024,DVF
Méru|60,2446,2024,DVF
Méry,4312,2024,DVF
Méry-Bissières-en-Auge,2079,2024,DVF
Méry-Bissières-en-Auge|14,2079,2024,DVF
Méry-sur-Cher,1375,2024,DVF
Méry-sur-Cher|18,1375,2024,DVF
Méry-sur-Marne,2652,2024,DVF
Méry-sur-Marne|77,2652,2024,DVF
Méry-sur-Oise,3444,2024,DVF
Méry-sur-Oise|95,3444,2024,DVF
Méry-sur-Seine,1497,2024,DVF
Méry-sur-Seine|10,1497,2024,DVF
Méry-ès-Bois,1228,2024,DVF
Méry-ès-Bois|18,1228,2024,DVF
Méry|73,4312,2024,DVF
Méré,4053,2024,DVF
Méréville,2410,2024,DVF
Méréville|54,2410,2024,DVF
Méré|78,4053,2024,DVF
Mésanger,2452,2024,DVF
Mésanger|44,2452,2024,DVF
Mésigny,4369,2024,DVF
Mésigny|74,4369,2024,DVF
Métabief,3821,2024,DVF
Métabief|25,3821,2024,DVF
Méteren,2142,2024,DVF
Méteren|59,2142,2024,DVF
Méthamis,3302,2024,DVF
Méthamis|84,3302,2024,DVF
Mézangers,1204,2024,DVF
Mézangers|53,1204,2024,DVF
Mézel,2023,2024,DVF
Mézel|04,2023,2024,DVF
Mézeray,1421,2024,DVF
Mézeray|72,1421,2024,DVF
Mézidon Vallée d'Auge,1985,2024,DVF
Mézidon Vallée d'Auge|14,1985,2024,DVF
Mézilles,1332,2024,DVF
Mézilles|89,1332,2024,DVF
Mézin,1078,2024,DVF
Mézin|47,1078,2024,DVF
Méziré,1711,2024,DVF
Méziré|90,1711,2024,DVF
Mézières-en-Brenne,1154,2024,DVF
Mézières-en-Brenne|36,1154,2024,DVF
Mézières-en-Drouais,2045,2024,DVF
Mézières-en-Drouais|28,2045,2024,DVF
Mézières-en-Gâtinais,1118,2024,DVF
Mézières-en-Gâtinais|45,1118,2024,DVF
Mézières-en-Vexin,1987,2024,DVF
Mézières-en-Vexin|27,1987,2024,DVF
Mézières-lez-Cléry,2319,2024,DVF
Mézières-lez-Cléry|45,2319,2024,DVF
Mézières-sous-Lavardin,954,2024,DVF
Mézières-sous-Lavardin|72,954,2024,DVF
Mézières-sur-Couesnon,2139,2024,DVF
Mézières-sur-Couesnon|35,2139,2024,DVF
Mézières-sur-Oise,1209,2024,DVF
Mézières-sur-Oise|02,1209,2024,DVF
Mézières-sur-Ponthouin,1130,2024,DVF
Mézières-sur-Ponthouin|72,1130,2024,DVF
Mézières-sur-Seine,4119,2024,DVF
Mézières-sur-Seine|78,4119,2024,DVF
Mézos,3278,2024,DVF
Mézos|40,3278,2024,DVF
Mézy-Moulins,1811,2024,DVF
Mézy-Moulins|02,1811,2024,DVF
Mézy-sur-Seine,3185,2024,DVF
Mézy-sur-Seine|78,3185,2024,DVF
Mézériat,1904,2024,DVF
Mézériat|01,1904,2024,DVF
Mûres,4567,2024,DVF
Mûres|74,4567,2024,DVF
Mûrs-Erigné,2597,2024,DVF
Mûrs-Erigné|49,2597,2024,DVF
Nadaillac,1338,2024,DVF
Nadaillac|24,1338,2024,DVF
Nages,1771,2024,DVF
Nages-et-Solorgues,3212,2024,DVF
Nages-et-Solorgues|30,3212,2024,DVF
Nages|81,1771,2024,DVF
Nahuja,3839,2024,DVF
Nahuja|66,3839,2024,DVF
Naillat,1011,2024,DVF
Naillat|23,1011,2024,DVF
Nailloux,1976,2024,DVF
Nailloux|31,1976,2024,DVF
Nailly,1620,2024,DVF
Nailly|89,1620,2024,DVF
Naintré,1607,2024,DVF
Naintré|86,1607,2024,DVF
Naisey-les-Granges,1976,2024,DVF
Naisey-les-Granges|25,1976,2024,DVF
Najac,1295,2024,DVF
Najac|12,1295,2024,DVF
Nalliers,1574,2024,DVF
Nalliers|85,1574,2024,DVF
Namps-Maisnil,1677,2024,DVF
Namps-Maisnil|80,1677,2024,DVF
Nancras,2209,2024,DVF
Nancras|17,2209,2024,DVF
Nancray,2797,2024,DVF
Nancray-sur-Rimarde,1292,2024,DVF
Nancray-sur-Rimarde|45,1292,2024,DVF
Nancray|25,2797,2024,DVF
Nancy,2397,2024,DVF
Nancy-sur-Cluses,2879,2024,DVF
Nancy-sur-Cluses|74,2879,2024,DVF
Nancy|54,2397,2024,DVF
Nandax,2766,2024,DVF
Nandax|42,2766,2024,DVF
Nandy,2993,2024,DVF
Nandy|77,2993,2024,DVF
Nangis,2340,2024,DVF
Nangis|77,2340,2024,DVF
Nangy,3821,2024,DVF
Nangy|74,3821,2024,DVF
Nans-les-Pins,3891,2024,DVF
Nans-les-Pins|83,3891,2024,DVF
Nant,1925,2024,DVF
Nanteau-sur-Lunain,2074,2024,DVF
Nanteau-sur-Lunain|77,2074,2024,DVF
Nanterre,5412,2024,DVF
Nanterre|92,5412,2024,DVF
Nantes,3709,2024,DVF
Nantes|44,3709,2024,DVF
Nanteuil,1396,2024,DVF
Nanteuil-en-Vallée,1205,2024,DVF
Nanteuil-en-Vallée|16,1205,2024,DVF
Nanteuil-le-Haudouin,2749,2024,DVF
Nanteuil-le-Haudouin|60,2749,2024,DVF
Nanteuil-lès-Meaux,2882,2024,DVF
Nanteuil-lès-Meaux|77,2882,2024,DVF
Nanteuil-sur-Marne,1799,2024,DVF
Nanteuil-sur-Marne|77,1799,2024,DVF
Nanteuil|79,1396,2024,DVF
Nantheuil,1326,2024,DVF
Nantheuil|24,1326,2024,DVF
Nantiat,1300,2024,DVF
Nantiat|87,1300,2024,DVF
Nantilly,1174,2024,DVF
Nantilly|70,1174,2024,DVF
Nanton,1769,2024,DVF
Nanton|71,1769,2024,DVF
Nantua,1234,2024,DVF
Nantua|01,1234,2024,DVF
Nant|12,1925,2024,DVF
Nançay,1356,2024,DVF
Nançay|18,1356,2024,DVF
Naours,1612,2024,DVF
Naours|80,1612,2024,DVF
Narbonne,2513,2024,DVF
Narbonne|11,2513,2024,DVF
Narcastet,2776,2024,DVF
Narcastet|64,2776,2024,DVF
Narcy,1402,2024,DVF
Narcy|58,1402,2024,DVF
Nargis,1925,2024,DVF
Nargis|45,1925,2024,DVF
Narrosse,2819,2024,DVF
Narrosse|40,2819,2024,DVF
Nasbinals,1755,2024,DVF
Nasbinals|48,1755,2024,DVF
Nassandres sur Risle,1631,2024,DVF
Nassandres sur Risle|27,1631,2024,DVF
Naucelle,1743,2024,DVF
Naucelles,1724,2024,DVF
Naucelles|15,1724,2024,DVF
Naucelle|12,1743,2024,DVF
Naujac-sur-Mer,2660,2024,DVF
Naujac-sur-Mer|33,2660,2024,DVF
Nauroy,1352,2024,DVF
Nauroy|02,1352,2024,DVF
Nauviale,1934,2024,DVF
Nauviale|12,1934,2024,DVF
Navailles-Angos,2446,2024,DVF
Navailles-Angos|64,2446,2024,DVF
Navarrenx,1324,2024,DVF
Navarrenx|64,1324,2024,DVF
Naveil,1744,2024,DVF
Naveil|41,1744,2024,DVF
Navenne,1487,2024,DVF
Navenne|70,1487,2024,DVF
Naves,1321,2024,DVF
Naves|19,1321,2024,DVF
Naves|59,1437,2024,DVF
Navilly,1029,2024,DVF
Navilly|71,1029,2024,DVF
Navour-sur-Grosne,2242,2024,DVF
Navour-sur-Grosne|71,2242,2024,DVF
Navès,1860,2024,DVF
Navès|81,1860,2024,DVF
Nay,2046,2024,DVF
Nayemont-les-Fosses,2086,2024,DVF
Nayemont-les-Fosses|88,2086,2024,DVF
Nay|64,2046,2024,DVF
Nazelles-Négron,1986,2024,DVF
Nazelles-Négron|37,1986,2024,DVF
Neau,1065,2024,DVF
Neaufles-Auvergny,1490,2024,DVF
Neaufles-Auvergny|27,1490,2024,DVF
Neaufles-Saint-Martin,2505,2024,DVF
Neaufles-Saint-Martin|27,2505,2024,DVF
Neauphle-le-Château,3749,2024,DVF
Neauphle-le-Château|78,3749,2024,DVF
Neauphle-le-Vieux,3199,2024,DVF
Neauphle-le-Vieux|78,3199,2024,DVF
Neauphlette,2152,2024,DVF
Neauphlette|78,2152,2024,DVF
Neaux,1566,2024,DVF
Neaux|42,1566,2024,DVF
Neau|53,1065,2024,DVF
Nedde,1147,2024,DVF
Nedde|87,1147,2024,DVF
Neffes,3216,2024,DVF
Neffes|05,3216,2024,DVF
Neffiès,2584,2024,DVF
Neffiès|34,2584,2024,DVF
Nemours,2241,2024,DVF
Nemours|77,2241,2024,DVF
Nerbis,2225,2024,DVF
Nerbis|40,2225,2024,DVF
Nercillac,1592,2024,DVF
Nercillac|16,1592,2024,DVF
Nernier,5396,2024,DVF
Nernier|74,5396,2024,DVF
Ners,1526,2024,DVF
Nersac,1633,2024,DVF
Nersac|16,1633,2024,DVF
Ners|30,1526,2024,DVF
Nervieux,1781,2024,DVF
Nervieux|42,1781,2024,DVF
Nerville-la-Forêt,3173,2024,DVF
Nerville-la-Forêt|95,3173,2024,DVF
Neschers,2057,2024,DVF
Neschers|63,2057,2024,DVF
Nesle,1194,2024,DVF
Nesle-Hodeng,1267,2024,DVF
Nesle-Hodeng|76,1267,2024,DVF
Nesle-Normandeuse,1135,2024,DVF
Nesle-Normandeuse|76,1135,2024,DVF
Nesles,1926,2024,DVF
Nesles-la-Montagne,1574,2024,DVF
Nesles-la-Montagne|02,1574,2024,DVF
Nesles-la-Vallée,4199,2024,DVF
Nesles-la-Vallée|95,4199,2024,DVF
Nesles|62,1926,2024,DVF
Nesle|80,1194,2024,DVF
Nesmy,2159,2024,DVF
Nesmy|85,2159,2024,DVF
Neublans-Abergement,1455,2024,DVF
Neublans-Abergement|39,1455,2024,DVF
Neuf-Berquin,2164,2024,DVF
Neuf-Berquin|59,2164,2024,DVF
Neuf-Mesnil,1146,2024,DVF
Neuf-Mesnil|59,1146,2024,DVF
Neuf-Église,1096,2024,DVF
Neuf-Église|63,1096,2024,DVF
Neufchelles,2133,2024,DVF
Neufchelles|60,2133,2024,DVF
Neufchâteau,1144,2024,DVF
Neufchâteau|88,1144,2024,DVF
Neufchâtel-Hardelot,5150,2024,DVF
Neufchâtel-Hardelot|62,5150,2024,DVF
Neufchâtel-en-Bray,1821,2024,DVF
Neufchâtel-en-Bray|76,1821,2024,DVF
Neufchâtel-en-Saosnois,1106,2024,DVF
Neufchâtel-en-Saosnois|72,1106,2024,DVF
Neufchâtel-sur-Aisne,1533,2024,DVF
Neufchâtel-sur-Aisne|02,1533,2024,DVF
Neuflize,2114,2024,DVF
Neuflize|08,2114,2024,DVF
Neufmanil,1200,2024,DVF
Neufmanil|08,1200,2024,DVF
Neufmoutiers-en-Brie,3154,2024,DVF
Neufmoutiers-en-Brie|77,3154,2024,DVF
Neuillay-les-Bois,1165,2024,DVF
Neuillay-les-Bois|36,1165,2024,DVF
Neuilly-Crimolois,2652,2024,DVF
Neuilly-Crimolois|21,2652,2024,DVF
Neuilly-Plaisance,4162,2024,DVF
Neuilly-Plaisance|93,4162,2024,DVF
Neuilly-Saint-Front,1452,2024,DVF
Neuilly-Saint-Front|02,1452,2024,DVF
Neuilly-en-Dun,879,2024,DVF
Neuilly-en-Dun|18,879,2024,DVF
Neuilly-en-Thelle,2782,2024,DVF
Neuilly-en-Thelle|60,2782,2024,DVF
Neuilly-l'Hôpital,1856,2024,DVF
Neuilly-l'Hôpital|80,1856,2024,DVF
Neuilly-l'Évêque,1069,2024,DVF
Neuilly-l'Évêque|52,1069,2024,DVF
Neuilly-le-Réal,1307,2024,DVF
Neuilly-le-Réal|03,1307,2024,DVF
Neuilly-le-Vendin,938,2024,DVF
Neuilly-le-Vendin|53,938,2024,DVF
Neuilly-sous-Clermont,2201,2024,DVF
Neuilly-sous-Clermont|60,2201,2024,DVF
Neuilly-sur-Marne,3418,2024,DVF
Neuilly-sur-Marne|93,3418,2024,DVF
Neuilly-sur-Seine,10339,2024,DVF
Neuilly-sur-Seine|92,10339,2024,DVF
Neuillé,1955,2024,DVF
Neuillé-Pont-Pierre,1878,2024,DVF
Neuillé-Pont-Pierre|37,1878,2024,DVF
Neuillé-le-Lierre,2025,2024,DVF
Neuillé-le-Lierre|37,2025,2024,DVF
Neuillé|49,1955,2024,DVF
Neulise,1212,2024,DVF
Neulise|42,1212,2024,DVF
Neulliac,1682,2024,DVF
Neulliac|56,1682,2024,DVF
Neung-sur-Beuvron,2006,2024,DVF
Neung-sur-Beuvron|41,2006,2024,DVF
Neussargues-Moissac,1231,2024,DVF
Neussargues-Moissac|15,1231,2024,DVF
Neuve-Chapelle,2409,2024,DVF
Neuve-Chapelle|62,2409,2024,DVF
Neuve-Maison,891,2024,DVF
Neuve-Maison|02,891,2024,DVF
Neuvecelle,4527,2024,DVF
Neuvecelle|74,4527,2024,DVF
Neuves-Maisons,1737,2024,DVF
Neuves-Maisons|54,1737,2024,DVF
Neuvic,1535,2024,DVF
Neuvic-Entier,1076,2024,DVF
Neuvic-Entier|87,1076,2024,DVF
Neuvicq,1437,2024,DVF
Neuvicq|17,1437,2024,DVF
Neuvic|19,1172,2024,DVF
Neuvic|24,1535,2024,DVF
Neuvillalais,1361,2024,DVF
Neuvillalais|72,1361,2024,DVF
Neuville Saint Denis,1642,2024,DVF
Neuville Saint Denis|28,1642,2024,DVF
Neuville-Bosc,3204,2024,DVF
Neuville-Bosc|60,3204,2024,DVF
Neuville-Coppegueule,1367,2024,DVF
Neuville-Coppegueule|80,1367,2024,DVF
Neuville-Saint-Amand,1671,2024,DVF
Neuville-Saint-Amand|02,1671,2024,DVF
Neuville-Saint-Rémy,1386,2024,DVF
Neuville-Saint-Rémy|59,1386,2024,DVF
Neuville-Saint-Vaast,3179,2024,DVF
Neuville-Saint-Vaast|62,3179,2024,DVF
Neuville-aux-Bois,1773,2024,DVF
Neuville-aux-Bois|45,1773,2024,DVF
Neuville-de-Poitou,1879,2024,DVF
Neuville-de-Poitou|86,1879,2024,DVF
Neuville-en-Ferrain,2471,2024,DVF
Neuville-en-Ferrain|59,2471,2024,DVF
Neuville-les-Dames,2118,2024,DVF
Neuville-les-Dames|01,2118,2024,DVF
Neuville-lez-Beaulieu,1035,2024,DVF
Neuville-lez-Beaulieu|08,1035,2024,DVF
Neuville-sous-Montreuil,3339,2024,DVF
Neuville-sous-Montreuil|62,3339,2024,DVF
Neuville-sur-Ain,2102,2024,DVF
Neuville-sur-Ain|01,2102,2024,DVF
Neuville-sur-Brenne,1977,2024,DVF
Neuville-sur-Brenne|37,1977,2024,DVF
Neuville-sur-Escaut,1389,2024,DVF
Neuville-sur-Escaut|59,1389,2024,DVF
Neuville-sur-Oise,4030,2024,DVF
Neuville-sur-Oise|95,4030,2024,DVF
Neuville-sur-Sarthe,1802,2024,DVF
Neuville-sur-Sarthe|72,1802,2024,DVF
Neuville-sur-Saône,3405,2024,DVF
Neuville-sur-Saône|69,3405,2024,DVF
Neuville-sur-Vanne,1571,2024,DVF
Neuville-sur-Vanne|10,1571,2024,DVF
Neuvillette,1647,2024,DVF
Neuvillette|80,1647,2024,DVF
Neuvilly,1219,2024,DVF
Neuvilly|59,1219,2024,DVF
Neuvy,1457,2024,DVF
Neuvy-Grandchamp,1265,2024,DVF
Neuvy-Grandchamp|71,1265,2024,DVF
Neuvy-Pailloux,1228,2024,DVF
Neuvy-Pailloux|36,1228,2024,DVF
Neuvy-Saint-Sépulchre,993,2024,DVF
Neuvy-Saint-Sépulchre|36,993,2024,DVF
Neuvy-Sautour,1039,2024,DVF
Neuvy-Sautour|89,1039,2024,DVF
Neuvy-en-Dunois,1181,2024,DVF
Neuvy-en-Dunois|28,1181,2024,DVF
Neuvy-en-Sullias,1933,2024,DVF
Neuvy-en-Sullias|45,1933,2024,DVF
Neuvy-le-Roi,1879,2024,DVF
Neuvy-le-Roi|37,1879,2024,DVF
Neuvy-sur-Barangeon,1715,2024,DVF
Neuvy-sur-Barangeon|18,1715,2024,DVF
Neuvy-sur-Loire,952,2024,DVF
Neuvy-sur-Loire|58,952,2024,DVF
Neuvy|03,1457,2024,DVF
Neuvy|41,3468,2024,DVF
Neuvéglise-sur-Truyère,1037,2024,DVF
Neuvéglise-sur-Truyère|15,1037,2024,DVF
Nevers,1233,2024,DVF
Nevers|58,1233,2024,DVF
Nevoy,1625,2024,DVF
Nevoy|45,1625,2024,DVF
Nexon,1495,2024,DVF
Nexon|87,1495,2024,DVF
Ney,1998,2024,DVF
Neydens,4870,2024,DVF
Neydens|74,4870,2024,DVF
Neyron,4093,2024,DVF
Neyron|01,4093,2024,DVF
Ney|39,1998,2024,DVF
Nibelle,1640,2024,DVF
Nibelle|45,1640,2024,DVF
Nice,5116,2024,DVF
Nice|06,5116,2024,DVF
Nicorps,1822,2024,DVF
Nicorps|50,1822,2024,DVF
Nielles-lès-Ardres,1849,2024,DVF
Nielles-lès-Ardres|62,1849,2024,DVF
Nieppe,2448,2024,DVF
Nieppe|59,2448,2024,DVF
Niergnies,1743,2024,DVF
Niergnies|59,1743,2024,DVF
Nieuil,956,2024,DVF
Nieuil-l'Espoir,1790,2024,DVF
Nieuil-l'Espoir|86,1790,2024,DVF
Nieuil|16,956,2024,DVF
Nieul,1549,2024,DVF
Nieul-le-Dolent,2139,2024,DVF
Nieul-le-Dolent|85,2139,2024,DVF
Nieul-lès-Saintes,2040,2024,DVF
Nieul-lès-Saintes|17,2040,2024,DVF
Nieul-sur-Mer,3669,2024,DVF
Nieul-sur-Mer|17,3669,2024,DVF
Nieulle-sur-Seudre,2139,2024,DVF
Nieulle-sur-Seudre|17,2139,2024,DVF
Nieul|87,1549,2024,DVF
Niherne,1300,2024,DVF
Niherne|36,1300,2024,DVF
Niort,2076,2024,DVF
Niort|79,2076,2024,DVF
Nissan-lez-Enserune,2021,2024,DVF
Nissan-lez-Enserune|34,2021,2024,DVF
Nitry,698,2024,DVF
Nitry|89,698,2024,DVF
Nivelle,1669,2024,DVF
Nivelle|59,1669,2024,DVF
Nivigne et Suran,1653,2024,DVF
Nivigne et Suran|01,1653,2024,DVF
Nivillac,2369,2024,DVF
Nivillac|56,2369,2024,DVF
Nivolas-Vermelle,2708,2024,DVF
Nivolas-Vermelle|38,2708,2024,DVF
Nizas,2160,2024,DVF
Nizas|34,2160,2024,DVF
Niévroz,3321,2024,DVF
Niévroz|01,3321,2024,DVF
Noailhac,1575,2024,DVF
Noailhac|81,1575,2024,DVF
Noaillac,1853,2024,DVF
Noaillac|33,1853,2024,DVF
Noaillan,1907,2024,DVF
Noaillan|33,1907,2024,DVF
Noailles,2358,2024,DVF
Noailles|19,1921,2024,DVF
Noailles|60,2358,2024,DVF
Noailly,1991,2024,DVF
Noailly|42,1991,2024,DVF
Nogaro,1373,2024,DVF
Nogaro|32,1373,2024,DVF
Nogent,1062,2024,DVF
Nogent-l'Abbesse,1880,2024,DVF
Nogent-l'Abbesse|51,1880,2024,DVF
Nogent-l'Artaud,1921,2024,DVF
Nogent-l'Artaud|02,1921,2024,DVF
Nogent-le-Bernard,993,2024,DVF
Nogent-le-Bernard|72,993,2024,DVF
Nogent-le-Phaye,2216,2024,DVF
Nogent-le-Phaye|28,2216,2024,DVF
Nogent-le-Roi,2000,2024,DVF
Nogent-le-Roi|28,2000,2024,DVF
Nogent-le-Rotrou,1413,2024,DVF
Nogent-le-Rotrou|28,1413,2024,DVF
Nogent-sur-Aube,1431,2024,DVF
Nogent-sur-Aube|10,1431,2024,DVF
Nogent-sur-Loir,1495,2024,DVF
Nogent-sur-Loir|72,1495,2024,DVF
Nogent-sur-Marne,6107,2024,DVF
Nogent-sur-Marne|94,6107,2024,DVF
Nogent-sur-Oise,1897,2024,DVF
Nogent-sur-Oise|60,1897,2024,DVF
Nogent-sur-Seine,2054,2024,DVF
Nogent-sur-Seine|10,2054,2024,DVF
Nogent-sur-Vernisson,1366,2024,DVF
Nogent-sur-Vernisson|45,1366,2024,DVF
Nogentel,2049,2024,DVF
Nogentel|02,2049,2024,DVF
Nogent|52,1062,2024,DVF
Nohanent,2486,2024,DVF
Nohanent|63,2486,2024,DVF
Nohant-Vic,1100,2024,DVF
Nohant-Vic|36,1100,2024,DVF
Nohic,2322,2024,DVF
Nohic|82,2322,2024,DVF
Noidans-le-Ferroux,1375,2024,DVF
Noidans-le-Ferroux|70,1375,2024,DVF
Noidans-lès-Vesoul,1734,2024,DVF
Noidans-lès-Vesoul|70,1734,2024,DVF
Nointel,3279,2024,DVF
Nointel|60,1884,2024,DVF
Nointel|95,3279,2024,DVF
Nointot,1872,2024,DVF
Nointot|76,1872,2024,DVF
Noirmoutier-en-l'Île,5744,2024,DVF
Noirmoutier-en-l'Île|85,5744,2024,DVF
Noiron-sous-Gevrey,2141,2024,DVF
Noiron-sous-Gevrey|21,2141,2024,DVF
Noironte,1591,2024,DVF
Noironte|25,1591,2024,DVF
Noirétable,1801,2024,DVF
Noirétable|42,1801,2024,DVF
Noiseau,4404,2024,DVF
Noiseau|94,4404,2024,DVF
Noisiel,3394,2024,DVF
Noisiel|77,3394,2024,DVF
Noisy-Rudignon,2279,2024,DVF
Noisy-Rudignon|77,2279,2024,DVF
Noisy-le-Grand,4333,2024,DVF
Noisy-le-Grand|93,4333,2024,DVF
Noisy-le-Roi,5244,2024,DVF
Noisy-le-Roi|78,5244,2024,DVF
Noisy-le-Sec,3791,2024,DVF
Noisy-le-Sec|93,3791,2024,DVF
Noisy-sur-École,3547,2024,DVF
Noisy-sur-École|77,3547,2024,DVF
Noizay,3382,2024,DVF
Noizay|37,3382,2024,DVF
Nojeon-en-Vexin,1571,2024,DVF
Nojeon-en-Vexin|27,1571,2024,DVF
Nolay,1416,2024,DVF
Nolay|21,1416,2024,DVF
Nomain,2753,2024,DVF
Nomain|59,2753,2024,DVF
Nomeny,1893,2024,DVF
Nomeny|54,1893,2024,DVF
Nomexy,1354,2024,DVF
Nomexy|88,1354,2024,DVF
Nommay,1676,2024,DVF
Nommay|25,1676,2024,DVF
Nompatelize,1432,2024,DVF
Nompatelize|88,1432,2024,DVF
Nonancourt,1923,2024,DVF
Nonancourt|27,1923,2024,DVF
Nonards,1463,2024,DVF
Nonards|19,1463,2024,DVF
Nonette-Orsonnette,1748,2024,DVF
Nonette-Orsonnette|63,1748,2024,DVF
Nonglard,4523,2024,DVF
Nonglard|74,4523,2024,DVF
Nontron,1192,2024,DVF
Nontron|24,1192,2024,DVF
Nonville,2372,2024,DVF
Nonville|77,2372,2024,DVF
Nonvilliers-Grandhoux,1712,2024,DVF
Nonvilliers-Grandhoux|28,1712,2024,DVF
Noordpeene,2289,2024,DVF
Noordpeene|59,2289,2024,DVF
Nordausques,2055,2024,DVF
Nordausques|62,2055,2024,DVF
Norges-la-Ville,3504,2024,DVF
Norges-la-Ville|21,3504,2024,DVF
Normanville,2177,2024,DVF
Normanville|27,2177,2024,DVF
Normanville|76,1797,2024,DVF
Norolles,2771,2024,DVF
Norolles|14,2771,2024,DVF
Noroy-le-Bourg,1032,2024,DVF
Noroy-le-Bourg|70,1032,2024,DVF
Norrent-Fontes,1305,2024,DVF
Norrent-Fontes|62,1305,2024,DVF
Norroy-lès-Pont-à-Mousson,1918,2024,DVF
Norroy-lès-Pont-à-Mousson|54,1918,2024,DVF
Nort-sur-Erdre,2675,2024,DVF
Nort-sur-Erdre|44,2675,2024,DVF
Nortkerque,1829,2024,DVF
Nortkerque|62,1829,2024,DVF
Norville,1732,2024,DVF
Norville|76,1732,2024,DVF
Nostang,3051,2024,DVF
Nostang|56,3051,2024,DVF
Notre-Dame-d'Aliermont,1447,2024,DVF
Notre-Dame-d'Aliermont|76,1447,2024,DVF
Notre-Dame-d'Oé,2639,2024,DVF
Notre-Dame-d'Oé|37,2639,2024,DVF
Notre-Dame-de-Bellecombe,4813,2024,DVF
Notre-Dame-de-Bellecombe|73,4813,2024,DVF
Notre-Dame-de-Bondeville,2344,2024,DVF
Notre-Dame-de-Bondeville|76,2344,2024,DVF
Notre-Dame-de-Cenilly,1239,2024,DVF
Notre-Dame-de-Cenilly|50,1239,2024,DVF
Notre-Dame-de-Commiers,2754,2024,DVF
Notre-Dame-de-Commiers|38,2754,2024,DVF
Notre-Dame-de-Londres,3181,2024,DVF
Notre-Dame-de-Londres|34,3181,2024,DVF
Notre-Dame-de-Monts,3538,2024,DVF
Notre-Dame-de-Monts|85,3538,2024,DVF
Notre-Dame-de-Mésage,2731,2024,DVF
Notre-Dame-de-Mésage|38,2731,2024,DVF
Notre-Dame-de-Riez,2536,2024,DVF
Notre-Dame-de-Riez|85,2536,2024,DVF
Notre-Dame-de-l'Isle,2346,2024,DVF
Notre-Dame-de-l'Isle|27,2346,2024,DVF
Notre-Dame-des-Landes,2600,2024,DVF
Notre-Dame-des-Landes|44,2600,2024,DVF
Notre-Dame-des-Millières,2125,2024,DVF
Notre-Dame-des-Millières|73,2125,2024,DVF
Notre-Dame-du-Hamel,1499,2024,DVF
Notre-Dame-du-Hamel|27,1499,2024,DVF
Notre-Dame-du-Pré,2311,2024,DVF
Notre-Dame-du-Pré|73,2311,2024,DVF
Notre-Dame-du-Pé,1558,2024,DVF
Notre-Dame-du-Pé|72,1558,2024,DVF
Nottonville,1400,2024,DVF
Nottonville|28,1400,2024,DVF
Nouaillé-Maupertuis,2110,2024,DVF
Nouaillé-Maupertuis|86,2110,2024,DVF
Nouan-le-Fuzelier,2262,2024,DVF
Nouan-le-Fuzelier|41,2262,2024,DVF
Nouans-les-Fontaines,893,2024,DVF
Nouans-les-Fontaines|37,893,2024,DVF
Nouart,1042,2024,DVF
Nouart|08,1042,2024,DVF
Noues de Sienne,1268,2024,DVF
Noues de Sienne|14,1268,2024,DVF
Nougaroulet,1681,2024,DVF
Nougaroulet|32,1681,2024,DVF
Nouic,1060,2024,DVF
Nouic|87,1060,2024,DVF
Nousty,2065,2024,DVF
Nousty|64,2065,2024,DVF
Nouvion,1882,2024,DVF
Nouvion-et-Catillon,1132,2024,DVF
Nouvion-et-Catillon|02,1132,2024,DVF
Nouvion-le-Comte,1623,2024,DVF
Nouvion-le-Comte|02,1623,2024,DVF
Nouvion-sur-Meuse,1658,2024,DVF
Nouvion-sur-Meuse|08,1658,2024,DVF
Nouvion|80,1882,2024,DVF
Nouvoitou,2586,2024,DVF
Nouvoitou|35,2586,2024,DVF
Nouzerines,884,2024,DVF
Nouzerines|23,884,2024,DVF
Nouzilly,1992,2024,DVF
Nouzilly|37,1992,2024,DVF
Nouzonville,1221,2024,DVF
Nouzonville|08,1221,2024,DVF
Nouâtre,1625,2024,DVF
Nouâtre|37,1625,2024,DVF
Novalaise,3422,2024,DVF
Novalaise|73,3422,2024,DVF
Noves,3339,2024,DVF
Noves|13,3339,2024,DVF
Novillars,1843,2024,DVF
Novillars|25,1843,2024,DVF
Novy-Chevrières,1158,2024,DVF
Novy-Chevrières|08,1158,2024,DVF
Noyal,1545,2024,DVF
Noyal-Châtillon-sur-Seiche,2800,2024,DVF
Noyal-Châtillon-sur-Seiche|35,2800,2024,DVF
Noyal-Muzillac,2332,2024,DVF
Noyal-Muzillac|56,2332,2024,DVF
Noyal-Pontivy,1609,2024,DVF
Noyal-Pontivy|56,1609,2024,DVF
Noyal-sous-Bazouges,1392,2024,DVF
Noyal-sous-Bazouges|35,1392,2024,DVF
Noyal-sur-Brutz,1232,2024,DVF
Noyal-sur-Brutz|44,1232,2024,DVF
Noyal-sur-Vilaine,2753,2024,DVF
Noyal-sur-Vilaine|35,2753,2024,DVF
Noyal|22,1545,2024,DVF
Noyant-Villages,1149,2024,DVF
Noyant-Villages|49,1149,2024,DVF
Noyant-d'Allier,878,2024,DVF
Noyant-d'Allier|03,878,2024,DVF
Noyant-de-Touraine,1772,2024,DVF
Noyant-de-Touraine|37,1772,2024,DVF
Noyarey,3185,2024,DVF
Noyarey|38,3185,2024,DVF
Noyelles-Godault,1884,2024,DVF
Noyelles-Godault|62,1884,2024,DVF
Noyelles-lès-Vermelles,1578,2024,DVF
Noyelles-lès-Vermelles|62,1578,2024,DVF
Noyelles-sous-Bellonne,1879,2024,DVF
Noyelles-sous-Bellonne|62,1879,2024,DVF
Noyelles-sous-Lens,1583,2024,DVF
Noyelles-sous-Lens|62,1583,2024,DVF
Noyelles-sur-Mer,2207,2024,DVF
Noyelles-sur-Mer|80,2207,2024,DVF
Noyelles-sur-Selle,1368,2024,DVF
Noyelles-sur-Selle|59,1368,2024,DVF
Noyen-sur-Sarthe,1374,2024,DVF
Noyen-sur-Sarthe|72,1374,2024,DVF
Noyers,1313,2024,DVF
Noyers-Pont-Maugis,1251,2024,DVF
Noyers-Pont-Maugis|08,1251,2024,DVF
Noyers-Saint-Martin,1532,2024,DVF
Noyers-Saint-Martin|60,1532,2024,DVF
Noyers-sur-Cher,1432,2024,DVF
Noyers-sur-Cher|41,1432,2024,DVF
Noyers|45,1313,2024,DVF
Noyers|89,1933,2024,DVF
Noyon,1527,2024,DVF
Noyon|60,1527,2024,DVF
Nozay,2208,2024,DVF
Nozay|44,2208,2024,DVF
Nozay|91,3341,2024,DVF
Nozeroy,1673,2024,DVF
Nozeroy|39,1673,2024,DVF
Noé,2095,2024,DVF
Noé|31,2095,2024,DVF
Nuaillé,1878,2024,DVF
Nuaillé-d'Aunis,2583,2024,DVF
Nuaillé-d'Aunis|17,2583,2024,DVF
Nuaillé|49,1878,2024,DVF
Nubécourt,962,2024,DVF
Nubécourt|55,962,2024,DVF
Nucourt,2968,2024,DVF
Nucourt|95,2968,2024,DVF
Nueil-les-Aubiers,1302,2024,DVF
Nueil-les-Aubiers|79,1302,2024,DVF
Nuillé-le-Jalais,1494,2024,DVF
Nuillé-le-Jalais|72,1494,2024,DVF
Nuillé-sur-Vicoin,1428,2024,DVF
Nuillé-sur-Vicoin|53,1428,2024,DVF
Nuits,977,2024,DVF
Nuits-Saint-Georges,2325,2024,DVF
Nuits-Saint-Georges|21,2325,2024,DVF
Nuits|89,977,2024,DVF
Nurlu,1095,2024,DVF
Nurlu|80,1095,2024,DVF
Nyons,2778,2024,DVF
Nyons|26,2778,2024,DVF
Nâves-Parmelan,4728,2024,DVF
Nâves-Parmelan|74,4728,2024,DVF
Nègrepelisse,1919,2024,DVF
Nègrepelisse|82,1919,2024,DVF
Néant-sur-Yvel,1531,2024,DVF
Néant-sur-Yvel|56,1531,2024,DVF
Nébian,2080,2024,DVF
Nébian|34,2080,2024,DVF
Nébouzat,2527,2024,DVF
Nébouzat|63,2527,2024,DVF
Nécy,2701,2024,DVF
Nécy|61,2701,2024,DVF
Néfiach,1977,2024,DVF
Néfiach|66,1977,2024,DVF
Négrondes,1326,2024,DVF
Négrondes|24,1326,2024,DVF
Néhou,1835,2024,DVF
Néhou|50,1835,2024,DVF
Néons-sur-Creuse,814,2024,DVF
Néons-sur-Creuse|36,814,2024,DVF
Néoules,3074,2024,DVF
Néoules|83,3074,2024,DVF
Néoux,1116,2024,DVF
Néoux|23,1116,2024,DVF
Nérac,1557,2024,DVF
Nérac|47,1557,2024,DVF
Nérigean,2179,2024,DVF
Nérigean|33,2179,2024,DVF
Néris-les-Bains,1269,2024,DVF
Néris-les-Bains|03,1269,2024,DVF
Néron,1709,2024,DVF
Nérondes,877,2024,DVF
Nérondes|18,877,2024,DVF
Néron|28,1709,2024,DVF
Néré,962,2024,DVF
Néré|17,962,2024,DVF
Névache,3637,2024,DVF
Névache|05,3637,2024,DVF
Névez,3476,2024,DVF
Névez|29,3476,2024,DVF
Névian,2381,2024,DVF
Névian|11,2381,2024,DVF
Néville,1995,2024,DVF
Néville|76,1995,2024,DVF
Nézel,3545,2024,DVF
Nézel|78,3545,2024,DVF
Nézignan-l'Évêque,2336,2024,DVF
Nézignan-l'Évêque|34,2336,2024,DVF
Nîmes,2348,2024,DVF
Nîmes|30,2348,2024,DVF
Nœux-les-Mines,1437,2024,DVF
Nœux-les-Mines|62,1437,2024,DVF
Objat,1582,2024,DVF
Objat|19,1582,2024,DVF
Ocqueville,2657,2024,DVF
Ocqueville|76,2657,2024,DVF
Octeville-sur-Mer,3158,2024,DVF
Octeville-sur-Mer|76,3158,2024,DVF
Odars,2407,2024,DVF
Odars|31,2407,2024,DVF
Odenas,3421,2024,DVF
Odenas|69,3421,2024,DVF
Odomez,2090,2024,DVF
Odomez|59,2090,2024,DVF
Odos,1894,2024,DVF
Odos|65,1894,2024,DVF
Oeyreluy,2957,2024,DVF
Oeyreluy|40,2957,2024,DVF
Offekerque,2066,2024,DVF
Offekerque|62,2066,2024,DVF
Offemont,1662,2024,DVF
Offemont|90,1662,2024,DVF
Offlanges,1025,2024,DVF
Offlanges|39,1025,2024,DVF
Offranville,2543,2024,DVF
Offranville|76,2543,2024,DVF
Ogeu-les-Bains,1963,2024,DVF
Ogeu-les-Bains|64,1963,2024,DVF
Ognes,1523,2024,DVF
Ognes|02,1523,2024,DVF
Ogéviller,1352,2024,DVF
Ogéviller|54,1352,2024,DVF
Ohain,1102,2024,DVF
Ohain|59,1102,2024,DVF
Oignies,1670,2024,DVF
Oignies|62,1670,2024,DVF
Oinville-sous-Auneau,2512,2024,DVF
Oinville-sous-Auneau|28,2512,2024,DVF
Oinville-sur-Montcient,3410,2024,DVF
Oinville-sur-Montcient|78,3410,2024,DVF
Oiry,2391,2024,DVF
Oiry|51,2391,2024,DVF
Oisemont,1281,2024,DVF
Oisemont|80,1281,2024,DVF
Oisseau,1006,2024,DVF
Oisseau-le-Petit,1148,2024,DVF
Oisseau-le-Petit|72,1148,2024,DVF
Oisseau|53,1006,2024,DVF
Oissel-sur-Seine,1778,2024,DVF
Oissel-sur-Seine|76,1778,2024,DVF
Oissery,2807,2024,DVF
Oissery|77,2807,2024,DVF
Oisy,1983,2024,DVF
Oisy-le-Verger,1258,2024,DVF
Oisy-le-Verger|62,1258,2024,DVF
Oisy|59,1983,2024,DVF
Oizon,1216,2024,DVF
Oizon|18,1216,2024,DVF
Oizé,1275,2024,DVF
Oizé|72,1275,2024,DVF
Olargues,1693,2024,DVF
Olargues|34,1693,2024,DVF
Olemps,2230,2024,DVF
Olemps|12,2230,2024,DVF
Oletta,3535,2024,DVF
Oletta|2B,3535,2024,DVF
Olette,1752,2024,DVF
Olette|66,1752,2024,DVF
Olivet,2785,2024,DVF
Olivet|45,2785,2024,DVF
Ollainville,3102,2024,DVF
Ollainville|91,3102,2024,DVF
Olliergues,1015,2024,DVF
Olliergues|63,1015,2024,DVF
Ollioules,4602,2024,DVF
Ollioules|83,4602,2024,DVF
Ollières,3213,2024,DVF
Ollières|83,3213,2024,DVF
Ollé,1635,2024,DVF
Ollé|28,1635,2024,DVF
Olmeto,6381,2024,DVF
Olmeto|2A,6381,2024,DVF
Olonzac,1761,2024,DVF
Olonzac|34,1761,2024,DVF
Oloron-Sainte-Marie,1497,2024,DVF
Oloron-Sainte-Marie|64,1497,2024,DVF
Ombrée d'Anjou,1339,2024,DVF
Ombrée d'Anjou|49,1339,2024,DVF
Omerville,2337,2024,DVF
Omerville|95,2337,2024,DVF
Oms,2907,2024,DVF
Oms|66,2907,2024,DVF
Oncy-sur-École,3075,2024,DVF
Oncy-sur-École|91,3075,2024,DVF
Ondes,2754,2024,DVF
Ondes|31,2754,2024,DVF
Ondres,4345,2024,DVF
Ondres|40,4345,2024,DVF
Ondreville-sur-Essonne,2098,2024,DVF
Ondreville-sur-Essonne|45,2098,2024,DVF
Onesse-Laharie,2573,2024,DVF
Onesse-Laharie|40,2573,2024,DVF
Onet-le-Château,2171,2024,DVF
Onet-le-Château|12,2171,2024,DVF
Onlay,1101,2024,DVF
Onlay|58,1101,2024,DVF
Onnaing,1498,2024,DVF
Onnaing|59,1498,2024,DVF
Onnion,3656,2024,DVF
Onnion|74,3656,2024,DVF
Ons-en-Bray,1625,2024,DVF
Ons-en-Bray|60,1625,2024,DVF
Oost-Cappel,1562,2024,DVF
Oost-Cappel|59,1562,2024,DVF
Opio,6857,2024,DVF
Opio|06,6857,2024,DVF
Opoul-Périllos,2008,2024,DVF
Opoul-Périllos|66,2008,2024,DVF
Oppède,5382,2024,DVF
Oppède|84,5382,2024,DVF
Optevoz,2344,2024,DVF
Optevoz|38,2344,2024,DVF
Oradour-Saint-Genest,959,2024,DVF
Oradour-Saint-Genest|87,959,2024,DVF
Oradour-sur-Glane,1472,2024,DVF
Oradour-sur-Glane|87,1472,2024,DVF
Oradour-sur-Vayres,1152,2024,DVF
Oradour-sur-Vayres|87,1152,2024,DVF
Oraison,2813,2024,DVF
Oraison|04,2813,2024,DVF
Orange,2325,2024,DVF
Orange|84,2325,2024,DVF
Orbais-l'Abbaye,907,2024,DVF
Orbais-l'Abbaye|51,907,2024,DVF
Orbec,1498,2024,DVF
Orbec|14,1498,2024,DVF
Orbeil,1842,2024,DVF
Orbeil|63,1842,2024,DVF
Orbigny,1644,2024,DVF
Orbigny|37,1644,2024,DVF
Orcemont,2984,2024,DVF
Orcemont|78,2984,2024,DVF
Orcet,2244,2024,DVF
Orcet|63,2244,2024,DVF
Orchamps,1335,2024,DVF
Orchamps-Vennes,2564,2024,DVF
Orchamps-Vennes|25,2564,2024,DVF
Orchamps|39,1335,2024,DVF
Orches,1173,2024,DVF
Orches|86,1173,2024,DVF
Orchies,2219,2024,DVF
Orchies|59,2219,2024,DVF
Orcines,2665,2024,DVF
Orcines|63,2665,2024,DVF
Orcières,2686,2024,DVF
Orcières|05,2686,2024,DVF
Ordan-Larroque,1672,2024,DVF
Ordan-Larroque|32,1672,2024,DVF
Ordizan,1818,2024,DVF
Ordizan|65,1818,2024,DVF
Orelle,2850,2024,DVF
Orelle|73,2850,2024,DVF
Oresmaux,2138,2024,DVF
Oresmaux|80,2138,2024,DVF
Orgedeuil,1501,2024,DVF
Orgedeuil|16,1501,2024,DVF
Orgelet,1540,2024,DVF
Orgelet|39,1540,2024,DVF
Orgerus,3632,2024,DVF
Orgerus|78,3632,2024,DVF
Orgeval,4328,2024,DVF
Orgeval|78,4328,2024,DVF
Orgibet,1392,2024,DVF
Orgibet|09,1392,2024,DVF
Orgnac-l'Aven,3249,2024,DVF
Orgnac-l'Aven|07,3249,2024,DVF
Orgon,3077,2024,DVF
Orgon|13,3077,2024,DVF
Orgueil,2058,2024,DVF
Orgueil|82,2058,2024,DVF
Orgères,2805,2024,DVF
Orgères-en-Beauce,1366,2024,DVF
Orgères-en-Beauce|28,1366,2024,DVF
Orgères|35,2805,2024,DVF
Origny-Sainte-Benoite,778,2024,DVF
Origny-Sainte-Benoite|02,778,2024,DVF
Origny-en-Thiérache,726,2024,DVF
Origny-en-Thiérache|02,726,2024,DVF
Origny-le-Sec,1536,2024,DVF
Origny-le-Sec|10,1536,2024,DVF
Orist,2288,2024,DVF
Orist|40,2288,2024,DVF
Orival,1414,2024,DVF
Orival|76,1414,2024,DVF
Orleix,1741,2024,DVF
Orleix|65,1741,2024,DVF
Orliénas,3762,2024,DVF
Orliénas|69,3762,2024,DVF
Orly,3801,2024,DVF
Orly-sur-Morin,1510,2024,DVF
Orly-sur-Morin|77,1510,2024,DVF
Orly|94,3801,2024,DVF
Orléans,2628,2024,DVF
Orléans|45,2628,2024,DVF
Orléat,2338,2024,DVF
Orléat|63,2338,2024,DVF
Ormes,2550,2024,DVF
Ormesson-sur-Marne,4240,2024,DVF
Ormesson-sur-Marne|94,4240,2024,DVF
Ormes|45,2550,2024,DVF
Ormes|51,3248,2024,DVF
Ormes|71,1761,2024,DVF
Ormoy,2940,2024,DVF
Ormoy-Villers,2386,2024,DVF
Ormoy-Villers|60,2386,2024,DVF
Ormoy|89,1125,2024,DVF
Ormoy|91,2940,2024,DVF
Ornacieux-Balbins,2405,2024,DVF
Ornacieux-Balbins|38,2405,2024,DVF
Ornaisons,1877,2024,DVF
Ornaisons|11,1877,2024,DVF
Ornans,1927,2024,DVF
Ornans|25,1927,2024,DVF
Ornex,5232,2024,DVF
Ornex|01,5232,2024,DVF
Ornolac-Ussat-les-Bains,1276,2024,DVF
Ornolac-Ussat-les-Bains|09,1276,2024,DVF
Orphin,2480,2024,DVF
Orphin|78,2480,2024,DVF
Orrouy,2529,2024,DVF
Orrouy|60,2529,2024,DVF
Orry-la-Ville,3421,2024,DVF
Orry-la-Ville|60,3421,2024,DVF
Orsan,2245,2024,DVF
Orsan|30,2245,2024,DVF
Orsay,4365,2024,DVF
Orsay|91,4365,2024,DVF
Orsennes,970,2024,DVF
Orsennes|36,970,2024,DVF
Orsinval,1248,2024,DVF
Orsinval|59,1248,2024,DVF
Ortaffa,2496,2024,DVF
Ortaffa|66,2496,2024,DVF
Orthevielle,2269,2024,DVF
Orthevielle|40,2269,2024,DVF
Orthez,1732,2024,DVF
Orthez|64,1732,2024,DVF
Orthoux-Sérignac-Quilhan,3355,2024,DVF
Orthoux-Sérignac-Quilhan|30,3355,2024,DVF
Orval,1089,2024,DVF
Orval sur Sienne,2068,2024,DVF
Orval sur Sienne|50,2068,2024,DVF
Orval|18,1089,2024,DVF
Orvault,3227,2024,DVF
Orvault|44,3227,2024,DVF
Orvillers-Sorel,1695,2024,DVF
Orvillers-Sorel|60,1695,2024,DVF
Orvilliers,3526,2024,DVF
Orvilliers|78,3526,2024,DVF
Orx,4715,2024,DVF
Orx|40,4715,2024,DVF
Orègue,1634,2024,DVF
Orègue|64,1634,2024,DVF
Oslon,1773,2024,DVF
Oslon|71,1773,2024,DVF
Osmanville,1491,2024,DVF
Osmanville|14,1491,2024,DVF
Osny,3453,2024,DVF
Osny|95,3453,2024,DVF
Osselle-Routelle,1959,2024,DVF
Osselle-Routelle|25,1959,2024,DVF
Ossey-les-Trois-Maisons,1482,2024,DVF
Ossey-les-Trois-Maisons|10,1482,2024,DVF
Ossun,1620,2024,DVF
Ossun|65,1620,2024,DVF
Osséja,3288,2024,DVF
Osséja|66,3288,2024,DVF
Ostricourt,1934,2024,DVF
Ostricourt|59,1934,2024,DVF
Ota,2555,2024,DVF
Ota|2A,2555,2024,DVF
Othis,3048,2024,DVF
Othis|77,3048,2024,DVF
Ouarville,2029,2024,DVF
Ouarville|28,2029,2024,DVF
Ouches,1914,2024,DVF
Ouches|42,1914,2024,DVF
Oucques La Nouvelle,1371,2024,DVF
Oucques La Nouvelle|41,1371,2024,DVF
Oudalle,2562,2024,DVF
Oudalle|76,2562,2024,DVF
Oudezeele,1969,2024,DVF
Oudezeele|59,1969,2024,DVF
Oudon,2484,2024,DVF
Oudon|44,2484,2024,DVF
Ouerre,2452,2024,DVF
Ouerre|28,2452,2024,DVF
Ouessant,2919,2024,DVF
Ouessant|29,2919,2024,DVF
Ouges,3238,2024,DVF
Ouges|21,3238,2024,DVF
Ouhans,1917,2024,DVF
Ouhans|25,1917,2024,DVF
Ouilly-le-Vicomte,2054,2024,DVF
Ouilly-le-Vicomte|14,2054,2024,DVF
Ouistreham,3618,2024,DVF
Ouistreham|14,3618,2024,DVF
Oulches,1109,2024,DVF
Oulches|36,1109,2024,DVF
Oulchy-le-Château,1587,2024,DVF
Oulchy-le-Château|02,1587,2024,DVF
Oulins,2238,2024,DVF
Oulins|28,2238,2024,DVF
Oullins-Pierre-Bénite,3584,2024,DVF
Oullins-Pierre-Bénite|69,3584,2024,DVF
Oupia,859,2024,DVF
Oupia|34,859,2024,DVF
Ourouer-les-Bourdelins,724,2024,DVF
Ourouer-les-Bourdelins|18,724,2024,DVF
Ouroux-en-Morvan,941,2024,DVF
Ouroux-en-Morvan|58,941,2024,DVF
Ouroux-sur-Saône,1515,2024,DVF
Ouroux-sur-Saône|71,1515,2024,DVF
Oursbelille,1761,2024,DVF
Oursbelille|65,1761,2024,DVF
Ourton,1070,2024,DVF
Ourton|62,1070,2024,DVF
Ourville-en-Caux,1771,2024,DVF
Ourville-en-Caux|76,1771,2024,DVF
Ousse,3541,2024,DVF
Ousse|64,3541,2024,DVF
Oussières,1350,2024,DVF
Oussières|39,1350,2024,DVF
Ousson-sur-Loire,1385,2024,DVF
Ousson-sur-Loire|45,1385,2024,DVF
Oussoy-en-Gâtinais,1669,2024,DVF
Oussoy-en-Gâtinais|45,1669,2024,DVF
Oust,1531,2024,DVF
Oust|09,1531,2024,DVF
Outarville,1497,2024,DVF
Outarville|45,1497,2024,DVF
Outreau,1775,2024,DVF
Outreau|62,1775,2024,DVF
Ouve-Wirquin,1449,2024,DVF
Ouve-Wirquin|62,1449,2024,DVF
Ouveillan,1668,2024,DVF
Ouveillan|11,1668,2024,DVF
Ouville-l'Abbaye,1665,2024,DVF
Ouville-l'Abbaye|76,1665,2024,DVF
Ouville-la-Rivière,1494,2024,DVF
Ouville-la-Rivière|76,1494,2024,DVF
Ouvrouer-les-Champs,1990,2024,DVF
Ouvrouer-les-Champs|45,1990,2024,DVF
Ouzilly,1371,2024,DVF
Ouzilly|86,1371,2024,DVF
Ouzouer-sur-Loire,1536,2024,DVF
Ouzouer-sur-Loire|45,1536,2024,DVF
Ouzouer-sur-Trézée,1370,2024,DVF
Ouzouer-sur-Trézée|45,1370,2024,DVF
Oxelaëre,1804,2024,DVF
Oxelaëre|59,1804,2024,DVF
Oye-Plage,1925,2024,DVF
Oye-Plage|62,1925,2024,DVF
Oye-et-Pallet,2587,2024,DVF
Oye-et-Pallet|25,2587,2024,DVF
Oyeu,2230,2024,DVF
Oyeu|38,2230,2024,DVF
Oyonnax,1564,2024,DVF
Oyonnax|01,1564,2024,DVF
Oyré,1496,2024,DVF
Oyré|86,1496,2024,DVF
Oysonville,1940,2024,DVF
Oysonville|28,1940,2024,DVF
Oytier-Saint-Oblas,2466,2024,DVF
Oytier-Saint-Oblas|38,2466,2024,DVF
Oyé,2286,2024,DVF
Oyé|71,2286,2024,DVF
Oz,4605,2024,DVF
Ozan,2463,2024,DVF
Ozan|01,2463,2024,DVF
Ozeville,1431,2024,DVF
Ozeville|50,1431,2024,DVF
Ozillac,2254,2024,DVF
Ozillac|17,2254,2024,DVF
Ozoir-la-Ferrière,3886,2024,DVF
Ozoir-la-Ferrière|77,3886,2024,DVF
Ozouer-le-Voulgis,3122,2024,DVF
Ozouer-le-Voulgis|77,3122,2024,DVF
Oz|38,4605,2024,DVF
Pabu,1858,2024,DVF
Pabu|22,1858,2024,DVF
Pacy-sur-Eure,2502,2024,DVF
Pacy-sur-Eure|27,2502,2024,DVF
Pacé,3315,2024,DVF
Pacé|35,3315,2024,DVF
Pageas,1434,2024,DVF
Pageas|87,1434,2024,DVF
Pagney,2082,2024,DVF
Pagney-derrière-Barine,1865,2024,DVF
Pagney-derrière-Barine|54,1865,2024,DVF
Pagney|39,2082,2024,DVF
Pagny-la-Blanche-Côte,854,2024,DVF
Pagny-la-Blanche-Côte|55,854,2024,DVF
Pagny-le-Château,1691,2024,DVF
Pagny-le-Château|21,1691,2024,DVF
Pagny-sur-Meuse,1530,2024,DVF
Pagny-sur-Meuse|55,1530,2024,DVF
Pagny-sur-Moselle,1986,2024,DVF
Pagny-sur-Moselle|54,1986,2024,DVF
Pailharès,1774,2024,DVF
Pailharès|07,1774,2024,DVF
Pailhès,1229,2024,DVF
Pailhès|09,1229,2024,DVF
Paillart,1361,2024,DVF
Paillart|60,1361,2024,DVF
Paillencourt,1598,2024,DVF
Paillencourt|59,1598,2024,DVF
Paillet,2224,2024,DVF
Paillet|33,2224,2024,DVF
Paillé,820,2024,DVF
Paillé|17,820,2024,DVF
Paimbœuf,2187,2024,DVF
Paimbœuf|44,2187,2024,DVF
Paimpol,3239,2024,DVF
Paimpol|22,3239,2024,DVF
Paimpont,1677,2024,DVF
Paimpont|35,1677,2024,DVF
Pair-et-Grandrupt,1581,2024,DVF
Pair-et-Grandrupt|88,1581,2024,DVF
Pajay,1977,2024,DVF
Pajay|38,1977,2024,DVF
Palaiseau,4136,2024,DVF
Palaiseau|91,4136,2024,DVF
Palaja,2078,2024,DVF
Palaja|11,2078,2024,DVF
Palaminy,1614,2024,DVF
Palaminy|31,1614,2024,DVF
Palau-de-Cerdagne,4550,2024,DVF
Palau-de-Cerdagne|66,4550,2024,DVF
Palau-del-Vidre,2561,2024,DVF
Palau-del-Vidre|66,2561,2024,DVF
Palavas-les-Flots,5402,2024,DVF
Palavas-les-Flots|34,5402,2024,DVF
Palinges,1224,2024,DVF
Palinges|71,1224,2024,DVF
Palladuc,1508,2024,DVF
Palladuc|63,1508,2024,DVF
Palluau,1648,2024,DVF
Palluau-sur-Indre,1119,2024,DVF
Palluau-sur-Indre|36,1119,2024,DVF
Palluau|85,1648,2024,DVF
Pallud,3334,2024,DVF
Pallud|73,3334,2024,DVF
Palluel,1931,2024,DVF
Palluel|62,1931,2024,DVF
Palmas d'Aveyron,1311,2024,DVF
Palmas d'Aveyron|12,1311,2024,DVF
Pamfou,2858,2024,DVF
Pamfou|77,2858,2024,DVF
Pamiers,1577,2024,DVF
Pamiers|09,1577,2024,DVF
Pampelonne,1108,2024,DVF
Pampelonne|81,1108,2024,DVF
Pamplie,1057,2024,DVF
Pamplie|79,1057,2024,DVF
Pamproux,1036,2024,DVF
Pamproux|79,1036,2024,DVF
Panazol,1921,2024,DVF
Panazol|87,1921,2024,DVF
Pancé,2234,2024,DVF
Pancé|35,2234,2024,DVF
Panissières,1505,2024,DVF
Panissières|42,1505,2024,DVF
Panjas,1129,2024,DVF
Panjas|32,1129,2024,DVF
Pannecé,1892,2024,DVF
Pannecé|44,1892,2024,DVF
Pannes,1615,2024,DVF
Pannes|45,1615,2024,DVF
Pantin,5849,2024,DVF
Pantin|93,5849,2024,DVF
Panzoult,2340,2024,DVF
Panzoult|37,2340,2024,DVF
Paradou,4740,2024,DVF
Paradou|13,4740,2024,DVF
Parassy,921,2024,DVF
Parassy|18,921,2024,DVF
Paray-Vieille-Poste,4046,2024,DVF
Paray-Vieille-Poste|91,4046,2024,DVF
Paray-le-Monial,1500,2024,DVF
Paray-le-Monial|71,1500,2024,DVF
Paraza,1517,2024,DVF
Paraza|11,1517,2024,DVF
Parcey,1867,2024,DVF
Parcey|39,1867,2024,DVF
Parcieux,3662,2024,DVF
Parcieux|01,3662,2024,DVF
Parcoul-Chenaud,1112,2024,DVF
Parcoul-Chenaud|24,1112,2024,DVF
Parcé,1504,2024,DVF
Parcé-sur-Sarthe,1246,2024,DVF
Parcé-sur-Sarthe|72,1246,2024,DVF
Parcé|35,1504,2024,DVF
Pardailhan,1641,2024,DVF
Pardailhan|34,1641,2024,DVF
Pardies,2076,2024,DVF
Pardies|64,2076,2024,DVF
Parempuyre,3121,2024,DVF
Parempuyre|33,3121,2024,DVF
Parennes,644,2024,DVF
Parennes|72,644,2024,DVF
Parent,2002,2024,DVF
Parentignat,4750,2024,DVF
Parentignat|63,4750,2024,DVF
Parentis-en-Born,3044,2024,DVF
Parentis-en-Born|40,3044,2024,DVF
Parenty,1770,2024,DVF
Parenty|62,1770,2024,DVF
Parent|63,2002,2024,DVF
Parfouru-sur-Odon,1975,2024,DVF
Parfouru-sur-Odon|14,1975,2024,DVF
Pargny-sur-Saulx,979,2024,DVF
Pargny-sur-Saulx|51,979,2024,DVF
Parigné,1745,2024,DVF
Parigné-l'Évêque,1840,2024,DVF
Parigné-l'Évêque|72,1840,2024,DVF
Parigné-le-Pôlin,1548,2024,DVF
Parigné-le-Pôlin|72,1548,2024,DVF
Parigné-sur-Braye,1824,2024,DVF
Parigné-sur-Braye|53,1824,2024,DVF
Parigné|35,1745,2024,DVF
Paris,9674,2024,DVF
Paris-l'Hôpital,1163,2024,DVF
Paris-l'Hôpital|71,1163,2024,DVF
Paris|75,9674,2024,DVF
Parly,1503,2024,DVF
Parly|89,1503,2024,DVF
Parmain,3351,2024,DVF
Parmain|95,3351,2024,DVF
Parmilieu,2370,2024,DVF
Parmilieu|38,2370,2024,DVF
Parnac,1233,2024,DVF
Parnac|36,1233,2024,DVF
Parnac|46,1520,2024,DVF
Parnes,2616,2024,DVF
Parnes|60,2616,2024,DVF
Parné-sur-Roc,1696,2024,DVF
Parné-sur-Roc|53,1696,2024,DVF
Paron,1583,2024,DVF
Paron|89,1583,2024,DVF
Pars-lès-Romilly,1344,2024,DVF
Pars-lès-Romilly|10,1344,2024,DVF
Parsac,887,2024,DVF
Parsac|23,887,2024,DVF
Parthenay,1324,2024,DVF
Parthenay-de-Bretagne,2398,2024,DVF
Parthenay-de-Bretagne|35,2398,2024,DVF
Parthenay|79,1324,2024,DVF
Parves et Nattages,2629,2024,DVF
Parves et Nattages|01,2629,2024,DVF
Parçay-Meslay,2946,2024,DVF
Parçay-Meslay|37,2946,2024,DVF
Parçay-sur-Vienne,1070,2024,DVF
Parçay-sur-Vienne|37,1070,2024,DVF
Pas-de-Jeu,834,2024,DVF
Pas-de-Jeu|79,834,2024,DVF
Paslières,1324,2024,DVF
Paslières|63,1324,2024,DVF
Pasly,1602,2024,DVF
Pasly|02,1602,2024,DVF
Passa,2187,2024,DVF
Passais Villages,1009,2024,DVF
Passais Villages|61,1009,2024,DVF
Passa|66,2187,2024,DVF
Passy,4036,2024,DVF
Passy|74,4036,2024,DVF
Passy|89,999,2024,DVF
Patay,1583,2024,DVF
Patay|45,1583,2024,DVF
Patrimonio,3818,2024,DVF
Patrimonio|2B,3818,2024,DVF
Pau,2260,2024,DVF
Paucourt,1865,2024,DVF
Paucourt|45,1865,2024,DVF
Paudy,1095,2024,DVF
Paudy|36,1095,2024,DVF
Pauilhac,1720,2024,DVF
Pauilhac|32,1720,2024,DVF
Pauillac,2016,2024,DVF
Pauillac|33,2016,2024,DVF
Paule,1121,2024,DVF
Paule|22,1121,2024,DVF
Paulhac,2876,2024,DVF
Paulhac|31,2876,2024,DVF
Paulhac|43,1324,2024,DVF
Paulhaguet,1180,2024,DVF
Paulhaguet|43,1180,2024,DVF
Paulhan,2396,2024,DVF
Paulhan|34,2396,2024,DVF
Pauligne,1476,2024,DVF
Pauligne|11,1476,2024,DVF
Paulinet,1729,2024,DVF
Paulinet|81,1729,2024,DVF
Paulx,1982,2024,DVF
Paulx|44,1982,2024,DVF
Paussac-et-Saint-Vivien,1273,2024,DVF
Paussac-et-Saint-Vivien|24,1273,2024,DVF
Pau|64,2260,2024,DVF
Pavant,1432,2024,DVF
Pavant|02,1432,2024,DVF
Pavie,1826,2024,DVF
Pavie|32,1826,2024,DVF
Pavilly,1950,2024,DVF
Pavilly|76,1950,2024,DVF
Payns,1828,2024,DVF
Payns|10,1828,2024,DVF
Payrac,1582,2024,DVF
Payrac|46,1582,2024,DVF
Payrignac,2061,2024,DVF
Payrignac|46,2061,2024,DVF
Payrin-Augmontel,1961,2024,DVF
Payrin-Augmontel|81,1961,2024,DVF
Pays de Belvès,1538,2024,DVF
Pays de Belvès|24,1538,2024,DVF
Pays-de-Clerval,1025,2024,DVF
Pays-de-Clerval|25,1025,2024,DVF
Payzac,1527,2024,DVF
Payzac|07,2873,2024,DVF
Payzac|24,1527,2024,DVF
Pazayac,1422,2024,DVF
Pazayac|24,1422,2024,DVF
Paziols,1433,2024,DVF
Paziols|11,1433,2024,DVF
Peaugres,2545,2024,DVF
Peaugres|07,2545,2024,DVF
Pechbonnieu,2914,2024,DVF
Pechbonnieu|31,2914,2024,DVF
Pechbusque,3249,2024,DVF
Pechbusque|31,3249,2024,DVF
Pechs-de-l'Espérance,1610,2024,DVF
Pechs-de-l'Espérance|24,1610,2024,DVF
Pecquencourt,1576,2024,DVF
Pecquencourt|59,1576,2024,DVF
Pecqueuse,2454,2024,DVF
Pecqueuse|91,2454,2024,DVF
Peillac,1985,2024,DVF
Peillac|56,1985,2024,DVF
Peille,4629,2024,DVF
Peille|06,4629,2024,DVF
Peillon,2914,2024,DVF
Peillonnex,4106,2024,DVF
Peillonnex|74,4106,2024,DVF
Peillon|06,2914,2024,DVF
Peipin,2478,2024,DVF
Peipin|04,2478,2024,DVF
Peisey-Nancroix,5486,2024,DVF
Peisey-Nancroix|73,5486,2024,DVF
Pelleautier,4104,2024,DVF
Pelleautier|05,4104,2024,DVF
Pellegrue,1427,2024,DVF
Pellegrue|33,1427,2024,DVF
Pellevoisin,1928,2024,DVF
Pellevoisin|36,1928,2024,DVF
Pelousey,2254,2024,DVF
Pelousey|25,2254,2024,DVF
Pelves,1431,2024,DVF
Pelves|62,1431,2024,DVF
Penchard,2752,2024,DVF
Penchard|77,2752,2024,DVF
Pencran,2200,2024,DVF
Pencran|29,2200,2024,DVF
Pendé,2390,2024,DVF
Pendé|80,2390,2024,DVF
Penmarch,2869,2024,DVF
Penmarch|29,2869,2024,DVF
Pennautier,1989,2024,DVF
Pennautier|11,1989,2024,DVF
Penne,1533,2024,DVF
Penne-d'Agenais,1775,2024,DVF
Penne-d'Agenais|47,1775,2024,DVF
Penne|81,1533,2024,DVF
Penta-di-Casinca,2931,2024,DVF
Penta-di-Casinca|2B,2931,2024,DVF
Penvénan,3082,2024,DVF
Penvénan|22,3082,2024,DVF
Perceneige,1208,2024,DVF
Perceneige|89,1208,2024,DVF
Perche en Nocé,1984,2024,DVF
Perche en Nocé|61,1984,2024,DVF
Percy-en-Normandie,1292,2024,DVF
Percy-en-Normandie|50,1292,2024,DVF
Pergain-Taillac,2512,2024,DVF
Pergain-Taillac|32,2512,2024,DVF
Peri,4073,2024,DVF
Peri|2A,4073,2024,DVF
Pernant,1749,2024,DVF
Pernant|02,1749,2024,DVF
Pernay,2899,2024,DVF
Pernay|37,2899,2024,DVF
Pernes,1647,2024,DVF
Pernes-les-Fontaines,3399,2024,DVF
Pernes-les-Fontaines|84,3399,2024,DVF
Pernes|62,1647,2024,DVF
Pernois,2206,2024,DVF
Pernois|80,2206,2024,DVF
Perpezac-le-Noir,1736,2024,DVF
Perpezac-le-Noir|19,1736,2024,DVF
Perpignan,1782,2024,DVF
Perpignan|66,1782,2024,DVF
Perquie,1933,2024,DVF
Perquie|40,1933,2024,DVF
Perrecy-les-Forges,1113,2024,DVF
Perrecy-les-Forges|71,1113,2024,DVF
Perreux,1842,2024,DVF
Perreux|42,1842,2024,DVF
Perrex,1590,2024,DVF
Perrex|01,1590,2024,DVF
Perrier,1928,2024,DVF
Perriers-sur-Andelle,1748,2024,DVF
Perriers-sur-Andelle|27,1748,2024,DVF
Perrier|63,1928,2024,DVF
Perrignier,3483,2024,DVF
Perrignier|74,3483,2024,DVF
Perrigny,1864,2024,DVF
Perrigny-lès-Dijon,2498,2024,DVF
Perrigny-lès-Dijon|21,2498,2024,DVF
Perrigny-sur-l'Ognon,1640,2024,DVF
Perrigny-sur-l'Ognon|21,1640,2024,DVF
Perrigny|39,1864,2024,DVF
Perrigny|89,1774,2024,DVF
Perrières,1551,2024,DVF
Perrières|14,1551,2024,DVF
Perros-Guirec,3707,2024,DVF
Perros-Guirec|22,3707,2024,DVF
Perrou,1088,2024,DVF
Perrou|61,1088,2024,DVF
Perrusson,1500,2024,DVF
Perrusson|37,1500,2024,DVF
Pers-Jussy,4163,2024,DVF
Pers-Jussy|74,4163,2024,DVF
Persac,876,2024,DVF
Persac|86,876,2024,DVF
Persan,2899,2024,DVF
Persan|95,2899,2024,DVF
Persquen,1694,2024,DVF
Persquen|56,1694,2024,DVF
Perthes,3200,2024,DVF
Perthes|52,1111,2024,DVF
Perthes|77,3200,2024,DVF
Pertuis,3364,2024,DVF
Pertuis|84,3364,2024,DVF
Pervenchères,1428,2024,DVF
Pervenchères|61,1428,2024,DVF
Peschadoires,1546,2024,DVF
Peschadoires|63,1546,2024,DVF
Pesmes,1548,2024,DVF
Pesmes|70,1548,2024,DVF
Pessac,3840,2024,DVF
Pessac-sur-Dordogne,1796,2024,DVF
Pessac-sur-Dordogne|33,1796,2024,DVF
Pessac|33,3840,2024,DVF
Pessan,1816,2024,DVF
Pessan|32,1816,2024,DVF
Pessines,1939,2024,DVF
Pessines|17,1939,2024,DVF
Petit-Caux,2072,2024,DVF
Petit-Caux|76,2072,2024,DVF
Petit-Couronne,2008,2024,DVF
Petit-Couronne|76,2008,2024,DVF
Petit-Mars,2625,2024,DVF
Petit-Mars|44,2625,2024,DVF
Petit-Noir,1394,2024,DVF
Petit-Noir|39,1394,2024,DVF
Petit-Palais-et-Cornemps,2643,2024,DVF
Petit-Palais-et-Cornemps|33,2643,2024,DVF
Petite-Forêt,1510,2024,DVF
Petite-Forêt|59,1510,2024,DVF
Petitmont,1019,2024,DVF
Petitmont|54,1019,2024,DVF
Petiville,2088,2024,DVF
Petiville|76,2088,2024,DVF
Petosse,1658,2024,DVF
Petosse|85,1658,2024,DVF
Petreto-Bicchisano,3572,2024,DVF
Petreto-Bicchisano|2A,3572,2024,DVF
Peujard,2228,2024,DVF
Peujard|33,2228,2024,DVF
Peumerit,2324,2024,DVF
Peumerit|29,2324,2024,DVF
Pexiora,1739,2024,DVF
Pexiora|11,1739,2024,DVF
Pey,2792,2024,DVF
Peymeinade,4121,2024,DVF
Peymeinade|06,4121,2024,DVF
Peynier,4614,2024,DVF
Peynier|13,4614,2024,DVF
Peypin,4482,2024,DVF
Peypin-d'Aigues,3222,2024,DVF
Peypin-d'Aigues|84,3222,2024,DVF
Peypin|13,4482,2024,DVF
Peyrat-de-Bellac,1020,2024,DVF
Peyrat-de-Bellac|87,1020,2024,DVF
Peyrat-la-Nonière,1227,2024,DVF
Peyrat-la-Nonière|23,1227,2024,DVF
Peyrat-le-Château,1531,2024,DVF
Peyrat-le-Château|87,1531,2024,DVF
Peyre en Aubrac,1424,2024,DVF
Peyre en Aubrac|48,1424,2024,DVF
Peyrehorade,2081,2024,DVF
Peyrehorade|40,2081,2024,DVF
Peyrelevade,1140,2024,DVF
Peyrelevade|19,1140,2024,DVF
Peyrestortes,2167,2024,DVF
Peyrestortes|66,2167,2024,DVF
Peyriac-Minervois,1496,2024,DVF
Peyriac-Minervois|11,1496,2024,DVF
Peyriac-de-Mer,2180,2024,DVF
Peyriac-de-Mer|11,2180,2024,DVF
Peyrieu,2126,2024,DVF
Peyrieu|01,2126,2024,DVF
Peyrilhac,1247,2024,DVF
Peyrilhac|87,1247,2024,DVF
Peyrilles,1768,2024,DVF
Peyrilles|46,1768,2024,DVF
Peyrins,2690,2024,DVF
Peyrins|26,2690,2024,DVF
Peyrissac,1265,2024,DVF
Peyrissac|19,1265,2024,DVF
Peyrole,1672,2024,DVF
Peyrole|81,1672,2024,DVF
Peyrolles-en-Provence,3843,2024,DVF
Peyrolles-en-Provence|13,3843,2024,DVF
Peyroules,3033,2024,DVF
Peyroules|04,3033,2024,DVF
Peyruis,2513,2024,DVF
Peyruis|04,2513,2024,DVF
Peyrus,2300,2024,DVF
Peyrus|26,2300,2024,DVF
Peyzieux-sur-Saône,2006,2024,DVF
Peyzieux-sur-Saône|01,2006,2024,DVF
Pey|40,2792,2024,DVF
Pezens,1590,2024,DVF
Pezens|11,1590,2024,DVF
Pezou,1456,2024,DVF
Pezou|41,1456,2024,DVF
Pezé-le-Robert,973,2024,DVF
Pezé-le-Robert|72,973,2024,DVF
Phalempin,2642,2024,DVF
Phalempin|59,2642,2024,DVF
Pia,2502,2024,DVF
Piana,3189,2024,DVF
Piana|2A,3189,2024,DVF
Pianottoli-Caldarello,7161,2024,DVF
Pianottoli-Caldarello|2A,7161,2024,DVF
Pia|66,2502,2024,DVF
Pibrac,3423,2024,DVF
Pibrac|31,3423,2024,DVF
Picauville,1767,2024,DVF
Picauville|50,1767,2024,DVF
Picherande,1976,2024,DVF
Picherande|63,1976,2024,DVF
Picquigny,1502,2024,DVF
Picquigny|80,1502,2024,DVF
Piedicroce,814,2024,DVF
Piedicroce|2B,814,2024,DVF
Piennes,1431,2024,DVF
Piennes|54,1431,2024,DVF
Pierre-Buffière,1311,2024,DVF
Pierre-Buffière|87,1311,2024,DVF
Pierre-Châtel,2221,2024,DVF
Pierre-Châtel|38,2221,2024,DVF
Pierre-de-Bresse,1518,2024,DVF
Pierre-de-Bresse|71,1518,2024,DVF
Pierre-la-Treiche,1505,2024,DVF
Pierre-la-Treiche|54,1505,2024,DVF
Pierrefeu-du-Var,3632,2024,DVF
Pierrefeu-du-Var|83,3632,2024,DVF
Pierrefiques,2446,2024,DVF
Pierrefiques|76,2446,2024,DVF
Pierrefitte-Nestalas,1990,2024,DVF
Pierrefitte-Nestalas|65,1990,2024,DVF
Pierrefitte-sur-Loire,1200,2024,DVF
Pierrefitte-sur-Loire|03,1200,2024,DVF
Pierrefitte-sur-Sauldre,2156,2024,DVF
Pierrefitte-sur-Sauldre|41,2156,2024,DVF
Pierrefonds,2890,2024,DVF
Pierrefonds|60,2890,2024,DVF
Pierrefontaine-les-Varans,1877,2024,DVF
Pierrefontaine-les-Varans|25,1877,2024,DVF
Pierrefontaine-lès-Blamont,1678,2024,DVF
Pierrefontaine-lès-Blamont|25,1678,2024,DVF
Pierrelatte,1988,2024,DVF
Pierrelatte|26,1988,2024,DVF
Pierrelaye,3843,2024,DVF
Pierrelaye|95,3843,2024,DVF
Pierrepont,1778,2024,DVF
Pierrepont|54,1778,2024,DVF
Pierrerue,2263,2024,DVF
Pierrerue|04,2263,2024,DVF
Pierres,2434,2024,DVF
Pierres|28,2434,2024,DVF
Pierreval,2321,2024,DVF
Pierreval|76,2321,2024,DVF
Pierrevert,3180,2024,DVF
Pierrevert|04,3180,2024,DVF
Pierreville,2399,2024,DVF
Pierreville|50,2399,2024,DVF
Pierric,1241,2024,DVF
Pierric|44,1241,2024,DVF
Pierry,2391,2024,DVF
Pierry|51,2391,2024,DVF
Pietra-di-Verde,1196,2024,DVF
Pietra-di-Verde|2B,1196,2024,DVF
Pietracorbara,3611,2024,DVF
Pietracorbara|2B,3611,2024,DVF
Pietrosella,6502,2024,DVF
Pietrosella|2A,6502,2024,DVF
Pietroso,3376,2024,DVF
Pietroso|2B,3376,2024,DVF
Pieusse,1586,2024,DVF
Pieusse|11,1586,2024,DVF
Piffonds,1244,2024,DVF
Piffonds|89,1244,2024,DVF
Pignan,3591,2024,DVF
Pignans,3127,2024,DVF
Pignans|83,3127,2024,DVF
Pignan|34,3591,2024,DVF
Pigny,1562,2024,DVF
Pigny|18,1562,2024,DVF
Pihem,1812,2024,DVF
Pihem|62,1812,2024,DVF
Pillac,1912,2024,DVF
Pillac|16,1912,2024,DVF
Pillon,1835,2024,DVF
Pillon|55,1835,2024,DVF
Pindray,1322,2024,DVF
Pindray|86,1322,2024,DVF
Pindères,2492,2024,DVF
Pindères|47,2492,2024,DVF
Pinel-Hauterive,2194,2024,DVF
Pinel-Hauterive|47,2194,2024,DVF
Pinet,2257,2024,DVF
Pinet|34,2257,2024,DVF
Pineuilh,1455,2024,DVF
Pineuilh|33,1455,2024,DVF
Piney,1159,2024,DVF
Piney|10,1159,2024,DVF
Pinon,1331,2024,DVF
Pinon|02,1331,2024,DVF
Pins-Justaret,2801,2024,DVF
Pins-Justaret|31,2801,2024,DVF
Pinsac,1861,2024,DVF
Pinsac|46,1861,2024,DVF
Pinsaguel,2749,2024,DVF
Pinsaguel|31,2749,2024,DVF
Pinterville,2230,2024,DVF
Pinterville|27,2230,2024,DVF
Piolenc,2655,2024,DVF
Piolenc|84,2655,2024,DVF
Pionnat,1041,2024,DVF
Pionnat|23,1041,2024,DVF
Pionsat,1202,2024,DVF
Pionsat|63,1202,2024,DVF
Pipriac,1680,2024,DVF
Pipriac|35,1680,2024,DVF
Piquecos,1228,2024,DVF
Piquecos|82,1228,2024,DVF
Pirey,2332,2024,DVF
Pirey|25,2332,2024,DVF
Piriac-sur-Mer,4622,2024,DVF
Piriac-sur-Mer|44,4622,2024,DVF
Pirou,2505,2024,DVF
Pirou|50,2505,2024,DVF
Piré-Chancé,2497,2024,DVF
Piré-Chancé|35,2497,2024,DVF
Pisany,1915,2024,DVF
Pisany|17,1915,2024,DVF
Piscop,4442,2024,DVF
Piscop|95,4442,2024,DVF
Piseux,1615,2024,DVF
Piseux|27,1615,2024,DVF
Pisseleu,1751,2024,DVF
Pisseleu|60,1751,2024,DVF
Pissos,2115,2024,DVF
Pissos|40,2115,2024,DVF
Pissotte,1410,2024,DVF
Pissotte|85,1410,2024,DVF
Pissy-Pôville,1660,2024,DVF
Pissy-Pôville|76,1660,2024,DVF
Pitgam,1948,2024,DVF
Pitgam|59,1948,2024,DVF
Pithiviers,1799,2024,DVF
Pithiviers-le-Vieil,1978,2024,DVF
Pithiviers-le-Vieil|45,1978,2024,DVF
Pithiviers|45,1799,2024,DVF
Pizay,2391,2024,DVF
Pizay|01,2391,2024,DVF
Piégros-la-Clastre,2730,2024,DVF
Piégros-la-Clastre|26,2730,2024,DVF
Piégut-Pluviers,1172,2024,DVF
Piégut-Pluviers|24,1172,2024,DVF
Plabennec,2202,2024,DVF
Plabennec|29,2202,2024,DVF
Plachy-Buyon,2425,2024,DVF
Plachy-Buyon|80,2425,2024,DVF
Plailly,3707,2024,DVF
Plailly|60,3707,2024,DVF
Plaimpied-Givaudins,1882,2024,DVF
Plaimpied-Givaudins|18,1882,2024,DVF
Plaine-Haute,1755,2024,DVF
Plaine-Haute|22,1755,2024,DVF
Plaine-d'Argenson,1275,2024,DVF
Plaine-d'Argenson|79,1275,2024,DVF
Plaine-et-Vallées,990,2024,DVF
Plaine-et-Vallées|79,990,2024,DVF
Plainfaing,1463,2024,DVF
Plainfaing|88,1463,2024,DVF
Plaintel,2018,2024,DVF
Plaintel|22,2018,2024,DVF
Plaisance,1358,2024,DVF
Plaisance-du-Touch,2843,2024,DVF
Plaisance-du-Touch|31,2843,2024,DVF
Plaisance|12,1438,2024,DVF
Plaisance|24,2010,2024,DVF
Plaisance|32,1358,2024,DVF
Plaisir,3120,2024,DVF
Plaisir|78,3120,2024,DVF
Plaissan,2722,2024,DVF
Plaissan|34,2722,2024,DVF
Plan-d'Aups-Sainte-Baume,3757,2024,DVF
Plan-d'Aups-Sainte-Baume|83,3757,2024,DVF
Plan-d'Orgon,2998,2024,DVF
Plan-d'Orgon|13,2998,2024,DVF
Plan-de-Cuques,4476,2024,DVF
Plan-de-Cuques|13,4476,2024,DVF
Planaise,3026,2024,DVF
Planaise|73,3026,2024,DVF
Planay,3407,2024,DVF
Planay|73,3407,2024,DVF
Plancher-Bas,1624,2024,DVF
Plancher-Bas|70,1624,2024,DVF
Plancher-les-Mines,1189,2024,DVF
Plancher-les-Mines|70,1189,2024,DVF
Planchez,964,2024,DVF
Planchez|58,964,2024,DVF
Plancoët,2200,2024,DVF
Plancoët|22,2200,2024,DVF
Plancy-l'Abbaye,1131,2024,DVF
Plancy-l'Abbaye|10,1131,2024,DVF
Planfoy,2144,2024,DVF
Planfoy|42,2144,2024,DVF
Planquery,1998,2024,DVF
Planquery|14,1998,2024,DVF
Planty,1701,2024,DVF
Planty|10,1701,2024,DVF
Plasnes,2556,2024,DVF
Plasnes|27,2556,2024,DVF
Plassac,1512,2024,DVF
Plassac|17,1512,2024,DVF
Plassac|33,2026,2024,DVF
Plassay,2028,2024,DVF
Plassay|17,2028,2024,DVF
Plateau d'Hauteville,1749,2024,DVF
Plateau d'Hauteville|01,1749,2024,DVF
Plateau-des-Petites-Roches,3006,2024,DVF
Plateau-des-Petites-Roches|38,3006,2024,DVF
Plats,2261,2024,DVF
Plats|07,2261,2024,DVF
Plaudren,2176,2024,DVF
Plaudren|56,2176,2024,DVF
Plauzat,1835,2024,DVF
Plauzat|63,1835,2024,DVF
Plazac,1807,2024,DVF
Plazac|24,1807,2024,DVF
Pleaux,988,2024,DVF
Pleaux|15,988,2024,DVF
Pleine-Fougères,1745,2024,DVF
Pleine-Fougères|35,1745,2024,DVF
Plerguer,2428,2024,DVF
Plerguer|35,2428,2024,DVF
Plerneuf,1652,2024,DVF
Plerneuf|22,1652,2024,DVF
Plescop,3322,2024,DVF
Plescop|56,3322,2024,DVF
Plesder,1711,2024,DVF
Plesder|35,1711,2024,DVF
Pleslin-Trigavou,2465,2024,DVF
Pleslin-Trigavou|22,2465,2024,DVF
Plessis-Saint-Benoist,2064,2024,DVF
Plessis-Saint-Benoist|91,2064,2024,DVF
Plessé,1786,2024,DVF
Plessé|44,1786,2024,DVF
Plestan,1662,2024,DVF
Plestan|22,1662,2024,DVF
Plestin-les-Grèves,2343,2024,DVF
Plestin-les-Grèves|22,2343,2024,DVF
Pleubian,2066,2024,DVF
Pleubian|22,2066,2024,DVF
Pleucadeuc,1700,2024,DVF
Pleucadeuc|56,1700,2024,DVF
Pleudaniel,1964,2024,DVF
Pleudaniel|22,1964,2024,DVF
Pleudihen-sur-Rance,2417,2024,DVF
Pleudihen-sur-Rance|22,2417,2024,DVF
Pleugriffet,1224,2024,DVF
Pleugriffet|56,1224,2024,DVF
Pleugueneuc,1907,2024,DVF
Pleugueneuc|35,1907,2024,DVF
Pleumartin,1100,2024,DVF
Pleumartin|86,1100,2024,DVF
Pleumeleuc,2613,2024,DVF
Pleumeleuc|35,2613,2024,DVF
Pleumeur-Bodou,2901,2024,DVF
Pleumeur-Bodou|22,2901,2024,DVF
Pleumeur-Gautier,1713,2024,DVF
Pleumeur-Gautier|22,1713,2024,DVF
Pleurs,1341,2024,DVF
Pleurs|51,1341,2024,DVF
Pleurtuit,3218,2024,DVF
Pleurtuit|35,3218,2024,DVF
Pleuven,2753,2024,DVF
Pleuven|29,2753,2024,DVF
Pleuville,832,2024,DVF
Pleuville|16,832,2024,DVF
Pleyben,1539,2024,DVF
Pleyben|29,1539,2024,DVF
Pleyber-Christ,1592,2024,DVF
Pleyber-Christ|29,1592,2024,DVF
Plivot,2928,2024,DVF
Plivot|51,2928,2024,DVF
Plobannalec-Lesconil,2811,2024,DVF
Plobannalec-Lesconil|29,2811,2024,DVF
Ploemel,3678,2024,DVF
Ploemel|56,3678,2024,DVF
Ploemeur,3775,2024,DVF
Ploemeur|56,3775,2024,DVF
Ploeren,3326,2024,DVF
Ploeren|56,3326,2024,DVF
Plogastel-Saint-Germain,2106,2024,DVF
Plogastel-Saint-Germain|29,2106,2024,DVF
Plogoff,2278,2024,DVF
Plogoff|29,2278,2024,DVF
Plogonnec,2026,2024,DVF
Plogonnec|29,2026,2024,DVF
Plombières-les-Bains,1281,2024,DVF
Plombières-les-Bains|88,1281,2024,DVF
Plombières-lès-Dijon,2576,2024,DVF
Plombières-lès-Dijon|21,2576,2024,DVF
Plomelin,2455,2024,DVF
Plomelin|29,2455,2024,DVF
Plomeur,2771,2024,DVF
Plomeur|29,2771,2024,DVF
Plomion,796,2024,DVF
Plomion|02,796,2024,DVF
Plomodiern,2033,2024,DVF
Plomodiern|29,2033,2024,DVF
Plonéis,1939,2024,DVF
Plonéis|29,1939,2024,DVF
Plonéour-Lanvern,2224,2024,DVF
Plonéour-Lanvern|29,2224,2024,DVF
Plonévez-Porzay,2142,2024,DVF
Plonévez-Porzay|29,2142,2024,DVF
Plonévez-du-Faou,1219,2024,DVF
Plonévez-du-Faou|29,1219,2024,DVF
Plottes,1592,2024,DVF
Plottes|71,1592,2024,DVF
Plouaret,1703,2024,DVF
Plouaret|22,1703,2024,DVF
Plouarzel,2836,2024,DVF
Plouarzel|29,2836,2024,DVF
Plouasne,1771,2024,DVF
Plouasne|22,1771,2024,DVF
Plouay,2301,2024,DVF
Plouay|56,2301,2024,DVF
Ploubazlanec,3868,2024,DVF
Ploubazlanec|22,3868,2024,DVF
Ploubezre,2011,2024,DVF
Ploubezre|22,2011,2024,DVF
Ploudalmézeau,2561,2024,DVF
Ploudalmézeau|29,2561,2024,DVF
Ploudaniel,2094,2024,DVF
Ploudaniel|29,2094,2024,DVF
Ploudiry,2256,2024,DVF
Ploudiry|29,2256,2024,DVF
Plouescat,2153,2024,DVF
Plouescat|29,2153,2024,DVF
Plouezoc'h,3094,2024,DVF
Plouezoc'h|29,3094,2024,DVF
Ploufragan,2027,2024,DVF
Ploufragan|22,2027,2024,DVF
Plougar,1217,2024,DVF
Plougar|29,1217,2024,DVF
Plougasnou,2931,2024,DVF
Plougasnou|29,2931,2024,DVF
Plougastel-Daoulas,2599,2024,DVF
Plougastel-Daoulas|29,2599,2024,DVF
Plougonvelin,3070,2024,DVF
Plougonvelin|29,3070,2024,DVF
Plougonven,1790,2024,DVF
Plougonven|29,1790,2024,DVF
Plougonver,1181,2024,DVF
Plougonver|22,1181,2024,DVF
Plougoulm,1649,2024,DVF
Plougoulm|29,1649,2024,DVF
Plougoumelen,3574,2024,DVF
Plougoumelen|56,3574,2024,DVF
Plougourvest,1513,2024,DVF
Plougourvest|29,1513,2024,DVF
Plougrescant,3120,2024,DVF
Plougrescant|22,3120,2024,DVF
Plouguenast-Langast,1460,2024,DVF
Plouguenast-Langast|22,1460,2024,DVF
Plouguerneau,2597,2024,DVF
Plouguerneau|29,2597,2024,DVF
Plouguernével,1205,2024,DVF
Plouguernével|22,1205,2024,DVF
Plouguiel,2769,2024,DVF
Plouguiel|22,2769,2024,DVF
Plouguin,1898,2024,DVF
Plouguin|29,1898,2024,DVF
Plouha,2589,2024,DVF
Plouharnel,4714,2024,DVF
Plouharnel|56,4714,2024,DVF
Plouha|22,2589,2024,DVF
Plouhinec,2363,2024,DVF
Plouhinec|29,2363,2024,DVF
Plouhinec|56,3413,2024,DVF
Plouider,1547,2024,DVF
Plouider|29,1547,2024,DVF
Plouigneau,1733,2024,DVF
Plouigneau|29,1733,2024,DVF
Plouisy,1559,2024,DVF
Plouisy|22,1559,2024,DVF
Ploulec'h,2403,2024,DVF
Ploulec'h|22,2403,2024,DVF
Ploumagoar,1737,2024,DVF
Ploumagoar|22,1737,2024,DVF
Ploumilliau,2387,2024,DVF
Ploumilliau|22,2387,2024,DVF
Ploumoguer,2697,2024,DVF
Ploumoguer|29,2697,2024,DVF
Plounéour-Brignogan-plages,2965,2024,DVF
Plounéour-Brignogan-plages|29,2965,2024,DVF
Plounéour-Ménez,1061,2024,DVF
Plounéour-Ménez|29,1061,2024,DVF
Plounérin,1546,2024,DVF
Plounérin|22,1546,2024,DVF
Plounéventer,1827,2024,DVF
Plounéventer|29,1827,2024,DVF
Plounévez-Lochrist,1583,2024,DVF
Plounévez-Lochrist|29,1583,2024,DVF
Plounévez-Moëdec,1529,2024,DVF
Plounévez-Moëdec|22,1529,2024,DVF
Plounévez-Quintin,1177,2024,DVF
Plounévez-Quintin|22,1177,2024,DVF
Plounévézel,1373,2024,DVF
Plounévézel|29,1373,2024,DVF
Plourac'h,1548,2024,DVF
Plourac'h|22,1548,2024,DVF
Plouray,1152,2024,DVF
Plouray|56,1152,2024,DVF
Plourhan,2622,2024,DVF
Plourhan|22,2622,2024,DVF
Plourin,2196,2024,DVF
Plourin-lès-Morlaix,1742,2024,DVF
Plourin-lès-Morlaix|29,1742,2024,DVF
Plourin|29,2196,2024,DVF
Plourivo,2157,2024,DVF
Plourivo|22,2157,2024,DVF
Plouvara,2420,2024,DVF
Plouvara|22,2420,2024,DVF
Plouvien,2119,2024,DVF
Plouvien|29,2119,2024,DVF
Plouvorn,1675,2024,DVF
Plouvorn|29,1675,2024,DVF
Plouyé,967,2024,DVF
Plouyé|29,967,2024,DVF
Plouzané,2410,2024,DVF
Plouzané|29,2410,2024,DVF
Plouzévédé,1782,2024,DVF
Plouzévédé|29,1782,2024,DVF
Plouédern,2168,2024,DVF
Plouédern|29,2168,2024,DVF
Plouégat-Guérand,1868,2024,DVF
Plouégat-Guérand|29,1868,2024,DVF
Plouénan,1736,2024,DVF
Plouénan|29,1736,2024,DVF
Plouézec,2509,2024,DVF
Plouézec|22,2509,2024,DVF
Plouëc-du-Trieux,1636,2024,DVF
Plouëc-du-Trieux|22,1636,2024,DVF
Plouër-sur-Rance,2844,2024,DVF
Plouër-sur-Rance|22,2844,2024,DVF
Plovan,3798,2024,DVF
Plovan|29,3798,2024,DVF
Plozévet,2294,2024,DVF
Plozévet|29,2294,2024,DVF
Ploéven,1289,2024,DVF
Ploéven|29,1289,2024,DVF
Ploërdut,1425,2024,DVF
Ploërdut|56,1425,2024,DVF
Ploërmel,2206,2024,DVF
Ploërmel|56,2206,2024,DVF
Ploëzal,1453,2024,DVF
Ploëzal|22,1453,2024,DVF
Pludual,1764,2024,DVF
Pludual|22,1764,2024,DVF
Plufur,1622,2024,DVF
Plufur|22,1622,2024,DVF
Pluguffan,2338,2024,DVF
Pluguffan|29,2338,2024,DVF
Pluherlin,2371,2024,DVF
Pluherlin|56,2371,2024,DVF
Plumaudan,2028,2024,DVF
Plumaudan|22,2028,2024,DVF
Plumaugat,1318,2024,DVF
Plumaugat|22,1318,2024,DVF
Plumelec,1961,2024,DVF
Plumelec|56,1961,2024,DVF
Plumelin,2012,2024,DVF
Plumelin|56,2012,2024,DVF
Plumergat,2607,2024,DVF
Plumergat|56,2607,2024,DVF
Plumieux,1205,2024,DVF
Plumieux|22,1205,2024,DVF
Pluméliau-Bieuzy,1924,2024,DVF
Pluméliau-Bieuzy|56,1924,2024,DVF
Pluneret,3291,2024,DVF
Pluneret|56,3291,2024,DVF
Plurien,3045,2024,DVF
Plurien|22,3045,2024,DVF
Plusquellec,1334,2024,DVF
Plusquellec|22,1334,2024,DVF
Plussulien,1123,2024,DVF
Plussulien|22,1123,2024,DVF
Pluvigner,2512,2024,DVF
Pluvigner|56,2512,2024,DVF
Pluzunet,1866,2024,DVF
Pluzunet|22,1866,2024,DVF
Pléchâtel,2019,2024,DVF
Pléchâtel|35,2019,2024,DVF
Plédran,1903,2024,DVF
Plédran|22,1903,2024,DVF
Plédéliac,1631,2024,DVF
Plédéliac|22,1631,2024,DVF
Pléguien,2167,2024,DVF
Pléguien|22,2167,2024,DVF
Pléhédel,2014,2024,DVF
Pléhédel|22,2014,2024,DVF
Plélan-le-Grand,2147,2024,DVF
Plélan-le-Grand|35,2147,2024,DVF
Plélan-le-Petit,1738,2024,DVF
Plélan-le-Petit|22,1738,2024,DVF
Plélauff,1581,2024,DVF
Plélauff|22,1581,2024,DVF
Plélo,2034,2024,DVF
Plélo|22,2034,2024,DVF
Plémet,1201,2024,DVF
Plémet|22,1201,2024,DVF
Plémy,1612,2024,DVF
Plémy|22,1612,2024,DVF
Pléneuf-Val-André,4537,2024,DVF
Pléneuf-Val-André|22,4537,2024,DVF
Plénée-Jugon,1661,2024,DVF
Plénée-Jugon|22,1661,2024,DVF
Plérin,2854,2024,DVF
Plérin|22,2854,2024,DVF
Plésidy,1078,2024,DVF
Plésidy|22,1078,2024,DVF
Plévenon,3257,2024,DVF
Plévenon|22,3257,2024,DVF
Plévin,1030,2024,DVF
Plévin|22,1030,2024,DVF
Plœuc-L'Hermitage,1438,2024,DVF
Plœuc-L'Hermitage|22,1438,2024,DVF
Pocé-les-Bois,1753,2024,DVF
Pocé-les-Bois|35,1753,2024,DVF
Pocé-sur-Cisse,2546,2024,DVF
Pocé-sur-Cisse|37,2546,2024,DVF
Podensac,2333,2024,DVF
Podensac|33,2333,2024,DVF
Poey-de-Lescar,2244,2024,DVF
Poey-de-Lescar|64,2244,2024,DVF
Poggio-Mezzana,3353,2024,DVF
Poggio-Mezzana|2B,3353,2024,DVF
Pogny,1519,2024,DVF
Pogny|51,1519,2024,DVF
Poigny,1755,2024,DVF
Poigny-la-Forêt,3416,2024,DVF
Poigny-la-Forêt|78,3416,2024,DVF
Poigny|77,1755,2024,DVF
Poilley,1484,2024,DVF
Poilley|35,1174,2024,DVF
Poilley|50,1484,2024,DVF
Poilly-lez-Gien,1613,2024,DVF
Poilly-lez-Gien|45,1613,2024,DVF
Poilly-sur-Serein,889,2024,DVF
Poilly-sur-Serein|89,889,2024,DVF
Poillé-sur-Vègre,1013,2024,DVF
Poillé-sur-Vègre|72,1013,2024,DVF
Pointis-Inard,1524,2024,DVF
Pointis-Inard|31,1524,2024,DVF
Pointis-de-Rivière,1088,2024,DVF
Pointis-de-Rivière|31,1088,2024,DVF
Poisat,3240,2024,DVF
Poisat|38,3240,2024,DVF
Poisson,1014,2024,DVF
Poisson|71,1014,2024,DVF
Poissy,3849,2024,DVF
Poissy|78,3849,2024,DVF
Poisy,5325,2024,DVF
Poisy|74,5325,2024,DVF
Poitiers,2237,2024,DVF
Poitiers|86,2237,2024,DVF
Poix-Terron,2032,2024,DVF
Poix-Terron|08,2032,2024,DVF
Poix-de-Picardie,1592,2024,DVF
Poix-de-Picardie|80,1592,2024,DVF
Poix-du-Nord,1230,2024,DVF
Poix-du-Nord|59,1230,2024,DVF
Polaincourt-et-Clairefontaine,1071,2024,DVF
Polaincourt-et-Clairefontaine|70,1071,2024,DVF
Polastron,1871,2024,DVF
Polastron|32,1871,2024,DVF
Poleymieux-au-Mont-d'Or,4356,2024,DVF
Poleymieux-au-Mont-d'Or|69,4356,2024,DVF
Polignac,1861,2024,DVF
Polignac|43,1861,2024,DVF
Poligny,1774,2024,DVF
Poligny|05,3373,2024,DVF
Poligny|39,1774,2024,DVF
Poligny|77,2294,2024,DVF
Poligné,1933,2024,DVF
Poligné|35,1933,2024,DVF
Polincove,1823,2024,DVF
Polincove|62,1823,2024,DVF
Pollestres,2476,2024,DVF
Pollestres|66,2476,2024,DVF
Polliat,2471,2024,DVF
Polliat|01,2471,2024,DVF
Pollionnay,4042,2024,DVF
Pollionnay|69,4042,2024,DVF
Polminhac,1208,2024,DVF
Polminhac|15,1208,2024,DVF
Pomarez,1764,2024,DVF
Pomarez|40,1764,2024,DVF
Pomas,1653,2024,DVF
Pomas|11,1653,2024,DVF
Pomerol,1567,2024,DVF
Pomerol|33,1567,2024,DVF
Pomeys,2369,2024,DVF
Pomeys|69,2369,2024,DVF
Pommard,3479,2024,DVF
Pommard|21,3479,2024,DVF
Pommera,1462,2024,DVF
Pommera|62,1462,2024,DVF
Pommeret,1810,2024,DVF
Pommeret|22,1810,2024,DVF
Pommereuil,1265,2024,DVF
Pommereuil|59,1265,2024,DVF
Pommerieux,1398,2024,DVF
Pommerieux|53,1398,2024,DVF
Pommerit-le-Vicomte,1694,2024,DVF
Pommerit-le-Vicomte|22,1694,2024,DVF
Pommeuse,2757,2024,DVF
Pommeuse|77,2757,2024,DVF
Pommevic,1214,2024,DVF
Pommevic|82,1214,2024,DVF
Pommiers,3841,2024,DVF
Pommiers|02,1935,2024,DVF
Pommiers|69,3841,2024,DVF
Pompaire,1522,2024,DVF
Pompaire|79,1522,2024,DVF
Pompertuzat,2874,2024,DVF
Pompertuzat|31,2874,2024,DVF
Pompey,1827,2024,DVF
Pompey|54,1827,2024,DVF
Pompignac,3200,2024,DVF
Pompignac|33,3200,2024,DVF
Pompignan,2318,2024,DVF
Pompignan|30,2293,2024,DVF
Pompignan|82,2318,2024,DVF
Pomponne,4060,2024,DVF
Pomponne|77,4060,2024,DVF
Pomport,1942,2024,DVF
Pomport|24,1942,2024,DVF
Pomérols,2721,2024,DVF
Pomérols|34,2721,2024,DVF
Poncey-lès-Athée,1981,2024,DVF
Poncey-lès-Athée|21,1981,2024,DVF
Ponchon,2110,2024,DVF
Ponchon|60,2110,2024,DVF
Poncin,1740,2024,DVF
Poncins,2248,2024,DVF
Poncins|42,2248,2024,DVF
Poncin|01,1740,2024,DVF
Pons,1572,2024,DVF
Pons|17,1572,2024,DVF
Pont de Montvert - Sud Mont Lozère,1740,2024,DVF
Pont de Montvert - Sud Mont Lozère|48,1740,2024,DVF
Pont-Audemer,1914,2024,DVF
Pont-Audemer|27,1914,2024,DVF
Pont-Authou,1273,2024,DVF
Pont-Authou|27,1273,2024,DVF
Pont-Aven,2722,2024,DVF
Pont-Aven|29,2722,2024,DVF
Pont-Croix,2197,2024,DVF
Pont-Croix|29,2197,2024,DVF
Pont-Hébert,1483,2024,DVF
Pont-Hébert|50,1483,2024,DVF
Pont-Melvez,1285,2024,DVF
Pont-Melvez|22,1285,2024,DVF
Pont-Péan,2801,2024,DVF
Pont-Péan|35,2801,2024,DVF
Pont-Remy,1511,2024,DVF
Pont-Remy|80,1511,2024,DVF
Pont-Saint-Esprit,1916,2024,DVF
Pont-Saint-Esprit|30,1916,2024,DVF
Pont-Saint-Martin,2892,2024,DVF
Pont-Saint-Martin|44,2892,2024,DVF
Pont-Saint-Pierre,1912,2024,DVF
Pont-Saint-Pierre|27,1912,2024,DVF
Pont-Saint-Vincent,1493,2024,DVF
Pont-Saint-Vincent|54,1493,2024,DVF
Pont-Sainte-Marie,2049,2024,DVF
Pont-Sainte-Marie|10,2049,2024,DVF
Pont-Sainte-Maxence,2400,2024,DVF
Pont-Sainte-Maxence|60,2400,2024,DVF
Pont-Salomon,1843,2024,DVF
Pont-Salomon|43,1843,2024,DVF
Pont-Scorff,2724,2024,DVF
Pont-Scorff|56,2724,2024,DVF
Pont-d'Ain,2016,2024,DVF
Pont-d'Ain|01,2016,2024,DVF
Pont-d'Ouilly,1328,2024,DVF
Pont-d'Ouilly|14,1328,2024,DVF
Pont-de-Barret,2496,2024,DVF
Pont-de-Barret|26,2496,2024,DVF
Pont-de-Buis-lès-Quimerch,1441,2024,DVF
Pont-de-Buis-lès-Quimerch|29,1441,2024,DVF
Pont-de-Chéruy,2638,2024,DVF
Pont-de-Chéruy|38,2638,2024,DVF
Pont-de-Labeaume,1865,2024,DVF
Pont-de-Labeaume|07,1865,2024,DVF
Pont-de-Larn,1402,2024,DVF
Pont-de-Larn|81,1402,2024,DVF
Pont-de-Metz,2417,2024,DVF
Pont-de-Metz|80,2417,2024,DVF
Pont-de-Poitte,1828,2024,DVF
Pont-de-Poitte|39,1828,2024,DVF
Pont-de-Roide-Vermondans,1372,2024,DVF
Pont-de-Roide-Vermondans|25,1372,2024,DVF
Pont-de-Ruan,2214,2024,DVF
Pont-de-Ruan|37,2214,2024,DVF
Pont-de-Salars,1578,2024,DVF
Pont-de-Salars|12,1578,2024,DVF
Pont-de-Vaux,1700,2024,DVF
Pont-de-Vaux|01,1700,2024,DVF
Pont-de-Veyle,1940,2024,DVF
Pont-de-Veyle|01,1940,2024,DVF
Pont-de-l'Arche,2089,2024,DVF
Pont-de-l'Arche|27,2089,2024,DVF
Pont-de-l'Isère,2617,2024,DVF
Pont-de-l'Isère|26,2617,2024,DVF
Pont-du-Casse,1795,2024,DVF
Pont-du-Casse|47,1795,2024,DVF
Pont-du-Château,2507,2024,DVF
Pont-du-Château|63,2507,2024,DVF
Pont-du-Navoy,1603,2024,DVF
Pont-du-Navoy|39,1603,2024,DVF
Pont-en-Royans,1590,2024,DVF
Pont-en-Royans|38,1590,2024,DVF
Pont-l'Abbé,2548,2024,DVF
Pont-l'Abbé-d'Arnoult,2153,2024,DVF
Pont-l'Abbé-d'Arnoult|17,2153,2024,DVF
Pont-l'Abbé|29,2548,2024,DVF
Pont-l'Évêque,3190,2024,DVF
Pont-l'Évêque|14,3190,2024,DVF
Pont-l'Évêque|60,1934,2024,DVF
Pont-sur-Sambre,1142,2024,DVF
Pont-sur-Sambre|59,1142,2024,DVF
Pont-sur-Seine,1066,2024,DVF
Pont-sur-Seine|10,1066,2024,DVF
Pont-sur-Yonne,1754,2024,DVF
Pont-sur-Yonne|89,1754,2024,DVF
Pont-Évêque,2587,2024,DVF
Pont-Évêque|38,2587,2024,DVF
Pont-à-Marcq,3025,2024,DVF
Pont-à-Marcq|59,3025,2024,DVF
Pont-à-Mousson,1739,2024,DVF
Pont-à-Mousson|54,1739,2024,DVF
Pont-à-Vendin,1407,2024,DVF
Pont-à-Vendin|62,1407,2024,DVF
Pontacq,1789,2024,DVF
Pontacq|64,1789,2024,DVF
Pontailler-sur-Saône,1778,2024,DVF
Pontailler-sur-Saône|21,1778,2024,DVF
Pontarlier,2675,2024,DVF
Pontarlier|25,2675,2024,DVF
Pontarmé,3015,2024,DVF
Pontarmé|60,3015,2024,DVF
Pontaubault,2025,2024,DVF
Pontaubault|50,2025,2024,DVF
Pontaubert,2335,2024,DVF
Pontaubert|89,2335,2024,DVF
Pontault-Combault,3911,2024,DVF
Pontault-Combault|77,3911,2024,DVF
Pontavert,1704,2024,DVF
Pontavert|02,1704,2024,DVF
Pontcarré,3700,2024,DVF
Pontcarré|77,3700,2024,DVF
Pontcharra,3094,2024,DVF
Pontcharra|38,3094,2024,DVF
Pontchâteau,2389,2024,DVF
Pontchâteau|44,2389,2024,DVF
Ponteilla,2649,2024,DVF
Ponteilla|66,2649,2024,DVF
Ponteils-et-Brésis,1642,2024,DVF
Ponteils-et-Brésis|30,1642,2024,DVF
Pontenx-les-Forges,2935,2024,DVF
Pontenx-les-Forges|40,2935,2024,DVF
Pontevès,2646,2024,DVF
Pontevès|83,2646,2024,DVF
Pontfaverger-Moronvilliers,2092,2024,DVF
Pontfaverger-Moronvilliers|51,2092,2024,DVF
Pontgouin,1713,2024,DVF
Pontgouin|28,1713,2024,DVF
Ponthévrard,3058,2024,DVF
Ponthévrard|78,3058,2024,DVF
Pontigny,973,2024,DVF
Pontigny|89,973,2024,DVF
Pontivy,1742,2024,DVF
Pontivy|56,1742,2024,DVF
Pontlevoy,1517,2024,DVF
Pontlevoy|41,1517,2024,DVF
Pontmain,1286,2024,DVF
Pontmain|53,1286,2024,DVF
Pontoise,3258,2024,DVF
Pontoise-lès-Noyon,1342,2024,DVF
Pontoise-lès-Noyon|60,1342,2024,DVF
Pontoise|95,3258,2024,DVF
Pontonx-sur-l'Adour,2514,2024,DVF
Pontonx-sur-l'Adour|40,2514,2024,DVF
Pontorson,1531,2024,DVF
Pontorson|50,1531,2024,DVF
Pontpoint,2205,2024,DVF
Pontpoint|60,2205,2024,DVF
Pontrieux,1585,2024,DVF
Pontrieux|22,1585,2024,DVF
Ponts,1945,2024,DVF
Ponts sur Seulles,2449,2024,DVF
Ponts sur Seulles|14,2449,2024,DVF
Ponts-et-Marais,1609,2024,DVF
Ponts-et-Marais|76,1609,2024,DVF
Ponts|50,1945,2024,DVF
Pontvallain,1286,2024,DVF
Pontvallain|72,1286,2024,DVF
Popian,2714,2024,DVF
Popian|34,2714,2024,DVF
Porcaro,1513,2024,DVF
Porcaro|56,1513,2024,DVF
Porcheville,2843,2024,DVF
Porcheville|78,2843,2024,DVF
Porchères,1618,2024,DVF
Porchères|33,1618,2024,DVF
Porcieu-Amblagnieu,2155,2024,DVF
Porcieu-Amblagnieu|38,2155,2024,DVF
Pordic,2575,2024,DVF
Pordic|22,2575,2024,DVF
Pornic,5067,2024,DVF
Pornichet,6194,2024,DVF
Pornichet|44,6194,2024,DVF
Pornic|44,5067,2024,DVF
Porspoder,2913,2024,DVF
Porspoder|29,2913,2024,DVF
Port,2272,2024,DVF
Port-Bail-sur-Mer,2682,2024,DVF
Port-Bail-sur-Mer|50,2682,2024,DVF
Port-Brillet,1522,2024,DVF
Port-Brillet|53,1522,2024,DVF
Port-Jérôme-sur-Seine,1867,2024,DVF
Port-Jérôme-sur-Seine|76,1867,2024,DVF
Port-Launay,1170,2024,DVF
Port-Launay|29,1170,2024,DVF
Port-Louis,3758,2024,DVF
Port-Louis|56,3758,2024,DVF
Port-Mort,2914,2024,DVF
Port-Mort|27,2914,2024,DVF
Port-Saint-Louis-du-Rhône,2527,2024,DVF
Port-Saint-Louis-du-Rhône|13,2527,2024,DVF
Port-Saint-Père,2739,2024,DVF
Port-Saint-Père|44,2739,2024,DVF
Port-Sainte-Foy-et-Ponchapt,1410,2024,DVF
Port-Sainte-Foy-et-Ponchapt|24,1410,2024,DVF
Port-Sainte-Marie,1050,2024,DVF
Port-Sainte-Marie|47,1050,2024,DVF
Port-Vendres,3338,2024,DVF
Port-Vendres|66,3338,2024,DVF
Port-d'Envaux,1718,2024,DVF
Port-d'Envaux|17,1718,2024,DVF
Port-de-Bouc,2808,2024,DVF
Port-de-Bouc|13,2808,2024,DVF
Port-de-Lanne,2669,2024,DVF
Port-de-Lanne|40,2669,2024,DVF
Port-des-Barques,2557,2024,DVF
Port-des-Barques|17,2557,2024,DVF
Port-en-Bessin-Huppain,2624,2024,DVF
Port-en-Bessin-Huppain|14,2624,2024,DVF
Port-la-Nouvelle,2693,2024,DVF
Port-la-Nouvelle|11,2693,2024,DVF
Port-sur-Saône,1280,2024,DVF
Port-sur-Saône|70,1280,2024,DVF
Porte-de-Savoie,3781,2024,DVF
Porte-de-Savoie|73,3781,2024,DVF
Porte-des-Bonnevaux,2336,2024,DVF
Porte-des-Bonnevaux|38,2336,2024,DVF
Portel-des-Corbières,1905,2024,DVF
Portel-des-Corbières|11,1905,2024,DVF
Portes,1710,2024,DVF
Portes-en-Valdaine,2145,2024,DVF
Portes-en-Valdaine|26,2145,2024,DVF
Portes-lès-Valence,2228,2024,DVF
Portes-lès-Valence|26,2228,2024,DVF
Portes|30,1710,2024,DVF
Portet,1461,2024,DVF
Portet-sur-Garonne,2834,2024,DVF
Portet-sur-Garonne|31,2834,2024,DVF
Portets,2410,2024,DVF
Portets|33,2410,2024,DVF
Portet|64,1461,2024,DVF
Portieux,1000,2024,DVF
Portieux|88,1000,2024,DVF
Portiragnes,3382,2024,DVF
Portiragnes|34,3382,2024,DVF
Porto-Vecchio,6394,2024,DVF
Porto-Vecchio|2A,6394,2024,DVF
Ports-sur-Vienne,1162,2024,DVF
Ports-sur-Vienne|37,1162,2024,DVF
Port|01,2272,2024,DVF
Poses,1900,2024,DVF
Poses|27,1900,2024,DVF
Potelières,2232,2024,DVF
Potelières|30,2232,2024,DVF
Potigny,1872,2024,DVF
Potigny|14,1872,2024,DVF
Pouan-les-Vallées,1164,2024,DVF
Pouan-les-Vallées|10,1164,2024,DVF
Poucharramet,2512,2024,DVF
Poucharramet|31,2512,2024,DVF
Poueyferré,2007,2024,DVF
Poueyferré|65,2007,2024,DVF
Pougne-Hérisson,883,2024,DVF
Pougne-Hérisson|79,883,2024,DVF
Pougny,3991,2024,DVF
Pougny|01,3991,2024,DVF
Pougny|58,1077,2024,DVF
Pougues-les-Eaux,1356,2024,DVF
Pougues-les-Eaux|58,1356,2024,DVF
Pouillenay,1477,2024,DVF
Pouillenay|21,1477,2024,DVF
Pouilley-Français,2231,2024,DVF
Pouilley-Français|25,2231,2024,DVF
Pouilley-les-Vignes,2477,2024,DVF
Pouilley-les-Vignes|25,2477,2024,DVF
Pouillon,2098,2024,DVF
Pouillon|40,2098,2024,DVF
Pouilloux,1200,2024,DVF
Pouilloux|71,1200,2024,DVF
Pouilly-en-Auxois,1981,2024,DVF
Pouilly-en-Auxois|21,1981,2024,DVF
Pouilly-les-Nonains,1971,2024,DVF
Pouilly-les-Nonains|42,1971,2024,DVF
Pouilly-lès-Feurs,1937,2024,DVF
Pouilly-lès-Feurs|42,1937,2024,DVF
Pouilly-sous-Charlieu,1554,2024,DVF
Pouilly-sous-Charlieu|42,1554,2024,DVF
Pouilly-sur-Loire,1059,2024,DVF
Pouilly-sur-Loire|58,1059,2024,DVF
Pouilly-sur-Saône,1534,2024,DVF
Pouilly-sur-Saône|21,1534,2024,DVF
Pouillé,1344,2024,DVF
Pouillé-les-Côteaux,1702,2024,DVF
Pouillé-les-Côteaux|44,1702,2024,DVF
Pouillé|41,1344,2024,DVF
Pouillé|85,1442,2024,DVF
Poulaines,1053,2024,DVF
Poulaines|36,1053,2024,DVF
Poulainville,2038,2024,DVF
Poulainville|80,2038,2024,DVF
Poulangy,961,2024,DVF
Poulangy|52,961,2024,DVF
Pouldergat,1655,2024,DVF
Pouldergat|29,1655,2024,DVF
Pouldreuzic,2175,2024,DVF
Pouldreuzic|29,2175,2024,DVF
Poule-les-Écharmeaux,1436,2024,DVF
Poule-les-Écharmeaux|69,1436,2024,DVF
Pouligney-Lusans,1800,2024,DVF
Pouligney-Lusans|25,1800,2024,DVF
Pouligny-Notre-Dame,889,2024,DVF
Pouligny-Notre-Dame|36,889,2024,DVF
Pouligny-Saint-Pierre,1274,2024,DVF
Pouligny-Saint-Pierre|36,1274,2024,DVF
Poullan-sur-Mer,2486,2024,DVF
Poullan-sur-Mer|29,2486,2024,DVF
Poullaouen,1169,2024,DVF
Poullaouen|29,1169,2024,DVF
Poulx,3756,2024,DVF
Poulx|30,3756,2024,DVF
Pourcieux,3451,2024,DVF
Pourcieux|83,3451,2024,DVF
Pourrain,1255,2024,DVF
Pourrain|89,1255,2024,DVF
Pourrières,3670,2024,DVF
Pourrières|83,3670,2024,DVF
Pouru-Saint-Remy,987,2024,DVF
Pouru-Saint-Remy|08,987,2024,DVF
Poussan,3050,2024,DVF
Poussan|34,3050,2024,DVF
Poussay,1548,2024,DVF
Poussay|88,1548,2024,DVF
Pouxeux,1657,2024,DVF
Pouxeux|88,1657,2024,DVF
Pouyastruc,1731,2024,DVF
Pouyastruc|65,1731,2024,DVF
Pouzac,1979,2024,DVF
Pouzac|65,1979,2024,DVF
Pouzauges,1538,2024,DVF
Pouzauges|85,1538,2024,DVF
Pouzay,1289,2024,DVF
Pouzay|37,1289,2024,DVF
Pouzilhac,2492,2024,DVF
Pouzilhac|30,2492,2024,DVF
Pouzolles,2191,2024,DVF
Pouzolles|34,2191,2024,DVF
Pouzols,2531,2024,DVF
Pouzols-Minervois,1717,2024,DVF
Pouzols-Minervois|11,1717,2024,DVF
Pouzols|34,2531,2024,DVF
Pouzy-Mésangy,868,2024,DVF
Pouzy-Mésangy|03,868,2024,DVF
Poyanne,1128,2024,DVF
Poyanne|40,1128,2024,DVF
Pradelles,1585,2024,DVF
Pradelles|43,1585,2024,DVF
Prades,1785,2024,DVF
Prades-Salars,1238,2024,DVF
Prades-Salars|12,1238,2024,DVF
Prades-d'Aubrac,1176,2024,DVF
Prades-d'Aubrac|12,1176,2024,DVF
Prades-le-Lez,3968,2024,DVF
Prades-le-Lez|34,3968,2024,DVF
Prades|07,2236,2024,DVF
Prades|66,1785,2024,DVF
Pradines,1853,2024,DVF
Pradines|46,1853,2024,DVF
Pradons,3078,2024,DVF
Pradons|07,3078,2024,DVF
Prahecq,1922,2024,DVF
Prahecq|79,1922,2024,DVF
Prailles-La Couarde,1352,2024,DVF
Prailles-La Couarde|79,1352,2024,DVF
Pralognan-la-Vanoise,4909,2024,DVF
Pralognan-la-Vanoise|73,4909,2024,DVF
Pranzac,1604,2024,DVF
Pranzac|16,1604,2024,DVF
Prasville,1256,2024,DVF
Prasville|28,1256,2024,DVF
Prat,1473,2024,DVF
Prat-Bonrepaux,1214,2024,DVF
Prat-Bonrepaux|09,1214,2024,DVF
Prats-de-Mollo-la-Preste,1647,2024,DVF
Prats-de-Mollo-la-Preste|66,1647,2024,DVF
Prat|22,1473,2024,DVF
Prayssac,1834,2024,DVF
Prayssac|46,1834,2024,DVF
Prayssas,2084,2024,DVF
Prayssas|47,2084,2024,DVF
Praz-sur-Arly,5735,2024,DVF
Praz-sur-Arly|74,5735,2024,DVF
Preignac,1576,2024,DVF
Preignac|33,1576,2024,DVF
Preignan,1813,2024,DVF
Preignan|32,1813,2024,DVF
Preixan,1415,2024,DVF
Preixan|11,1415,2024,DVF
Premeaux-Prissey,2393,2024,DVF
Premeaux-Prissey|21,2393,2024,DVF
Prenois,2593,2024,DVF
Prenois|21,2593,2024,DVF
Presles,3718,2024,DVF
Presles-en-Brie,3728,2024,DVF
Presles-en-Brie|77,3728,2024,DVF
Presles-et-Boves,1793,2024,DVF
Presles-et-Boves|02,1793,2024,DVF
Presles-et-Thierny,1367,2024,DVF
Presles-et-Thierny|02,1367,2024,DVF
Presles|95,3718,2024,DVF
Pressac,2550,2024,DVF
Pressac|86,2550,2024,DVF
Pressagny-l'Orgueilleux,2089,2024,DVF
Pressagny-l'Orgueilleux|27,2089,2024,DVF
Pressignac,919,2024,DVF
Pressignac-Vicq,1526,2024,DVF
Pressignac-Vicq|24,1526,2024,DVF
Pressignac|16,919,2024,DVF
Pressins,2166,2024,DVF
Pressins|38,2166,2024,DVF
Preuilly-sur-Claise,823,2024,DVF
Preuilly-sur-Claise|37,823,2024,DVF
Preures,1266,2024,DVF
Preures|62,1266,2024,DVF
Preux-au-Bois,1131,2024,DVF
Preux-au-Bois|59,1131,2024,DVF
Prey,2368,2024,DVF
Prey|27,2368,2024,DVF
Prez-sous-Lafauche,875,2024,DVF
Prez-sous-Lafauche|52,875,2024,DVF
Priay,2198,2024,DVF
Priay|01,2198,2024,DVF
Prignac,1180,2024,DVF
Prignac-et-Marcamps,2520,2024,DVF
Prignac-et-Marcamps|33,2520,2024,DVF
Prignac|17,1180,2024,DVF
Prigonrieux,1830,2024,DVF
Prigonrieux|24,1830,2024,DVF
Primarette,2286,2024,DVF
Primarette|38,2286,2024,DVF
Primelin,2501,2024,DVF
Primelin|29,2501,2024,DVF
Primelles,821,2024,DVF
Primelles|18,821,2024,DVF
Prin-Deyrançon,1870,2024,DVF
Prin-Deyrançon|79,1870,2024,DVF
Princé,1160,2024,DVF
Princé|35,1160,2024,DVF
Pringy,3256,2024,DVF
Pringy|77,3256,2024,DVF
Prinquiau,2523,2024,DVF
Prinquiau|44,2523,2024,DVF
Prisches,940,2024,DVF
Prisches|59,940,2024,DVF
Prissé,2048,2024,DVF
Prissé|71,2048,2024,DVF
Privas,1655,2024,DVF
Privas|07,1655,2024,DVF
Prix-lès-Mézières,1911,2024,DVF
Prix-lès-Mézières|08,1911,2024,DVF
Priziac,1428,2024,DVF
Priziac|56,1428,2024,DVF
Proissans,3047,2024,DVF
Proissans|24,3047,2024,DVF
Promilhanes,1654,2024,DVF
Promilhanes|46,1654,2024,DVF
Prompsat,1856,2024,DVF
Prompsat|63,1856,2024,DVF
Prondines,1056,2024,DVF
Prondines|63,1056,2024,DVF
Propriano,3876,2024,DVF
Propriano|2A,3876,2024,DVF
Prouilly,2076,2024,DVF
Prouilly|51,2076,2024,DVF
Prouvy,1654,2024,DVF
Prouvy|59,1654,2024,DVF
Provenchères-et-Colroy,1445,2024,DVF
Provenchères-et-Colroy|88,1445,2024,DVF
Proville,1691,2024,DVF
Proville|59,1691,2024,DVF
Provin,2194,2024,DVF
Provins,2049,2024,DVF
Provins|77,2049,2024,DVF
Provin|59,2194,2024,DVF
Proyart,1499,2024,DVF
Proyart|80,1499,2024,DVF
Pruillé-l'Éguillé,1365,2024,DVF
Pruillé-l'Éguillé|72,1365,2024,DVF
Pruillé-le-Chétif,1822,2024,DVF
Pruillé-le-Chétif|72,1822,2024,DVF
Prunay-Cassereau,1512,2024,DVF
Prunay-Cassereau|41,1512,2024,DVF
Prunay-en-Yvelines,2582,2024,DVF
Prunay-en-Yvelines|78,2582,2024,DVF
Prunay-le-Gillon,1789,2024,DVF
Prunay-le-Gillon|28,1789,2024,DVF
Prunelli-di-Fiumorbo,2916,2024,DVF
Prunelli-di-Fiumorbo|2B,2916,2024,DVF
Pruniers,849,2024,DVF
Pruniers-en-Sologne,1629,2024,DVF
Pruniers-en-Sologne|41,1629,2024,DVF
Pruniers|36,849,2024,DVF
Prunières,4296,2024,DVF
Prunières|05,4296,2024,DVF
Pré-en-Pail-Saint-Samson,1032,2024,DVF
Pré-en-Pail-Saint-Samson|53,1032,2024,DVF
Préaux,2294,2024,DVF
Préaux|07,2133,2024,DVF
Préaux|76,2294,2024,DVF
Préchac,1429,2024,DVF
Préchacq-les-Bains,2285,2024,DVF
Préchacq-les-Bains|40,2285,2024,DVF
Préchac|33,1429,2024,DVF
Précieux,1961,2024,DVF
Précieux|42,1961,2024,DVF
Précigné,1872,2024,DVF
Précigné|72,1872,2024,DVF
Précilhon,1619,2024,DVF
Précilhon|64,1619,2024,DVF
Précy,875,2024,DVF
Précy-le-Sec,1143,2024,DVF
Précy-le-Sec|89,1143,2024,DVF
Précy-sous-Thil,1154,2024,DVF
Précy-sous-Thil|21,1154,2024,DVF
Précy-sur-Marne,2812,2024,DVF
Précy-sur-Marne|77,2812,2024,DVF
Précy-sur-Oise,2732,2024,DVF
Précy-sur-Oise|60,2732,2024,DVF
Précy|18,875,2024,DVF
Prée-d'Anjou,1192,2024,DVF
Prée-d'Anjou|53,1192,2024,DVF
Préfailles,5811,2024,DVF
Préfailles|44,5811,2024,DVF
Préhy,1954,2024,DVF
Préhy|89,1954,2024,DVF
Prémanon,3689,2024,DVF
Prémanon|39,3689,2024,DVF
Prémery,860,2024,DVF
Prémery|58,860,2024,DVF
Prémesques,2899,2024,DVF
Prémesques|59,2899,2024,DVF
Prémian,1524,2024,DVF
Prémian|34,1524,2024,DVF
Prémilhat,1489,2024,DVF
Prémilhat|03,1489,2024,DVF
Prémontré,1290,2024,DVF
Prémontré|02,1290,2024,DVF
Prény,1399,2024,DVF
Prény|54,1399,2024,DVF
Préporché,1071,2024,DVF
Préporché|58,1071,2024,DVF
Préseau,1757,2024,DVF
Préseau|59,1757,2024,DVF
Préserville,3787,2024,DVF
Préserville|31,3787,2024,DVF
Présilly,4495,2024,DVF
Présilly|74,4495,2024,DVF
Préval,1791,2024,DVF
Préval|72,1791,2024,DVF
Préveranges,903,2024,DVF
Préveranges|18,903,2024,DVF
Prévessin-Moëns,5391,2024,DVF
Prévessin-Moëns|01,5391,2024,DVF
Publier,4755,2024,DVF
Publier|74,4755,2024,DVF
Puceul,2092,2024,DVF
Puceul|44,2092,2024,DVF
Puch-d'Agenais,1835,2024,DVF
Puch-d'Agenais|47,1835,2024,DVF
Puchay,1848,2024,DVF
Puchay|27,1848,2024,DVF
Puchevillers,1197,2024,DVF
Puchevillers|80,1197,2024,DVF
Puget,3717,2024,DVF
Puget-Théniers,1753,2024,DVF
Puget-Théniers|06,1753,2024,DVF
Puget-Ville,3257,2024,DVF
Puget-Ville|83,3257,2024,DVF
Puget-sur-Argens,3767,2024,DVF
Puget-sur-Argens|83,3767,2024,DVF
Puget|84,3717,2024,DVF
Pugey,2030,2024,DVF
Pugey|25,2030,2024,DVF
Pugnac,2059,2024,DVF
Pugnac|33,2059,2024,DVF
Pugny-Chatenod,4725,2024,DVF
Pugny-Chatenod|73,4725,2024,DVF
Puichéric,1358,2024,DVF
Puichéric|11,1358,2024,DVF
Puilaurens,1121,2024,DVF
Puilaurens|11,1121,2024,DVF
Puilboreau,3545,2024,DVF
Puilboreau|17,3545,2024,DVF
Puilly-et-Charbeaux,1139,2024,DVF
Puilly-et-Charbeaux|08,1139,2024,DVF
Puimisson,2422,2024,DVF
Puimisson|34,2422,2024,DVF
Puimoisson,2502,2024,DVF
Puimoisson|04,2502,2024,DVF
Puiseaux,1763,2024,DVF
Puiseaux|45,1763,2024,DVF
Puiseux-en-Bray,1984,2024,DVF
Puiseux-en-Bray|60,1984,2024,DVF
Puiseux-en-France,3477,2024,DVF
Puiseux-en-France|95,3477,2024,DVF
Puiseux-le-Hauberger,3163,2024,DVF
Puiseux-le-Hauberger|60,3163,2024,DVF
Puisieux,1282,2024,DVF
Puisieux|62,1282,2024,DVF
Puissalicon,2374,2024,DVF
Puissalicon|34,2374,2024,DVF
Puisseguin,1453,2024,DVF
Puisseguin|33,1453,2024,DVF
Puisserguier,1684,2024,DVF
Puisserguier|34,1684,2024,DVF
Puivert,1280,2024,DVF
Puivert|11,1280,2024,DVF
Pujaudran,2369,2024,DVF
Pujaudran|32,2369,2024,DVF
Pujaut,3513,2024,DVF
Pujaut|30,3513,2024,DVF
Pujols,1956,2024,DVF
Pujols-sur-Ciron,1944,2024,DVF
Pujols-sur-Ciron|33,1944,2024,DVF
Pujols|33,1500,2024,DVF
Pujols|47,1956,2024,DVF
Puligny-Montrachet,2106,2024,DVF
Puligny-Montrachet|21,2106,2024,DVF
Pullay,1869,2024,DVF
Pullay|27,1869,2024,DVF
Pulligny,1923,2024,DVF
Pulligny|54,1923,2024,DVF
Pulnoy,2230,2024,DVF
Pulnoy|54,2230,2024,DVF
Pusey,1900,2024,DVF
Pusey|70,1900,2024,DVF
Pusignan,3744,2024,DVF
Pusignan|69,3744,2024,DVF
Pussay,2078,2024,DVF
Pussay|91,2078,2024,DVF
Pusy-et-Épenoux,1366,2024,DVF
Pusy-et-Épenoux|70,1366,2024,DVF
Putanges-le-Lac,1394,2024,DVF
Putanges-le-Lac|61,1394,2024,DVF
Puteaux,6936,2024,DVF
Puteaux|92,6936,2024,DVF
Puy-Guillaume,1267,2024,DVF
Puy-Guillaume|63,1267,2024,DVF
Puy-Saint-Martin,2460,2024,DVF
Puy-Saint-Martin|26,2460,2024,DVF
Puy-Saint-Pierre,6600,2024,DVF
Puy-Saint-Pierre|05,6600,2024,DVF
Puy-Saint-Vincent,2695,2024,DVF
Puy-Saint-Vincent|05,2695,2024,DVF
Puy-d'Arnac,1468,2024,DVF
Puy-d'Arnac|19,1468,2024,DVF
Puy-de-Serre,997,2024,DVF
Puy-de-Serre|85,997,2024,DVF
Puy-du-Lac,1617,2024,DVF
Puy-du-Lac|17,1617,2024,DVF
Puy-l'Évêque,1710,2024,DVF
Puy-l'Évêque|46,1710,2024,DVF
Puybrun,1585,2024,DVF
Puybrun|46,1585,2024,DVF
Puycapel,1059,2024,DVF
Puycapel|15,1059,2024,DVF
Puycasquier,1765,2024,DVF
Puycasquier|32,1765,2024,DVF
Puycelsi,2103,2024,DVF
Puycelsi|81,2103,2024,DVF
Puycornet,1234,2024,DVF
Puycornet|82,1234,2024,DVF
Puydaniel,2512,2024,DVF
Puydaniel|31,2512,2024,DVF
Puygouzon,2253,2024,DVF
Puygouzon|81,2253,2024,DVF
Puylaroque,1783,2024,DVF
Puylaroque|82,1783,2024,DVF
Puylaurens,1746,2024,DVF
Puylaurens|81,1746,2024,DVF
Puyloubier,4121,2024,DVF
Puyloubier|13,4121,2024,DVF
Puymaurin,1168,2024,DVF
Puymaurin|31,1168,2024,DVF
Puymirol,1386,2024,DVF
Puymirol|47,1386,2024,DVF
Puymoyen,1883,2024,DVF
Puymoyen|16,1883,2024,DVF
Puyméras,4181,2024,DVF
Puyméras|84,4181,2024,DVF
Puyoô,1845,2024,DVF
Puyoô|64,1845,2024,DVF
Puyravault,1864,2024,DVF
Puyravault|85,1864,2024,DVF
Puyvalador,3493,2024,DVF
Puyvalador|66,3493,2024,DVF
Puyvert,3998,2024,DVF
Puyvert|84,3998,2024,DVF
Puéchabon,2021,2024,DVF
Puéchabon|34,2021,2024,DVF
Péaule,2071,2024,DVF
Péaule|56,2071,2024,DVF
Péault,1582,2024,DVF
Péault|85,1582,2024,DVF
Péchabou,3307,2024,DVF
Péchabou|31,3307,2024,DVF
Pécy,2338,2024,DVF
Pécy|77,2338,2024,DVF
Pédernec,1618,2024,DVF
Pédernec|22,1618,2024,DVF
Pégairolles-de-l'Escalette,1457,2024,DVF
Pégairolles-de-l'Escalette|34,1457,2024,DVF
Pégomas,4865,2024,DVF
Pégomas|06,4865,2024,DVF
Pélissanne,3809,2024,DVF
Pélissanne|13,3809,2024,DVF
Pélussin,2301,2024,DVF
Pélussin|42,2301,2024,DVF
Pénestin,3614,2024,DVF
Pénestin|56,3614,2024,DVF
Péone,4763,2024,DVF
Péone|06,4763,2024,DVF
Pépieux,1427,2024,DVF
Pépieux|11,1427,2024,DVF
Pérassay,813,2024,DVF
Pérassay|36,813,2024,DVF
Pérenchies,2616,2024,DVF
Pérenchies|59,2616,2024,DVF
Péret,2100,2024,DVF
Péret|34,2100,2024,DVF
Périers,1341,2024,DVF
Périers-sur-le-Dan,3166,2024,DVF
Périers-sur-le-Dan|14,3166,2024,DVF
Périers|50,1341,2024,DVF
Pérignac,1269,2024,DVF
Pérignac|17,1269,2024,DVF
Pérignat-lès-Sarliève,2515,2024,DVF
Pérignat-lès-Sarliève|63,2515,2024,DVF
Pérignat-sur-Allier,2411,2024,DVF
Pérignat-sur-Allier|63,2411,2024,DVF
Périgneux,2027,2024,DVF
Périgneux|42,2027,2024,DVF
Périgny,3867,2024,DVF
Périgny|17,3867,2024,DVF
Périgny|94,3346,2024,DVF
Périgné,1053,2024,DVF
Périgné|79,1053,2024,DVF
Périgueux,1943,2024,DVF
Périgueux|24,1943,2024,DVF
Périssac,3205,2024,DVF
Périssac|33,3205,2024,DVF
Pérols,4514,2024,DVF
Pérols|34,4514,2024,DVF
Péron,4132,2024,DVF
Péronnas,2253,2024,DVF
Péronnas|01,2253,2024,DVF
Péronne,1388,2024,DVF
Péronne-en-Mélantois,4047,2024,DVF
Péronne-en-Mélantois|59,4047,2024,DVF
Péronne|71,2283,2024,DVF
Péronne|80,1388,2024,DVF
Péronville,1048,2024,DVF
Péronville|28,1048,2024,DVF
Péron|01,4132,2024,DVF
Pérouges,3117,2024,DVF
Pérouges|01,3117,2024,DVF
Pérouse,1749,2024,DVF
Pérouse|90,1749,2024,DVF
Péroy-les-Gombries,2712,2024,DVF
Péroy-les-Gombries|60,2712,2024,DVF
Pézenas,2479,2024,DVF
Pézenas|34,2479,2024,DVF
Pézilla-la-Rivière,2141,2024,DVF
Pézilla-la-Rivière|66,2141,2024,DVF
Pézènes-les-Mines,1089,2024,DVF
Pézènes-les-Mines|34,1089,2024,DVF
Pîtres,1890,2024,DVF
Pîtres|27,1890,2024,DVF
Quaix-en-Chartreuse,3757,2024,DVF
Quaix-en-Chartreuse|38,3757,2024,DVF
Quarante,1495,2024,DVF
Quarante|34,1495,2024,DVF
Quarouble,1678,2024,DVF
Quarouble|59,1678,2024,DVF
Quarré-les-Tombes,1130,2024,DVF
Quarré-les-Tombes|89,1130,2024,DVF
Quaëdypre,1961,2024,DVF
Quaëdypre|59,1961,2024,DVF
Queaux,1171,2024,DVF
Queaux|86,1171,2024,DVF
Queige,3267,2024,DVF
Queige|73,3267,2024,DVF
Quelaines-Saint-Gault,1474,2024,DVF
Quelaines-Saint-Gault|53,1474,2024,DVF
Quemper-Guézennec,1815,2024,DVF
Quemper-Guézennec|22,1815,2024,DVF
Quend,3141,2024,DVF
Quend|80,3141,2024,DVF
Quenoche,1418,2024,DVF
Quenoche|70,1418,2024,DVF
Quercamps,1514,2024,DVF
Quercamps|62,1514,2024,DVF
Querrien,1834,2024,DVF
Querrien|29,1834,2024,DVF
Quesnoy-le-Montant,1536,2024,DVF
Quesnoy-le-Montant|80,1536,2024,DVF
Quesnoy-sur-Airaines,1169,2024,DVF
Quesnoy-sur-Airaines|80,1169,2024,DVF
Quesnoy-sur-Deûle,2783,2024,DVF
Quesnoy-sur-Deûle|59,2783,2024,DVF
Quesques,1487,2024,DVF
Quesques|62,1487,2024,DVF
Quessoy,1985,2024,DVF
Quessoy|22,1985,2024,DVF
Questembert,2392,2024,DVF
Questembert|56,2392,2024,DVF
Quetigny,2491,2024,DVF
Quetigny|21,2491,2024,DVF
Quettehou,2309,2024,DVF
Quettehou|50,2309,2024,DVF
Quettreville-sur-Sienne,1816,2024,DVF
Quettreville-sur-Sienne|50,1816,2024,DVF
Quevauvillers,2462,2024,DVF
Quevauvillers|80,2462,2024,DVF
Queyrac,1799,2024,DVF
Queyrac|33,1799,2024,DVF
Queyrières,1603,2024,DVF
Queyrières|43,1603,2024,DVF
Queyssac,3390,2024,DVF
Queyssac|24,3390,2024,DVF
Quiberon,5432,2024,DVF
Quiberon|56,5432,2024,DVF
Quiberville-sur-Mer,4356,2024,DVF
Quiberville-sur-Mer|76,4356,2024,DVF
Quibou,1495,2024,DVF
Quibou|50,1495,2024,DVF
Quiers-sur-Bezonde,1357,2024,DVF
Quiers-sur-Bezonde|45,1357,2024,DVF
Quierzy,1348,2024,DVF
Quierzy|02,1348,2024,DVF
Quiestède,1834,2024,DVF
Quiestède|62,1834,2024,DVF
Quillan,1344,2024,DVF
Quillan|11,1344,2024,DVF
Quillebeuf-sur-Seine,1413,2024,DVF
Quillebeuf-sur-Seine|27,1413,2024,DVF
Quilly,2267,2024,DVF
Quilly|44,2267,2024,DVF
Quimper,2247,2024,DVF
Quimperlé,2123,2024,DVF
Quimperlé|29,2123,2024,DVF
Quimper|29,2247,2024,DVF
Quincampoix,3005,2024,DVF
Quincampoix|76,3005,2024,DVF
Quincey,2486,2024,DVF
Quincey|21,2486,2024,DVF
Quincey|70,1203,2024,DVF
Quincieux,3313,2024,DVF
Quincieux|69,3313,2024,DVF
Quincié-en-Beaujolais,2107,2024,DVF
Quincié-en-Beaujolais|69,2107,2024,DVF
Quincy,1182,2024,DVF
Quincy-Voisins,3176,2024,DVF
Quincy-Voisins|77,3176,2024,DVF
Quincy-sous-Sénart,3383,2024,DVF
Quincy-sous-Sénart|91,3383,2024,DVF
Quincy|18,1182,2024,DVF
Quingey,1942,2024,DVF
Quingey|25,1942,2024,DVF
Quinsac,3391,2024,DVF
Quinsac|33,3391,2024,DVF
Quinson,2862,2024,DVF
Quinson|04,2862,2024,DVF
Quinssaines,1645,2024,DVF
Quinssaines|03,1645,2024,DVF
Quint-Fonsegrives,3771,2024,DVF
Quint-Fonsegrives|31,3771,2024,DVF
Quintenas,2256,2024,DVF
Quintenas|07,2256,2024,DVF
Quintenic,1986,2024,DVF
Quintenic|22,1986,2024,DVF
Quintin,2102,2024,DVF
Quintin|22,2102,2024,DVF
Quinçay,1941,2024,DVF
Quinçay|86,1941,2024,DVF
Quinéville,2905,2024,DVF
Quinéville|50,2905,2024,DVF
Quissac,2671,2024,DVF
Quissac|30,2671,2024,DVF
Quistinic,1720,2024,DVF
Quistinic|56,1720,2024,DVF
Quittebeuf,1765,2024,DVF
Quittebeuf|27,1765,2024,DVF
Quiévrechain,1231,2024,DVF
Quiévrechain|59,1231,2024,DVF
Quiévy,1213,2024,DVF
Quiévy|59,1213,2024,DVF
Quéant,1593,2024,DVF
Quéant|62,1593,2024,DVF
Québriac,1964,2024,DVF
Québriac|35,1964,2024,DVF
Quédillac,1630,2024,DVF
Quédillac|35,1630,2024,DVF
Quéménéven,1455,2024,DVF
Quéménéven|29,1455,2024,DVF
Quérigut,1602,2024,DVF
Quérigut|09,1602,2024,DVF
Quérénaing,1531,2024,DVF
Quérénaing|59,1531,2024,DVF
Quéven,2725,2024,DVF
Quéven|56,2725,2024,DVF
Quévert,2287,2024,DVF
Quévert|22,2287,2024,DVF
Quévreville-la-Poterie,1952,2024,DVF
Quévreville-la-Poterie|76,1952,2024,DVF
Rabastens,2059,2024,DVF
Rabastens-de-Bigorre,1334,2024,DVF
Rabastens-de-Bigorre|65,1334,2024,DVF
Rabastens|81,2059,2024,DVF
Rabat-les-Trois-Seigneurs,1540,2024,DVF
Rabat-les-Trois-Seigneurs|09,1540,2024,DVF
Racquinghem,1761,2024,DVF
Racquinghem|62,1761,2024,DVF
Raddon-et-Chapendu,1286,2024,DVF
Raddon-et-Chapendu|70,1286,2024,DVF
Radenac,1370,2024,DVF
Radenac|56,1370,2024,DVF
Radepont,1591,2024,DVF
Radepont|27,1591,2024,DVF
Radinghem-en-Weppes,3339,2024,DVF
Radinghem-en-Weppes|59,3339,2024,DVF
Radonvilliers,1515,2024,DVF
Radonvilliers|10,1515,2024,DVF
Raffetot,1867,2024,DVF
Raffetot|76,1867,2024,DVF
Rahon,1340,2024,DVF
Rahon|39,1340,2024,DVF
Rai,1284,2024,DVF
Raillencourt-Sainte-Olle,1801,2024,DVF
Raillencourt-Sainte-Olle|59,1801,2024,DVF
Raimbeaucourt,1848,2024,DVF
Raimbeaucourt|59,1848,2024,DVF
Raincheval,1309,2024,DVF
Raincheval|80,1309,2024,DVF
Rainneville,2420,2024,DVF
Rainneville|80,2420,2024,DVF
Rainvillers,1898,2024,DVF
Rainvillers|60,1898,2024,DVF
Raismes,1402,2024,DVF
Raismes|59,1402,2024,DVF
Raizeux,3323,2024,DVF
Raizeux|78,3323,2024,DVF
Rai|61,1284,2024,DVF
Ramasse,1734,2024,DVF
Ramasse|01,1734,2024,DVF
Ramatuelle,10472,2024,DVF
Ramatuelle|83,10472,2024,DVF
Rambervillers,1053,2024,DVF
Rambervillers|88,1053,2024,DVF
Rambouillet,3869,2024,DVF
Rambouillet|78,3869,2024,DVF
Ramecourt,1185,2024,DVF
Ramecourt|62,1185,2024,DVF
Ramerupt,948,2024,DVF
Ramerupt|10,948,2024,DVF
Ramillies,1446,2024,DVF
Ramillies|59,1446,2024,DVF
Ramonchamp,1387,2024,DVF
Ramonchamp|88,1387,2024,DVF
Ramonville-Saint-Agne,2956,2024,DVF
Ramonville-Saint-Agne|31,2956,2024,DVF
Rancennes,1608,2024,DVF
Rancennes|08,1608,2024,DVF
Ranchal,1430,2024,DVF
Ranchal|69,1430,2024,DVF
Ranchot,2283,2024,DVF
Ranchot|39,2283,2024,DVF
Rancon,878,2024,DVF
Rancon|87,878,2024,DVF
Rancé,2854,2024,DVF
Rancé|01,2854,2024,DVF
Randan,1155,2024,DVF
Randan|63,1155,2024,DVF
Rang-du-Fliers,2320,2024,DVF
Rang-du-Fliers|62,2320,2024,DVF
Rannée,1206,2024,DVF
Rannée|35,1206,2024,DVF
Rans,1670,2024,DVF
Rans|39,1670,2024,DVF
Rantigny,2144,2024,DVF
Rantigny|60,2144,2024,DVF
Ranton,1099,2024,DVF
Ranton|86,1099,2024,DVF
Ranville,2841,2024,DVF
Ranville|14,2841,2024,DVF
Raon-aux-Bois,1614,2024,DVF
Raon-aux-Bois|88,1614,2024,DVF
Raon-l'Étape,1184,2024,DVF
Raon-l'Étape|88,1184,2024,DVF
Rasteau,2525,2024,DVF
Rasteau|84,2525,2024,DVF
Ratenelle,1686,2024,DVF
Ratenelle|71,1686,2024,DVF
Ratte,1574,2024,DVF
Ratte|71,1574,2024,DVF
Raucoules,1836,2024,DVF
Raucoules|43,1836,2024,DVF
Raucourt-et-Flaba,1165,2024,DVF
Raucourt-et-Flaba|08,1165,2024,DVF
Rauville-la-Bigot,1960,2024,DVF
Rauville-la-Bigot|50,1960,2024,DVF
Rauville-la-Place,1673,2024,DVF
Rauville-la-Place|50,1673,2024,DVF
Rauzan,1898,2024,DVF
Rauzan|33,1898,2024,DVF
Ravenel,1650,2024,DVF
Ravenel|60,1650,2024,DVF
Raves,2004,2024,DVF
Raves|88,2004,2024,DVF
Ravières,726,2024,DVF
Ravières|89,726,2024,DVF
Rayol-Canadel-sur-Mer,10106,2024,DVF
Rayol-Canadel-sur-Mer|83,10106,2024,DVF
Razac-sur-l'Isle,1792,2024,DVF
Razac-sur-l'Isle|24,1792,2024,DVF
Raze,1279,2024,DVF
Raze|70,1279,2024,DVF
Razès,1059,2024,DVF
Razès|87,1059,2024,DVF
Rebais,1892,2024,DVF
Rebais|77,1892,2024,DVF
Rebigue,4866,2024,DVF
Rebigue|31,4866,2024,DVF
Rebourguil,1130,2024,DVF
Rebourguil|12,1130,2024,DVF
Rebreuve-Ranchicourt,1813,2024,DVF
Rebreuve-Ranchicourt|62,1813,2024,DVF
Rebréchien,2008,2024,DVF
Rebréchien|45,2008,2024,DVF
Recloses,2564,2024,DVF
Recloses|77,2564,2024,DVF
Recologne,1484,2024,DVF
Recologne|25,1484,2024,DVF
Recques-sur-Hem,1913,2024,DVF
Recques-sur-Hem|62,1913,2024,DVF
Recquignies,1144,2024,DVF
Recquignies|59,1144,2024,DVF
Recy,2162,2024,DVF
Recy|51,2162,2024,DVF
Redessan,2718,2024,DVF
Redessan|30,2718,2024,DVF
Redon,2120,2024,DVF
Redon|35,2120,2024,DVF
Reffannes,970,2024,DVF
Reffannes|79,970,2024,DVF
Reffuveille,1185,2024,DVF
Reffuveille|50,1185,2024,DVF
Regnéville-sur-Mer,3325,2024,DVF
Regnéville-sur-Mer|50,3325,2024,DVF
Reignac,1369,2024,DVF
Reignac-sur-Indre,1874,2024,DVF
Reignac-sur-Indre|37,1874,2024,DVF
Reignac|16,1222,2024,DVF
Reignac|33,1369,2024,DVF
Reignier-Ésery,4230,2024,DVF
Reignier-Ésery|74,4230,2024,DVF
Reigny,1169,2024,DVF
Reigny|18,1169,2024,DVF
Reilhac,1214,2024,DVF
Reilhac|15,1214,2024,DVF
Reillanne,2715,2024,DVF
Reillanne|04,2715,2024,DVF
Reims,2698,2024,DVF
Reims|51,2698,2024,DVF
Remaucourt,1077,2024,DVF
Remaucourt|02,1077,2024,DVF
Remies,1273,2024,DVF
Remies|02,1273,2024,DVF
Remilly Les Marais,1473,2024,DVF
Remilly Les Marais|50,1473,2024,DVF
Remilly-Aillicourt,957,2024,DVF
Remilly-Aillicourt|08,957,2024,DVF
Remilly-sur-Tille,2696,2024,DVF
Remilly-sur-Tille|21,2696,2024,DVF
Remiremont,1535,2024,DVF
Remiremont|88,1535,2024,DVF
Remollon,2063,2024,DVF
Remollon|05,2063,2024,DVF
Remomeix,1571,2024,DVF
Remomeix|88,1571,2024,DVF
Remoncourt,817,2024,DVF
Remoncourt|88,817,2024,DVF
Remouillé,2888,2024,DVF
Remouillé|44,2888,2024,DVF
Remoulins,2286,2024,DVF
Remoulins|30,2286,2024,DVF
Remy,2292,2024,DVF
Remy|60,2292,2024,DVF
Renac,1248,2024,DVF
Renac|35,1248,2024,DVF
Renage,1850,2024,DVF
Renage|38,1850,2024,DVF
Renaison,1900,2024,DVF
Renaison|42,1900,2024,DVF
Renay,843,2024,DVF
Renay|41,843,2024,DVF
Renazé,1057,2024,DVF
Renazé|53,1057,2024,DVF
Renescure,1815,2024,DVF
Renescure|59,1815,2024,DVF
Rennes,3831,2024,DVF
Rennes-les-Bains,1198,2024,DVF
Rennes-les-Bains|11,1198,2024,DVF
Rennes|35,3831,2024,DVF
Renung,1732,2024,DVF
Renung|40,1732,2024,DVF
Renwez,1480,2024,DVF
Renwez|08,1480,2024,DVF
René,751,2024,DVF
René|72,751,2024,DVF
Replonges,2211,2024,DVF
Replonges|01,2211,2024,DVF
Requeil,1151,2024,DVF
Requeil|72,1151,2024,DVF
Resson,930,2024,DVF
Ressons-le-Long,1547,2024,DVF
Ressons-le-Long|02,1547,2024,DVF
Ressons-sur-Matz,1985,2024,DVF
Ressons-sur-Matz|60,1985,2024,DVF
Resson|55,930,2024,DVF
Restigné,2155,2024,DVF
Restigné|37,2155,2024,DVF
Restinclières,3829,2024,DVF
Restinclières|34,3829,2024,DVF
Rethel,1644,2024,DVF
Rethel|08,1644,2024,DVF
Rethonvillers,1673,2024,DVF
Rethonvillers|80,1673,2024,DVF
Retiers,1905,2024,DVF
Retiers|35,1905,2024,DVF
Retournac,1462,2024,DVF
Retournac|43,1462,2024,DVF
Rety,1622,2024,DVF
Rety|62,1622,2024,DVF
Reugny,2071,2024,DVF
Reugny|37,2071,2024,DVF
Reuil-en-Brie,2552,2024,DVF
Reuil-en-Brie|77,2552,2024,DVF
Reuilly,945,2024,DVF
Reuilly|27,1843,2024,DVF
Reuilly|36,945,2024,DVF
Revel,1996,2024,DVF
Revel|31,1996,2024,DVF
Revel|38,4572,2024,DVF
Reventin-Vaugris,2496,2024,DVF
Reventin-Vaugris|38,2496,2024,DVF
Revest-du-Bion,1983,2024,DVF
Revest-du-Bion|04,1983,2024,DVF
Revigny-sur-Ornain,1368,2024,DVF
Revigny-sur-Ornain|55,1368,2024,DVF
Revin,1137,2024,DVF
Revin|08,1137,2024,DVF
Revonnas,1979,2024,DVF
Revonnas|01,1979,2024,DVF
Rexpoëde,1938,2024,DVF
Rexpoëde|59,1938,2024,DVF
Reyniès,2279,2024,DVF
Reyniès|82,2279,2024,DVF
Reynès,3636,2024,DVF
Reynès|66,3636,2024,DVF
Reyrieux,3275,2024,DVF
Reyrieux|01,3275,2024,DVF
Reyssouze,1912,2024,DVF
Reyssouze|01,1912,2024,DVF
Reyvroz,2641,2024,DVF
Reyvroz|74,2641,2024,DVF
Rezé,3079,2024,DVF
Rezé|44,3079,2024,DVF
Ria-Sirach,1956,2024,DVF
Ria-Sirach|66,1956,2024,DVF
Riaillé,1647,2024,DVF
Riaillé|44,1647,2024,DVF
Rians,2510,2024,DVF
Rians|18,1214,2024,DVF
Rians|83,2510,2024,DVF
Riantec,2951,2024,DVF
Riantec|56,2951,2024,DVF
Ribaute-les-Tavernes,1931,2024,DVF
Ribaute-les-Tavernes|30,1931,2024,DVF
Ribemont,1075,2024,DVF
Ribemont-sur-Ancre,1370,2024,DVF
Ribemont-sur-Ancre|80,1370,2024,DVF
Ribemont|02,1075,2024,DVF
Ribécourt-Dreslincourt,1913,2024,DVF
Ribécourt-Dreslincourt|60,1913,2024,DVF
Ribécourt-la-Tour,1290,2024,DVF
Ribécourt-la-Tour|59,1290,2024,DVF
Ribérac,1427,2024,DVF
Ribérac|24,1427,2024,DVF
Richardménil,2152,2024,DVF
Richardménil|54,2152,2024,DVF
Richebourg,2205,2024,DVF
Richebourg|62,2205,2024,DVF
Richebourg|78,3007,2024,DVF
Richelieu,1184,2024,DVF
Richelieu|37,1184,2024,DVF
Richerenches,2688,2024,DVF
Richerenches|84,2688,2024,DVF
Richeville,1568,2024,DVF
Richeville|27,1568,2024,DVF
Riec-sur-Bélon,2565,2024,DVF
Riec-sur-Bélon|29,2565,2024,DVF
Riencourt-lès-Cagnicourt,1409,2024,DVF
Riencourt-lès-Cagnicourt|62,1409,2024,DVF
Rieucros,1431,2024,DVF
Rieucros|09,1431,2024,DVF
Rieulay,1507,2024,DVF
Rieulay|59,1507,2024,DVF
Rieumes,1907,2024,DVF
Rieumes|31,1907,2024,DVF
Rieupeyroux,1499,2024,DVF
Rieupeyroux|12,1499,2024,DVF
Rieux,1711,2024,DVF
Rieux-Minervois,1291,2024,DVF
Rieux-Minervois|11,1291,2024,DVF
Rieux-Volvestre,1824,2024,DVF
Rieux-Volvestre|31,1824,2024,DVF
Rieux-de-Pelleport,1745,2024,DVF
Rieux-de-Pelleport|09,1745,2024,DVF
Rieux-en-Cambrésis,1437,2024,DVF
Rieux-en-Cambrésis|59,1437,2024,DVF
Rieux|56,1711,2024,DVF
Rieux|60,2224,2024,DVF
Riez,1893,2024,DVF
Riez|04,1893,2024,DVF
Rigarda,2181,2024,DVF
Rigarda|66,2181,2024,DVF
Rignac,1611,2024,DVF
Rignac|12,1611,2024,DVF
Rigny,1040,2024,DVF
Rigny-Ussé,2050,2024,DVF
Rigny-Ussé|37,2050,2024,DVF
Rigny-le-Ferron,1102,2024,DVF
Rigny-le-Ferron|10,1102,2024,DVF
Rigny-sur-Arroux,825,2024,DVF
Rigny-sur-Arroux|71,825,2024,DVF
Rigny|70,1040,2024,DVF
Rilhac-Lastours,1698,2024,DVF
Rilhac-Lastours|87,1698,2024,DVF
Rilhac-Rancon,1830,2024,DVF
Rilhac-Rancon|87,1830,2024,DVF
Rillieux-la-Pape,3280,2024,DVF
Rillieux-la-Pape|69,3280,2024,DVF
Rilly-la-Montagne,2392,2024,DVF
Rilly-la-Montagne|51,2392,2024,DVF
Rimaucourt,1030,2024,DVF
Rimaucourt|52,1030,2024,DVF
Rimogne,1126,2024,DVF
Rimogne|08,1126,2024,DVF
Rimont,1537,2024,DVF
Rimont|09,1537,2024,DVF
Rimou,1208,2024,DVF
Rimou|35,1208,2024,DVF
Rinxent,1939,2024,DVF
Rinxent|62,1939,2024,DVF
Riols,1574,2024,DVF
Riols|34,1574,2024,DVF
Riom,2149,2024,DVF
Riom-ès-Montagnes,1089,2024,DVF
Riom-ès-Montagnes|15,1089,2024,DVF
Riom|63,2149,2024,DVF
Rion-des-Landes,2040,2024,DVF
Rion-des-Landes|40,2040,2024,DVF
Rions,2385,2024,DVF
Rions|33,2385,2024,DVF
Riorges,1825,2024,DVF
Riorges|42,1825,2024,DVF
Riotord,1601,2024,DVF
Riotord|43,1601,2024,DVF
Rioux,1688,2024,DVF
Rioux-Martin,1113,2024,DVF
Rioux-Martin|16,1113,2024,DVF
Rioux|17,1688,2024,DVF
Rioz,1955,2024,DVF
Rioz|70,1955,2024,DVF
Ris,966,2024,DVF
Ris-Orangis,2511,2024,DVF
Ris-Orangis|91,2511,2024,DVF
Riscle,1331,2024,DVF
Riscle|32,1331,2024,DVF
Risoul,3838,2024,DVF
Risoul|05,3838,2024,DVF
Ris|63,966,2024,DVF
Rivarennes,1473,2024,DVF
Rivarennes|36,662,2024,DVF
Rivarennes|37,1473,2024,DVF
Rive-de-Gier,1890,2024,DVF
Rive-de-Gier|42,1890,2024,DVF
Rivedoux-Plage,7366,2024,DVF
Rivedoux-Plage|17,7366,2024,DVF
Rivery,2191,2024,DVF
Rivery|80,2191,2024,DVF
Rives,2228,2024,DVF
Rives Dervoises,1052,2024,DVF
Rives Dervoises|52,1052,2024,DVF
Rives d'Andaine,1161,2024,DVF
Rives d'Andaine|61,1161,2024,DVF
Rives de l'Yon,1950,2024,DVF
Rives de l'Yon|85,1950,2024,DVF
Rives-d'Autise,1387,2024,DVF
Rives-d'Autise|85,1387,2024,DVF
Rives-du-Couesnon,1892,2024,DVF
Rives-du-Couesnon|35,1892,2024,DVF
Rives-du-Fougerais,1319,2024,DVF
Rives-du-Fougerais|85,1319,2024,DVF
Rives-du-Loir-en-Anjou,2103,2024,DVF
Rives-du-Loir-en-Anjou|49,2103,2024,DVF
Rives-en-Seine,2077,2024,DVF
Rives-en-Seine|76,2077,2024,DVF
Rivesaltes,1917,2024,DVF
Rivesaltes|66,1917,2024,DVF
Rives|38,2228,2024,DVF
Rivière,1906,2024,DVF
Rivière-Saas-et-Gourby,2852,2024,DVF
Rivière-Saas-et-Gourby|40,2852,2024,DVF
Rivière-sur-Tarn,1658,2024,DVF
Rivière-sur-Tarn|12,1658,2024,DVF
Rivières,1685,2024,DVF
Rivières|16,1685,2024,DVF
Rivières|81,2041,2024,DVF
Rivière|37,1638,2024,DVF
Rivière|62,1906,2024,DVF
Roaillan,2520,2024,DVF
Roaillan|33,2520,2024,DVF
Roanne,1458,2024,DVF
Roannes-Saint-Mary,1707,2024,DVF
Roannes-Saint-Mary|15,1707,2024,DVF
Roanne|42,1458,2024,DVF
Robecq,1835,2024,DVF
Robecq|62,1835,2024,DVF
Robert-Espagne,1364,2024,DVF
Robert-Espagne|55,1364,2024,DVF
Robiac-Rochessadoule,1279,2024,DVF
Robiac-Rochessadoule|30,1279,2024,DVF
Robion,3832,2024,DVF
Robion|84,3832,2024,DVF
Rocbaron,3404,2024,DVF
Rocbaron|83,3404,2024,DVF
Roche,3157,2024,DVF
Roche-en-Régnier,1370,2024,DVF
Roche-en-Régnier|43,1370,2024,DVF
Roche-la-Molière,2205,2024,DVF
Roche-la-Molière|42,2205,2024,DVF
Roche-lez-Beaupré,1953,2024,DVF
Roche-lez-Beaupré|25,1953,2024,DVF
Rochebrune,1657,2024,DVF
Rochebrune|05,1657,2024,DVF
Rochechouart,1328,2024,DVF
Rochechouart|87,1328,2024,DVF
Rochecorbon,3659,2024,DVF
Rochecorbon|37,3659,2024,DVF
Rochefort,2405,2024,DVF
Rochefort-Samson,2738,2024,DVF
Rochefort-Samson|26,2738,2024,DVF
Rochefort-du-Gard,3240,2024,DVF
Rochefort-du-Gard|30,3240,2024,DVF
Rochefort-en-Terre,2354,2024,DVF
Rochefort-en-Terre|56,2354,2024,DVF
Rochefort-en-Yvelines,2963,2024,DVF
Rochefort-en-Yvelines|78,2963,2024,DVF
Rochefort-sur-Loire,2293,2024,DVF
Rochefort-sur-Loire|49,2293,2024,DVF
Rochefort-sur-Nenon,1601,2024,DVF
Rochefort-sur-Nenon|39,1601,2024,DVF
Rochefort|17,2405,2024,DVF
Rochegude,3080,2024,DVF
Rochegude|26,3080,2024,DVF
Rochegude|30,2737,2024,DVF
Rochejean,2706,2024,DVF
Rochejean|25,2706,2024,DVF
Rochemaure,2190,2024,DVF
Rochemaure|07,2190,2024,DVF
Roches-Bettaincourt,602,2024,DVF
Roches-Bettaincourt|52,602,2024,DVF
Roches-Prémarie-Andillé,2029,2024,DVF
Roches-Prémarie-Andillé|86,2029,2024,DVF
Roches-lès-Blamont,1925,2024,DVF
Roches-lès-Blamont|25,1925,2024,DVF
Roches-sur-Marne,1606,2024,DVF
Roches-sur-Marne|52,1606,2024,DVF
Rocheservière,2261,2024,DVF
Rocheservière|85,2261,2024,DVF
Rochessauve,2036,2024,DVF
Rochessauve|07,2036,2024,DVF
Rochesson,2677,2024,DVF
Rochesson|88,2677,2024,DVF
Rochetaillée-sur-Saône,4306,2024,DVF
Rochetaillée-sur-Saône|69,4306,2024,DVF
Rochetoirin,2680,2024,DVF
Rochetoirin|38,2680,2024,DVF
Rochetrejoux,1491,2024,DVF
Rochetrejoux|85,1491,2024,DVF
Rocheville,1815,2024,DVF
Rocheville|50,1815,2024,DVF
Roche|38,3157,2024,DVF
Rochy-Condé,1958,2024,DVF
Rochy-Condé|60,1958,2024,DVF
Roclincourt,2081,2024,DVF
Roclincourt|62,2081,2024,DVF
Rocquefort,2035,2024,DVF
Rocquefort|76,2035,2024,DVF
Rocquemont,1840,2024,DVF
Rocquemont|76,1840,2024,DVF
Rocques,3083,2024,DVF
Rocques|14,3083,2024,DVF
Rocquigny,1157,2024,DVF
Rocquigny|08,1157,2024,DVF
Rocquigny|62,937,2024,DVF
Rocroi,1411,2024,DVF
Rocroi|08,1411,2024,DVF
Rodelle,1812,2024,DVF
Rodelle|12,1812,2024,DVF
Rodez,2108,2024,DVF
Rodez|12,2108,2024,DVF
Rodilhan,2817,2024,DVF
Rodilhan|30,2817,2024,DVF
Rodès,2242,2024,DVF
Rodès|66,2242,2024,DVF
Rogerville,2587,2024,DVF
Rogerville|76,2587,2024,DVF
Rogliano,3031,2024,DVF
Rogliano|2B,3031,2024,DVF
Rognac,3545,2024,DVF
Rognac|13,3545,2024,DVF
Rognes,5249,2024,DVF
Rognes|13,5249,2024,DVF
Rognonas,3030,2024,DVF
Rognonas|13,3030,2024,DVF
Rogny-les-Sept-Écluses,1260,2024,DVF
Rogny-les-Sept-Écluses|89,1260,2024,DVF
Rohan,1447,2024,DVF
Rohan|56,1447,2024,DVF
Roiffieux,2056,2024,DVF
Roiffieux|07,2056,2024,DVF
Roinville,3318,2024,DVF
Roinville|91,3318,2024,DVF
Roisel,1164,2024,DVF
Roisel|80,1164,2024,DVF
Roisey,2360,2024,DVF
Roisey|42,2360,2024,DVF
Roissy-en-Brie,3400,2024,DVF
Roissy-en-Brie|77,3400,2024,DVF
Roissy-en-France,4331,2024,DVF
Roissy-en-France|95,4331,2024,DVF
Rolampont,1087,2024,DVF
Rolampont|52,1087,2024,DVF
Rollancourt,1074,2024,DVF
Rollancourt|62,1074,2024,DVF
Rolleville,2223,2024,DVF
Rolleville|76,2223,2024,DVF
Rollot,2059,2024,DVF
Rollot|80,2059,2024,DVF
Rom,938,2024,DVF
Romagnat,2363,2024,DVF
Romagnat|63,2363,2024,DVF
Romagne,1055,2024,DVF
Romagne|86,1055,2024,DVF
Romagnieu,2410,2024,DVF
Romagnieu|38,2410,2024,DVF
Romagny Fontenay,1030,2024,DVF
Romagny Fontenay|50,1030,2024,DVF
Romagné,1902,2024,DVF
Romagné|35,1902,2024,DVF
Romainville,5382,2024,DVF
Romainville|93,5382,2024,DVF
Romans,1352,2024,DVF
Romans-sur-Isère,1941,2024,DVF
Romans-sur-Isère|26,1941,2024,DVF
Romans|01,2574,2024,DVF
Romans|79,1352,2024,DVF
Romanèche-Thorins,2019,2024,DVF
Romanèche-Thorins|71,2019,2024,DVF
Rombies-et-Marchipont,2054,2024,DVF
Rombies-et-Marchipont|59,2054,2024,DVF
Romenay,1367,2024,DVF
Romenay|71,1367,2024,DVF
Romeries,1372,2024,DVF
Romeries|59,1372,2024,DVF
Romescamps,1366,2024,DVF
Romescamps|60,1366,2024,DVF
Romeyer,3528,2024,DVF
Romeyer|26,3528,2024,DVF
Romilly-sur-Andelle,2124,2024,DVF
Romilly-sur-Andelle|27,2124,2024,DVF
Romilly-sur-Seine,1267,2024,DVF
Romilly-sur-Seine|10,1267,2024,DVF
Romillé,2355,2024,DVF
Romillé|35,2355,2024,DVF
Romorantin-Lanthenay,1511,2024,DVF
Romorantin-Lanthenay|41,1511,2024,DVF
Rompon,2079,2024,DVF
Rompon|07,2079,2024,DVF
Rom|79,938,2024,DVF
Roncey,1287,2024,DVF
Roncey|50,1287,2024,DVF
Ronchamp,1160,2024,DVF
Ronchamp|70,1160,2024,DVF
Roncherolles-sur-le-Vivier,2329,2024,DVF
Roncherolles-sur-le-Vivier|76,2329,2024,DVF
Ronchin,2380,2024,DVF
Ronchin|59,2380,2024,DVF
Roncq,2877,2024,DVF
Roncq|59,2877,2024,DVF
Rongères,1380,2024,DVF
Rongères|03,1380,2024,DVF
Ronquerolles,2526,2024,DVF
Ronquerolles|95,2526,2024,DVF
Ronsenac,1402,2024,DVF
Ronsenac|16,1402,2024,DVF
Ronssoy,1297,2024,DVF
Ronssoy|80,1297,2024,DVF
Rontalon,2633,2024,DVF
Rontalon|69,2633,2024,DVF
Rontignon,2037,2024,DVF
Rontignon|64,2037,2024,DVF
Roost-Warendin,1748,2024,DVF
Roost-Warendin|59,1748,2024,DVF
Roppe,2103,2024,DVF
Roppe|90,2103,2024,DVF
Roquebillière,2859,2024,DVF
Roquebillière|06,2859,2024,DVF
Roquebrun,2294,2024,DVF
Roquebrune-Cap-Martin,6687,2024,DVF
Roquebrune-Cap-Martin|06,6687,2024,DVF
Roquebrune-sur-Argens,5242,2024,DVF
Roquebrune-sur-Argens|83,5242,2024,DVF
Roquebrun|34,2294,2024,DVF
Roquecor,1326,2024,DVF
Roquecor|82,1326,2024,DVF
Roquecourbe,1389,2024,DVF
Roquecourbe|81,1389,2024,DVF
Roquefeuil,1429,2024,DVF
Roquefeuil|11,1429,2024,DVF
Roquefort,1744,2024,DVF
Roquefort-de-Sault,1050,2024,DVF
Roquefort-de-Sault|11,1050,2024,DVF
Roquefort-des-Corbières,2356,2024,DVF
Roquefort-des-Corbières|11,2356,2024,DVF
Roquefort-la-Bédoule,4615,2024,DVF
Roquefort-la-Bédoule|13,4615,2024,DVF
Roquefort-les-Pins,6240,2024,DVF
Roquefort-les-Pins|06,6240,2024,DVF
Roquefort-sur-Garonne,1665,2024,DVF
Roquefort-sur-Garonne|31,1665,2024,DVF
Roquefort-sur-Soulzon,1542,2024,DVF
Roquefort-sur-Soulzon|12,1542,2024,DVF
Roquefort|40,1744,2024,DVF
Roquefort|47,2182,2024,DVF
Roquelaure,956,2024,DVF
Roquelaure|32,956,2024,DVF
Roquemaure,2405,2024,DVF
Roquemaure|30,2405,2024,DVF
Roques,2789,2024,DVF
Roquessels,1325,2024,DVF
Roquessels|34,1325,2024,DVF
Roquestéron,2721,2024,DVF
Roquestéron|06,2721,2024,DVF
Roques|31,2789,2024,DVF
Roquesérière,2506,2024,DVF
Roquesérière|31,2506,2024,DVF
Roquetoire,2037,2024,DVF
Roquetoire|62,2037,2024,DVF
Roquettes,2755,2024,DVF
Roquettes|31,2755,2024,DVF
Roquevaire,4573,2024,DVF
Roquevaire|13,4573,2024,DVF
Rosans,1304,2024,DVF
Rosans|05,1304,2024,DVF
Rosay,2384,2024,DVF
Rosay-sur-Lieure,1607,2024,DVF
Rosay-sur-Lieure|27,1607,2024,DVF
Rosay|76,2384,2024,DVF
Rosay|78,4710,2024,DVF
Roscanvel,2535,2024,DVF
Roscanvel|29,2535,2024,DVF
Roscoff,3235,2024,DVF
Roscoff|29,3235,2024,DVF
Rosel,2649,2024,DVF
Rosel|14,2649,2024,DVF
Rosiers-d'Égletons,1129,2024,DVF
Rosiers-d'Égletons|19,1129,2024,DVF
Rosis,2402,2024,DVF
Rosis|34,2402,2024,DVF
Rosières,2081,2024,DVF
Rosières-aux-Salines,1776,2024,DVF
Rosières-aux-Salines|54,1776,2024,DVF
Rosières-en-Santerre,1377,2024,DVF
Rosières-en-Santerre|80,1377,2024,DVF
Rosières-près-Troyes,2327,2024,DVF
Rosières-près-Troyes|10,2327,2024,DVF
Rosières|07,2081,2024,DVF
Rosières|43,1540,2024,DVF
Rosnay,1573,2024,DVF
Rosnay|85,1573,2024,DVF
Rosnoën,1876,2024,DVF
Rosnoën|29,1876,2024,DVF
Rosny-sous-Bois,3897,2024,DVF
Rosny-sous-Bois|93,3897,2024,DVF
Rosny-sur-Seine,2725,2024,DVF
Rosny-sur-Seine|78,2725,2024,DVF
Rosoy,1535,2024,DVF
Rosoy-en-Multien,2396,2024,DVF
Rosoy-en-Multien|60,2396,2024,DVF
Rosoy|89,1535,2024,DVF
Rospez,1794,2024,DVF
Rospez|22,1794,2024,DVF
Rosporden,2142,2024,DVF
Rosporden|29,2142,2024,DVF
Rostrenen,1103,2024,DVF
Rostrenen|22,1103,2024,DVF
Rosult,2185,2024,DVF
Rosult|59,2185,2024,DVF
Rots,2519,2024,DVF
Rots|14,2519,2024,DVF
Rouans,2769,2024,DVF
Rouans|44,2769,2024,DVF
Roubaix,1642,2024,DVF
Roubaix|59,1642,2024,DVF
Roubia,1121,2024,DVF
Roubia|11,1121,2024,DVF
Roubion,2646,2024,DVF
Roubion|06,2646,2024,DVF
Roucy,1679,2024,DVF
Roucy|02,1679,2024,DVF
Roudouallec,1662,2024,DVF
Roudouallec|56,1662,2024,DVF
Rouen,2783,2024,DVF
Rouen|76,2783,2024,DVF
Rouessé-Fontaine,553,2024,DVF
Rouessé-Fontaine|72,553,2024,DVF
Rouessé-Vassé,1085,2024,DVF
Rouessé-Vassé|72,1085,2024,DVF
Rouez,1307,2024,DVF
Rouez|72,1307,2024,DVF
Rouffiac,1760,2024,DVF
Rouffiac-Tolosan,3507,2024,DVF
Rouffiac-Tolosan|31,3507,2024,DVF
Rouffiac|15,1518,2024,DVF
Rouffiac|17,1760,2024,DVF
Rouffignac,1623,2024,DVF
Rouffignac-Saint-Cernin-de-Reilhac,2720,2024,DVF
Rouffignac-Saint-Cernin-de-Reilhac|24,2720,2024,DVF
Rouffignac-de-Sigoulès,1360,2024,DVF
Rouffignac-de-Sigoulès|24,1360,2024,DVF
Rouffignac|17,1623,2024,DVF
Rougemont,1078,2024,DVF
Rougemont-le-Château,1508,2024,DVF
Rougemont-le-Château|90,1508,2024,DVF
Rougemontier,1762,2024,DVF
Rougemontier|27,1762,2024,DVF
Rougemont|25,1078,2024,DVF
Rougiers,3082,2024,DVF
Rougiers|83,3082,2024,DVF
Rougnat,898,2024,DVF
Rougnat|23,898,2024,DVF
Rougé,1237,2024,DVF
Rougé|44,1237,2024,DVF
Rouillac,1233,2024,DVF
Rouillac|16,1233,2024,DVF
Rouillac|22,1262,2024,DVF
Rouillon,2592,2024,DVF
Rouillon|72,2592,2024,DVF
Rouilly,2242,2024,DVF
Rouilly|77,2242,2024,DVF
Rouillé,1143,2024,DVF
Rouillé|86,1143,2024,DVF
Roujan,2197,2024,DVF
Roujan|34,2197,2024,DVF
Roulans,1931,2024,DVF
Roulans|25,1931,2024,DVF
Roullens,1764,2024,DVF
Roullens|11,1764,2024,DVF
Roullet-Saint-Estèphe,1651,2024,DVF
Roullet-Saint-Estèphe|16,1651,2024,DVF
Roumagne,1562,2024,DVF
Roumagne|47,1562,2024,DVF
Roumare,2361,2024,DVF
Roumare|76,2361,2024,DVF
Roumoules,2098,2024,DVF
Roumoules|04,2098,2024,DVF
Rousies,1271,2024,DVF
Rousies|59,1271,2024,DVF
Rousset,4022,2024,DVF
Rousset|13,4022,2024,DVF
Roussillon,1994,2024,DVF
Roussillon-en-Morvan,1035,2024,DVF
Roussillon-en-Morvan|71,1035,2024,DVF
Roussillon|38,1994,2024,DVF
Roussillon|84,5003,2024,DVF
Roussines,1014,2024,DVF
Roussines|16,1014,2024,DVF
Rousson,2449,2024,DVF
Rousson|30,2449,2024,DVF
Routot,1888,2024,DVF
Routot|27,1888,2024,DVF
Rouvignies,1536,2024,DVF
Rouvignies|59,1536,2024,DVF
Rouville,1920,2024,DVF
Rouville|76,1920,2024,DVF
Rouvray,1684,2024,DVF
Rouvray|27,1684,2024,DVF
Rouvray|89,1314,2024,DVF
Rouvres,3466,2024,DVF
Rouvres-en-Multien,2086,2024,DVF
Rouvres-en-Multien|60,2086,2024,DVF
Rouvres|28,2259,2024,DVF
Rouvres|77,3466,2024,DVF
Rouvroy,1760,2024,DVF
Rouvroy-sur-Audry,1188,2024,DVF
Rouvroy-sur-Audry|08,1188,2024,DVF
Rouvroy|02,1280,2024,DVF
Rouvroy|62,1760,2024,DVF
Rouxmesnil-Bouteilles,2073,2024,DVF
Rouxmesnil-Bouteilles|76,2073,2024,DVF
Rouy,2310,2024,DVF
Rouy|58,2310,2024,DVF
Rouziers-de-Touraine,2477,2024,DVF
Rouziers-de-Touraine|37,2477,2024,DVF
Rouzède,1677,2024,DVF
Rouzède|16,1677,2024,DVF
Roville-devant-Bayon,1095,2024,DVF
Roville-devant-Bayon|54,1095,2024,DVF
Rovon,2461,2024,DVF
Rovon|38,2461,2024,DVF
Royan,4117,2024,DVF
Royan|17,4117,2024,DVF
Royas,2221,2024,DVF
Royas|38,2221,2024,DVF
Royat,2267,2024,DVF
Royat|63,2267,2024,DVF
Roybon,1792,2024,DVF
Roybon|38,1792,2024,DVF
Roye,1305,2024,DVF
Roye-sur-Matz,1896,2024,DVF
Roye-sur-Matz|60,1896,2024,DVF
Roye|70,1507,2024,DVF
Roye|80,1305,2024,DVF
Royère-de-Vassivière,1226,2024,DVF
Royère-de-Vassivière|23,1226,2024,DVF
Royères,2004,2024,DVF
Royères|87,2004,2024,DVF
Roz-Landrieux,2022,2024,DVF
Roz-Landrieux|35,2022,2024,DVF
Roz-sur-Couesnon,1696,2024,DVF
Roz-sur-Couesnon|35,1696,2024,DVF
Rozay-en-Brie,2780,2024,DVF
Rozay-en-Brie|77,2780,2024,DVF
Rozet-Saint-Albin,1503,2024,DVF
Rozet-Saint-Albin|02,1503,2024,DVF
Rozier-Côtes-d'Aurec,1506,2024,DVF
Rozier-Côtes-d'Aurec|42,1506,2024,DVF
Rozier-en-Donzy,2084,2024,DVF
Rozier-en-Donzy|42,2084,2024,DVF
Rozoy-le-Vieil,1346,2024,DVF
Rozoy-le-Vieil|45,1346,2024,DVF
Rozoy-sur-Serre,655,2024,DVF
Rozoy-sur-Serre|02,655,2024,DVF
Roëzé-sur-Sarthe,1747,2024,DVF
Roëzé-sur-Sarthe|72,1747,2024,DVF
Ruaudin,2049,2024,DVF
Ruaudin|72,2049,2024,DVF
Rubelles,2939,2024,DVF
Rubelles|77,2939,2024,DVF
Rubempré,1760,2024,DVF
Rubempré|80,1760,2024,DVF
Rubrouck,1816,2024,DVF
Rubrouck|59,1816,2024,DVF
Ruca,1806,2024,DVF
Ruca|22,1806,2024,DVF
Rue,2158,2024,DVF
Rueil-Malmaison,6043,2024,DVF
Rueil-Malmaison|92,6043,2024,DVF
Rueil-la-Gadelière,1521,2024,DVF
Rueil-la-Gadelière|28,1521,2024,DVF
Ruelle-sur-Touvre,1625,2024,DVF
Ruelle-sur-Touvre|16,1625,2024,DVF
Rue|80,2158,2024,DVF
Ruffec,1247,2024,DVF
Ruffec|16,1247,2024,DVF
Ruffec|36,1144,2024,DVF
Ruffey-lès-Beaune,2659,2024,DVF
Ruffey-lès-Beaune|21,2659,2024,DVF
Ruffey-lès-Echirey,2845,2024,DVF
Ruffey-lès-Echirey|21,2845,2024,DVF
Ruffey-sur-Seille,1444,2024,DVF
Ruffey-sur-Seille|39,1444,2024,DVF
Ruffiac,1392,2024,DVF
Ruffiac|56,1392,2024,DVF
Ruffieux,2223,2024,DVF
Ruffieux|73,2223,2024,DVF
Ruffigné,991,2024,DVF
Ruffigné|44,991,2024,DVF
Rugles,1182,2024,DVF
Rugles|27,1182,2024,DVF
Ruitz,1393,2024,DVF
Ruitz|62,1393,2024,DVF
Rully,2092,2024,DVF
Rully|60,3094,2024,DVF
Rully|71,2092,2024,DVF
Rumaucourt,1455,2024,DVF
Rumaucourt|62,1455,2024,DVF
Rumegies,2243,2024,DVF
Rumegies|59,2243,2024,DVF
Rumigny,2264,2024,DVF
Rumigny|80,2264,2024,DVF
Rumilly,3333,2024,DVF
Rumilly-en-Cambrésis,1193,2024,DVF
Rumilly-en-Cambrésis|59,1193,2024,DVF
Rumilly-lès-Vaudes,1557,2024,DVF
Rumilly-lès-Vaudes|10,1557,2024,DVF
Rumilly|74,3333,2024,DVF
Ruminghem,1444,2024,DVF
Ruminghem|62,1444,2024,DVF
Runan,1402,2024,DVF
Runan|22,1402,2024,DVF
Rungis,4147,2024,DVF
Rungis|94,4147,2024,DVF
Ruoms,2544,2024,DVF
Ruoms|07,2544,2024,DVF
Rupt-sur-Moselle,1530,2024,DVF
Rupt-sur-Moselle|88,1530,2024,DVF
Rustiques,1691,2024,DVF
Rustiques|11,1691,2024,DVF
Rustrel,2314,2024,DVF
Rustrel|84,2314,2024,DVF
Ruy-Montceau,3001,2024,DVF
Ruy-Montceau|38,3001,2024,DVF
Ruynes-en-Margeride,1240,2024,DVF
Ruynes-en-Margeride|15,1240,2024,DVF
Ry,2522,2024,DVF
Ryes,2149,2024,DVF
Ryes|14,2149,2024,DVF
Ry|76,2522,2024,DVF
Râches,1647,2024,DVF
Râches|59,1647,2024,DVF
Rânes,1301,2024,DVF
Rânes|61,1301,2024,DVF
Réalcamp,1287,2024,DVF
Réalcamp|76,1287,2024,DVF
Réallon,2872,2024,DVF
Réallon|05,2872,2024,DVF
Réalmont,1472,2024,DVF
Réalmont|81,1472,2024,DVF
Réalville,1874,2024,DVF
Réalville|82,1874,2024,DVF
Réans,1120,2024,DVF
Réans|32,1120,2024,DVF
Réau,4007,2024,DVF
Réaumont,2516,2024,DVF
Réaumont|38,2516,2024,DVF
Réaumur,1383,2024,DVF
Réaumur|85,1383,2024,DVF
Réaup-Lisse,1619,2024,DVF
Réaup-Lisse|47,1619,2024,DVF
Réauville,2544,2024,DVF
Réauville|26,2544,2024,DVF
Réaux sur Trèfle,1326,2024,DVF
Réaux sur Trèfle|17,1326,2024,DVF
Réau|77,4007,2024,DVF
Rébénacq,1447,2024,DVF
Rébénacq|64,1447,2024,DVF
Récourt,1862,2024,DVF
Récourt|62,1862,2024,DVF
Rédené,2423,2024,DVF
Rédené|29,2423,2024,DVF
Régnié-Durette,2669,2024,DVF
Régnié-Durette|69,2669,2024,DVF
Régny,1210,2024,DVF
Régny|42,1210,2024,DVF
Réguiny,1433,2024,DVF
Réguiny|56,1433,2024,DVF
Régusse,3100,2024,DVF
Régusse|83,3100,2024,DVF
Réhon,1944,2024,DVF
Réhon|54,1944,2024,DVF
Rémalard en Perche,1648,2024,DVF
Rémalard en Perche|61,1648,2024,DVF
Réminiac,1562,2024,DVF
Réminiac|56,1562,2024,DVF
Rémondans-Vaivre,1449,2024,DVF
Rémondans-Vaivre|25,1449,2024,DVF
Réotier,2078,2024,DVF
Réotier|05,2078,2024,DVF
Réparsac,1850,2024,DVF
Réparsac|16,1850,2024,DVF
Réquista,1290,2024,DVF
Réquista|12,1290,2024,DVF
Rétaud,1705,2024,DVF
Rétaud|17,1705,2024,DVF
Réville,3696,2024,DVF
Réville|50,3696,2024,DVF
Rœulx,1208,2024,DVF
Rœulx|59,1208,2024,DVF
Rœux,1918,2024,DVF
Rœux|62,1918,2024,DVF
Sablet,3101,2024,DVF
Sablet|84,3101,2024,DVF
Sablonceaux,1864,2024,DVF
Sablonceaux|17,1864,2024,DVF
Sablons,2358,2024,DVF
Sablons sur Huisne,1980,2024,DVF
Sablons sur Huisne|61,1980,2024,DVF
Sablons|33,2187,2024,DVF
Sablons|38,2358,2024,DVF
Sablé-sur-Sarthe,1410,2024,DVF
Sablé-sur-Sarthe|72,1410,2024,DVF
Sabonnères,1696,2024,DVF
Sabonnères|31,1696,2024,DVF
Sabran,3188,2024,DVF
Sabran|30,3188,2024,DVF
Sabres,1921,2024,DVF
Sabres|40,1921,2024,DVF
Sacey,1390,2024,DVF
Sacey|50,1390,2024,DVF
Saché,2087,2024,DVF
Saché|37,2087,2024,DVF
Saclas,2262,2024,DVF
Saclas|91,2262,2024,DVF
Saclay,4687,2024,DVF
Saclay|91,4687,2024,DVF
Sacquenay,1080,2024,DVF
Sacquenay|21,1080,2024,DVF
Sacquenville,2137,2024,DVF
Sacquenville|27,2137,2024,DVF
Sacy-le-Grand,2331,2024,DVF
Sacy-le-Grand|60,2331,2024,DVF
Sacy-le-Petit,2383,2024,DVF
Sacy-le-Petit|60,2383,2024,DVF
Sadirac,3125,2024,DVF
Sadirac|33,3125,2024,DVF
Sadroc,1764,2024,DVF
Sadroc|19,1764,2024,DVF
Saffré,2123,2024,DVF
Saffré|44,2123,2024,DVF
Sagonne,753,2024,DVF
Sagonne|18,753,2024,DVF
Sagy,1355,2024,DVF
Sagy|71,1355,2024,DVF
Sagy|95,3197,2024,DVF
Sahurs,1978,2024,DVF
Sahurs|76,1978,2024,DVF
Saignes,1037,2024,DVF
Saignes|15,1037,2024,DVF
Saignon,2666,2024,DVF
Saignon|84,2666,2024,DVF
Saiguède,2374,2024,DVF
Saiguède|31,2374,2024,DVF
Sail-sous-Couzan,1183,2024,DVF
Sail-sous-Couzan|42,1183,2024,DVF
Saillagouse,3232,2024,DVF
Saillagouse|66,3232,2024,DVF
Saillans,2229,2024,DVF
Saillans|26,2229,2024,DVF
Saillant,1530,2024,DVF
Saillant|63,1530,2024,DVF
Saillat-sur-Vienne,1332,2024,DVF
Saillat-sur-Vienne|87,1332,2024,DVF
Saillenard,1720,2024,DVF
Saillenard|71,1720,2024,DVF
Sailly-Flibeaucourt,2033,2024,DVF
Sailly-Flibeaucourt|80,2033,2024,DVF
Sailly-Labourse,1975,2024,DVF
Sailly-Labourse|62,1975,2024,DVF
Sailly-Saillisel,904,2024,DVF
Sailly-Saillisel|80,904,2024,DVF
Sailly-au-Bois,1000,2024,DVF
Sailly-au-Bois|62,1000,2024,DVF
Sailly-en-Ostrevent,1566,2024,DVF
Sailly-en-Ostrevent|62,1566,2024,DVF
Sailly-lez-Lannoy,3233,2024,DVF
Sailly-lez-Lannoy|59,3233,2024,DVF
Sailly-sur-la-Lys,2120,2024,DVF
Sailly-sur-la-Lys|62,2120,2024,DVF
Sain-Bel,2505,2024,DVF
Sain-Bel|69,2505,2024,DVF
Sainghin-en-Mélantois,3231,2024,DVF
Sainghin-en-Mélantois|59,3231,2024,DVF
Sainghin-en-Weppes,2370,2024,DVF
Sainghin-en-Weppes|59,2370,2024,DVF
Sainneville,2292,2024,DVF
Sainneville|76,2292,2024,DVF
Sainpuits,1269,2024,DVF
Sainpuits|89,1269,2024,DVF
Sains,1929,2024,DVF
Sains-Richaumont,865,2024,DVF
Sains-Richaumont|02,865,2024,DVF
Sains-du-Nord,924,2024,DVF
Sains-du-Nord|59,924,2024,DVF
Sains-en-Amiénois,2313,2024,DVF
Sains-en-Amiénois|80,2313,2024,DVF
Sains-en-Gohelle,1662,2024,DVF
Sains-en-Gohelle|62,1662,2024,DVF
Sains|35,1929,2024,DVF
Saint Antoine l'Abbaye,2226,2024,DVF
Saint Antoine l'Abbaye|38,2226,2024,DVF
Saint Aulaye-Puymangou,1297,2024,DVF
Saint Aulaye-Puymangou|24,1297,2024,DVF
Saint François Longchamp,3730,2024,DVF
Saint François Longchamp|73,3730,2024,DVF
Saint Geniez d'Olt et d'Aubrac,1388,2024,DVF
Saint Geniez d'Olt et d'Aubrac|12,1388,2024,DVF
Saint Géry-Vers,2037,2024,DVF
Saint Géry-Vers|46,2037,2024,DVF
Saint Martin de l'If,1605,2024,DVF
Saint Martin de l'If|76,1605,2024,DVF
Saint Maurice Étusson,1132,2024,DVF
Saint Maurice Étusson|79,1132,2024,DVF
Saint Privat en Périgord,1327,2024,DVF
Saint Privat en Périgord|24,1327,2024,DVF
Saint-Abraham,1470,2024,DVF
Saint-Abraham|56,1470,2024,DVF
Saint-Adjutory,1169,2024,DVF
Saint-Adjutory|16,1169,2024,DVF
Saint-Adrien,1522,2024,DVF
Saint-Adrien|22,1522,2024,DVF
Saint-Affrique,1514,2024,DVF
Saint-Affrique|12,1514,2024,DVF
Saint-Agathon,2625,2024,DVF
Saint-Agathon|22,2625,2024,DVF
Saint-Agnan,1482,2024,DVF
Saint-Agnan-de-Cernières,2366,2024,DVF
Saint-Agnan-de-Cernières|27,2366,2024,DVF
Saint-Agnan-en-Vercors,2299,2024,DVF
Saint-Agnan-en-Vercors|26,2299,2024,DVF
Saint-Agnant,2083,2024,DVF
Saint-Agnant-de-Versillat,1139,2024,DVF
Saint-Agnant-de-Versillat|23,1139,2024,DVF
Saint-Agnant|17,2083,2024,DVF
Saint-Agnan|71,1353,2024,DVF
Saint-Agnan|89,1482,2024,DVF
Saint-Agnin-sur-Bion,3105,2024,DVF
Saint-Agnin-sur-Bion|38,3105,2024,DVF
Saint-Agrève,1857,2024,DVF
Saint-Agrève|07,1857,2024,DVF
Saint-Aignan,1339,2024,DVF
Saint-Aignan-Grandlieu,2710,2024,DVF
Saint-Aignan-Grandlieu|44,2710,2024,DVF
Saint-Aignan-sur-Roë,1202,2024,DVF
Saint-Aignan-sur-Roë|53,1202,2024,DVF
Saint-Aignan|41,1339,2024,DVF
Saint-Aignan|56,1439,2024,DVF
Saint-Aigulin,1103,2024,DVF
Saint-Aigulin|17,1103,2024,DVF
Saint-Alban,3183,2024,DVF
Saint-Alban-Auriolles,3157,2024,DVF
Saint-Alban-Auriolles|07,3157,2024,DVF
Saint-Alban-Leysse,4091,2024,DVF
Saint-Alban-Leysse|73,4091,2024,DVF
Saint-Alban-d'Ay,2143,2024,DVF
Saint-Alban-d'Ay|07,2143,2024,DVF
Saint-Alban-d'Hurtières,2228,2024,DVF
Saint-Alban-d'Hurtières|73,2228,2024,DVF
Saint-Alban-de-Montbel,5310,2024,DVF
Saint-Alban-de-Montbel|73,5310,2024,DVF
Saint-Alban-de-Roche,3229,2024,DVF
Saint-Alban-de-Roche|38,3229,2024,DVF
Saint-Alban-du-Rhône,2874,2024,DVF
Saint-Alban-du-Rhône|38,2874,2024,DVF
Saint-Alban-les-Eaux,1728,2024,DVF
Saint-Alban-les-Eaux|42,1728,2024,DVF
Saint-Alban-sur-Limagnole,1406,2024,DVF
Saint-Alban-sur-Limagnole|48,1406,2024,DVF
Saint-Alban|22,2726,2024,DVF
Saint-Alban|31,3183,2024,DVF
Saint-Albin-de-Vaulserre,2533,2024,DVF
Saint-Albin-de-Vaulserre|38,2533,2024,DVF
Saint-Alexandre,2925,2024,DVF
Saint-Alexandre|30,2925,2024,DVF
Saint-Allouestre,1622,2024,DVF
Saint-Allouestre|56,1622,2024,DVF
Saint-Alyre-d'Arlanc,969,2024,DVF
Saint-Alyre-d'Arlanc|63,969,2024,DVF
Saint-Alyre-ès-Montagne,717,2024,DVF
Saint-Alyre-ès-Montagne|63,717,2024,DVF
Saint-Amand,1300,2024,DVF
Saint-Amand-Jartoudeix,1139,2024,DVF
Saint-Amand-Jartoudeix|23,1139,2024,DVF
Saint-Amand-Longpré,1215,2024,DVF
Saint-Amand-Longpré|41,1215,2024,DVF
Saint-Amand-Montrond,1225,2024,DVF
Saint-Amand-Montrond|18,1225,2024,DVF
Saint-Amand-Villages,1473,2024,DVF
Saint-Amand-Villages|50,1473,2024,DVF
Saint-Amand-en-Puisaye,1655,2024,DVF
Saint-Amand-en-Puisaye|58,1655,2024,DVF
Saint-Amand-les-Eaux,1758,2024,DVF
Saint-Amand-les-Eaux|59,1758,2024,DVF
Saint-Amand-sur-Fion,1493,2024,DVF
Saint-Amand-sur-Fion|51,1493,2024,DVF
Saint-Amand-sur-Sèvre,1375,2024,DVF
Saint-Amand-sur-Sèvre|79,1375,2024,DVF
Saint-Amandin,1441,2024,DVF
Saint-Amandin|15,1441,2024,DVF
Saint-Amand|23,1300,2024,DVF
Saint-Amans-Soult,1275,2024,DVF
Saint-Amans-Soult|81,1275,2024,DVF
Saint-Amans-Valtoret,1077,2024,DVF
Saint-Amans-Valtoret|81,1077,2024,DVF
Saint-Amans-des-Cots,1688,2024,DVF
Saint-Amans-des-Cots|12,1688,2024,DVF
Saint-Amans-du-Pech,1295,2024,DVF
Saint-Amans-du-Pech|82,1295,2024,DVF
Saint-Amant-Tallende,2232,2024,DVF
Saint-Amant-Tallende|63,2232,2024,DVF
Saint-Amant-de-Boixe,1106,2024,DVF
Saint-Amant-de-Boixe|16,1106,2024,DVF
Saint-Amant-de-Nouère,1718,2024,DVF
Saint-Amant-de-Nouère|16,1718,2024,DVF
Saint-Ambroix,1816,2024,DVF
Saint-Ambroix|30,1816,2024,DVF
Saint-Amour,1559,2024,DVF
Saint-Amour-Bellevue,3757,2024,DVF
Saint-Amour-Bellevue|71,3757,2024,DVF
Saint-Amour|39,1559,2024,DVF
Saint-Amé,1575,2024,DVF
Saint-Amé|88,1575,2024,DVF
Saint-Andelain,889,2024,DVF
Saint-Andelain|58,889,2024,DVF
Saint-Andiol,2562,2024,DVF
Saint-Andiol|13,2562,2024,DVF
Saint-André,2664,2024,DVF
Saint-André-Farivillers,2262,2024,DVF
Saint-André-Farivillers|60,2262,2024,DVF
Saint-André-Goule-d'Oie,1758,2024,DVF
Saint-André-Goule-d'Oie|85,1758,2024,DVF
Saint-André-d'Allas,1937,2024,DVF
Saint-André-d'Allas|24,1937,2024,DVF
Saint-André-d'Apchon,1433,2024,DVF
Saint-André-d'Apchon|42,1433,2024,DVF
Saint-André-d'Embrun,2498,2024,DVF
Saint-André-d'Embrun|05,2498,2024,DVF
Saint-André-d'Huiriat,2073,2024,DVF
Saint-André-d'Huiriat|01,2073,2024,DVF
Saint-André-de-Bohon,1150,2024,DVF
Saint-André-de-Bohon|50,1150,2024,DVF
Saint-André-de-Boëge,3287,2024,DVF
Saint-André-de-Boëge|74,3287,2024,DVF
Saint-André-de-Bâgé,2582,2024,DVF
Saint-André-de-Bâgé|01,2582,2024,DVF
Saint-André-de-Corcy,3538,2024,DVF
Saint-André-de-Corcy|01,3538,2024,DVF
Saint-André-de-Cruzières,2122,2024,DVF
Saint-André-de-Cruzières|07,2122,2024,DVF
Saint-André-de-Cubzac,2622,2024,DVF
Saint-André-de-Cubzac|33,2622,2024,DVF
Saint-André-de-Lidon,1989,2024,DVF
Saint-André-de-Lidon|17,1989,2024,DVF
Saint-André-de-Majencoules,2731,2024,DVF
Saint-André-de-Majencoules|30,2731,2024,DVF
Saint-André-de-Roquelongue,1962,2024,DVF
Saint-André-de-Roquelongue|11,1962,2024,DVF
Saint-André-de-Roquepertuis,3068,2024,DVF
Saint-André-de-Roquepertuis|30,3068,2024,DVF
Saint-André-de-Sangonis,2517,2024,DVF
Saint-André-de-Sangonis|34,2517,2024,DVF
Saint-André-de-Seignanx,3948,2024,DVF
Saint-André-de-Seignanx|40,3948,2024,DVF
Saint-André-de-Valborgne,1717,2024,DVF
Saint-André-de-Valborgne|30,1717,2024,DVF
Saint-André-de-l'Eure,1989,2024,DVF
Saint-André-de-l'Eure|27,1989,2024,DVF
Saint-André-de-la-Roche,3915,2024,DVF
Saint-André-de-la-Roche|06,3915,2024,DVF
Saint-André-des-Eaux,3283,2024,DVF
Saint-André-des-Eaux|44,3283,2024,DVF
Saint-André-en-Morvan,1167,2024,DVF
Saint-André-en-Morvan|58,1167,2024,DVF
Saint-André-le-Gaz,2310,2024,DVF
Saint-André-le-Gaz|38,2310,2024,DVF
Saint-André-le-Puy,2317,2024,DVF
Saint-André-le-Puy|42,2317,2024,DVF
Saint-André-les-Alpes,2195,2024,DVF
Saint-André-les-Alpes|04,2195,2024,DVF
Saint-André-les-Vergers,1763,2024,DVF
Saint-André-les-Vergers|10,1763,2024,DVF
Saint-André-lez-Lille,3325,2024,DVF
Saint-André-lez-Lille|59,3325,2024,DVF
Saint-André-sur-Cailly,2128,2024,DVF
Saint-André-sur-Cailly|76,2128,2024,DVF
Saint-André-sur-Orne,2566,2024,DVF
Saint-André-sur-Orne|14,2566,2024,DVF
Saint-André-sur-Sèvre,1223,2024,DVF
Saint-André-sur-Sèvre|79,1223,2024,DVF
Saint-André-sur-Vieux-Jonc,2017,2024,DVF
Saint-André-sur-Vieux-Jonc|01,2017,2024,DVF
Saint-André|66,2664,2024,DVF
Saint-André|73,2469,2024,DVF
Saint-Andéol-de-Vals,1832,2024,DVF
Saint-Andéol-de-Vals|07,1832,2024,DVF
Saint-Angel,1145,2024,DVF
Saint-Angel|03,1145,2024,DVF
Saint-Anthème,1859,2024,DVF
Saint-Anthème|63,1859,2024,DVF
Saint-Antoine-de-Breuilh,1318,2024,DVF
Saint-Antoine-de-Breuilh|24,1318,2024,DVF
Saint-Antoine-du-Rocher,3477,2024,DVF
Saint-Antoine-du-Rocher|37,3477,2024,DVF
Saint-Antoine-la-Forêt,2078,2024,DVF
Saint-Antoine-la-Forêt|76,2078,2024,DVF
Saint-Antoine-sur-l'Isle,1606,2024,DVF
Saint-Antoine-sur-l'Isle|33,1606,2024,DVF
Saint-Antonin-Noble-Val,2156,2024,DVF
Saint-Antonin-Noble-Val|82,2156,2024,DVF
Saint-Antonin-du-Var,3169,2024,DVF
Saint-Antonin-du-Var|83,3169,2024,DVF
Saint-Août,1165,2024,DVF
Saint-Août|36,1165,2024,DVF
Saint-Apollinaire,2837,2024,DVF
Saint-Apollinaire-de-Rias,1894,2024,DVF
Saint-Apollinaire-de-Rias|07,1894,2024,DVF
Saint-Apollinaire|21,2837,2024,DVF
Saint-Appolinard,2727,2024,DVF
Saint-Appolinard|42,2727,2024,DVF
Saint-Aquilin,1112,2024,DVF
Saint-Aquilin|24,1112,2024,DVF
Saint-Armel,2756,2024,DVF
Saint-Armel|35,2756,2024,DVF
Saint-Armel|56,3690,2024,DVF
Saint-Arnoult,4082,2024,DVF
Saint-Arnoult-en-Yvelines,3035,2024,DVF
Saint-Arnoult-en-Yvelines|78,3035,2024,DVF
Saint-Arnoult|14,4082,2024,DVF
Saint-Arnoult|76,1716,2024,DVF
Saint-Astier,1537,2024,DVF
Saint-Astier|24,1537,2024,DVF
Saint-Auban-sur-l'Ouvèze,3056,2024,DVF
Saint-Auban-sur-l'Ouvèze|26,3056,2024,DVF
Saint-Aubert,1278,2024,DVF
Saint-Aubert|59,1278,2024,DVF
Saint-Aubin,1584,2024,DVF
Saint-Aubin-Celloville,2240,2024,DVF
Saint-Aubin-Celloville|76,2240,2024,DVF
Saint-Aubin-Routot,2508,2024,DVF
Saint-Aubin-Routot|76,2508,2024,DVF
Saint-Aubin-d'Appenai,1670,2024,DVF
Saint-Aubin-d'Appenai|61,1670,2024,DVF
Saint-Aubin-d'Arquenay,2896,2024,DVF
Saint-Aubin-d'Arquenay|14,2896,2024,DVF
Saint-Aubin-d'Aubigné,2417,2024,DVF
Saint-Aubin-d'Aubigné|35,2417,2024,DVF
Saint-Aubin-de-Blaye,1395,2024,DVF
Saint-Aubin-de-Blaye|33,1395,2024,DVF
Saint-Aubin-de-Crétot,1547,2024,DVF
Saint-Aubin-de-Crétot|76,1547,2024,DVF
Saint-Aubin-de-Locquenay,1430,2024,DVF
Saint-Aubin-de-Locquenay|72,1430,2024,DVF
Saint-Aubin-de-Médoc,3883,2024,DVF
Saint-Aubin-de-Médoc|33,3883,2024,DVF
Saint-Aubin-de-Scellon,1519,2024,DVF
Saint-Aubin-de-Scellon|27,1519,2024,DVF
Saint-Aubin-de-Terregatte,1456,2024,DVF
Saint-Aubin-de-Terregatte|50,1456,2024,DVF
Saint-Aubin-des-Bois,1982,2024,DVF
Saint-Aubin-des-Bois|28,1982,2024,DVF
Saint-Aubin-des-Châteaux,1373,2024,DVF
Saint-Aubin-des-Châteaux|44,1373,2024,DVF
Saint-Aubin-des-Coudrais,1359,2024,DVF
Saint-Aubin-des-Coudrais|72,1359,2024,DVF
Saint-Aubin-des-Landes,1712,2024,DVF
Saint-Aubin-des-Landes|35,1712,2024,DVF
Saint-Aubin-des-Ormeaux,2174,2024,DVF
Saint-Aubin-des-Ormeaux|85,2174,2024,DVF
Saint-Aubin-des-Préaux,3138,2024,DVF
Saint-Aubin-des-Préaux|50,3138,2024,DVF
Saint-Aubin-du-Cormier,2394,2024,DVF
Saint-Aubin-du-Cormier|35,2394,2024,DVF
Saint-Aubin-du-Plain,900,2024,DVF
Saint-Aubin-du-Plain|79,900,2024,DVF
Saint-Aubin-du-Thenney,1574,2024,DVF
Saint-Aubin-du-Thenney|27,1574,2024,DVF
Saint-Aubin-en-Bray,1822,2024,DVF
Saint-Aubin-en-Bray|60,1822,2024,DVF
Saint-Aubin-en-Charollais,1513,2024,DVF
Saint-Aubin-en-Charollais|71,1513,2024,DVF
Saint-Aubin-le-Cauf,1977,2024,DVF
Saint-Aubin-le-Cauf|76,1977,2024,DVF
Saint-Aubin-le-Cloud,1257,2024,DVF
Saint-Aubin-le-Cloud|79,1257,2024,DVF
Saint-Aubin-le-Dépeint,918,2024,DVF
Saint-Aubin-le-Dépeint|37,918,2024,DVF
Saint-Aubin-les-Forges,1026,2024,DVF
Saint-Aubin-les-Forges|58,1026,2024,DVF
Saint-Aubin-lès-Elbeuf,1717,2024,DVF
Saint-Aubin-lès-Elbeuf|76,1717,2024,DVF
Saint-Aubin-sur-Gaillon,1966,2024,DVF
Saint-Aubin-sur-Gaillon|27,1966,2024,DVF
Saint-Aubin-sur-Loire,812,2024,DVF
Saint-Aubin-sur-Loire|71,812,2024,DVF
Saint-Aubin-sur-Mer,3774,2024,DVF
Saint-Aubin-sur-Mer|14,3774,2024,DVF
Saint-Aubin-sur-Mer|76,2138,2024,DVF
Saint-Aubin-sur-Quillebeuf,1706,2024,DVF
Saint-Aubin-sur-Quillebeuf|27,1706,2024,DVF
Saint-Aubin-sur-Scie,2431,2024,DVF
Saint-Aubin-sur-Scie|76,2431,2024,DVF
Saint-Aubin-sur-Yonne,1230,2024,DVF
Saint-Aubin-sur-Yonne|89,1230,2024,DVF
Saint-Aubin-Épinay,2221,2024,DVF
Saint-Aubin-Épinay|76,2221,2024,DVF
Saint-Aubin|36,1154,2024,DVF
Saint-Aubin|39,1584,2024,DVF
Saint-Augustin,2748,2024,DVF
Saint-Augustin-des-Bois,1988,2024,DVF
Saint-Augustin-des-Bois|49,1988,2024,DVF
Saint-Augustin|17,3157,2024,DVF
Saint-Augustin|19,1592,2024,DVF
Saint-Augustin|62,1741,2024,DVF
Saint-Augustin|77,2748,2024,DVF
Saint-Aulaire,1303,2024,DVF
Saint-Aulaire|19,1303,2024,DVF
Saint-Aunès,4001,2024,DVF
Saint-Aunès|34,4001,2024,DVF
Saint-Aupre,2556,2024,DVF
Saint-Aupre|38,2556,2024,DVF
Saint-Auvent,1328,2024,DVF
Saint-Auvent|87,1328,2024,DVF
Saint-Avaugourd-des-Landes,2280,2024,DVF
Saint-Avaugourd-des-Landes|85,2280,2024,DVF
Saint-Aventin,1888,2024,DVF
Saint-Aventin|31,1888,2024,DVF
Saint-Avertin,2820,2024,DVF
Saint-Avertin|37,2820,2024,DVF
Saint-Avit,1877,2024,DVF
Saint-Avit-Saint-Nazaire,1388,2024,DVF
Saint-Avit-Saint-Nazaire|33,1388,2024,DVF
Saint-Avit|40,1877,2024,DVF
Saint-Avre,2761,2024,DVF
Saint-Avre|73,2761,2024,DVF
Saint-Avé,3331,2024,DVF
Saint-Avé|56,3331,2024,DVF
Saint-Ay,1871,2024,DVF
Saint-Ay|45,1871,2024,DVF
Saint-Baldoph,3660,2024,DVF
Saint-Baldoph|73,3660,2024,DVF
Saint-Barnabé,1387,2024,DVF
Saint-Barnabé|22,1387,2024,DVF
Saint-Barthélemy,1861,2024,DVF
Saint-Barthélemy-Grozon,1670,2024,DVF
Saint-Barthélemy-Grozon|07,1670,2024,DVF
Saint-Barthélemy-Lestra,1949,2024,DVF
Saint-Barthélemy-Lestra|42,1949,2024,DVF
Saint-Barthélemy-d'Agenais,1109,2024,DVF
Saint-Barthélemy-d'Agenais|47,1109,2024,DVF
Saint-Barthélemy-d'Anjou,2707,2024,DVF
Saint-Barthélemy-d'Anjou|49,2707,2024,DVF
Saint-Barthélemy-de-Bellegarde,1140,2024,DVF
Saint-Barthélemy-de-Bellegarde|24,1140,2024,DVF
Saint-Barthélemy-de-Séchilienne,1797,2024,DVF
Saint-Barthélemy-de-Séchilienne|38,1797,2024,DVF
Saint-Barthélemy-de-Vals,1889,2024,DVF
Saint-Barthélemy-de-Vals|26,1889,2024,DVF
Saint-Barthélemy-le-Meil,1279,2024,DVF
Saint-Barthélemy-le-Meil|07,1279,2024,DVF
Saint-Barthélemy-le-Plain,2096,2024,DVF
Saint-Barthélemy-le-Plain|07,2096,2024,DVF
Saint-Barthélemy|38,1861,2024,DVF
Saint-Barthélemy|50,1139,2024,DVF
Saint-Barthélemy|56,1824,2024,DVF
Saint-Barthélemy|70,1213,2024,DVF
Saint-Basile,2304,2024,DVF
Saint-Basile|07,2304,2024,DVF
Saint-Baudelle,1612,2024,DVF
Saint-Baudelle|53,1612,2024,DVF
Saint-Baudille-de-la-Tour,1949,2024,DVF
Saint-Baudille-de-la-Tour|38,1949,2024,DVF
Saint-Bauzille-de-Montmel,3400,2024,DVF
Saint-Bauzille-de-Montmel|34,3400,2024,DVF
Saint-Bauzille-de-Putois,2552,2024,DVF
Saint-Bauzille-de-Putois|34,2552,2024,DVF
Saint-Bauzille-de-la-Sylve,2290,2024,DVF
Saint-Bauzille-de-la-Sylve|34,2290,2024,DVF
Saint-Beauzire,2301,2024,DVF
Saint-Beauzire|63,2301,2024,DVF
Saint-Benin,773,2024,DVF
Saint-Benin-d'Azy,970,2024,DVF
Saint-Benin-d'Azy|58,970,2024,DVF
Saint-Benin|59,773,2024,DVF
Saint-Benoist-sur-Mer,1959,2024,DVF
Saint-Benoist-sur-Mer|85,1959,2024,DVF
Saint-Benoist-sur-Vanne,927,2024,DVF
Saint-Benoist-sur-Vanne|10,927,2024,DVF
Saint-Benoît,2159,2024,DVF
Saint-Benoît-d'Hébertot,2807,2024,DVF
Saint-Benoît-d'Hébertot|14,2807,2024,DVF
Saint-Benoît-de-Carmaux,1238,2024,DVF
Saint-Benoît-de-Carmaux|81,1238,2024,DVF
Saint-Benoît-des-Ondes,2846,2024,DVF
Saint-Benoît-des-Ondes|35,2846,2024,DVF
Saint-Benoît-du-Sault,986,2024,DVF
Saint-Benoît-du-Sault|36,986,2024,DVF
Saint-Benoît-la-Forêt,1569,2024,DVF
Saint-Benoît-la-Forêt|37,1569,2024,DVF
Saint-Benoît-sur-Loire,2016,2024,DVF
Saint-Benoît-sur-Loire|45,2016,2024,DVF
Saint-Benoît|86,2159,2024,DVF
Saint-Berain-sous-Sanvignes,1196,2024,DVF
Saint-Berain-sous-Sanvignes|71,1196,2024,DVF
Saint-Bernard,4097,2024,DVF
Saint-Bernard|01,4097,2024,DVF
Saint-Berthevin,2058,2024,DVF
Saint-Berthevin-la-Tannière,733,2024,DVF
Saint-Berthevin-la-Tannière|53,733,2024,DVF
Saint-Berthevin|53,2058,2024,DVF
Saint-Blaise,4469,2024,DVF
Saint-Blaise-du-Buis,2483,2024,DVF
Saint-Blaise-du-Buis|38,2483,2024,DVF
Saint-Blaise|06,4469,2024,DVF
Saint-Bohaire,1776,2024,DVF
Saint-Bohaire|41,1776,2024,DVF
Saint-Bonnet-Briance,1819,2024,DVF
Saint-Bonnet-Briance|87,1819,2024,DVF
Saint-Bonnet-Tronçais,1159,2024,DVF
Saint-Bonnet-Tronçais|03,1159,2024,DVF
Saint-Bonnet-de-Bellac,1210,2024,DVF
Saint-Bonnet-de-Bellac|87,1210,2024,DVF
Saint-Bonnet-de-Cray,1344,2024,DVF
Saint-Bonnet-de-Cray|71,1344,2024,DVF
Saint-Bonnet-de-Joux,1857,2024,DVF
Saint-Bonnet-de-Joux|71,1857,2024,DVF
Saint-Bonnet-de-Mure,4140,2024,DVF
Saint-Bonnet-de-Mure|69,4140,2024,DVF
Saint-Bonnet-de-Rochefort,1762,2024,DVF
Saint-Bonnet-de-Rochefort|03,1762,2024,DVF
Saint-Bonnet-des-Quarts,1454,2024,DVF
Saint-Bonnet-des-Quarts|42,1454,2024,DVF
Saint-Bonnet-du-Gard,2356,2024,DVF
Saint-Bonnet-du-Gard|30,2356,2024,DVF
Saint-Bonnet-en-Bresse,1341,2024,DVF
Saint-Bonnet-en-Bresse|71,1341,2024,DVF
Saint-Bonnet-en-Champsaur,2377,2024,DVF
Saint-Bonnet-en-Champsaur|05,2377,2024,DVF
Saint-Bonnet-le-Château,1438,2024,DVF
Saint-Bonnet-le-Château|42,1438,2024,DVF
Saint-Bonnet-le-Courreau,1863,2024,DVF
Saint-Bonnet-le-Courreau|42,1863,2024,DVF
Saint-Bonnet-les-Oules,3298,2024,DVF
Saint-Bonnet-les-Oules|42,3298,2024,DVF
Saint-Bonnet-près-Orcival,1983,2024,DVF
Saint-Bonnet-près-Orcival|63,1983,2024,DVF
Saint-Bonnet-près-Riom,2180,2024,DVF
Saint-Bonnet-près-Riom|63,2180,2024,DVF
Saint-Bonnet-sur-Gironde,1238,2024,DVF
Saint-Bonnet-sur-Gironde|17,1238,2024,DVF
Saint-Branchs,2260,2024,DVF
Saint-Branchs|37,2260,2024,DVF
Saint-Brandan,2018,2024,DVF
Saint-Brandan|22,2018,2024,DVF
Saint-Bresson,2601,2024,DVF
Saint-Bresson|70,2601,2024,DVF
Saint-Brevin-les-Pins,4023,2024,DVF
Saint-Brevin-les-Pins|44,4023,2024,DVF
Saint-Briac-sur-Mer,6491,2024,DVF
Saint-Briac-sur-Mer|35,6491,2024,DVF
Saint-Brice,1801,2024,DVF
Saint-Brice-Courcelles,2613,2024,DVF
Saint-Brice-Courcelles|51,2613,2024,DVF
Saint-Brice-de-Landelles,1437,2024,DVF
Saint-Brice-de-Landelles|50,1437,2024,DVF
Saint-Brice-sous-Forêt,3574,2024,DVF
Saint-Brice-sous-Forêt|95,3574,2024,DVF
Saint-Brice-sur-Vienne,1825,2024,DVF
Saint-Brice-sur-Vienne|87,1825,2024,DVF
Saint-Brice|16,1823,2024,DVF
Saint-Brice|53,1351,2024,DVF
Saint-Brice|77,1801,2024,DVF
Saint-Brieuc,1896,2024,DVF
Saint-Brieuc-de-Mauron,2555,2024,DVF
Saint-Brieuc-de-Mauron|56,2555,2024,DVF
Saint-Brieuc|22,1896,2024,DVF
Saint-Bris-des-Bois,1661,2024,DVF
Saint-Bris-des-Bois|17,1661,2024,DVF
Saint-Bris-le-Vineux,1091,2024,DVF
Saint-Bris-le-Vineux|89,1091,2024,DVF
Saint-Brisson,1162,2024,DVF
Saint-Brisson-sur-Loire,1626,2024,DVF
Saint-Brisson-sur-Loire|45,1626,2024,DVF
Saint-Brisson|58,1162,2024,DVF
Saint-Broladre,1932,2024,DVF
Saint-Broladre|35,1932,2024,DVF
Saint-Brès,3928,2024,DVF
Saint-Brès|30,2493,2024,DVF
Saint-Brès|34,3928,2024,DVF
Saint-Bueil,2272,2024,DVF
Saint-Bueil|38,2272,2024,DVF
Saint-Béat-Lez,1530,2024,DVF
Saint-Béat-Lez|31,1530,2024,DVF
Saint-Bénigne,2123,2024,DVF
Saint-Bénigne|01,2123,2024,DVF
Saint-Bérain-sur-Dheune,1096,2024,DVF
Saint-Bérain-sur-Dheune|71,1096,2024,DVF
Saint-Béron,2307,2024,DVF
Saint-Béron|73,2307,2024,DVF
Saint-Bômer-les-Forges,1236,2024,DVF
Saint-Bômer-les-Forges|61,1236,2024,DVF
Saint-Calais,946,2024,DVF
Saint-Calais-du-Désert,741,2024,DVF
Saint-Calais-du-Désert|53,741,2024,DVF
Saint-Calais|72,946,2024,DVF
Saint-Cannat,4563,2024,DVF
Saint-Cannat|13,4563,2024,DVF
Saint-Caprais,1609,2024,DVF
Saint-Caprais-de-Bordeaux,3106,2024,DVF
Saint-Caprais-de-Bordeaux|33,3106,2024,DVF
Saint-Capraise-de-Lalinde,1525,2024,DVF
Saint-Capraise-de-Lalinde|24,1525,2024,DVF
Saint-Caprais|18,1609,2024,DVF
Saint-Caradec,1435,2024,DVF
Saint-Caradec-Trégomel,1365,2024,DVF
Saint-Caradec-Trégomel|56,1365,2024,DVF
Saint-Caradec|22,1435,2024,DVF
Saint-Carné,2478,2024,DVF
Saint-Carné|22,2478,2024,DVF
Saint-Carreuc,1634,2024,DVF
Saint-Carreuc|22,1634,2024,DVF
Saint-Cassien,2677,2024,DVF
Saint-Cassien|38,2677,2024,DVF
Saint-Cassin,3811,2024,DVF
Saint-Cassin|73,3811,2024,DVF
Saint-Cast-le-Guildo,4849,2024,DVF
Saint-Cast-le-Guildo|22,4849,2024,DVF
Saint-Castin,2165,2024,DVF
Saint-Castin|64,2165,2024,DVF
Saint-Cergues,4214,2024,DVF
Saint-Cergues|74,4214,2024,DVF
Saint-Cernin,1300,2024,DVF
Saint-Cernin|15,1300,2024,DVF
Saint-Chaffrey,4020,2024,DVF
Saint-Chaffrey|05,4020,2024,DVF
Saint-Chamant,928,2024,DVF
Saint-Chamant|19,928,2024,DVF
Saint-Chamas,3417,2024,DVF
Saint-Chamassy,4044,2024,DVF
Saint-Chamassy|24,4044,2024,DVF
Saint-Chamas|13,3417,2024,DVF
Saint-Chamond,1714,2024,DVF
Saint-Chamond|42,1714,2024,DVF
Saint-Chaptes,2308,2024,DVF
Saint-Chaptes|30,2308,2024,DVF
Saint-Charles-la-Forêt,1488,2024,DVF
Saint-Charles-la-Forêt|53,1488,2024,DVF
Saint-Chartier,916,2024,DVF
Saint-Chartier|36,916,2024,DVF
Saint-Chef,2448,2024,DVF
Saint-Chef|38,2448,2024,DVF
Saint-Chinian,1728,2024,DVF
Saint-Chinian|34,1728,2024,DVF
Saint-Christo-en-Jarez,2119,2024,DVF
Saint-Christo-en-Jarez|42,2119,2024,DVF
Saint-Christol,2006,2024,DVF
Saint-Christol-lez-Alès,2193,2024,DVF
Saint-Christol-lez-Alès|30,2193,2024,DVF
Saint-Christoly-de-Blaye,1584,2024,DVF
Saint-Christoly-de-Blaye|33,1584,2024,DVF
Saint-Christol|84,2006,2024,DVF
Saint-Christophe,3183,2024,DVF
Saint-Christophe-Vallon,1910,2024,DVF
Saint-Christophe-Vallon|12,1910,2024,DVF
Saint-Christophe-de-Double,2440,2024,DVF
Saint-Christophe-de-Double|33,2440,2024,DVF
Saint-Christophe-des-Bois,1499,2024,DVF
Saint-Christophe-des-Bois|35,1499,2024,DVF
Saint-Christophe-du-Bois,2075,2024,DVF
Saint-Christophe-du-Bois|49,2075,2024,DVF
Saint-Christophe-du-Ligneron,1996,2024,DVF
Saint-Christophe-du-Ligneron|85,1996,2024,DVF
Saint-Christophe-en-Bazelle,1004,2024,DVF
Saint-Christophe-en-Bazelle|36,1004,2024,DVF
Saint-Christophe-en-Boucherie,1436,2024,DVF
Saint-Christophe-en-Boucherie|36,1436,2024,DVF
Saint-Christophe-en-Bresse,2110,2024,DVF
Saint-Christophe-en-Bresse|71,2110,2024,DVF
Saint-Christophe-et-le-Laris,2138,2024,DVF
Saint-Christophe-et-le-Laris|26,2138,2024,DVF
Saint-Christophe-sur-Condé,1799,2024,DVF
Saint-Christophe-sur-Condé|27,1799,2024,DVF
Saint-Christophe-sur-Dolaizon,1950,2024,DVF
Saint-Christophe-sur-Dolaizon|43,1950,2024,DVF
Saint-Christophe-sur-Guiers,2158,2024,DVF
Saint-Christophe-sur-Guiers|38,2158,2024,DVF
Saint-Christophe-sur-le-Nais,1609,2024,DVF
Saint-Christophe-sur-le-Nais|37,1609,2024,DVF
Saint-Christophe|16,1201,2024,DVF
Saint-Christophe|17,3183,2024,DVF
Saint-Chély-d'Apcher,1723,2024,DVF
Saint-Chély-d'Apcher|48,1723,2024,DVF
Saint-Chéron,3019,2024,DVF
Saint-Chéron|91,3019,2024,DVF
Saint-Ciers-Champagne,1330,2024,DVF
Saint-Ciers-Champagne|17,1330,2024,DVF
Saint-Ciers-d'Abzac,1753,2024,DVF
Saint-Ciers-d'Abzac|33,1753,2024,DVF
Saint-Ciers-sur-Gironde,1700,2024,DVF
Saint-Ciers-sur-Gironde|33,1700,2024,DVF
Saint-Clair,2317,2024,DVF
Saint-Clair-de-Halouze,1133,2024,DVF
Saint-Clair-de-Halouze|61,1133,2024,DVF
Saint-Clair-de-la-Tour,2187,2024,DVF
Saint-Clair-de-la-Tour|38,2187,2024,DVF
Saint-Clair-du-Rhône,2716,2024,DVF
Saint-Clair-du-Rhône|38,2716,2024,DVF
Saint-Clair-sur-Epte,2076,2024,DVF
Saint-Clair-sur-Epte|95,2076,2024,DVF
Saint-Clair-sur-Galaure,2144,2024,DVF
Saint-Clair-sur-Galaure|38,2144,2024,DVF
Saint-Clair-sur-l'Elle,1412,2024,DVF
Saint-Clair-sur-l'Elle|50,1412,2024,DVF
Saint-Clair|07,2317,2024,DVF
Saint-Clar,1434,2024,DVF
Saint-Clar-de-Rivière,2230,2024,DVF
Saint-Clar-de-Rivière|31,2230,2024,DVF
Saint-Clar|32,1434,2024,DVF
Saint-Claud,989,2024,DVF
Saint-Claude,1042,2024,DVF
Saint-Claude-de-Diray,2040,2024,DVF
Saint-Claude-de-Diray|41,2040,2024,DVF
Saint-Claude|39,1042,2024,DVF
Saint-Claud|16,989,2024,DVF
Saint-Clet,1558,2024,DVF
Saint-Clet|22,1558,2024,DVF
Saint-Cloud,6911,2024,DVF
Saint-Cloud|92,6911,2024,DVF
Saint-Clément,1781,2024,DVF
Saint-Clément-Rancoudray,1028,2024,DVF
Saint-Clément-Rancoudray|50,1028,2024,DVF
Saint-Clément-de-Rivière,4704,2024,DVF
Saint-Clément-de-Rivière|34,4704,2024,DVF
Saint-Clément-de-la-Place,2318,2024,DVF
Saint-Clément-de-la-Place|49,2318,2024,DVF
Saint-Clément-des-Baleines,5943,2024,DVF
Saint-Clément-des-Baleines|17,5943,2024,DVF
Saint-Clément-des-Levées,1748,2024,DVF
Saint-Clément-des-Levées|49,1748,2024,DVF
Saint-Clément-les-Places,2516,2024,DVF
Saint-Clément-les-Places|69,2516,2024,DVF
Saint-Clément-sur-Durance,2413,2024,DVF
Saint-Clément-sur-Durance|05,2413,2024,DVF
Saint-Clément-sur-Valsonne,1952,2024,DVF
Saint-Clément-sur-Valsonne|69,1952,2024,DVF
Saint-Clément|03,1194,2024,DVF
Saint-Clément|30,3627,2024,DVF
Saint-Clément|54,1514,2024,DVF
Saint-Clément|89,1781,2024,DVF
Saint-Colomb-de-Lauzun,1863,2024,DVF
Saint-Colomb-de-Lauzun|47,1863,2024,DVF
Saint-Colomban,2379,2024,DVF
Saint-Colomban-des-Villards,2209,2024,DVF
Saint-Colomban-des-Villards|73,2209,2024,DVF
Saint-Colomban|44,2379,2024,DVF
Saint-Congard,1533,2024,DVF
Saint-Congard|56,1533,2024,DVF
Saint-Connan,1000,2024,DVF
Saint-Connan|22,1000,2024,DVF
Saint-Connec,945,2024,DVF
Saint-Connec|22,945,2024,DVF
Saint-Constant-Fournoulès,1454,2024,DVF
Saint-Constant-Fournoulès|15,1454,2024,DVF
Saint-Contest,2467,2024,DVF
Saint-Contest|14,2467,2024,DVF
Saint-Corneille,1839,2024,DVF
Saint-Corneille|72,1839,2024,DVF
Saint-Cosme-en-Vairais,1220,2024,DVF
Saint-Cosme-en-Vairais|72,1220,2024,DVF
Saint-Couat-d'Aude,1695,2024,DVF
Saint-Couat-d'Aude|11,1695,2024,DVF
Saint-Coulitz,1358,2024,DVF
Saint-Coulitz|29,1358,2024,DVF
Saint-Coulomb,4344,2024,DVF
Saint-Coulomb|35,4344,2024,DVF
Saint-Coutant,747,2024,DVF
Saint-Coutant-le-Grand,1594,2024,DVF
Saint-Coutant-le-Grand|17,1594,2024,DVF
Saint-Coutant|79,747,2024,DVF
Saint-Cricq-Chalosse,1434,2024,DVF
Saint-Cricq-Chalosse|40,1434,2024,DVF
Saint-Cricq-Villeneuve,1984,2024,DVF
Saint-Cricq-Villeneuve|40,1984,2024,DVF
Saint-Cricq-du-Gave,2628,2024,DVF
Saint-Cricq-du-Gave|40,2628,2024,DVF
Saint-Crépin,2749,2024,DVF
Saint-Crépin-Ibouvillers,2730,2024,DVF
Saint-Crépin-Ibouvillers|60,2730,2024,DVF
Saint-Crépin|05,2749,2024,DVF
Saint-Crépin|17,1444,2024,DVF
Saint-Cybranet,2738,2024,DVF
Saint-Cybranet|24,2738,2024,DVF
Saint-Cyprien,3978,2024,DVF
Saint-Cyprien|19,1537,2024,DVF
Saint-Cyprien|24,1877,2024,DVF
Saint-Cyprien|42,2635,2024,DVF
Saint-Cyprien|66,3978,2024,DVF
Saint-Cyr,1137,2024,DVF
Saint-Cyr-au-Mont-d'Or,6409,2024,DVF
Saint-Cyr-au-Mont-d'Or|69,6409,2024,DVF
Saint-Cyr-de-Favières,1868,2024,DVF
Saint-Cyr-de-Favières|42,1868,2024,DVF
Saint-Cyr-des-Gâts,1749,2024,DVF
Saint-Cyr-des-Gâts|85,1749,2024,DVF
Saint-Cyr-du-Doret,1705,2024,DVF
Saint-Cyr-du-Doret|17,1705,2024,DVF
Saint-Cyr-en-Talmondais,1506,2024,DVF
Saint-Cyr-en-Talmondais|85,1506,2024,DVF
Saint-Cyr-en-Val,2477,2024,DVF
Saint-Cyr-en-Val|45,2477,2024,DVF
Saint-Cyr-l'École,4077,2024,DVF
Saint-Cyr-l'École|78,4077,2024,DVF
Saint-Cyr-la-Rivière,2104,2024,DVF
Saint-Cyr-la-Rivière|91,2104,2024,DVF
Saint-Cyr-la-Roche,2028,2024,DVF
Saint-Cyr-la-Roche|19,2028,2024,DVF
Saint-Cyr-le-Gravelais,1470,2024,DVF
Saint-Cyr-le-Gravelais|53,1470,2024,DVF
Saint-Cyr-les-Champagnes,1485,2024,DVF
Saint-Cyr-les-Champagnes|24,1485,2024,DVF
Saint-Cyr-les-Colons,823,2024,DVF
Saint-Cyr-les-Colons|89,823,2024,DVF
Saint-Cyr-les-Vignes,2054,2024,DVF
Saint-Cyr-les-Vignes|42,2054,2024,DVF
Saint-Cyr-sous-Dourdan,3131,2024,DVF
Saint-Cyr-sous-Dourdan|91,3131,2024,DVF
Saint-Cyr-sur-Loire,3103,2024,DVF
Saint-Cyr-sur-Loire|37,3103,2024,DVF
Saint-Cyr-sur-Menthon,2354,2024,DVF
Saint-Cyr-sur-Menthon|01,2354,2024,DVF
Saint-Cyr-sur-Mer,6147,2024,DVF
Saint-Cyr-sur-Mer|83,6147,2024,DVF
Saint-Cyr-sur-Morin,1924,2024,DVF
Saint-Cyr-sur-Morin|77,1924,2024,DVF
Saint-Cyr-sur-le-Rhône,3886,2024,DVF
Saint-Cyr-sur-le-Rhône|69,3886,2024,DVF
Saint-Cyr|07,2658,2024,DVF
Saint-Cyr|71,2081,2024,DVF
Saint-Cyr|87,1137,2024,DVF
Saint-Célerin,1514,2024,DVF
Saint-Célerin|72,1514,2024,DVF
Saint-Céré,1620,2024,DVF
Saint-Céré|46,1620,2024,DVF
Saint-Césaire,1552,2024,DVF
Saint-Césaire|17,1552,2024,DVF
Saint-Cézaire-sur-Siagne,4549,2024,DVF
Saint-Cézaire-sur-Siagne|06,4549,2024,DVF
Saint-Cézert,1817,2024,DVF
Saint-Cézert|31,1817,2024,DVF
Saint-Côme-d'Olt,2056,2024,DVF
Saint-Côme-d'Olt|12,2056,2024,DVF
Saint-Denis,3982,2024,DVF
Saint-Denis-Lanneray,1684,2024,DVF
Saint-Denis-Lanneray|28,1684,2024,DVF
Saint-Denis-d'Anjou,1407,2024,DVF
Saint-Denis-d'Anjou|53,1407,2024,DVF
Saint-Denis-d'Oléron,4024,2024,DVF
Saint-Denis-d'Oléron|17,4024,2024,DVF
Saint-Denis-d'Orques,1193,2024,DVF
Saint-Denis-d'Orques|72,1193,2024,DVF
Saint-Denis-de-Cabanne,1187,2024,DVF
Saint-Denis-de-Cabanne|42,1187,2024,DVF
Saint-Denis-de-Gastines,1271,2024,DVF
Saint-Denis-de-Gastines|53,1271,2024,DVF
Saint-Denis-de-Jouhet,1168,2024,DVF
Saint-Denis-de-Jouhet|36,1168,2024,DVF
Saint-Denis-de-Mailloc,1744,2024,DVF
Saint-Denis-de-Mailloc|14,1744,2024,DVF
Saint-Denis-de-Méré,1357,2024,DVF
Saint-Denis-de-Méré|14,1357,2024,DVF
Saint-Denis-de-Pile,2092,2024,DVF
Saint-Denis-de-Pile|33,2092,2024,DVF
Saint-Denis-de-l'Hôtel,2312,2024,DVF
Saint-Denis-de-l'Hôtel|45,2312,2024,DVF
Saint-Denis-des-Murs,1426,2024,DVF
Saint-Denis-des-Murs|87,1426,2024,DVF
Saint-Denis-du-Maine,4102,2024,DVF
Saint-Denis-du-Maine|53,4102,2024,DVF
Saint-Denis-en-Bugey,2144,2024,DVF
Saint-Denis-en-Bugey|01,2144,2024,DVF
Saint-Denis-en-Val,2574,2024,DVF
Saint-Denis-en-Val|45,2574,2024,DVF
Saint-Denis-la-Chevasse,2095,2024,DVF
Saint-Denis-la-Chevasse|85,2095,2024,DVF
Saint-Denis-le-Ferment,2420,2024,DVF
Saint-Denis-le-Ferment|27,2420,2024,DVF
Saint-Denis-le-Gast,1253,2024,DVF
Saint-Denis-le-Gast|50,1253,2024,DVF
Saint-Denis-le-Thiboult,2043,2024,DVF
Saint-Denis-le-Thiboult|76,2043,2024,DVF
Saint-Denis-le-Vêtu,1578,2024,DVF
Saint-Denis-le-Vêtu|50,1578,2024,DVF
Saint-Denis-lès-Bourg,2196,2024,DVF
Saint-Denis-lès-Bourg|01,2196,2024,DVF
Saint-Denis-lès-Martel,1250,2024,DVF
Saint-Denis-lès-Martel|46,1250,2024,DVF
Saint-Denis-lès-Rebais,1832,2024,DVF
Saint-Denis-lès-Rebais|77,1832,2024,DVF
Saint-Denis-sur-Coise,2880,2024,DVF
Saint-Denis-sur-Coise|42,2880,2024,DVF
Saint-Denis-sur-Sarthon,979,2024,DVF
Saint-Denis-sur-Sarthon|61,979,2024,DVF
Saint-Denis-sur-Scie,1644,2024,DVF
Saint-Denis-sur-Scie|76,1644,2024,DVF
Saint-Denis|11,1191,2024,DVF
Saint-Denis|93,3982,2024,DVF
Saint-Denoual,1861,2024,DVF
Saint-Denoual|22,1861,2024,DVF
Saint-Derrien,1444,2024,DVF
Saint-Derrien|29,1444,2024,DVF
Saint-Didier,3541,2024,DVF
Saint-Didier-au-Mont-d'Or,6082,2024,DVF
Saint-Didier-au-Mont-d'Or|69,6082,2024,DVF
Saint-Didier-d'Aussiat,1900,2024,DVF
Saint-Didier-d'Aussiat|01,1900,2024,DVF
Saint-Didier-de-Formans,5015,2024,DVF
Saint-Didier-de-Formans|01,5015,2024,DVF
Saint-Didier-de-la-Tour,1913,2024,DVF
Saint-Didier-de-la-Tour|38,1913,2024,DVF
Saint-Didier-des-Bois,2063,2024,DVF
Saint-Didier-des-Bois|27,2063,2024,DVF
Saint-Didier-en-Velay,1536,2024,DVF
Saint-Didier-en-Velay|43,1536,2024,DVF
Saint-Didier-sur-Beaujeu,1037,2024,DVF
Saint-Didier-sur-Beaujeu|69,1037,2024,DVF
Saint-Didier-sur-Chalaronne,2022,2024,DVF
Saint-Didier-sur-Chalaronne|01,2022,2024,DVF
Saint-Didier|35,2304,2024,DVF
Saint-Didier|84,3541,2024,DVF
Saint-Dier-d'Auvergne,1426,2024,DVF
Saint-Dier-d'Auvergne|63,1426,2024,DVF
Saint-Dionisy,3109,2024,DVF
Saint-Dionisy|30,3109,2024,DVF
Saint-Divy,2296,2024,DVF
Saint-Divy|29,2296,2024,DVF
Saint-Dizant-du-Gua,1716,2024,DVF
Saint-Dizant-du-Gua|17,1716,2024,DVF
Saint-Dizier,1204,2024,DVF
Saint-Dizier-Masbaraud,888,2024,DVF
Saint-Dizier-Masbaraud|23,888,2024,DVF
Saint-Dizier-l'Évêque,1603,2024,DVF
Saint-Dizier-l'Évêque|90,1603,2024,DVF
Saint-Dizier-les-Domaines,1387,2024,DVF
Saint-Dizier-les-Domaines|23,1387,2024,DVF
Saint-Dizier|52,1204,2024,DVF
Saint-Dié-des-Vosges,1319,2024,DVF
Saint-Dié-des-Vosges|88,1319,2024,DVF
Saint-Diéry,1726,2024,DVF
Saint-Diéry|63,1726,2024,DVF
Saint-Dolay,2004,2024,DVF
Saint-Dolay|56,2004,2024,DVF
Saint-Domineuc,1955,2024,DVF
Saint-Domineuc|35,1955,2024,DVF
Saint-Donan,1674,2024,DVF
Saint-Donan|22,1674,2024,DVF
Saint-Donat-sur-l'Herbasse,2361,2024,DVF
Saint-Donat-sur-l'Herbasse|26,2361,2024,DVF
Saint-Doulchard,1796,2024,DVF
Saint-Doulchard|18,1796,2024,DVF
Saint-Drézéry,3466,2024,DVF
Saint-Drézéry|34,3466,2024,DVF
Saint-Dyé-sur-Loire,1467,2024,DVF
Saint-Dyé-sur-Loire|41,1467,2024,DVF
Saint-Désert,1986,2024,DVF
Saint-Désert|71,1986,2024,DVF
Saint-Désir,2449,2024,DVF
Saint-Désirat,1976,2024,DVF
Saint-Désirat|07,1976,2024,DVF
Saint-Désir|14,2449,2024,DVF
Saint-Désiré,1359,2024,DVF
Saint-Désiré|03,1359,2024,DVF
Saint-Ellier-du-Maine,1326,2024,DVF
Saint-Ellier-du-Maine|53,1326,2024,DVF
Saint-Erblon,2576,2024,DVF
Saint-Erblon|35,2576,2024,DVF
Saint-Erme-Outre-et-Ramecourt,1099,2024,DVF
Saint-Erme-Outre-et-Ramecourt|02,1099,2024,DVF
Saint-Escobille,1634,2024,DVF
Saint-Escobille|91,1634,2024,DVF
Saint-Estèphe,1677,2024,DVF
Saint-Estèphe|24,1566,2024,DVF
Saint-Estèphe|33,1677,2024,DVF
Saint-Estève,2409,2024,DVF
Saint-Estève|66,2409,2024,DVF
Saint-Eustache,3697,2024,DVF
Saint-Eustache-la-Forêt,1907,2024,DVF
Saint-Eustache-la-Forêt|76,1907,2024,DVF
Saint-Eustache|74,3697,2024,DVF
Saint-Eusèbe,2095,2024,DVF
Saint-Eusèbe|71,2095,2024,DVF
Saint-Eutrope-de-Born,1994,2024,DVF
Saint-Eutrope-de-Born|47,1994,2024,DVF
Saint-Fargeau,1304,2024,DVF
Saint-Fargeau-Ponthierry,2994,2024,DVF
Saint-Fargeau-Ponthierry|77,2994,2024,DVF
Saint-Fargeau|89,1304,2024,DVF
Saint-Faust,2362,2024,DVF
Saint-Faust|64,2362,2024,DVF
Saint-Ferréol,4170,2024,DVF
Saint-Ferréol-d'Auroure,2475,2024,DVF
Saint-Ferréol-d'Auroure|43,2475,2024,DVF
Saint-Ferréol|74,4170,2024,DVF
Saint-Fiacre-sur-Maine,2639,2024,DVF
Saint-Fiacre-sur-Maine|44,2639,2024,DVF
Saint-Fiel,1108,2024,DVF
Saint-Fiel|23,1108,2024,DVF
Saint-Firmin,2647,2024,DVF
Saint-Firmin-des-Bois,1262,2024,DVF
Saint-Firmin-des-Bois|45,1262,2024,DVF
Saint-Firmin-des-Prés,1879,2024,DVF
Saint-Firmin-des-Prés|41,1879,2024,DVF
Saint-Firmin|05,2647,2024,DVF
Saint-Florent,4801,2024,DVF
Saint-Florent-le-Jeune,1687,2024,DVF
Saint-Florent-le-Jeune|45,1687,2024,DVF
Saint-Florent-sur-Auzonnet,2047,2024,DVF
Saint-Florent-sur-Auzonnet|30,2047,2024,DVF
Saint-Florent-sur-Cher,1259,2024,DVF
Saint-Florent-sur-Cher|18,1259,2024,DVF
Saint-Florentin,911,2024,DVF
Saint-Florentin|36,1129,2024,DVF
Saint-Florentin|89,911,2024,DVF
Saint-Florent|2B,4801,2024,DVF
Saint-Floret,1239,2024,DVF
Saint-Floret|63,1239,2024,DVF
Saint-Flour,1424,2024,DVF
Saint-Flour|15,1424,2024,DVF
Saint-Flovier,1657,2024,DVF
Saint-Flovier|37,1657,2024,DVF
Saint-Folquin,2177,2024,DVF
Saint-Folquin|62,2177,2024,DVF
Saint-Fons,2590,2024,DVF
Saint-Fons|69,2590,2024,DVF
Saint-Forgeux,2613,2024,DVF
Saint-Forgeux|69,2613,2024,DVF
Saint-Fort-sur-Gironde,1511,2024,DVF
Saint-Fort-sur-Gironde|17,1511,2024,DVF
Saint-Fort-sur-le-Né,1207,2024,DVF
Saint-Fort-sur-le-Né|16,1207,2024,DVF
Saint-Fortunat-sur-Eyrieux,1851,2024,DVF
Saint-Fortunat-sur-Eyrieux|07,1851,2024,DVF
Saint-Fraigne,988,2024,DVF
Saint-Fraigne|16,988,2024,DVF
Saint-Fraimbault,1034,2024,DVF
Saint-Fraimbault-de-Prières,1437,2024,DVF
Saint-Fraimbault-de-Prières|53,1437,2024,DVF
Saint-Fraimbault|61,1034,2024,DVF
Saint-Franchy,1269,2024,DVF
Saint-Franchy|58,1269,2024,DVF
Saint-Fromond,988,2024,DVF
Saint-Fromond|50,988,2024,DVF
Saint-Front,1531,2024,DVF
Saint-Front-de-Pradoux,1407,2024,DVF
Saint-Front-de-Pradoux|24,1407,2024,DVF
Saint-Front-la-Rivière,903,2024,DVF
Saint-Front-la-Rivière|24,903,2024,DVF
Saint-Front-sur-Lémance,2063,2024,DVF
Saint-Front-sur-Lémance|47,2063,2024,DVF
Saint-Front|43,1531,2024,DVF
Saint-Froult,2026,2024,DVF
Saint-Froult|17,2026,2024,DVF
Saint-Frégant,1628,2024,DVF
Saint-Frégant|29,1628,2024,DVF
Saint-Fulgent,2121,2024,DVF
Saint-Fulgent|85,2121,2024,DVF
Saint-Fuscien,3075,2024,DVF
Saint-Fuscien|80,3075,2024,DVF
Saint-Félicien,1924,2024,DVF
Saint-Félicien|07,1924,2024,DVF
Saint-Féliu-d'Amont,2335,2024,DVF
Saint-Féliu-d'Amont|66,2335,2024,DVF
Saint-Féliu-d'Avall,2232,2024,DVF
Saint-Féliu-d'Avall|66,2232,2024,DVF
Saint-Félix,3702,2024,DVF
Saint-Félix-Lauragais,1853,2024,DVF
Saint-Félix-Lauragais|31,1853,2024,DVF
Saint-Félix|60,2193,2024,DVF
Saint-Félix|74,3702,2024,DVF
Saint-Gal-sur-Sioule,901,2024,DVF
Saint-Gal-sur-Sioule|63,901,2024,DVF
Saint-Galmier,2770,2024,DVF
Saint-Galmier|42,2770,2024,DVF
Saint-Gatien-des-Bois,2828,2024,DVF
Saint-Gatien-des-Bois|14,2828,2024,DVF
Saint-Gaudens,1277,2024,DVF
Saint-Gaudens|31,1277,2024,DVF
Saint-Gaudéric,3631,2024,DVF
Saint-Gaudéric|11,3631,2024,DVF
Saint-Gaultier,1108,2024,DVF
Saint-Gaultier|36,1108,2024,DVF
Saint-Gauzens,2074,2024,DVF
Saint-Gauzens|81,2074,2024,DVF
Saint-Gein,1327,2024,DVF
Saint-Gein|40,1327,2024,DVF
Saint-Gelais,1989,2024,DVF
Saint-Gelais|79,1989,2024,DVF
Saint-Gence,1755,2024,DVF
Saint-Gence|87,1755,2024,DVF
Saint-Genest-Lerpt,2322,2024,DVF
Saint-Genest-Lerpt|42,2322,2024,DVF
Saint-Genest-Malifaux,2106,2024,DVF
Saint-Genest-Malifaux|42,2106,2024,DVF
Saint-Genest-d'Ambière,1119,2024,DVF
Saint-Genest-d'Ambière|86,1119,2024,DVF
Saint-Genest-de-Beauzon,3168,2024,DVF
Saint-Genest-de-Beauzon|07,3168,2024,DVF
Saint-Geneys-près-Saint-Paulien,1232,2024,DVF
Saint-Geneys-près-Saint-Paulien|43,1232,2024,DVF
Saint-Gengoux-de-Scissé,2264,2024,DVF
Saint-Gengoux-de-Scissé|71,2264,2024,DVF
Saint-Gengoux-le-National,1400,2024,DVF
Saint-Gengoux-le-National|71,1400,2024,DVF
Saint-Genis-Laval,4016,2024,DVF
Saint-Genis-Laval|69,4016,2024,DVF
Saint-Genis-Pouilly,4702,2024,DVF
Saint-Genis-Pouilly|01,4702,2024,DVF
Saint-Genis-d'Hiersac,1445,2024,DVF
Saint-Genis-d'Hiersac|16,1445,2024,DVF
Saint-Genis-de-Saintonge,1209,2024,DVF
Saint-Genis-de-Saintonge|17,1209,2024,DVF
Saint-Genis-l'Argentière,1965,2024,DVF
Saint-Genis-l'Argentière|69,1965,2024,DVF
Saint-Genis-les-Ollières,4034,2024,DVF
Saint-Genis-les-Ollières|69,4034,2024,DVF
Saint-Genis-sur-Menthon,1982,2024,DVF
Saint-Genis-sur-Menthon|01,1982,2024,DVF
Saint-Genix-les-Villages,2526,2024,DVF
Saint-Genix-les-Villages|73,2526,2024,DVF
Saint-Geniès,2335,2024,DVF
Saint-Geniès-Bellevue,2775,2024,DVF
Saint-Geniès-Bellevue|31,2775,2024,DVF
Saint-Geniès-de-Comolas,2306,2024,DVF
Saint-Geniès-de-Comolas|30,2306,2024,DVF
Saint-Geniès-de-Fontedit,2234,2024,DVF
Saint-Geniès-de-Fontedit|34,2234,2024,DVF
Saint-Geniès-de-Malgoirès,1996,2024,DVF
Saint-Geniès-de-Malgoirès|30,1996,2024,DVF
Saint-Geniès-des-Mourgues,3456,2024,DVF
Saint-Geniès-des-Mourgues|34,3456,2024,DVF
Saint-Geniès|24,2335,2024,DVF
Saint-Genou,1002,2024,DVF
Saint-Genouph,2157,2024,DVF
Saint-Genouph|37,2157,2024,DVF
Saint-Genou|36,1002,2024,DVF
Saint-Genès-Champanelle,2386,2024,DVF
Saint-Genès-Champanelle|63,2386,2024,DVF
Saint-Genès-de-Blaye,1195,2024,DVF
Saint-Genès-de-Blaye|33,1195,2024,DVF
Saint-Genès-de-Castillon,1922,2024,DVF
Saint-Genès-de-Castillon|33,1922,2024,DVF
Saint-Genès-de-Fronsac,2592,2024,DVF
Saint-Genès-de-Fronsac|33,2592,2024,DVF
Saint-Geoire-en-Valdaine,2116,2024,DVF
Saint-Geoire-en-Valdaine|38,2116,2024,DVF
Saint-Geoirs,2356,2024,DVF
Saint-Geoirs|38,2356,2024,DVF
Saint-Georges,2153,2024,DVF
Saint-Georges-Antignac,1541,2024,DVF
Saint-Georges-Antignac|17,1541,2024,DVF
Saint-Georges-Buttavent,1135,2024,DVF
Saint-Georges-Buttavent|53,1135,2024,DVF
Saint-Georges-Haute-Ville,2613,2024,DVF
Saint-Georges-Haute-Ville|42,2613,2024,DVF
Saint-Georges-Lagricol,1021,2024,DVF
Saint-Georges-Lagricol|43,1021,2024,DVF
Saint-Georges-Montcocq,1673,2024,DVF
Saint-Georges-Montcocq|50,1673,2024,DVF
Saint-Georges-Motel,2173,2024,DVF
Saint-Georges-Motel|27,2173,2024,DVF
Saint-Georges-d'Espéranche,2868,2024,DVF
Saint-Georges-d'Espéranche|38,2868,2024,DVF
Saint-Georges-d'Hurtières,3160,2024,DVF
Saint-Georges-d'Hurtières|73,3160,2024,DVF
Saint-Georges-d'Oléron,3676,2024,DVF
Saint-Georges-d'Oléron|17,3676,2024,DVF
Saint-Georges-d'Orques,2836,2024,DVF
Saint-Georges-d'Orques|34,2836,2024,DVF
Saint-Georges-de-Commiers,3436,2024,DVF
Saint-Georges-de-Commiers|38,3436,2024,DVF
Saint-Georges-de-Didonne,4220,2024,DVF
Saint-Georges-de-Didonne|17,4220,2024,DVF
Saint-Georges-de-Luzençon,1751,2024,DVF
Saint-Georges-de-Luzençon|12,1751,2024,DVF
Saint-Georges-de-Mons,1309,2024,DVF
Saint-Georges-de-Mons|63,1309,2024,DVF
Saint-Georges-de-Pointindoux,2384,2024,DVF
Saint-Georges-de-Pointindoux|85,2384,2024,DVF
Saint-Georges-de-Reintembault,1680,2024,DVF
Saint-Georges-de-Reintembault|35,1680,2024,DVF
Saint-Georges-de-Reneins,2658,2024,DVF
Saint-Georges-de-Reneins|69,2658,2024,DVF
Saint-Georges-de-Rex,1400,2024,DVF
Saint-Georges-de-Rex|79,1400,2024,DVF
Saint-Georges-de-Rouelley,1388,2024,DVF
Saint-Georges-de-Rouelley|50,1388,2024,DVF
Saint-Georges-de-la-Couée,1672,2024,DVF
Saint-Georges-de-la-Couée|72,1672,2024,DVF
Saint-Georges-de-la-Rivière,3412,2024,DVF
Saint-Georges-de-la-Rivière|50,3412,2024,DVF
Saint-Georges-des-Coteaux,2513,2024,DVF
Saint-Georges-des-Coteaux|17,2513,2024,DVF
Saint-Georges-des-Groseillers,1273,2024,DVF
Saint-Georges-des-Groseillers|61,1273,2024,DVF
Saint-Georges-du-Bois,1718,2024,DVF
Saint-Georges-du-Bois|17,1718,2024,DVF
Saint-Georges-du-Bois|72,2024,2024,DVF
Saint-Georges-du-Vièvre,1787,2024,DVF
Saint-Georges-du-Vièvre|27,1787,2024,DVF
Saint-Georges-la-Pouge,1085,2024,DVF
Saint-Georges-la-Pouge|23,1085,2024,DVF
Saint-Georges-le-Gaultier,1211,2024,DVF
Saint-Georges-le-Gaultier|72,1211,2024,DVF
Saint-Georges-les-Bains,2712,2024,DVF
Saint-Georges-les-Bains|07,2712,2024,DVF
Saint-Georges-lès-Baillargeaux,1930,2024,DVF
Saint-Georges-lès-Baillargeaux|86,1930,2024,DVF
Saint-Georges-sur-Allier,2247,2024,DVF
Saint-Georges-sur-Allier|63,2247,2024,DVF
Saint-Georges-sur-Arnon,1457,2024,DVF
Saint-Georges-sur-Arnon|36,1457,2024,DVF
Saint-Georges-sur-Baulche,1785,2024,DVF
Saint-Georges-sur-Baulche|89,1785,2024,DVF
Saint-Georges-sur-Cher,1790,2024,DVF
Saint-Georges-sur-Cher|41,1790,2024,DVF
Saint-Georges-sur-Erve,1401,2024,DVF
Saint-Georges-sur-Erve|53,1401,2024,DVF
Saint-Georges-sur-Eure,2087,2024,DVF
Saint-Georges-sur-Eure|28,2087,2024,DVF
Saint-Georges-sur-Fontaine,2301,2024,DVF
Saint-Georges-sur-Fontaine|76,2301,2024,DVF
Saint-Georges-sur-Loire,2252,2024,DVF
Saint-Georges-sur-Loire|49,2252,2024,DVF
Saint-Georges-sur-Moulon,1451,2024,DVF
Saint-Georges-sur-Moulon|18,1451,2024,DVF
Saint-Georges|15,2153,2024,DVF
Saint-Georges|47,1628,2024,DVF
Saint-Georges|82,2345,2024,DVF
Saint-Geours-de-Maremne,3027,2024,DVF
Saint-Geours-de-Maremne|40,3027,2024,DVF
Saint-Germain,1038,2024,DVF
Saint-Germain-Beaupré,800,2024,DVF
Saint-Germain-Beaupré|23,800,2024,DVF
Saint-Germain-Chassenay,975,2024,DVF
Saint-Germain-Chassenay|58,975,2024,DVF
Saint-Germain-Langot,1636,2024,DVF
Saint-Germain-Langot|14,1636,2024,DVF
Saint-Germain-Laprade,2072,2024,DVF
Saint-Germain-Laprade|43,2072,2024,DVF
Saint-Germain-Laval,2335,2024,DVF
Saint-Germain-Laval|42,1189,2024,DVF
Saint-Germain-Laval|77,2335,2024,DVF
Saint-Germain-Lembron,1567,2024,DVF
Saint-Germain-Lembron|63,1567,2024,DVF
Saint-Germain-Lespinasse,1146,2024,DVF
Saint-Germain-Lespinasse|42,1146,2024,DVF
Saint-Germain-Nuelles,3584,2024,DVF
Saint-Germain-Nuelles|69,3584,2024,DVF
Saint-Germain-au-Mont-d'Or,3649,2024,DVF
Saint-Germain-au-Mont-d'Or|69,3649,2024,DVF
Saint-Germain-d'Aunay,1377,2024,DVF
Saint-Germain-d'Aunay|61,1377,2024,DVF
Saint-Germain-d'Esteuil,2009,2024,DVF
Saint-Germain-d'Esteuil|33,2009,2024,DVF
Saint-Germain-de-Belvès,1604,2024,DVF
Saint-Germain-de-Belvès|24,1604,2024,DVF
Saint-Germain-de-Calberte,2039,2024,DVF
Saint-Germain-de-Calberte|48,2039,2024,DVF
Saint-Germain-de-Coulamer,713,2024,DVF
Saint-Germain-de-Coulamer|53,713,2024,DVF
Saint-Germain-de-Joux,1724,2024,DVF
Saint-Germain-de-Joux|01,1724,2024,DVF
Saint-Germain-de-Lusignan,1279,2024,DVF
Saint-Germain-de-Lusignan|17,1279,2024,DVF
Saint-Germain-de-Modéon,1279,2024,DVF
Saint-Germain-de-Modéon|21,1279,2024,DVF
Saint-Germain-de-Montbron,1262,2024,DVF
Saint-Germain-de-Montbron|16,1262,2024,DVF
Saint-Germain-de-Prinçay,1576,2024,DVF
Saint-Germain-de-Prinçay|85,1576,2024,DVF
Saint-Germain-de-la-Coudre,1781,2024,DVF
Saint-Germain-de-la-Coudre|61,1781,2024,DVF
Saint-Germain-de-la-Grange,2985,2024,DVF
Saint-Germain-de-la-Grange|78,2985,2024,DVF
Saint-Germain-des-Bois,1411,2024,DVF
Saint-Germain-des-Bois|18,1411,2024,DVF
Saint-Germain-des-Fossés,1334,2024,DVF
Saint-Germain-des-Fossés|03,1334,2024,DVF
Saint-Germain-des-Prés,1496,2024,DVF
Saint-Germain-des-Prés|24,1256,2024,DVF
Saint-Germain-des-Prés|45,1496,2024,DVF
Saint-Germain-des-Prés|49,2025,2024,DVF
Saint-Germain-des-Prés|81,1371,2024,DVF
Saint-Germain-du-Bel-Air,1841,2024,DVF
Saint-Germain-du-Bel-Air|46,1841,2024,DVF
Saint-Germain-du-Bois,1688,2024,DVF
Saint-Germain-du-Bois|71,1688,2024,DVF
Saint-Germain-du-Corbéis,1626,2024,DVF
Saint-Germain-du-Corbéis|61,1626,2024,DVF
Saint-Germain-du-Pinel,1749,2024,DVF
Saint-Germain-du-Pinel|35,1749,2024,DVF
Saint-Germain-du-Plain,1834,2024,DVF
Saint-Germain-du-Plain|71,1834,2024,DVF
Saint-Germain-du-Puch,2472,2024,DVF
Saint-Germain-du-Puch|33,2472,2024,DVF
Saint-Germain-du-Puy,1574,2024,DVF
Saint-Germain-du-Puy|18,1574,2024,DVF
Saint-Germain-du-Salembre,1685,2024,DVF
Saint-Germain-du-Salembre|24,1685,2024,DVF
Saint-Germain-du-Seudre,1395,2024,DVF
Saint-Germain-du-Seudre|17,1395,2024,DVF
Saint-Germain-du-Teil,1648,2024,DVF
Saint-Germain-du-Teil|48,1648,2024,DVF
Saint-Germain-en-Coglès,1772,2024,DVF
Saint-Germain-en-Coglès|35,1772,2024,DVF
Saint-Germain-en-Laye,6589,2024,DVF
Saint-Germain-en-Laye|78,6589,2024,DVF
Saint-Germain-et-Mons,2238,2024,DVF
Saint-Germain-et-Mons|24,2238,2024,DVF
Saint-Germain-l'Herm,1521,2024,DVF
Saint-Germain-l'Herm|63,1521,2024,DVF
Saint-Germain-la-Blanche-Herbe,2764,2024,DVF
Saint-Germain-la-Blanche-Herbe|14,2764,2024,DVF
Saint-Germain-la-Campagne,1858,2024,DVF
Saint-Germain-la-Campagne|27,1858,2024,DVF
Saint-Germain-la-Poterie,1907,2024,DVF
Saint-Germain-la-Poterie|60,1907,2024,DVF
Saint-Germain-le-Châtelet,1032,2024,DVF
Saint-Germain-le-Châtelet|90,1032,2024,DVF
Saint-Germain-le-Fouilloux,1952,2024,DVF
Saint-Germain-le-Fouilloux|53,1952,2024,DVF
Saint-Germain-le-Gaillard,2092,2024,DVF
Saint-Germain-le-Gaillard|50,2092,2024,DVF
Saint-Germain-le-Guillaume,1468,2024,DVF
Saint-Germain-le-Guillaume|53,1468,2024,DVF
Saint-Germain-le-Vasson,2377,2024,DVF
Saint-Germain-le-Vasson|14,2377,2024,DVF
Saint-Germain-les-Belles,1170,2024,DVF
Saint-Germain-les-Belles|87,1170,2024,DVF
Saint-Germain-les-Vergnes,1346,2024,DVF
Saint-Germain-les-Vergnes|19,1346,2024,DVF
Saint-Germain-lès-Arpajon,3180,2024,DVF
Saint-Germain-lès-Arpajon|91,3180,2024,DVF
Saint-Germain-lès-Corbeil,3338,2024,DVF
Saint-Germain-lès-Corbeil|91,3338,2024,DVF
Saint-Germain-sous-Doue,2021,2024,DVF
Saint-Germain-sous-Doue|77,2021,2024,DVF
Saint-Germain-sur-Avre,2017,2024,DVF
Saint-Germain-sur-Avre|27,2017,2024,DVF
Saint-Germain-sur-Ay,2738,2024,DVF
Saint-Germain-sur-Ay|50,2738,2024,DVF
Saint-Germain-sur-Ille,2160,2024,DVF
Saint-Germain-sur-Ille|35,2160,2024,DVF
Saint-Germain-sur-Morin,3567,2024,DVF
Saint-Germain-sur-Morin|77,3567,2024,DVF
Saint-Germain-sur-Rhône,3684,2024,DVF
Saint-Germain-sur-Rhône|74,3684,2024,DVF
Saint-Germain-sur-Vienne,1222,2024,DVF
Saint-Germain-sur-Vienne|37,1222,2024,DVF
Saint-Germainmont,1256,2024,DVF
Saint-Germainmont|08,1256,2024,DVF
Saint-Germain|07,2688,2024,DVF
Saint-Germain|10,1932,2024,DVF
Saint-Germain|70,1522,2024,DVF
Saint-Germain|86,1038,2024,DVF
Saint-Germer-de-Fly,1914,2024,DVF
Saint-Germer-de-Fly|60,1914,2024,DVF
Saint-Gervais,2508,2024,DVF
Saint-Gervais-d'Auvergne,941,2024,DVF
Saint-Gervais-d'Auvergne|63,941,2024,DVF
Saint-Gervais-de-Vic,1115,2024,DVF
Saint-Gervais-de-Vic|72,1115,2024,DVF
Saint-Gervais-du-Perron,1289,2024,DVF
Saint-Gervais-du-Perron|61,1289,2024,DVF
Saint-Gervais-en-Vallière,1725,2024,DVF
Saint-Gervais-en-Vallière|71,1725,2024,DVF
Saint-Gervais-la-Forêt,2121,2024,DVF
Saint-Gervais-la-Forêt|41,2121,2024,DVF
Saint-Gervais-les-Bains,5520,2024,DVF
Saint-Gervais-les-Bains|74,5520,2024,DVF
Saint-Gervais-les-Trois-Clochers,1226,2024,DVF
Saint-Gervais-les-Trois-Clochers|86,1226,2024,DVF
Saint-Gervais-sur-Mare,1295,2024,DVF
Saint-Gervais-sur-Mare|34,1295,2024,DVF
Saint-Gervais-sur-Roubion,2498,2024,DVF
Saint-Gervais-sur-Roubion|26,2498,2024,DVF
Saint-Gervais|30,2297,2024,DVF
Saint-Gervais|33,2514,2024,DVF
Saint-Gervais|38,2477,2024,DVF
Saint-Gervais|85,2508,2024,DVF
Saint-Gervais|95,2894,2024,DVF
Saint-Gervasy,2822,2024,DVF
Saint-Gervasy|30,2822,2024,DVF
Saint-Gildas-de-Rhuys,5167,2024,DVF
Saint-Gildas-de-Rhuys|56,5167,2024,DVF
Saint-Gildas-des-Bois,1871,2024,DVF
Saint-Gildas-des-Bois|44,1871,2024,DVF
Saint-Gilles,2072,2024,DVF
Saint-Gilles-Croix-de-Vie,4452,2024,DVF
Saint-Gilles-Croix-de-Vie|85,4452,2024,DVF
Saint-Gilles-Pligeaux,1227,2024,DVF
Saint-Gilles-Pligeaux|22,1227,2024,DVF
Saint-Gilles-Vieux-Marché,1158,2024,DVF
Saint-Gilles-Vieux-Marché|22,1158,2024,DVF
Saint-Gilles-de-la-Neuville,1898,2024,DVF
Saint-Gilles-de-la-Neuville|76,1898,2024,DVF
Saint-Gilles-les-Bois,1446,2024,DVF
Saint-Gilles-les-Bois|22,1446,2024,DVF
Saint-Gilles|30,2072,2024,DVF
Saint-Gilles|35,2790,2024,DVF
Saint-Gilles|50,1877,2024,DVF
Saint-Gingolph,4053,2024,DVF
Saint-Gingolph|74,4053,2024,DVF
Saint-Girons,1429,2024,DVF
Saint-Girons-d'Aiguevives,1857,2024,DVF
Saint-Girons-d'Aiguevives|33,1857,2024,DVF
Saint-Girons|09,1429,2024,DVF
Saint-Goazec,1399,2024,DVF
Saint-Goazec|29,1399,2024,DVF
Saint-Gobain,1034,2024,DVF
Saint-Gobain|02,1034,2024,DVF
Saint-Gonnery,1560,2024,DVF
Saint-Gonnery|56,1560,2024,DVF
Saint-Goussaud,1145,2024,DVF
Saint-Goussaud|23,1145,2024,DVF
Saint-Gratien,3882,2024,DVF
Saint-Gratien|95,3882,2024,DVF
Saint-Gravé,1826,2024,DVF
Saint-Gravé|56,1826,2024,DVF
Saint-Grégoire,3580,2024,DVF
Saint-Grégoire|35,3580,2024,DVF
Saint-Guilhem-le-Désert,2843,2024,DVF
Saint-Guilhem-le-Désert|34,2843,2024,DVF
Saint-Guinoux,2360,2024,DVF
Saint-Guinoux|35,2360,2024,DVF
Saint-Guyomard,2276,2024,DVF
Saint-Guyomard|56,2276,2024,DVF
Saint-Gély-du-Fesc,4183,2024,DVF
Saint-Gély-du-Fesc|34,4183,2024,DVF
Saint-Génis-des-Fontaines,2891,2024,DVF
Saint-Génis-des-Fontaines|66,2891,2024,DVF
Saint-Gérand-Croixanvec,1573,2024,DVF
Saint-Gérand-Croixanvec|56,1573,2024,DVF
Saint-Gérand-de-Vaux,688,2024,DVF
Saint-Gérand-de-Vaux|03,688,2024,DVF
Saint-Gérand-le-Puy,1335,2024,DVF
Saint-Gérand-le-Puy|03,1335,2024,DVF
Saint-Gérons,2350,2024,DVF
Saint-Gérons|15,2350,2024,DVF
Saint-Haon,1384,2024,DVF
Saint-Haon-le-Châtel,1363,2024,DVF
Saint-Haon-le-Châtel|42,1363,2024,DVF
Saint-Haon|43,1384,2024,DVF
Saint-Herblain,2768,2024,DVF
Saint-Herblain|44,2768,2024,DVF
Saint-Hernin,1166,2024,DVF
Saint-Hernin|29,1166,2024,DVF
Saint-Hervé,1505,2024,DVF
Saint-Hervé|22,1505,2024,DVF
Saint-Hilaire,1287,2024,DVF
Saint-Hilaire-Bonneval,1886,2024,DVF
Saint-Hilaire-Bonneval|87,1886,2024,DVF
Saint-Hilaire-Peyroux,1625,2024,DVF
Saint-Hilaire-Peyroux|19,1625,2024,DVF
Saint-Hilaire-Saint-Mesmin,2630,2024,DVF
Saint-Hilaire-Saint-Mesmin|45,2630,2024,DVF
Saint-Hilaire-d'Ozilhan,2981,2024,DVF
Saint-Hilaire-d'Ozilhan|30,2981,2024,DVF
Saint-Hilaire-de-Brens,2162,2024,DVF
Saint-Hilaire-de-Brens|38,2162,2024,DVF
Saint-Hilaire-de-Brethmas,2345,2024,DVF
Saint-Hilaire-de-Brethmas|30,2345,2024,DVF
Saint-Hilaire-de-Chaléons,2439,2024,DVF
Saint-Hilaire-de-Chaléons|44,2439,2024,DVF
Saint-Hilaire-de-Clisson,2340,2024,DVF
Saint-Hilaire-de-Clisson|44,2340,2024,DVF
Saint-Hilaire-de-Court,1132,2024,DVF
Saint-Hilaire-de-Court|18,1132,2024,DVF
Saint-Hilaire-de-Lusignan,1797,2024,DVF
Saint-Hilaire-de-Lusignan|47,1797,2024,DVF
Saint-Hilaire-de-Riez,3524,2024,DVF
Saint-Hilaire-de-Riez|85,3524,2024,DVF
Saint-Hilaire-de-Villefranche,1254,2024,DVF
Saint-Hilaire-de-Villefranche|17,1254,2024,DVF
Saint-Hilaire-de-Voust,1420,2024,DVF
Saint-Hilaire-de-Voust|85,1420,2024,DVF
Saint-Hilaire-de-la-Côte,2138,2024,DVF
Saint-Hilaire-de-la-Côte|38,2138,2024,DVF
Saint-Hilaire-de-la-Noaille,1970,2024,DVF
Saint-Hilaire-de-la-Noaille|33,1970,2024,DVF
Saint-Hilaire-des-Landes,1579,2024,DVF
Saint-Hilaire-des-Landes|35,1579,2024,DVF
Saint-Hilaire-des-Loges,1453,2024,DVF
Saint-Hilaire-des-Loges|85,1453,2024,DVF
Saint-Hilaire-du-Harcouët,1550,2024,DVF
Saint-Hilaire-du-Harcouët|50,1550,2024,DVF
Saint-Hilaire-du-Maine,1144,2024,DVF
Saint-Hilaire-du-Maine|53,1144,2024,DVF
Saint-Hilaire-du-Rosier,2022,2024,DVF
Saint-Hilaire-du-Rosier|38,2022,2024,DVF
Saint-Hilaire-en-Lignières,858,2024,DVF
Saint-Hilaire-en-Lignières|18,858,2024,DVF
Saint-Hilaire-la-Forêt,2705,2024,DVF
Saint-Hilaire-la-Forêt|85,2705,2024,DVF
Saint-Hilaire-la-Gravelle,1506,2024,DVF
Saint-Hilaire-la-Gravelle|41,1506,2024,DVF
Saint-Hilaire-la-Palud,1534,2024,DVF
Saint-Hilaire-la-Palud|79,1534,2024,DVF
Saint-Hilaire-la-Treille,1087,2024,DVF
Saint-Hilaire-la-Treille|87,1087,2024,DVF
Saint-Hilaire-le-Vouhis,1686,2024,DVF
Saint-Hilaire-le-Vouhis|85,1686,2024,DVF
Saint-Hilaire-les-Andrésis,1477,2024,DVF
Saint-Hilaire-les-Andrésis|45,1477,2024,DVF
Saint-Hilaire-les-Places,1293,2024,DVF
Saint-Hilaire-les-Places|87,1293,2024,DVF
Saint-Hilaire-lez-Cambrai,1359,2024,DVF
Saint-Hilaire-lez-Cambrai|59,1359,2024,DVF
Saint-Hilaire-sur-Erre,1411,2024,DVF
Saint-Hilaire-sur-Erre|61,1411,2024,DVF
Saint-Hilaire-sur-Helpe,2310,2024,DVF
Saint-Hilaire-sur-Helpe|59,2310,2024,DVF
Saint-Hilaire|11,1287,2024,DVF
Saint-Hilaire|31,2535,2024,DVF
Saint-Hilaire|63,794,2024,DVF
Saint-Hilarion,2759,2024,DVF
Saint-Hilarion|78,2759,2024,DVF
Saint-Hippolyte,2356,2024,DVF
Saint-Hippolyte-du-Fort,2213,2024,DVF
Saint-Hippolyte-du-Fort|30,2213,2024,DVF
Saint-Hippolyte|12,938,2024,DVF
Saint-Hippolyte|17,1852,2024,DVF
Saint-Hippolyte|25,1901,2024,DVF
Saint-Hippolyte|66,2356,2024,DVF
Saint-Honoré,1998,2024,DVF
Saint-Honoré-les-Bains,1127,2024,DVF
Saint-Honoré-les-Bains|58,1127,2024,DVF
Saint-Honoré|38,1998,2024,DVF
Saint-Hostien,2207,2024,DVF
Saint-Hostien|43,2207,2024,DVF
Saint-Hymer,5067,2024,DVF
Saint-Hymer|14,5067,2024,DVF
Saint-Hymetière-sur-Valouse,1416,2024,DVF
Saint-Hymetière-sur-Valouse|39,1416,2024,DVF
Saint-Héand,2372,2024,DVF
Saint-Héand|42,2372,2024,DVF
Saint-Hélen,2102,2024,DVF
Saint-Hélen|22,2102,2024,DVF
Saint-Ignat,1869,2024,DVF
Saint-Ignat|63,1869,2024,DVF
Saint-Igny-de-Roche,1230,2024,DVF
Saint-Igny-de-Roche|71,1230,2024,DVF
Saint-Illide,1187,2024,DVF
Saint-Illide|15,1187,2024,DVF
Saint-Ilpize,1200,2024,DVF
Saint-Ilpize|43,1200,2024,DVF
Saint-Inglevert,1809,2024,DVF
Saint-Inglevert|62,1809,2024,DVF
Saint-Ismier,4645,2024,DVF
Saint-Ismier|38,4645,2024,DVF
Saint-Izaire,1304,2024,DVF
Saint-Izaire|12,1304,2024,DVF
Saint-Jacques-de-Néhou,1692,2024,DVF
Saint-Jacques-de-Néhou|50,1692,2024,DVF
Saint-Jacques-de-Thouars,953,2024,DVF
Saint-Jacques-de-Thouars|79,953,2024,DVF
Saint-Jacques-de-la-Lande,3144,2024,DVF
Saint-Jacques-de-la-Lande|35,3144,2024,DVF
Saint-Jacques-des-Blats,1690,2024,DVF
Saint-Jacques-des-Blats|15,1690,2024,DVF
Saint-Jacques-sur-Darnétal,2420,2024,DVF
Saint-Jacques-sur-Darnétal|76,2420,2024,DVF
Saint-Jacut-de-la-Mer,5249,2024,DVF
Saint-Jacut-de-la-Mer|22,5249,2024,DVF
Saint-Jacut-les-Pins,1530,2024,DVF
Saint-Jacut-les-Pins|56,1530,2024,DVF
Saint-Jal,1313,2024,DVF
Saint-Jal|19,1313,2024,DVF
Saint-James,1427,2024,DVF
Saint-James|50,1427,2024,DVF
Saint-Jans-Cappel,2738,2024,DVF
Saint-Jans-Cappel|59,2738,2024,DVF
Saint-Jean,2988,2024,DVF
Saint-Jean-Bonnefonds,2261,2024,DVF
Saint-Jean-Bonnefonds|42,2261,2024,DVF
Saint-Jean-Brévelay,1938,2024,DVF
Saint-Jean-Brévelay|56,1938,2024,DVF
Saint-Jean-Cap-Ferrat,11420,2024,DVF
Saint-Jean-Cap-Ferrat|06,11420,2024,DVF
Saint-Jean-Froidmentel,991,2024,DVF
Saint-Jean-Froidmentel|41,991,2024,DVF
Saint-Jean-Kerdaniel,2067,2024,DVF
Saint-Jean-Kerdaniel|22,2067,2024,DVF
Saint-Jean-Lasseille,2298,2024,DVF
Saint-Jean-Lasseille|66,2298,2024,DVF
Saint-Jean-Lespinasse,1636,2024,DVF
Saint-Jean-Lespinasse|46,1636,2024,DVF
Saint-Jean-Pied-de-Port,2528,2024,DVF
Saint-Jean-Pied-de-Port|64,2528,2024,DVF
Saint-Jean-Pla-de-Corts,2196,2024,DVF
Saint-Jean-Pla-de-Corts|66,2196,2024,DVF
Saint-Jean-Poudge,1911,2024,DVF
Saint-Jean-Poudge|64,1911,2024,DVF
Saint-Jean-Saint-Germain,1331,2024,DVF
Saint-Jean-Saint-Germain|37,1331,2024,DVF
Saint-Jean-Saint-Maurice-sur-Loire,1623,2024,DVF
Saint-Jean-Saint-Maurice-sur-Loire|42,1623,2024,DVF
Saint-Jean-Saint-Nicolas,2190,2024,DVF
Saint-Jean-Saint-Nicolas|05,2190,2024,DVF
Saint-Jean-Soleymieux,1403,2024,DVF
Saint-Jean-Soleymieux|42,1403,2024,DVF
Saint-Jean-Trolimon,2193,2024,DVF
Saint-Jean-Trolimon|29,2193,2024,DVF
Saint-Jean-aux-Bois,2326,2024,DVF
Saint-Jean-aux-Bois|08,1117,2024,DVF
Saint-Jean-aux-Bois|60,2326,2024,DVF
Saint-Jean-d'Aigues-Vives,1558,2024,DVF
Saint-Jean-d'Aigues-Vives|09,1558,2024,DVF
Saint-Jean-d'Angle,1522,2024,DVF
Saint-Jean-d'Angle|17,1522,2024,DVF
Saint-Jean-d'Angély,1496,2024,DVF
Saint-Jean-d'Angély|17,1496,2024,DVF
Saint-Jean-d'Arves,2951,2024,DVF
Saint-Jean-d'Arves|73,2951,2024,DVF
Saint-Jean-d'Arvey,3806,2024,DVF
Saint-Jean-d'Arvey|73,3806,2024,DVF
Saint-Jean-d'Assé,1751,2024,DVF
Saint-Jean-d'Assé|72,1751,2024,DVF
Saint-Jean-d'Aulps,4221,2024,DVF
Saint-Jean-d'Aulps|74,4221,2024,DVF
Saint-Jean-d'Avelanne,2088,2024,DVF
Saint-Jean-d'Avelanne|38,2088,2024,DVF
Saint-Jean-d'Elle,1304,2024,DVF
Saint-Jean-d'Elle|50,1304,2024,DVF
Saint-Jean-d'Hermine,1605,2024,DVF
Saint-Jean-d'Hermine|85,1605,2024,DVF
Saint-Jean-d'Heurs,1851,2024,DVF
Saint-Jean-d'Heurs|63,1851,2024,DVF
Saint-Jean-d'Illac,3621,2024,DVF
Saint-Jean-d'Illac|33,3621,2024,DVF
Saint-Jean-de-Barrou,1069,2024,DVF
Saint-Jean-de-Barrou|11,1069,2024,DVF
Saint-Jean-de-Boiseau,2939,2024,DVF
Saint-Jean-de-Boiseau|44,2939,2024,DVF
Saint-Jean-de-Bonneval,1599,2024,DVF
Saint-Jean-de-Bonneval|10,1599,2024,DVF
Saint-Jean-de-Bournay,2230,2024,DVF
Saint-Jean-de-Bournay|38,2230,2024,DVF
Saint-Jean-de-Braye,2264,2024,DVF
Saint-Jean-de-Braye|45,2264,2024,DVF
Saint-Jean-de-Chevelu,2481,2024,DVF
Saint-Jean-de-Chevelu|73,2481,2024,DVF
Saint-Jean-de-Folleville,1934,2024,DVF
Saint-Jean-de-Folleville|76,1934,2024,DVF
Saint-Jean-de-Fos,2697,2024,DVF
Saint-Jean-de-Fos|34,2697,2024,DVF
Saint-Jean-de-Galaure,2198,2024,DVF
Saint-Jean-de-Galaure|26,2198,2024,DVF
Saint-Jean-de-Gonville,4413,2024,DVF
Saint-Jean-de-Gonville|01,4413,2024,DVF
Saint-Jean-de-Lier,1847,2024,DVF
Saint-Jean-de-Lier|40,1847,2024,DVF
Saint-Jean-de-Liversay,2127,2024,DVF
Saint-Jean-de-Liversay|17,2127,2024,DVF
Saint-Jean-de-Losne,1384,2024,DVF
Saint-Jean-de-Losne|21,1384,2024,DVF
Saint-Jean-de-Luz,6325,2024,DVF
Saint-Jean-de-Luz|64,6325,2024,DVF
Saint-Jean-de-Marsacq,3361,2024,DVF
Saint-Jean-de-Marsacq|40,3361,2024,DVF
Saint-Jean-de-Maruéjols-et-Avéjan,2383,2024,DVF
Saint-Jean-de-Maruéjols-et-Avéjan|30,2383,2024,DVF
Saint-Jean-de-Maurienne,2024,2024,DVF
Saint-Jean-de-Maurienne|73,2024,2024,DVF
Saint-Jean-de-Moirans,3120,2024,DVF
Saint-Jean-de-Moirans|38,3120,2024,DVF
Saint-Jean-de-Monts,3386,2024,DVF
Saint-Jean-de-Monts|85,3386,2024,DVF
Saint-Jean-de-Muzols,2104,2024,DVF
Saint-Jean-de-Muzols|07,2104,2024,DVF
Saint-Jean-de-Niost,3093,2024,DVF
Saint-Jean-de-Niost|01,3093,2024,DVF
Saint-Jean-de-Rebervilliers,1861,2024,DVF
Saint-Jean-de-Rebervilliers|28,1861,2024,DVF
Saint-Jean-de-Sauves,1013,2024,DVF
Saint-Jean-de-Sauves|86,1013,2024,DVF
Saint-Jean-de-Savigny,1608,2024,DVF
Saint-Jean-de-Savigny|50,1608,2024,DVF
Saint-Jean-de-Serres,1539,2024,DVF
Saint-Jean-de-Serres|30,1539,2024,DVF
Saint-Jean-de-Sixt,5584,2024,DVF
Saint-Jean-de-Sixt|74,5584,2024,DVF
Saint-Jean-de-Soudain,2436,2024,DVF
Saint-Jean-de-Soudain|38,2436,2024,DVF
Saint-Jean-de-Tholome,4452,2024,DVF
Saint-Jean-de-Tholome|74,4452,2024,DVF
Saint-Jean-de-Thouars,1210,2024,DVF
Saint-Jean-de-Thouars|79,1210,2024,DVF
Saint-Jean-de-Thurac,1768,2024,DVF
Saint-Jean-de-Thurac|47,1768,2024,DVF
Saint-Jean-de-Thurigneux,3433,2024,DVF
Saint-Jean-de-Thurigneux|01,3433,2024,DVF
Saint-Jean-de-Valériscle,1515,2024,DVF
Saint-Jean-de-Valériscle|30,1515,2024,DVF
Saint-Jean-de-Verges,1728,2024,DVF
Saint-Jean-de-Verges|09,1728,2024,DVF
Saint-Jean-de-Védas,4031,2024,DVF
Saint-Jean-de-Védas|34,4031,2024,DVF
Saint-Jean-de-la-Blaquière,2387,2024,DVF
Saint-Jean-de-la-Blaquière|34,2387,2024,DVF
Saint-Jean-de-la-Haize,1559,2024,DVF
Saint-Jean-de-la-Haize|50,1559,2024,DVF
Saint-Jean-de-la-Motte,1467,2024,DVF
Saint-Jean-de-la-Motte|72,1467,2024,DVF
Saint-Jean-de-la-Neuville,1840,2024,DVF
Saint-Jean-de-la-Neuville|76,1840,2024,DVF
Saint-Jean-de-la-Porte,2483,2024,DVF
Saint-Jean-de-la-Porte|73,2483,2024,DVF
Saint-Jean-de-la-Rivière,3425,2024,DVF
Saint-Jean-de-la-Rivière|50,3425,2024,DVF
Saint-Jean-de-la-Ruelle,1969,2024,DVF
Saint-Jean-de-la-Ruelle|45,1969,2024,DVF
Saint-Jean-des-Champs,1886,2024,DVF
Saint-Jean-des-Champs|50,1886,2024,DVF
Saint-Jean-du-Bruel,1319,2024,DVF
Saint-Jean-du-Bruel|12,1319,2024,DVF
Saint-Jean-du-Cardonnay,2245,2024,DVF
Saint-Jean-du-Cardonnay|76,2245,2024,DVF
Saint-Jean-du-Doigt,2975,2024,DVF
Saint-Jean-du-Doigt|29,2975,2024,DVF
Saint-Jean-du-Falga,1837,2024,DVF
Saint-Jean-du-Falga|09,1837,2024,DVF
Saint-Jean-du-Gard,2199,2024,DVF
Saint-Jean-du-Gard|30,2199,2024,DVF
Saint-Jean-du-Pin,2166,2024,DVF
Saint-Jean-du-Pin|30,2166,2024,DVF
Saint-Jean-en-Royans,1965,2024,DVF
Saint-Jean-en-Royans|26,1965,2024,DVF
Saint-Jean-la-Bussière,1854,2024,DVF
Saint-Jean-la-Bussière|69,1854,2024,DVF
Saint-Jean-la-Poterie,1786,2024,DVF
Saint-Jean-la-Poterie|56,1786,2024,DVF
Saint-Jean-le-Blanc,2412,2024,DVF
Saint-Jean-le-Blanc|45,2412,2024,DVF
Saint-Jean-le-Centenier,2382,2024,DVF
Saint-Jean-le-Centenier|07,2382,2024,DVF
Saint-Jean-le-Thomas,2459,2024,DVF
Saint-Jean-le-Thomas|50,2459,2024,DVF
Saint-Jean-le-Vieux,2348,2024,DVF
Saint-Jean-le-Vieux|01,2348,2024,DVF
Saint-Jean-les-Deux-Jumeaux,2627,2024,DVF
Saint-Jean-les-Deux-Jumeaux|77,2627,2024,DVF
Saint-Jean-lès-Buzy,1270,2024,DVF
Saint-Jean-lès-Buzy|55,1270,2024,DVF
Saint-Jean-sur-Mayenne,1994,2024,DVF
Saint-Jean-sur-Mayenne|53,1994,2024,DVF
Saint-Jean-sur-Reyssouze,2068,2024,DVF
Saint-Jean-sur-Reyssouze|01,2068,2024,DVF
Saint-Jean-sur-Veyle,2150,2024,DVF
Saint-Jean-sur-Veyle|01,2150,2024,DVF
Saint-Jean-sur-Vilaine,2211,2024,DVF
Saint-Jean-sur-Vilaine|35,2211,2024,DVF
Saint-Jeannet,4638,2024,DVF
Saint-Jeannet|06,4638,2024,DVF
Saint-Jean|31,2988,2024,DVF
Saint-Jeoire,2812,2024,DVF
Saint-Jeoire-Prieuré,3666,2024,DVF
Saint-Jeoire-Prieuré|73,3666,2024,DVF
Saint-Jeoire|74,2812,2024,DVF
Saint-Jeure-d'Ay,1939,2024,DVF
Saint-Jeure-d'Ay|07,1939,2024,DVF
Saint-Jeures,1453,2024,DVF
Saint-Jeures|43,1453,2024,DVF
Saint-Joachim,2136,2024,DVF
Saint-Joachim|44,2136,2024,DVF
Saint-Jorioz,5866,2024,DVF
Saint-Jorioz|74,5866,2024,DVF
Saint-Jory,2846,2024,DVF
Saint-Jory-de-Chalais,2535,2024,DVF
Saint-Jory-de-Chalais|24,2535,2024,DVF
Saint-Jory|31,2846,2024,DVF
Saint-Joseph,2475,2024,DVF
Saint-Joseph|42,2475,2024,DVF
Saint-Joseph|50,1952,2024,DVF
Saint-Josse,2814,2024,DVF
Saint-Josse|62,2814,2024,DVF
Saint-Jouan-des-Guérets,3793,2024,DVF
Saint-Jouan-des-Guérets|35,3793,2024,DVF
Saint-Jouin-Bruneval,2712,2024,DVF
Saint-Jouin-Bruneval|76,2712,2024,DVF
Saint-Jouvent,1467,2024,DVF
Saint-Jouvent|87,1467,2024,DVF
Saint-Judoce,2424,2024,DVF
Saint-Judoce|22,2424,2024,DVF
Saint-Juire-Champgillon,1498,2024,DVF
Saint-Juire-Champgillon|85,1498,2024,DVF
Saint-Julien,2769,2024,DVF
Saint-Julien-Chapteuil,1744,2024,DVF
Saint-Julien-Chapteuil|43,1744,2024,DVF
Saint-Julien-Molin-Molette,1225,2024,DVF
Saint-Julien-Molin-Molette|42,1225,2024,DVF
Saint-Julien-Mont-Denis,2470,2024,DVF
Saint-Julien-Mont-Denis|73,2470,2024,DVF
Saint-Julien-Vocance,2259,2024,DVF
Saint-Julien-Vocance|07,2259,2024,DVF
Saint-Julien-aux-Bois,908,2024,DVF
Saint-Julien-aux-Bois|19,908,2024,DVF
Saint-Julien-d'Intres,1434,2024,DVF
Saint-Julien-d'Intres|07,1434,2024,DVF
Saint-Julien-de-Chédon,1473,2024,DVF
Saint-Julien-de-Chédon|41,1473,2024,DVF
Saint-Julien-de-Civry,1078,2024,DVF
Saint-Julien-de-Civry|71,1078,2024,DVF
Saint-Julien-de-Concelles,3072,2024,DVF
Saint-Julien-de-Concelles|44,3072,2024,DVF
Saint-Julien-de-Coppel,1510,2024,DVF
Saint-Julien-de-Coppel|63,1510,2024,DVF
Saint-Julien-de-Jonzy,1001,2024,DVF
Saint-Julien-de-Jonzy|71,1001,2024,DVF
Saint-Julien-de-Lampon,1744,2024,DVF
Saint-Julien-de-Lampon|24,1744,2024,DVF
Saint-Julien-de-Peyrolas,2593,2024,DVF
Saint-Julien-de-Peyrolas|30,2593,2024,DVF
Saint-Julien-de-Vouvantes,1396,2024,DVF
Saint-Julien-de-Vouvantes|44,1396,2024,DVF
Saint-Julien-de-l'Escap,1362,2024,DVF
Saint-Julien-de-l'Escap|17,1362,2024,DVF
Saint-Julien-de-la-Liègue,1811,2024,DVF
Saint-Julien-de-la-Liègue|27,1811,2024,DVF
Saint-Julien-des-Landes,2633,2024,DVF
Saint-Julien-des-Landes|85,2633,2024,DVF
Saint-Julien-du-Sault,1567,2024,DVF
Saint-Julien-du-Sault|89,1567,2024,DVF
Saint-Julien-du-Serre,3059,2024,DVF
Saint-Julien-du-Serre|07,3059,2024,DVF
Saint-Julien-du-Terroux,1081,2024,DVF
Saint-Julien-du-Terroux|53,1081,2024,DVF
Saint-Julien-en-Born,4343,2024,DVF
Saint-Julien-en-Born|40,4343,2024,DVF
Saint-Julien-en-Genevois,4832,2024,DVF
Saint-Julien-en-Genevois|74,4832,2024,DVF
Saint-Julien-en-Saint-Alban,2277,2024,DVF
Saint-Julien-en-Saint-Alban|07,2277,2024,DVF
Saint-Julien-l'Ars,1881,2024,DVF
Saint-Julien-l'Ars|86,1881,2024,DVF
Saint-Julien-le-Petit,1044,2024,DVF
Saint-Julien-le-Petit|87,1044,2024,DVF
Saint-Julien-les-Rosiers,2130,2024,DVF
Saint-Julien-les-Rosiers|30,2130,2024,DVF
Saint-Julien-les-Villas,1745,2024,DVF
Saint-Julien-les-Villas|10,1745,2024,DVF
Saint-Julien-lès-Gorze,895,2024,DVF
Saint-Julien-lès-Gorze|54,895,2024,DVF
Saint-Julien-sur-Cher,1987,2024,DVF
Saint-Julien-sur-Cher|41,1987,2024,DVF
Saint-Julien-sur-Garonne,1715,2024,DVF
Saint-Julien-sur-Garonne|31,1715,2024,DVF
Saint-Julien-sur-Reyssouze,1852,2024,DVF
Saint-Julien-sur-Reyssouze|01,1852,2024,DVF
Saint-Julien-sur-Sarthe,1297,2024,DVF
Saint-Julien-sur-Sarthe|61,1297,2024,DVF
Saint-Julien-sur-Veyle,2227,2024,DVF
Saint-Julien-sur-Veyle|01,2227,2024,DVF
Saint-Julien|21,2408,2024,DVF
Saint-Julien|22,1947,2024,DVF
Saint-Julien|83,2769,2024,DVF
Saint-Junien,1535,2024,DVF
Saint-Junien|87,1535,2024,DVF
Saint-Just,3714,2024,DVF
Saint-Just-Chaleyssin,3227,2024,DVF
Saint-Just-Chaleyssin|38,3227,2024,DVF
Saint-Just-Luzac,2510,2024,DVF
Saint-Just-Luzac|17,2510,2024,DVF
Saint-Just-Malmont,1920,2024,DVF
Saint-Just-Malmont|43,1920,2024,DVF
Saint-Just-Saint-Rambert,2649,2024,DVF
Saint-Just-Saint-Rambert|42,2649,2024,DVF
Saint-Just-Sauvage,1292,2024,DVF
Saint-Just-Sauvage|51,1292,2024,DVF
Saint-Just-d'Ardèche,2091,2024,DVF
Saint-Just-d'Ardèche|07,2091,2024,DVF
Saint-Just-d'Avray,1309,2024,DVF
Saint-Just-d'Avray|69,1309,2024,DVF
Saint-Just-de-Claix,2185,2024,DVF
Saint-Just-de-Claix|38,2185,2024,DVF
Saint-Just-en-Brie,2071,2024,DVF
Saint-Just-en-Brie|77,2071,2024,DVF
Saint-Just-en-Chaussée,1723,2024,DVF
Saint-Just-en-Chaussée|60,1723,2024,DVF
Saint-Just-en-Chevalet,956,2024,DVF
Saint-Just-en-Chevalet|42,956,2024,DVF
Saint-Just-la-Pendue,1649,2024,DVF
Saint-Just-la-Pendue|42,1649,2024,DVF
Saint-Just-le-Martel,1785,2024,DVF
Saint-Just-le-Martel|87,1785,2024,DVF
Saint-Just-près-Brioude,1456,2024,DVF
Saint-Just-près-Brioude|43,1456,2024,DVF
Saint-Justin,1324,2024,DVF
Saint-Justin|40,1324,2024,DVF
Saint-Just|01,1780,2024,DVF
Saint-Just|18,1244,2024,DVF
Saint-Just|34,3714,2024,DVF
Saint-Just|35,1809,2024,DVF
Saint-Juvat,1488,2024,DVF
Saint-Juvat|22,1488,2024,DVF
Saint-Juéry,1728,2024,DVF
Saint-Juéry|81,1728,2024,DVF
Saint-Lactencin,730,2024,DVF
Saint-Lactencin|36,730,2024,DVF
Saint-Lager,2551,2024,DVF
Saint-Lager|69,2551,2024,DVF
Saint-Lambert,1099,2024,DVF
Saint-Lambert-la-Potherie,2536,2024,DVF
Saint-Lambert-la-Potherie|49,2536,2024,DVF
Saint-Lambert|14,1099,2024,DVF
Saint-Langis-lès-Mortagne,1723,2024,DVF
Saint-Langis-lès-Mortagne|61,1723,2024,DVF
Saint-Lary,1205,2024,DVF
Saint-Lary-Soulan,3361,2024,DVF
Saint-Lary-Soulan|65,3361,2024,DVF
Saint-Lary|09,1205,2024,DVF
Saint-Lattier,2343,2024,DVF
Saint-Lattier|38,2343,2024,DVF
Saint-Laure,2527,2024,DVF
Saint-Laurent,1350,2024,DVF
Saint-Laurent-Blangy,2245,2024,DVF
Saint-Laurent-Blangy|62,2245,2024,DVF
Saint-Laurent-Médoc,2154,2024,DVF
Saint-Laurent-Médoc|33,2154,2024,DVF
Saint-Laurent-Nouan,1580,2024,DVF
Saint-Laurent-Nouan|41,1580,2024,DVF
Saint-Laurent-d'Agny,2940,2024,DVF
Saint-Laurent-d'Agny|69,2940,2024,DVF
Saint-Laurent-d'Aigouze,3604,2024,DVF
Saint-Laurent-d'Aigouze|30,3604,2024,DVF
Saint-Laurent-d'Andenay,1462,2024,DVF
Saint-Laurent-d'Andenay|71,1462,2024,DVF
Saint-Laurent-d'Arce,2687,2024,DVF
Saint-Laurent-d'Arce|33,2687,2024,DVF
Saint-Laurent-d'Olt,1170,2024,DVF
Saint-Laurent-d'Olt|12,1170,2024,DVF
Saint-Laurent-de-Brèvedent,2463,2024,DVF
Saint-Laurent-de-Brèvedent|76,2463,2024,DVF
Saint-Laurent-de-Carnols,2534,2024,DVF
Saint-Laurent-de-Carnols|30,2534,2024,DVF
Saint-Laurent-de-Cerdans,1191,2024,DVF
Saint-Laurent-de-Cerdans|66,1191,2024,DVF
Saint-Laurent-de-Chamousset,2160,2024,DVF
Saint-Laurent-de-Chamousset|69,2160,2024,DVF
Saint-Laurent-de-Cognac,1616,2024,DVF
Saint-Laurent-de-Cognac|16,1616,2024,DVF
Saint-Laurent-de-Condel,1879,2024,DVF
Saint-Laurent-de-Condel|14,1879,2024,DVF
Saint-Laurent-de-Cuves,1321,2024,DVF
Saint-Laurent-de-Cuves|50,1321,2024,DVF
Saint-Laurent-de-Céris,953,2024,DVF
Saint-Laurent-de-Céris|16,953,2024,DVF
Saint-Laurent-de-Lin,1889,2024,DVF
Saint-Laurent-de-Lin|37,1889,2024,DVF
Saint-Laurent-de-Mure,3885,2024,DVF
Saint-Laurent-de-Mure|69,3885,2024,DVF
Saint-Laurent-de-Neste,1299,2024,DVF
Saint-Laurent-de-Neste|65,1299,2024,DVF
Saint-Laurent-de-Terregatte,1372,2024,DVF
Saint-Laurent-de-Terregatte|50,1372,2024,DVF
Saint-Laurent-de-la-Cabrerisse,1741,2024,DVF
Saint-Laurent-de-la-Cabrerisse|11,1741,2024,DVF
Saint-Laurent-de-la-Prée,2669,2024,DVF
Saint-Laurent-de-la-Prée|17,2669,2024,DVF
Saint-Laurent-de-la-Salanque,2326,2024,DVF
Saint-Laurent-de-la-Salanque|66,2326,2024,DVF
Saint-Laurent-de-la-Salle,1120,2024,DVF
Saint-Laurent-de-la-Salle|85,1120,2024,DVF
Saint-Laurent-des-Arbres,2866,2024,DVF
Saint-Laurent-des-Arbres|30,2866,2024,DVF
Saint-Laurent-des-Hommes,1528,2024,DVF
Saint-Laurent-des-Hommes|24,1528,2024,DVF
Saint-Laurent-des-Vignes,2088,2024,DVF
Saint-Laurent-des-Vignes|24,2088,2024,DVF
Saint-Laurent-du-Pape,2178,2024,DVF
Saint-Laurent-du-Pape|07,2178,2024,DVF
Saint-Laurent-du-Pont,2278,2024,DVF
Saint-Laurent-du-Pont|38,2278,2024,DVF
Saint-Laurent-du-Var,4880,2024,DVF
Saint-Laurent-du-Var|06,4880,2024,DVF
Saint-Laurent-en-Beaumont,2419,2024,DVF
Saint-Laurent-en-Beaumont|38,2419,2024,DVF
Saint-Laurent-en-Grandvaux,2715,2024,DVF
Saint-Laurent-en-Grandvaux|39,2715,2024,DVF
Saint-Laurent-en-Gâtines,1694,2024,DVF
Saint-Laurent-en-Gâtines|37,1694,2024,DVF
Saint-Laurent-en-Royans,2522,2024,DVF
Saint-Laurent-en-Royans|26,2522,2024,DVF
Saint-Laurent-la-Conche,2634,2024,DVF
Saint-Laurent-la-Conche|42,2634,2024,DVF
Saint-Laurent-la-Vernède,2756,2024,DVF
Saint-Laurent-la-Vernède|30,2756,2024,DVF
Saint-Laurent-le-Minier,1249,2024,DVF
Saint-Laurent-le-Minier|30,1249,2024,DVF
Saint-Laurent-les-Bains-Laval-d'Aurelle,1274,2024,DVF
Saint-Laurent-les-Bains-Laval-d'Aurelle|07,1274,2024,DVF
Saint-Laurent-les-Tours,1775,2024,DVF
Saint-Laurent-les-Tours|46,1775,2024,DVF
Saint-Laurent-les-Églises,1214,2024,DVF
Saint-Laurent-les-Églises|87,1214,2024,DVF
Saint-Laurent-sur-Gorre,1160,2024,DVF
Saint-Laurent-sur-Gorre|87,1160,2024,DVF
Saint-Laurent-sur-Oust,1475,2024,DVF
Saint-Laurent-sur-Oust|56,1475,2024,DVF
Saint-Laurent-sur-Saône,1651,2024,DVF
Saint-Laurent-sur-Saône|01,1651,2024,DVF
Saint-Laurent-sur-Sèvre,1865,2024,DVF
Saint-Laurent-sur-Sèvre|85,1865,2024,DVF
Saint-Laurent|08,1350,2024,DVF
Saint-Laurent|23,1268,2024,DVF
Saint-Laurent|47,1357,2024,DVF
Saint-Laurent|74,4248,2024,DVF
Saint-Laure|63,2527,2024,DVF
Saint-Laurs,1124,2024,DVF
Saint-Laurs|79,1124,2024,DVF
Saint-Leu-d'Esserent,2646,2024,DVF
Saint-Leu-d'Esserent|60,2646,2024,DVF
Saint-Leu-la-Forêt,3998,2024,DVF
Saint-Leu-la-Forêt|95,3998,2024,DVF
Saint-Lieux-lès-Lavaur,1962,2024,DVF
Saint-Lieux-lès-Lavaur|81,1962,2024,DVF
Saint-Lin,2425,2024,DVF
Saint-Lin|79,2425,2024,DVF
Saint-Lizier,1414,2024,DVF
Saint-Lizier|09,1414,2024,DVF
Saint-Lon-les-Mines,2435,2024,DVF
Saint-Lon-les-Mines|40,2435,2024,DVF
Saint-Longis,986,2024,DVF
Saint-Longis|72,986,2024,DVF
Saint-Lormel,2172,2024,DVF
Saint-Lormel|22,2172,2024,DVF
Saint-Loubouer,1433,2024,DVF
Saint-Loubouer|40,1433,2024,DVF
Saint-Loubès,2790,2024,DVF
Saint-Loubès|33,2790,2024,DVF
Saint-Louet-sur-Vire,879,2024,DVF
Saint-Louet-sur-Vire|50,879,2024,DVF
Saint-Louis-de-Montferrand,2435,2024,DVF
Saint-Louis-de-Montferrand|33,2435,2024,DVF
Saint-Loup,1792,2024,DVF
Saint-Loup-Cammas,3279,2024,DVF
Saint-Loup-Cammas|31,3279,2024,DVF
Saint-Loup-Géanges,2197,2024,DVF
Saint-Loup-Géanges|71,2197,2024,DVF
Saint-Loup-Lamairé,986,2024,DVF
Saint-Loup-Lamairé|79,986,2024,DVF
Saint-Loup-d'Ordon,1669,2024,DVF
Saint-Loup-d'Ordon|89,1669,2024,DVF
Saint-Loup-de-Naud,1954,2024,DVF
Saint-Loup-de-Naud|77,1954,2024,DVF
Saint-Loup-de-Varennes,1635,2024,DVF
Saint-Loup-de-Varennes|71,1635,2024,DVF
Saint-Loup-du-Dorat,916,2024,DVF
Saint-Loup-du-Dorat|53,916,2024,DVF
Saint-Loup-sur-Semouse,1069,2024,DVF
Saint-Loup-sur-Semouse|70,1069,2024,DVF
Saint-Loup|03,838,2024,DVF
Saint-Loup|23,936,2024,DVF
Saint-Loup|50,1792,2024,DVF
Saint-Lubin-de-la-Haye,2882,2024,DVF
Saint-Lubin-de-la-Haye|28,2882,2024,DVF
Saint-Lubin-des-Joncherets,1654,2024,DVF
Saint-Lubin-des-Joncherets|28,1654,2024,DVF
Saint-Lubin-en-Vergonnois,1490,2024,DVF
Saint-Lubin-en-Vergonnois|41,1490,2024,DVF
Saint-Luc,1964,2024,DVF
Saint-Lucien,2188,2024,DVF
Saint-Lucien|28,2188,2024,DVF
Saint-Luc|27,1964,2024,DVF
Saint-Lumine-de-Clisson,2457,2024,DVF
Saint-Lumine-de-Clisson|44,2457,2024,DVF
Saint-Lumine-de-Coutais,2324,2024,DVF
Saint-Lumine-de-Coutais|44,2324,2024,DVF
Saint-Lunaire,5105,2024,DVF
Saint-Lunaire|35,5105,2024,DVF
Saint-Luperce,2119,2024,DVF
Saint-Luperce|28,2119,2024,DVF
Saint-Lyphard,3184,2024,DVF
Saint-Lyphard|44,3184,2024,DVF
Saint-Lys,2507,2024,DVF
Saint-Lys|31,2507,2024,DVF
Saint-Lyé,2246,2024,DVF
Saint-Lyé-la-Forêt,2115,2024,DVF
Saint-Lyé-la-Forêt|45,2115,2024,DVF
Saint-Lyé|10,2246,2024,DVF
Saint-Léger,1425,2024,DVF
Saint-Léger-Magnazeix,801,2024,DVF
Saint-Léger-Magnazeix|87,801,2024,DVF
Saint-Léger-aux-Bois,2388,2024,DVF
Saint-Léger-aux-Bois|60,2388,2024,DVF
Saint-Léger-aux-Bois|76,1423,2024,DVF
Saint-Léger-de-Linières,2645,2024,DVF
Saint-Léger-de-Linières|49,2645,2024,DVF
Saint-Léger-de-Montbrun,1024,2024,DVF
Saint-Léger-de-Montbrun|79,1024,2024,DVF
Saint-Léger-de-Rôtes,2090,2024,DVF
Saint-Léger-de-Rôtes|27,2090,2024,DVF
Saint-Léger-des-Aubées,2330,2024,DVF
Saint-Léger-des-Aubées|28,2330,2024,DVF
Saint-Léger-des-Vignes,1116,2024,DVF
Saint-Léger-des-Vignes|58,1116,2024,DVF
Saint-Léger-du-Bois,1141,2024,DVF
Saint-Léger-du-Bois|71,1141,2024,DVF
Saint-Léger-du-Bourg-Denis,2401,2024,DVF
Saint-Léger-du-Bourg-Denis|76,2401,2024,DVF
Saint-Léger-en-Yvelines,3364,2024,DVF
Saint-Léger-en-Yvelines|78,3364,2024,DVF
Saint-Léger-la-Montagne,1448,2024,DVF
Saint-Léger-la-Montagne|87,1448,2024,DVF
Saint-Léger-le-Petit,1053,2024,DVF
Saint-Léger-le-Petit|18,1053,2024,DVF
Saint-Léger-les-Mélèzes,2284,2024,DVF
Saint-Léger-les-Mélèzes|05,2284,2024,DVF
Saint-Léger-les-Vignes,2689,2024,DVF
Saint-Léger-les-Vignes|44,2689,2024,DVF
Saint-Léger-lès-Domart,1328,2024,DVF
Saint-Léger-lès-Domart|80,1328,2024,DVF
Saint-Léger-lès-Paray,1770,2024,DVF
Saint-Léger-lès-Paray|71,1770,2024,DVF
Saint-Léger-sous-Cholet,2256,2024,DVF
Saint-Léger-sous-Cholet|49,2256,2024,DVF
Saint-Léger-sur-Dheune,1737,2024,DVF
Saint-Léger-sur-Dheune|71,1737,2024,DVF
Saint-Léger-sur-Roanne,2214,2024,DVF
Saint-Léger-sur-Roanne|42,2214,2024,DVF
Saint-Léger|17,1310,2024,DVF
Saint-Léger|62,1425,2024,DVF
Saint-Léger|77,2015,2024,DVF
Saint-Léomer,919,2024,DVF
Saint-Léomer|86,919,2024,DVF
Saint-Léon,2021,2024,DVF
Saint-Léon-sur-l'Isle,1440,2024,DVF
Saint-Léon-sur-l'Isle|24,1440,2024,DVF
Saint-Léonard,1898,2024,DVF
Saint-Léonard-de-Noblat,1376,2024,DVF
Saint-Léonard-de-Noblat|87,1376,2024,DVF
Saint-Léonard-des-Bois,1036,2024,DVF
Saint-Léonard-des-Bois|72,1036,2024,DVF
Saint-Léonard-en-Beauce,1136,2024,DVF
Saint-Léonard-en-Beauce|41,1136,2024,DVF
Saint-Léonard|51,3453,2024,DVF
Saint-Léonard|62,1898,2024,DVF
Saint-Léonard|76,2368,2024,DVF
Saint-Léonard|88,1841,2024,DVF
Saint-Léon|03,1405,2024,DVF
Saint-Léon|31,2021,2024,DVF
Saint-Lézer,1589,2024,DVF
Saint-Lézer|65,1589,2024,DVF
Saint-Lô,1601,2024,DVF
Saint-Lô|50,1601,2024,DVF
Saint-M'Hervé,2011,2024,DVF
Saint-M'Hervé|35,2011,2024,DVF
Saint-Macaire,1961,2024,DVF
Saint-Macaire-du-Bois,1055,2024,DVF
Saint-Macaire-du-Bois|49,1055,2024,DVF
Saint-Macaire|33,1961,2024,DVF
Saint-Maclou,2263,2024,DVF
Saint-Maclou|27,2263,2024,DVF
Saint-Magne,2251,2024,DVF
Saint-Magne-de-Castillon,2301,2024,DVF
Saint-Magne-de-Castillon|33,2301,2024,DVF
Saint-Magne|33,2251,2024,DVF
Saint-Maime,2429,2024,DVF
Saint-Maime|04,2429,2024,DVF
Saint-Maixant,2393,2024,DVF
Saint-Maixant|33,2393,2024,DVF
Saint-Maixent,1223,2024,DVF
Saint-Maixent-l'École,1265,2024,DVF
Saint-Maixent-l'École|79,1265,2024,DVF
Saint-Maixent-sur-Vie,2462,2024,DVF
Saint-Maixent-sur-Vie|85,2462,2024,DVF
Saint-Maixent|72,1223,2024,DVF
Saint-Maixme-Hauterive,1736,2024,DVF
Saint-Maixme-Hauterive|28,1736,2024,DVF
Saint-Malo,4837,2024,DVF
Saint-Malo-de-Beignon,2301,2024,DVF
Saint-Malo-de-Beignon|56,2301,2024,DVF
Saint-Malo-de-Guersac,2156,2024,DVF
Saint-Malo-de-Guersac|44,2156,2024,DVF
Saint-Malo-de-Phily,1634,2024,DVF
Saint-Malo-de-Phily|35,1634,2024,DVF
Saint-Malo-de-la-Lande,2299,2024,DVF
Saint-Malo-de-la-Lande|50,2299,2024,DVF
Saint-Malo-des-Trois-Fontaines,1445,2024,DVF
Saint-Malo-des-Trois-Fontaines|56,1445,2024,DVF
Saint-Malo-en-Donziois,740,2024,DVF
Saint-Malo-en-Donziois|58,740,2024,DVF
Saint-Malon-sur-Mel,1605,2024,DVF
Saint-Malon-sur-Mel|35,1605,2024,DVF
Saint-Malo|35,4837,2024,DVF
Saint-Malô-du-Bois,2026,2024,DVF
Saint-Malô-du-Bois|85,2026,2024,DVF
Saint-Mamert-du-Gard,2628,2024,DVF
Saint-Mamert-du-Gard|30,2628,2024,DVF
Saint-Mamet,2641,2024,DVF
Saint-Mamet-la-Salvetat,1431,2024,DVF
Saint-Mamet-la-Salvetat|15,1431,2024,DVF
Saint-Mamet|31,2641,2024,DVF
Saint-Mammès,2609,2024,DVF
Saint-Mammès|77,2609,2024,DVF
Saint-Mandrier-sur-Mer,4847,2024,DVF
Saint-Mandrier-sur-Mer|83,4847,2024,DVF
Saint-Mandé,8599,2024,DVF
Saint-Mandé-sur-Brédoire,1631,2024,DVF
Saint-Mandé-sur-Brédoire|17,1631,2024,DVF
Saint-Mandé|94,8599,2024,DVF
Saint-Manvieu-Norrey,2431,2024,DVF
Saint-Manvieu-Norrey|14,2431,2024,DVF
Saint-Marc-Jaumegarde,8032,2024,DVF
Saint-Marc-Jaumegarde|13,8032,2024,DVF
Saint-Marc-le-Blanc,1496,2024,DVF
Saint-Marc-le-Blanc|35,1496,2024,DVF
Saint-Marcan,1692,2024,DVF
Saint-Marcan|35,1692,2024,DVF
Saint-Marceau,1321,2024,DVF
Saint-Marceau|72,1321,2024,DVF
Saint-Marcel,1778,2024,DVF
Saint-Marcel-Bel-Accueil,2627,2024,DVF
Saint-Marcel-Bel-Accueil|38,2627,2024,DVF
Saint-Marcel-d'Ardèche,2658,2024,DVF
Saint-Marcel-d'Ardèche|07,2658,2024,DVF
Saint-Marcel-de-Careiret,2278,2024,DVF
Saint-Marcel-de-Careiret|30,2278,2024,DVF
Saint-Marcel-de-Félines,1415,2024,DVF
Saint-Marcel-de-Félines|42,1415,2024,DVF
Saint-Marcel-lès-Annonay,1624,2024,DVF
Saint-Marcel-lès-Annonay|07,1624,2024,DVF
Saint-Marcel-lès-Sauzet,2516,2024,DVF
Saint-Marcel-lès-Sauzet|26,2516,2024,DVF
Saint-Marcel-lès-Valence,2779,2024,DVF
Saint-Marcel-lès-Valence|26,2779,2024,DVF
Saint-Marcel-sur-Aude,2269,2024,DVF
Saint-Marcel-sur-Aude|11,2269,2024,DVF
Saint-Marcellin,2141,2024,DVF
Saint-Marcellin-en-Forez,2375,2024,DVF
Saint-Marcellin-en-Forez|42,2375,2024,DVF
Saint-Marcellin|38,2141,2024,DVF
Saint-Marcel|01,3232,2024,DVF
Saint-Marcel|27,2275,2024,DVF
Saint-Marcel|36,1056,2024,DVF
Saint-Marcel|56,2030,2024,DVF
Saint-Marcel|71,1778,2024,DVF
Saint-Marcel|73,3389,2024,DVF
Saint-Marcouf,1903,2024,DVF
Saint-Marcouf|14,986,2024,DVF
Saint-Marcouf|50,1903,2024,DVF
Saint-Mard,3334,2024,DVF
Saint-Mard-de-Réno,2404,2024,DVF
Saint-Mard-de-Réno|61,2404,2024,DVF
Saint-Mards-de-Blacarville,1779,2024,DVF
Saint-Mards-de-Blacarville|27,1779,2024,DVF
Saint-Mards-en-Othe,1183,2024,DVF
Saint-Mards-en-Othe|10,1183,2024,DVF
Saint-Mard|17,1872,2024,DVF
Saint-Mard|77,3334,2024,DVF
Saint-Marien,1510,2024,DVF
Saint-Mariens,2048,2024,DVF
Saint-Mariens|33,2048,2024,DVF
Saint-Marien|23,1510,2024,DVF
Saint-Mars-d'Outillé,1324,2024,DVF
Saint-Mars-d'Outillé|72,1324,2024,DVF
Saint-Mars-d'Égrenne,1134,2024,DVF
Saint-Mars-d'Égrenne|61,1134,2024,DVF
Saint-Mars-de-Coutais,2515,2024,DVF
Saint-Mars-de-Coutais|44,2515,2024,DVF
Saint-Mars-du-Désert,2428,2024,DVF
Saint-Mars-du-Désert|44,2428,2024,DVF
Saint-Mars-du-Désert|53,996,2024,DVF
Saint-Mars-la-Brière,1786,2024,DVF
Saint-Mars-la-Brière|72,1786,2024,DVF
Saint-Mars-sur-Colmont,1145,2024,DVF
Saint-Mars-sur-Colmont|53,1145,2024,DVF
Saint-Mars-sur-la-Futaie,1454,2024,DVF
Saint-Mars-sur-la-Futaie|53,1454,2024,DVF
Saint-Martial,1579,2024,DVF
Saint-Martial-d'Albarède,1686,2024,DVF
Saint-Martial-d'Albarède|24,1686,2024,DVF
Saint-Martial-d'Artenset,1472,2024,DVF
Saint-Martial-d'Artenset|24,1472,2024,DVF
Saint-Martial-de-Gimel,1327,2024,DVF
Saint-Martial-de-Gimel|19,1327,2024,DVF
Saint-Martial-de-Nabirat,1900,2024,DVF
Saint-Martial-de-Nabirat|24,1900,2024,DVF
Saint-Martial-de-Valette,1445,2024,DVF
Saint-Martial-de-Valette|24,1445,2024,DVF
Saint-Martial|17,1579,2024,DVF
Saint-Martin-Belle-Roche,2162,2024,DVF
Saint-Martin-Belle-Roche|71,2162,2024,DVF
Saint-Martin-Boulogne,2137,2024,DVF
Saint-Martin-Boulogne|62,2137,2024,DVF
Saint-Martin-Château,1968,2024,DVF
Saint-Martin-Château|23,1968,2024,DVF
Saint-Martin-Lacaussade,1850,2024,DVF
Saint-Martin-Lacaussade|33,1850,2024,DVF
Saint-Martin-Laguépie,1299,2024,DVF
Saint-Martin-Laguépie|81,1299,2024,DVF
Saint-Martin-Lalande,1815,2024,DVF
Saint-Martin-Lalande|11,1815,2024,DVF
Saint-Martin-Lars-en-Sainte-Hermine,1335,2024,DVF
Saint-Martin-Lars-en-Sainte-Hermine|85,1335,2024,DVF
Saint-Martin-Lestra,1540,2024,DVF
Saint-Martin-Lestra|42,1540,2024,DVF
Saint-Martin-Longueau,2178,2024,DVF
Saint-Martin-Longueau|60,2178,2024,DVF
Saint-Martin-Osmonville,1931,2024,DVF
Saint-Martin-Osmonville|76,1931,2024,DVF
Saint-Martin-Petit,1292,2024,DVF
Saint-Martin-Petit|47,1292,2024,DVF
Saint-Martin-Sainte-Catherine,944,2024,DVF
Saint-Martin-Sainte-Catherine|23,944,2024,DVF
Saint-Martin-Terressus,1421,2024,DVF
Saint-Martin-Terressus|87,1421,2024,DVF
Saint-Martin-Vésubie,2761,2024,DVF
Saint-Martin-Vésubie|06,2761,2024,DVF
Saint-Martin-aux-Buneaux,3084,2024,DVF
Saint-Martin-aux-Buneaux|76,3084,2024,DVF
Saint-Martin-aux-Chartrains,4582,2024,DVF
Saint-Martin-aux-Chartrains|14,4582,2024,DVF
Saint-Martin-d'Abbat,1715,2024,DVF
Saint-Martin-d'Abbat|45,1715,2024,DVF
Saint-Martin-d'Ablois,1659,2024,DVF
Saint-Martin-d'Ablois|51,1659,2024,DVF
Saint-Martin-d'Arc,1866,2024,DVF
Saint-Martin-d'Arc|73,1866,2024,DVF
Saint-Martin-d'Ardèche,3632,2024,DVF
Saint-Martin-d'Ardèche|07,3632,2024,DVF
Saint-Martin-d'Arrossa,2254,2024,DVF
Saint-Martin-d'Arrossa|64,2254,2024,DVF
Saint-Martin-d'Aubigny,1854,2024,DVF
Saint-Martin-d'Aubigny|50,1854,2024,DVF
Saint-Martin-d'Auxigny,1379,2024,DVF
Saint-Martin-d'Auxigny|18,1379,2024,DVF
Saint-Martin-d'Estréaux,1080,2024,DVF
Saint-Martin-d'Estréaux|42,1080,2024,DVF
Saint-Martin-d'Heuille,1184,2024,DVF
Saint-Martin-d'Heuille|58,1184,2024,DVF
Saint-Martin-d'Hères,2457,2024,DVF
Saint-Martin-d'Hères|38,2457,2024,DVF
Saint-Martin-d'Oney,1994,2024,DVF
Saint-Martin-d'Oney|40,1994,2024,DVF
Saint-Martin-d'Ordon,1405,2024,DVF
Saint-Martin-d'Ordon|89,1405,2024,DVF
Saint-Martin-d'Oydes,962,2024,DVF
Saint-Martin-d'Oydes|09,962,2024,DVF
Saint-Martin-d'Uriage,3819,2024,DVF
Saint-Martin-d'Uriage|38,3819,2024,DVF
Saint-Martin-d'Écublei,2259,2024,DVF
Saint-Martin-d'Écublei|61,2259,2024,DVF
Saint-Martin-de-Bernegoue,1233,2024,DVF
Saint-Martin-de-Bernegoue|79,1233,2024,DVF
Saint-Martin-de-Bienfaite-la-Cressonnière,1738,2024,DVF
Saint-Martin-de-Bienfaite-la-Cressonnière|14,1738,2024,DVF
Saint-Martin-de-Bonfossé,1742,2024,DVF
Saint-Martin-de-Bonfossé|50,1742,2024,DVF
Saint-Martin-de-Boscherville,2995,2024,DVF
Saint-Martin-de-Boscherville|76,2995,2024,DVF
Saint-Martin-de-Bossenay,1157,2024,DVF
Saint-Martin-de-Bossenay|10,1157,2024,DVF
Saint-Martin-de-Bréthencourt,2100,2024,DVF
Saint-Martin-de-Bréthencourt|78,2100,2024,DVF
Saint-Martin-de-Brômes,3050,2024,DVF
Saint-Martin-de-Brômes|04,3050,2024,DVF
Saint-Martin-de-Castillon,3455,2024,DVF
Saint-Martin-de-Castillon|84,3455,2024,DVF
Saint-Martin-de-Coux,1240,2024,DVF
Saint-Martin-de-Coux|17,1240,2024,DVF
Saint-Martin-de-Crau,3088,2024,DVF
Saint-Martin-de-Crau|13,3088,2024,DVF
Saint-Martin-de-Fugères,1223,2024,DVF
Saint-Martin-de-Fugères|43,1223,2024,DVF
Saint-Martin-de-Gurson,1562,2024,DVF
Saint-Martin-de-Gurson|24,1562,2024,DVF
Saint-Martin-de-Hinx,3187,2024,DVF
Saint-Martin-de-Hinx|40,3187,2024,DVF
Saint-Martin-de-Laye,1377,2024,DVF
Saint-Martin-de-Laye|33,1377,2024,DVF
Saint-Martin-de-Londres,3142,2024,DVF
Saint-Martin-de-Londres|34,3142,2024,DVF
Saint-Martin-de-Mailloc,1922,2024,DVF
Saint-Martin-de-Mailloc|14,1922,2024,DVF
Saint-Martin-de-May,2360,2024,DVF
Saint-Martin-de-May|14,2360,2024,DVF
Saint-Martin-de-Nigelles,2560,2024,DVF
Saint-Martin-de-Nigelles|28,2560,2024,DVF
Saint-Martin-de-Pallières,2676,2024,DVF
Saint-Martin-de-Pallières|83,2676,2024,DVF
Saint-Martin-de-Queyrières,3631,2024,DVF
Saint-Martin-de-Queyrières|05,3631,2024,DVF
Saint-Martin-de-Ribérac,1484,2024,DVF
Saint-Martin-de-Ribérac|24,1484,2024,DVF
Saint-Martin-de-Ré,7661,2024,DVF
Saint-Martin-de-Ré|17,7661,2024,DVF
Saint-Martin-de-Saint-Maixent,1800,2024,DVF
Saint-Martin-de-Saint-Maixent|79,1800,2024,DVF
Saint-Martin-de-Sanzay,1344,2024,DVF
Saint-Martin-de-Sanzay|79,1344,2024,DVF
Saint-Martin-de-Seignanx,3941,2024,DVF
Saint-Martin-de-Seignanx|40,3941,2024,DVF
Saint-Martin-de-Valamas,1143,2024,DVF
Saint-Martin-de-Valamas|07,1143,2024,DVF
Saint-Martin-de-Valgalgues,2042,2024,DVF
Saint-Martin-de-Valgalgues|30,2042,2024,DVF
Saint-Martin-de-la-Brasque,2458,2024,DVF
Saint-Martin-de-la-Brasque|84,2458,2024,DVF
Saint-Martin-de-la-Lieue,2463,2024,DVF
Saint-Martin-de-la-Lieue|14,2463,2024,DVF
Saint-Martin-de-la-Porte,1542,2024,DVF
Saint-Martin-de-la-Porte|73,1542,2024,DVF
Saint-Martin-des-Bois,1483,2024,DVF
Saint-Martin-des-Bois|41,1483,2024,DVF
Saint-Martin-des-Champs,1851,2024,DVF
Saint-Martin-des-Champs|29,1851,2024,DVF
Saint-Martin-des-Champs|77,2071,2024,DVF
Saint-Martin-des-Entrées,3764,2024,DVF
Saint-Martin-des-Entrées|14,3764,2024,DVF
Saint-Martin-des-Fontaines,950,2024,DVF
Saint-Martin-des-Fontaines|85,950,2024,DVF
Saint-Martin-des-Noyers,1741,2024,DVF
Saint-Martin-des-Noyers|85,1741,2024,DVF
Saint-Martin-des-Olmes,1408,2024,DVF
Saint-Martin-des-Olmes|63,1408,2024,DVF
Saint-Martin-des-Prés,926,2024,DVF
Saint-Martin-des-Prés|22,926,2024,DVF
Saint-Martin-des-Tilleuls,1754,2024,DVF
Saint-Martin-des-Tilleuls|85,1754,2024,DVF
Saint-Martin-du-Bec,2284,2024,DVF
Saint-Martin-du-Bec|76,2284,2024,DVF
Saint-Martin-du-Fouilloux,2409,2024,DVF
Saint-Martin-du-Fouilloux|49,2409,2024,DVF
Saint-Martin-du-Frêne,1799,2024,DVF
Saint-Martin-du-Frêne|01,1799,2024,DVF
Saint-Martin-du-Limet,1637,2024,DVF
Saint-Martin-du-Limet|53,1637,2024,DVF
Saint-Martin-du-Manoir,2589,2024,DVF
Saint-Martin-du-Manoir|76,2589,2024,DVF
Saint-Martin-du-Mont,2205,2024,DVF
Saint-Martin-du-Mont|01,2205,2024,DVF
Saint-Martin-du-Puy,844,2024,DVF
Saint-Martin-du-Puy|58,844,2024,DVF
Saint-Martin-du-Tertre,2925,2024,DVF
Saint-Martin-du-Tertre|89,2200,2024,DVF
Saint-Martin-du-Tertre|95,2925,2024,DVF
Saint-Martin-du-Var,4262,2024,DVF
Saint-Martin-du-Var|06,4262,2024,DVF
Saint-Martin-du-Vieux-Bellême,1944,2024,DVF
Saint-Martin-du-Vieux-Bellême|61,1944,2024,DVF
Saint-Martin-du-Vivier,3104,2024,DVF
Saint-Martin-du-Vivier|76,3104,2024,DVF
Saint-Martin-en-Bresse,1524,2024,DVF
Saint-Martin-en-Bresse|71,1524,2024,DVF
Saint-Martin-en-Haut,2912,2024,DVF
Saint-Martin-en-Haut|69,2912,2024,DVF
Saint-Martin-l'Ars,1412,2024,DVF
Saint-Martin-l'Ars|86,1412,2024,DVF
Saint-Martin-la-Garenne,2611,2024,DVF
Saint-Martin-la-Garenne|78,2611,2024,DVF
Saint-Martin-la-Pallu,1554,2024,DVF
Saint-Martin-la-Pallu|86,1554,2024,DVF
Saint-Martin-la-Plaine,2526,2024,DVF
Saint-Martin-la-Plaine|42,2526,2024,DVF
Saint-Martin-la-Sauveté,1399,2024,DVF
Saint-Martin-la-Sauveté|42,1399,2024,DVF
Saint-Martin-le-Beau,2236,2024,DVF
Saint-Martin-le-Beau|37,2236,2024,DVF
Saint-Martin-le-Bouillant,1222,2024,DVF
Saint-Martin-le-Bouillant|50,1222,2024,DVF
Saint-Martin-le-Châtel,2018,2024,DVF
Saint-Martin-le-Châtel|01,2018,2024,DVF
Saint-Martin-le-Gréard,1963,2024,DVF
Saint-Martin-le-Gréard|50,1963,2024,DVF
Saint-Martin-le-Nœud,2500,2024,DVF
Saint-Martin-le-Nœud|60,2500,2024,DVF
Saint-Martin-le-Vieil,1591,2024,DVF
Saint-Martin-le-Vieil|11,1591,2024,DVF
Saint-Martin-le-Vieux,1625,2024,DVF
Saint-Martin-le-Vieux|87,1625,2024,DVF
Saint-Martin-le-Vinoux,3088,2024,DVF
Saint-Martin-le-Vinoux|38,3088,2024,DVF
Saint-Martin-lez-Tatinghem,1803,2024,DVF
Saint-Martin-lez-Tatinghem|62,1803,2024,DVF
Saint-Martin-sur-Ocre,1519,2024,DVF
Saint-Martin-sur-Ocre|45,1519,2024,DVF
Saint-Martin-sur-Oust,1406,2024,DVF
Saint-Martin-sur-Oust|56,1406,2024,DVF
Saint-Martin-sur-le-Pré,2155,2024,DVF
Saint-Martin-sur-le-Pré|51,2155,2024,DVF
Saint-Martin-sur-Écaillon,1670,2024,DVF
Saint-Martin-sur-Écaillon|59,1670,2024,DVF
Saint-Martinien,1036,2024,DVF
Saint-Martinien|03,1036,2024,DVF
Saint-Martory,1191,2024,DVF
Saint-Martory|31,1191,2024,DVF
Saint-Mary,1095,2024,DVF
Saint-Mary|16,1095,2024,DVF
Saint-Masmes,2048,2024,DVF
Saint-Masmes|51,2048,2024,DVF
Saint-Mathieu,939,2024,DVF
Saint-Mathieu-de-Tréviers,3703,2024,DVF
Saint-Mathieu-de-Tréviers|34,3703,2024,DVF
Saint-Mathieu|87,939,2024,DVF
Saint-Mathurin,2818,2024,DVF
Saint-Mathurin|85,2818,2024,DVF
Saint-Maudan,1213,2024,DVF
Saint-Maudan|22,1213,2024,DVF
Saint-Maugan,1561,2024,DVF
Saint-Maugan|35,1561,2024,DVF
Saint-Maur,1334,2024,DVF
Saint-Maur-des-Fossés,6048,2024,DVF
Saint-Maur-des-Fossés|94,6048,2024,DVF
Saint-Maurice,5673,2024,DVF
Saint-Maurice-Colombier,882,2024,DVF
Saint-Maurice-Colombier|25,882,2024,DVF
Saint-Maurice-Crillat,1252,2024,DVF
Saint-Maurice-Crillat|39,1252,2024,DVF
Saint-Maurice-Montcouronne,3206,2024,DVF
Saint-Maurice-Montcouronne|91,3206,2024,DVF
Saint-Maurice-aux-Riches-Hommes,1100,2024,DVF
Saint-Maurice-aux-Riches-Hommes|89,1100,2024,DVF
Saint-Maurice-de-Beynost,2872,2024,DVF
Saint-Maurice-de-Beynost|01,2872,2024,DVF
Saint-Maurice-de-Gourdans,3421,2024,DVF
Saint-Maurice-de-Gourdans|01,3421,2024,DVF
Saint-Maurice-de-Lignon,1655,2024,DVF
Saint-Maurice-de-Lignon|43,1655,2024,DVF
Saint-Maurice-de-Rémens,2581,2024,DVF
Saint-Maurice-de-Rémens|01,2581,2024,DVF
Saint-Maurice-de-Satonnay,2156,2024,DVF
Saint-Maurice-de-Satonnay|71,2156,2024,DVF
Saint-Maurice-des-Lions,911,2024,DVF
Saint-Maurice-des-Lions|16,911,2024,DVF
Saint-Maurice-des-Noues,1421,2024,DVF
Saint-Maurice-des-Noues|85,1421,2024,DVF
Saint-Maurice-en-Gourgois,1713,2024,DVF
Saint-Maurice-en-Gourgois|42,1713,2024,DVF
Saint-Maurice-en-Rivière,1627,2024,DVF
Saint-Maurice-en-Rivière|71,1627,2024,DVF
Saint-Maurice-l'Exil,2486,2024,DVF
Saint-Maurice-l'Exil|38,2486,2024,DVF
Saint-Maurice-la-Clouère,1532,2024,DVF
Saint-Maurice-la-Clouère|86,1532,2024,DVF
Saint-Maurice-la-Souterraine,1544,2024,DVF
Saint-Maurice-la-Souterraine|23,1544,2024,DVF
Saint-Maurice-le-Girard,1202,2024,DVF
Saint-Maurice-le-Girard|85,1202,2024,DVF
Saint-Maurice-les-Brousses,1675,2024,DVF
Saint-Maurice-les-Brousses|87,1675,2024,DVF
Saint-Maurice-lès-Châteauneuf,1345,2024,DVF
Saint-Maurice-lès-Châteauneuf|71,1345,2024,DVF
Saint-Maurice-près-Crocq,704,2024,DVF
Saint-Maurice-près-Crocq|23,704,2024,DVF
Saint-Maurice-près-Pionsat,993,2024,DVF
Saint-Maurice-près-Pionsat|63,993,2024,DVF
Saint-Maurice-sur-Adour,2000,2024,DVF
Saint-Maurice-sur-Adour|40,2000,2024,DVF
Saint-Maurice-sur-Aveyron,1151,2024,DVF
Saint-Maurice-sur-Aveyron|45,1151,2024,DVF
Saint-Maurice-sur-Eygues,2763,2024,DVF
Saint-Maurice-sur-Eygues|26,2763,2024,DVF
Saint-Maurice-sur-Fessard,1458,2024,DVF
Saint-Maurice-sur-Fessard|45,1458,2024,DVF
Saint-Maurice-sur-Moselle,2263,2024,DVF
Saint-Maurice-sur-Moselle|88,2263,2024,DVF
Saint-Maurice|63,1782,2024,DVF
Saint-Maurice|94,5673,2024,DVF
Saint-Maurin,2082,2024,DVF
Saint-Maurin|47,2082,2024,DVF
Saint-Maur|36,1334,2024,DVF
Saint-Max,1981,2024,DVF
Saint-Maximin,2908,2024,DVF
Saint-Maximin-la-Sainte-Baume,3872,2024,DVF
Saint-Maximin-la-Sainte-Baume|83,3872,2024,DVF
Saint-Maximin|30,3942,2024,DVF
Saint-Maximin|38,3896,2024,DVF
Saint-Maximin|60,2908,2024,DVF
Saint-Maxire,2058,2024,DVF
Saint-Maxire|79,2058,2024,DVF
Saint-Max|54,1981,2024,DVF
Saint-Mayeux,1213,2024,DVF
Saint-Mayeux|22,1213,2024,DVF
Saint-Melaine-sur-Aubance,2502,2024,DVF
Saint-Melaine-sur-Aubance|49,2502,2024,DVF
Saint-Memmie,1547,2024,DVF
Saint-Memmie|51,1547,2024,DVF
Saint-Menges,1284,2024,DVF
Saint-Menges|08,1284,2024,DVF
Saint-Menoux,982,2024,DVF
Saint-Menoux|03,982,2024,DVF
Saint-Mesmin,1823,2024,DVF
Saint-Mesmin|10,1679,2024,DVF
Saint-Mesmin|85,1823,2024,DVF
Saint-Mexant,1557,2024,DVF
Saint-Mexant|19,1557,2024,DVF
Saint-Michel,874,2024,DVF
Saint-Michel-Chef-Chef,4306,2024,DVF
Saint-Michel-Chef-Chef|44,4306,2024,DVF
Saint-Michel-Escalus,3468,2024,DVF
Saint-Michel-Escalus|40,3468,2024,DVF
Saint-Michel-d'Euzet,2589,2024,DVF
Saint-Michel-d'Euzet|30,2589,2024,DVF
Saint-Michel-de-Chabrillanoux,2612,2024,DVF
Saint-Michel-de-Chabrillanoux|07,2612,2024,DVF
Saint-Michel-de-Chaillol,2629,2024,DVF
Saint-Michel-de-Chaillol|05,2629,2024,DVF
Saint-Michel-de-Chavaignes,1551,2024,DVF
Saint-Michel-de-Chavaignes|72,1551,2024,DVF
Saint-Michel-de-Fronsac,2801,2024,DVF
Saint-Michel-de-Fronsac|33,2801,2024,DVF
Saint-Michel-de-Lanès,2323,2024,DVF
Saint-Michel-de-Lanès|11,2323,2024,DVF
Saint-Michel-de-Llotes,1960,2024,DVF
Saint-Michel-de-Llotes|66,1960,2024,DVF
Saint-Michel-de-Maurienne,1776,2024,DVF
Saint-Michel-de-Maurienne|73,1776,2024,DVF
Saint-Michel-de-Montjoie,1077,2024,DVF
Saint-Michel-de-Montjoie|50,1077,2024,DVF
Saint-Michel-de-Plélan,2124,2024,DVF
Saint-Michel-de-Plélan|22,2124,2024,DVF
Saint-Michel-de-Rieufret,2855,2024,DVF
Saint-Michel-de-Rieufret|33,2855,2024,DVF
Saint-Michel-en-Brenne,834,2024,DVF
Saint-Michel-en-Brenne|36,834,2024,DVF
Saint-Michel-en-Grève,3747,2024,DVF
Saint-Michel-en-Grève|22,3747,2024,DVF
Saint-Michel-en-l'Herm,2256,2024,DVF
Saint-Michel-en-l'Herm|85,2256,2024,DVF
Saint-Michel-l'Observatoire,2932,2024,DVF
Saint-Michel-l'Observatoire|04,2932,2024,DVF
Saint-Michel-le-Cloucq,1320,2024,DVF
Saint-Michel-le-Cloucq|85,1320,2024,DVF
Saint-Michel-sur-Meurthe,1541,2024,DVF
Saint-Michel-sur-Meurthe|88,1541,2024,DVF
Saint-Michel-sur-Orge,2773,2024,DVF
Saint-Michel-sur-Orge|91,2773,2024,DVF
Saint-Michel-sur-Rhône,2110,2024,DVF
Saint-Michel-sur-Rhône|42,2110,2024,DVF
Saint-Michel-sur-Ternoise,1089,2024,DVF
Saint-Michel-sur-Ternoise|62,1089,2024,DVF
Saint-Michel|02,874,2024,DVF
Saint-Michel|16,1783,2024,DVF
Saint-Michel|32,1947,2024,DVF
Saint-Mihiel,951,2024,DVF
Saint-Mihiel|55,951,2024,DVF
Saint-Mitre-les-Remparts,3977,2024,DVF
Saint-Mitre-les-Remparts|13,3977,2024,DVF
Saint-Molf,2900,2024,DVF
Saint-Molf|44,2900,2024,DVF
Saint-Montan,2362,2024,DVF
Saint-Montan|07,2362,2024,DVF
Saint-Moreil,812,2024,DVF
Saint-Moreil|23,812,2024,DVF
Saint-Morillon,3773,2024,DVF
Saint-Morillon|33,3773,2024,DVF
Saint-Méard-de-Drône,1465,2024,DVF
Saint-Méard-de-Drône|24,1465,2024,DVF
Saint-Méard-de-Gurçon,1463,2024,DVF
Saint-Méard-de-Gurçon|24,1463,2024,DVF
Saint-Médard-d'Aunis,2632,2024,DVF
Saint-Médard-d'Aunis|17,2632,2024,DVF
Saint-Médard-d'Eyrans,3537,2024,DVF
Saint-Médard-d'Eyrans|33,3537,2024,DVF
Saint-Médard-de-Guizières,1581,2024,DVF
Saint-Médard-de-Guizières|33,1581,2024,DVF
Saint-Médard-de-Mussidan,1388,2024,DVF
Saint-Médard-de-Mussidan|24,1388,2024,DVF
Saint-Médard-en-Forez,2305,2024,DVF
Saint-Médard-en-Forez|42,2305,2024,DVF
Saint-Médard-en-Jalles,3647,2024,DVF
Saint-Médard-en-Jalles|33,3647,2024,DVF
Saint-Médard-la-Rochette,791,2024,DVF
Saint-Médard-la-Rochette|23,791,2024,DVF
Saint-Médard-sur-Ille,2397,2024,DVF
Saint-Médard-sur-Ille|35,2397,2024,DVF
Saint-Méen,1934,2024,DVF
Saint-Méen-le-Grand,1701,2024,DVF
Saint-Méen-le-Grand|35,1701,2024,DVF
Saint-Méen|29,1934,2024,DVF
Saint-Méloir-des-Ondes,3216,2024,DVF
Saint-Méloir-des-Ondes|35,3216,2024,DVF
Saint-Méry,3198,2024,DVF
Saint-Méry|77,3198,2024,DVF
Saint-Même-les-Carrières,1060,2024,DVF
Saint-Même-les-Carrières|16,1060,2024,DVF
Saint-Nabord,1715,2024,DVF
Saint-Nabord|88,1715,2024,DVF
Saint-Nauphary,2320,2024,DVF
Saint-Nauphary|82,2320,2024,DVF
Saint-Nazaire,3092,2024,DVF
Saint-Nazaire-d'Aude,2690,2024,DVF
Saint-Nazaire-d'Aude|11,2690,2024,DVF
Saint-Nazaire-de-Ladarez,1207,2024,DVF
Saint-Nazaire-de-Ladarez|34,1207,2024,DVF
Saint-Nazaire-de-Valentane,1260,2024,DVF
Saint-Nazaire-de-Valentane|82,1260,2024,DVF
Saint-Nazaire-en-Royans,1817,2024,DVF
Saint-Nazaire-en-Royans|26,1817,2024,DVF
Saint-Nazaire-les-Eymes,4262,2024,DVF
Saint-Nazaire-les-Eymes|38,4262,2024,DVF
Saint-Nazaire-sur-Charente,2240,2024,DVF
Saint-Nazaire-sur-Charente|17,2240,2024,DVF
Saint-Nazaire|30,3089,2024,DVF
Saint-Nazaire|44,3092,2024,DVF
Saint-Nazaire|66,2567,2024,DVF
Saint-Nectaire,1415,2024,DVF
Saint-Nectaire|63,1415,2024,DVF
Saint-Nexans,2125,2024,DVF
Saint-Nexans|24,2125,2024,DVF
Saint-Nic,2687,2024,DVF
Saint-Nicolas,1874,2024,DVF
Saint-Nicolas-d'Aliermont,1881,2024,DVF
Saint-Nicolas-d'Aliermont|76,1881,2024,DVF
Saint-Nicolas-de-Bourgueil,2044,2024,DVF
Saint-Nicolas-de-Bourgueil|37,2044,2024,DVF
Saint-Nicolas-de-Macherin,2512,2024,DVF
Saint-Nicolas-de-Macherin|38,2512,2024,DVF
Saint-Nicolas-de-Port,1679,2024,DVF
Saint-Nicolas-de-Port|54,1679,2024,DVF
Saint-Nicolas-de-Redon,1978,2024,DVF
Saint-Nicolas-de-Redon|44,1978,2024,DVF
Saint-Nicolas-de-la-Grave,1369,2024,DVF
Saint-Nicolas-de-la-Grave|82,1369,2024,DVF
Saint-Nicolas-de-la-Haie,1761,2024,DVF
Saint-Nicolas-de-la-Haie|76,1761,2024,DVF
Saint-Nicolas-de-la-Taille,2258,2024,DVF
Saint-Nicolas-de-la-Taille|76,2258,2024,DVF
Saint-Nicolas-des-Biefs,1150,2024,DVF
Saint-Nicolas-des-Biefs|03,1150,2024,DVF
Saint-Nicolas-du-Pélem,1366,2024,DVF
Saint-Nicolas-du-Pélem|22,1366,2024,DVF
Saint-Nicolas-du-Tertre,1279,2024,DVF
Saint-Nicolas-du-Tertre|56,1279,2024,DVF
Saint-Nicolas-la-Chapelle,3901,2024,DVF
Saint-Nicolas-la-Chapelle|73,3901,2024,DVF
Saint-Nicolas|62,1874,2024,DVF
Saint-Nic|29,2687,2024,DVF
Saint-Nizier-d'Azergues,2014,2024,DVF
Saint-Nizier-d'Azergues|69,2014,2024,DVF
Saint-Nizier-du-Moucherotte,3894,2024,DVF
Saint-Nizier-du-Moucherotte|38,3894,2024,DVF
Saint-Nizier-le-Bouchoux,1870,2024,DVF
Saint-Nizier-le-Bouchoux|01,1870,2024,DVF
Saint-Nizier-le-Désert,2902,2024,DVF
Saint-Nizier-le-Désert|01,2902,2024,DVF
Saint-Nizier-sous-Charlieu,1456,2024,DVF
Saint-Nizier-sous-Charlieu|42,1456,2024,DVF
Saint-Nolff,2843,2024,DVF
Saint-Nolff|56,2843,2024,DVF
Saint-Nom-la-Bretèche,5152,2024,DVF
Saint-Nom-la-Bretèche|78,5152,2024,DVF
Saint-Offenge,3960,2024,DVF
Saint-Offenge|73,3960,2024,DVF
Saint-Omer,1752,2024,DVF
Saint-Omer-Capelle,1663,2024,DVF
Saint-Omer-Capelle|62,1663,2024,DVF
Saint-Omer-en-Chaussée,1723,2024,DVF
Saint-Omer-en-Chaussée|60,1723,2024,DVF
Saint-Omer|14,1443,2024,DVF
Saint-Omer|62,1752,2024,DVF
Saint-Ondras,2561,2024,DVF
Saint-Ondras|38,2561,2024,DVF
Saint-Onen-la-Chapelle,2187,2024,DVF
Saint-Onen-la-Chapelle|35,2187,2024,DVF
Saint-Orens-de-Gameville,3081,2024,DVF
Saint-Orens-de-Gameville|31,3081,2024,DVF
Saint-Ouen,1639,2024,DVF
Saint-Ouen-d'Aunis,2928,2024,DVF
Saint-Ouen-d'Aunis|17,2928,2024,DVF
Saint-Ouen-de-Mimbré,1542,2024,DVF
Saint-Ouen-de-Mimbré|72,1542,2024,DVF
Saint-Ouen-de-Thouberville,2038,2024,DVF
Saint-Ouen-de-Thouberville|27,2038,2024,DVF
Saint-Ouen-des-Alleux,1693,2024,DVF
Saint-Ouen-des-Alleux|35,1693,2024,DVF
Saint-Ouen-du-Breuil,1572,2024,DVF
Saint-Ouen-du-Breuil|76,1572,2024,DVF
Saint-Ouen-du-Tilleul,2010,2024,DVF
Saint-Ouen-du-Tilleul|27,2010,2024,DVF
Saint-Ouen-en-Belin,1406,2024,DVF
Saint-Ouen-en-Belin|72,1406,2024,DVF
Saint-Ouen-en-Brie,2569,2024,DVF
Saint-Ouen-en-Brie|77,2569,2024,DVF
Saint-Ouen-l'Aumône,3191,2024,DVF
Saint-Ouen-l'Aumône|95,3191,2024,DVF
Saint-Ouen-les-Vignes,2036,2024,DVF
Saint-Ouen-les-Vignes|37,2036,2024,DVF
Saint-Ouen-sur-Iton,1696,2024,DVF
Saint-Ouen-sur-Iton|61,1696,2024,DVF
Saint-Ouen-sur-Loire,1293,2024,DVF
Saint-Ouen-sur-Loire|58,1293,2024,DVF
Saint-Ouen-sur-Morin,1729,2024,DVF
Saint-Ouen-sur-Morin|77,1729,2024,DVF
Saint-Ouen-sur-Seine,6254,2024,DVF
Saint-Ouen-sur-Seine|93,6254,2024,DVF
Saint-Ouen|41,1639,2024,DVF
Saint-Ouen|80,1012,2024,DVF
Saint-Oulph,1856,2024,DVF
Saint-Oulph|10,1856,2024,DVF
Saint-Ours,1716,2024,DVF
Saint-Ours|63,1716,2024,DVF
Saint-Ours|73,2885,2024,DVF
Saint-Outrille,1251,2024,DVF
Saint-Outrille|18,1251,2024,DVF
Saint-Ouën-des-Toits,1586,2024,DVF
Saint-Ouën-des-Toits|53,1586,2024,DVF
Saint-Ovin,1519,2024,DVF
Saint-Ovin|50,1519,2024,DVF
Saint-Pabu,2617,2024,DVF
Saint-Pabu|29,2617,2024,DVF
Saint-Pair-sur-Mer,3631,2024,DVF
Saint-Pair-sur-Mer|50,3631,2024,DVF
Saint-Pal-de-Chalencon,1477,2024,DVF
Saint-Pal-de-Chalencon|43,1477,2024,DVF
Saint-Pal-de-Mons,2197,2024,DVF
Saint-Pal-de-Mons|43,2197,2024,DVF
Saint-Palais,2327,2024,DVF
Saint-Palais-de-Négrignac,1327,2024,DVF
Saint-Palais-de-Négrignac|17,1327,2024,DVF
Saint-Palais-du-Né,1107,2024,DVF
Saint-Palais-du-Né|16,1107,2024,DVF
Saint-Palais-sur-Mer,5147,2024,DVF
Saint-Palais-sur-Mer|17,5147,2024,DVF
Saint-Palais|03,1315,2024,DVF
Saint-Palais|33,1311,2024,DVF
Saint-Palais|64,2327,2024,DVF
Saint-Pancrace,2672,2024,DVF
Saint-Pancrace|73,2672,2024,DVF
Saint-Pandelon,2360,2024,DVF
Saint-Pandelon|40,2360,2024,DVF
Saint-Pantaléon-de-Larche,2022,2024,DVF
Saint-Pantaléon-de-Larche|19,2022,2024,DVF
Saint-Pantaléon-les-Vignes,2132,2024,DVF
Saint-Pantaléon-les-Vignes|26,2132,2024,DVF
Saint-Papoul,1318,2024,DVF
Saint-Papoul|11,1318,2024,DVF
Saint-Pardoux-Isaac,1538,2024,DVF
Saint-Pardoux-Isaac|47,1538,2024,DVF
Saint-Pardoux-Soutiers,1247,2024,DVF
Saint-Pardoux-Soutiers|79,1247,2024,DVF
Saint-Pardoux-du-Breuil,1388,2024,DVF
Saint-Pardoux-du-Breuil|47,1388,2024,DVF
Saint-Pardoux-la-Croisille,1091,2024,DVF
Saint-Pardoux-la-Croisille|19,1091,2024,DVF
Saint-Pardoux-la-Rivière,957,2024,DVF
Saint-Pardoux-la-Rivière|24,957,2024,DVF
Saint-Pardoux-le-Lac,1399,2024,DVF
Saint-Pardoux-le-Lac|87,1399,2024,DVF
Saint-Pargoire,2381,2024,DVF
Saint-Pargoire|34,2381,2024,DVF
Saint-Parize-le-Châtel,990,2024,DVF
Saint-Parize-le-Châtel|58,990,2024,DVF
Saint-Parres-aux-Tertres,1977,2024,DVF
Saint-Parres-aux-Tertres|10,1977,2024,DVF
Saint-Parres-lès-Vaudes,1687,2024,DVF
Saint-Parres-lès-Vaudes|10,1687,2024,DVF
Saint-Parthem,1117,2024,DVF
Saint-Parthem|12,1117,2024,DVF
Saint-Pastour,1640,2024,DVF
Saint-Pastour|47,1640,2024,DVF
Saint-Paterne - Le Chevain,1684,2024,DVF
Saint-Paterne - Le Chevain|72,1684,2024,DVF
Saint-Paterne-Racan,1864,2024,DVF
Saint-Paterne-Racan|37,1864,2024,DVF
Saint-Pathus,2670,2024,DVF
Saint-Pathus|77,2670,2024,DVF
Saint-Patrice-du-Désert,1499,2024,DVF
Saint-Patrice-du-Désert|61,1499,2024,DVF
Saint-Paul,2426,2024,DVF
Saint-Paul-Cap-de-Joux,1584,2024,DVF
Saint-Paul-Cap-de-Joux|81,1584,2024,DVF
Saint-Paul-Flaugnac,1704,2024,DVF
Saint-Paul-Flaugnac|46,1704,2024,DVF
Saint-Paul-Mont-Penit,2149,2024,DVF
Saint-Paul-Mont-Penit|85,2149,2024,DVF
Saint-Paul-Trois-Châteaux,2521,2024,DVF
Saint-Paul-Trois-Châteaux|26,2521,2024,DVF
Saint-Paul-de-Fenouillet,1125,2024,DVF
Saint-Paul-de-Fenouillet|66,1125,2024,DVF
Saint-Paul-de-Fourques,1865,2024,DVF
Saint-Paul-de-Fourques|27,1865,2024,DVF
Saint-Paul-de-Jarrat,1610,2024,DVF
Saint-Paul-de-Jarrat|09,1610,2024,DVF
Saint-Paul-de-Varax,2289,2024,DVF
Saint-Paul-de-Varax|01,2289,2024,DVF
Saint-Paul-de-Varces,3307,2024,DVF
Saint-Paul-de-Varces|38,3307,2024,DVF
Saint-Paul-de-Vence,6425,2024,DVF
Saint-Paul-de-Vence|06,6425,2024,DVF
Saint-Paul-des-Landes,1694,2024,DVF
Saint-Paul-des-Landes|15,1694,2024,DVF
Saint-Paul-du-Bois,1052,2024,DVF
Saint-Paul-du-Bois|49,1052,2024,DVF
Saint-Paul-du-Vernay,1900,2024,DVF
Saint-Paul-du-Vernay|14,1900,2024,DVF
Saint-Paul-en-Born,2922,2024,DVF
Saint-Paul-en-Born|40,2922,2024,DVF
Saint-Paul-en-Chablais,4368,2024,DVF
Saint-Paul-en-Chablais|74,4368,2024,DVF
Saint-Paul-en-Cornillon,1916,2024,DVF
Saint-Paul-en-Cornillon|42,1916,2024,DVF
Saint-Paul-en-Forêt,3694,2024,DVF
Saint-Paul-en-Forêt|83,3694,2024,DVF
Saint-Paul-en-Jarez,2138,2024,DVF
Saint-Paul-en-Jarez|42,2138,2024,DVF
Saint-Paul-en-Pareds,2183,2024,DVF
Saint-Paul-en-Pareds|85,2183,2024,DVF
Saint-Paul-et-Valmalle,2864,2024,DVF
Saint-Paul-et-Valmalle|34,2864,2024,DVF
Saint-Paul-la-Coste,3243,2024,DVF
Saint-Paul-la-Coste|30,3243,2024,DVF
Saint-Paul-la-Roche,1049,2024,DVF
Saint-Paul-la-Roche|24,1049,2024,DVF
Saint-Paul-le-Gaultier,921,2024,DVF
Saint-Paul-le-Gaultier|72,921,2024,DVF
Saint-Paul-le-Jeune,2380,2024,DVF
Saint-Paul-le-Jeune|07,2380,2024,DVF
Saint-Paul-les-Fonts,2683,2024,DVF
Saint-Paul-les-Fonts|30,2683,2024,DVF
Saint-Paul-lès-Dax,2761,2024,DVF
Saint-Paul-lès-Dax|40,2761,2024,DVF
Saint-Paul-lès-Durance,1995,2024,DVF
Saint-Paul-lès-Durance|13,1995,2024,DVF
Saint-Paul-lès-Monestier,2236,2024,DVF
Saint-Paul-lès-Monestier|38,2236,2024,DVF
Saint-Paul-lès-Romans,2424,2024,DVF
Saint-Paul-lès-Romans|26,2424,2024,DVF
Saint-Paul-sur-Isère,1795,2024,DVF
Saint-Paul-sur-Isère|73,1795,2024,DVF
Saint-Paul-sur-Save,2341,2024,DVF
Saint-Paul-sur-Save|31,2341,2024,DVF
Saint-Paul-sur-Ubaye,3498,2024,DVF
Saint-Paul-sur-Ubaye|04,3498,2024,DVF
Saint-Paulet-de-Caisson,2508,2024,DVF
Saint-Paulet-de-Caisson|30,2508,2024,DVF
Saint-Paulien,1872,2024,DVF
Saint-Paulien|43,1872,2024,DVF
Saint-Paul|33,1568,2024,DVF
Saint-Paul|60,2426,2024,DVF
Saint-Paul|61,870,2024,DVF
Saint-Paul|87,1418,2024,DVF
Saint-Pavace,2251,2024,DVF
Saint-Pavace|72,2251,2024,DVF
Saint-Paër,1724,2024,DVF
Saint-Paër|76,1724,2024,DVF
Saint-Perdon,2039,2024,DVF
Saint-Perdon|40,2039,2024,DVF
Saint-Pern,1741,2024,DVF
Saint-Pern|35,1741,2024,DVF
Saint-Perreux,1929,2024,DVF
Saint-Perreux|56,1929,2024,DVF
Saint-Phal,1380,2024,DVF
Saint-Phal|10,1380,2024,DVF
Saint-Philbert-de-Bouaine,2343,2024,DVF
Saint-Philbert-de-Bouaine|85,2343,2024,DVF
Saint-Philbert-de-Grand-Lieu,2934,2024,DVF
Saint-Philbert-de-Grand-Lieu|44,2934,2024,DVF
Saint-Philbert-des-Champs,2521,2024,DVF
Saint-Philbert-des-Champs|14,2521,2024,DVF
Saint-Philbert-sur-Risle,1969,2024,DVF
Saint-Philbert-sur-Risle|27,1969,2024,DVF
Saint-Philibert,5406,2024,DVF
Saint-Philibert|21,2390,2024,DVF
Saint-Philibert|56,5406,2024,DVF
Saint-Piat,2644,2024,DVF
Saint-Piat|28,2644,2024,DVF
Saint-Pierre,2404,2024,DVF
Saint-Pierre-Brouck,1884,2024,DVF
Saint-Pierre-Brouck|59,1884,2024,DVF
Saint-Pierre-Eynac,1968,2024,DVF
Saint-Pierre-Eynac|43,1968,2024,DVF
Saint-Pierre-La-Noue,1580,2024,DVF
Saint-Pierre-La-Noue|17,1580,2024,DVF
Saint-Pierre-Lafeuille,2200,2024,DVF
Saint-Pierre-Lafeuille|46,2200,2024,DVF
Saint-Pierre-Laval,1200,2024,DVF
Saint-Pierre-Laval|03,1200,2024,DVF
Saint-Pierre-Quiberon,5168,2024,DVF
Saint-Pierre-Quiberon|56,5168,2024,DVF
Saint-Pierre-d'Albigny,2621,2024,DVF
Saint-Pierre-d'Albigny|73,2621,2024,DVF
Saint-Pierre-d'Amilly,1763,2024,DVF
Saint-Pierre-d'Amilly|17,1763,2024,DVF
Saint-Pierre-d'Argençon,1805,2024,DVF
Saint-Pierre-d'Argençon|05,1805,2024,DVF
Saint-Pierre-d'Aurillac,1763,2024,DVF
Saint-Pierre-d'Aurillac|33,1763,2024,DVF
Saint-Pierre-d'Entremont,2305,2024,DVF
Saint-Pierre-d'Entremont|38,2305,2024,DVF
Saint-Pierre-d'Entremont|61,1324,2024,DVF
Saint-Pierre-d'Entremont|73,2734,2024,DVF
Saint-Pierre-d'Exideuil,1339,2024,DVF
Saint-Pierre-d'Exideuil|86,1339,2024,DVF
Saint-Pierre-d'Eyraud,1418,2024,DVF
Saint-Pierre-d'Eyraud|24,1418,2024,DVF
Saint-Pierre-d'Irube,3778,2024,DVF
Saint-Pierre-d'Irube|64,3778,2024,DVF
Saint-Pierre-d'Oléron,3707,2024,DVF
Saint-Pierre-d'Oléron|17,3707,2024,DVF
Saint-Pierre-de-Bailleul,2334,2024,DVF
Saint-Pierre-de-Bailleul|27,2334,2024,DVF
Saint-Pierre-de-Bressieux,2149,2024,DVF
Saint-Pierre-de-Bressieux|38,2149,2024,DVF
Saint-Pierre-de-Bœuf,2184,2024,DVF
Saint-Pierre-de-Bœuf|42,2184,2024,DVF
Saint-Pierre-de-Chandieu,3562,2024,DVF
Saint-Pierre-de-Chandieu|69,3562,2024,DVF
Saint-Pierre-de-Chartreuse,3561,2024,DVF
Saint-Pierre-de-Chartreuse|38,3561,2024,DVF
Saint-Pierre-de-Chevillé,1537,2024,DVF
Saint-Pierre-de-Chevillé|72,1537,2024,DVF
Saint-Pierre-de-Chignac,1901,2024,DVF
Saint-Pierre-de-Chignac|24,1901,2024,DVF
Saint-Pierre-de-Cormeilles,2088,2024,DVF
Saint-Pierre-de-Cormeilles|27,2088,2024,DVF
Saint-Pierre-de-Coutances,2591,2024,DVF
Saint-Pierre-de-Coutances|50,2591,2024,DVF
Saint-Pierre-de-Curtille,3920,2024,DVF
Saint-Pierre-de-Curtille|73,3920,2024,DVF
Saint-Pierre-de-Côle,1704,2024,DVF
Saint-Pierre-de-Côle|24,1704,2024,DVF
Saint-Pierre-de-Frugie,1160,2024,DVF
Saint-Pierre-de-Frugie|24,1160,2024,DVF
Saint-Pierre-de-Maillé,1062,2024,DVF
Saint-Pierre-de-Maillé|86,1062,2024,DVF
Saint-Pierre-de-Manneville,2085,2024,DVF
Saint-Pierre-de-Manneville|76,2085,2024,DVF
Saint-Pierre-de-Mons,2489,2024,DVF
Saint-Pierre-de-Mons|33,2489,2024,DVF
Saint-Pierre-de-Mésage,2948,2024,DVF
Saint-Pierre-de-Mésage|38,2948,2024,DVF
Saint-Pierre-de-Rivière,1655,2024,DVF
Saint-Pierre-de-Rivière|09,1655,2024,DVF
Saint-Pierre-de-Salerne,1699,2024,DVF
Saint-Pierre-de-Salerne|27,1699,2024,DVF
Saint-Pierre-de-Semilly,1595,2024,DVF
Saint-Pierre-de-Semilly|50,1595,2024,DVF
Saint-Pierre-de-Trivisy,1009,2024,DVF
Saint-Pierre-de-Trivisy|81,1009,2024,DVF
Saint-Pierre-de-Varengeville,1931,2024,DVF
Saint-Pierre-de-Varengeville|76,1931,2024,DVF
Saint-Pierre-de-Varennes,2055,2024,DVF
Saint-Pierre-de-Varennes|71,2055,2024,DVF
Saint-Pierre-de-Vassols,3106,2024,DVF
Saint-Pierre-de-Vassols|84,3106,2024,DVF
Saint-Pierre-dels-Forcats,2991,2024,DVF
Saint-Pierre-dels-Forcats|66,2991,2024,DVF
Saint-Pierre-des-Bois,1196,2024,DVF
Saint-Pierre-des-Bois|72,1196,2024,DVF
Saint-Pierre-des-Champs,2265,2024,DVF
Saint-Pierre-des-Champs|11,2265,2024,DVF
Saint-Pierre-des-Corps,2237,2024,DVF
Saint-Pierre-des-Corps|37,2237,2024,DVF
Saint-Pierre-des-Fleurs,2022,2024,DVF
Saint-Pierre-des-Fleurs|27,2022,2024,DVF
Saint-Pierre-des-Landes,2090,2024,DVF
Saint-Pierre-des-Landes|53,2090,2024,DVF
Saint-Pierre-des-Nids,1305,2024,DVF
Saint-Pierre-des-Nids|53,1305,2024,DVF
Saint-Pierre-des-Échaubrognes,1759,2024,DVF
Saint-Pierre-des-Échaubrognes|79,1759,2024,DVF
Saint-Pierre-du-Bosguérard,2033,2024,DVF
Saint-Pierre-du-Bosguérard|27,2033,2024,DVF
Saint-Pierre-du-Champ,1488,2024,DVF
Saint-Pierre-du-Champ|43,1488,2024,DVF
Saint-Pierre-du-Chemin,1274,2024,DVF
Saint-Pierre-du-Chemin|85,1274,2024,DVF
Saint-Pierre-du-Lorouër,784,2024,DVF
Saint-Pierre-du-Lorouër|72,784,2024,DVF
Saint-Pierre-du-Mont,2349,2024,DVF
Saint-Pierre-du-Mont|40,2349,2024,DVF
Saint-Pierre-du-Perray,3348,2024,DVF
Saint-Pierre-du-Perray|91,3348,2024,DVF
Saint-Pierre-du-Regard,1664,2024,DVF
Saint-Pierre-du-Regard|61,1664,2024,DVF
Saint-Pierre-du-Val,2384,2024,DVF
Saint-Pierre-du-Val|27,2384,2024,DVF
Saint-Pierre-du-Vauvray,2279,2024,DVF
Saint-Pierre-du-Vauvray|27,2279,2024,DVF
Saint-Pierre-en-Auge,1849,2024,DVF
Saint-Pierre-en-Auge|14,1849,2024,DVF
Saint-Pierre-en-Faucigny,4173,2024,DVF
Saint-Pierre-en-Faucigny|74,4173,2024,DVF
Saint-Pierre-en-Port,2403,2024,DVF
Saint-Pierre-en-Port|76,2403,2024,DVF
Saint-Pierre-en-Val,2267,2024,DVF
Saint-Pierre-en-Val|76,2267,2024,DVF
Saint-Pierre-la-Bourlhonne,1392,2024,DVF
Saint-Pierre-la-Bourlhonne|63,1392,2024,DVF
Saint-Pierre-la-Cour,1835,2024,DVF
Saint-Pierre-la-Cour|53,1835,2024,DVF
Saint-Pierre-la-Garenne,1748,2024,DVF
Saint-Pierre-la-Garenne|27,1748,2024,DVF
Saint-Pierre-la-Palud,2708,2024,DVF
Saint-Pierre-la-Palud|69,2708,2024,DVF
Saint-Pierre-le-Moûtier,1179,2024,DVF
Saint-Pierre-le-Moûtier|58,1179,2024,DVF
Saint-Pierre-le-Vieux,810,2024,DVF
Saint-Pierre-le-Vieux|85,810,2024,DVF
Saint-Pierre-les-Bois,943,2024,DVF
Saint-Pierre-les-Bois|18,943,2024,DVF
Saint-Pierre-les-Étieux,1101,2024,DVF
Saint-Pierre-les-Étieux|18,1101,2024,DVF
Saint-Pierre-lès-Elbeuf,1769,2024,DVF
Saint-Pierre-lès-Elbeuf|76,1769,2024,DVF
Saint-Pierre-lès-Nemours,2383,2024,DVF
Saint-Pierre-lès-Nemours|77,2383,2024,DVF
Saint-Pierre-Église,1736,2024,DVF
Saint-Pierre-Église|50,1736,2024,DVF
Saint-Pierre|39,2404,2024,DVF
Saint-Plaisir,921,2024,DVF
Saint-Plaisir|03,921,2024,DVF
Saint-Plancard,1140,2024,DVF
Saint-Plancard|31,1140,2024,DVF
Saint-Planchers,2499,2024,DVF
Saint-Planchers|50,2499,2024,DVF
Saint-Plantaire,903,2024,DVF
Saint-Plantaire|36,903,2024,DVF
Saint-Point,1401,2024,DVF
Saint-Point-Lac,3990,2024,DVF
Saint-Point-Lac|25,3990,2024,DVF
Saint-Point|71,1401,2024,DVF
Saint-Pois,1916,2024,DVF
Saint-Pois|50,1916,2024,DVF
Saint-Poix,1330,2024,DVF
Saint-Poix|53,1330,2024,DVF
Saint-Pol-de-Léon,2128,2024,DVF
Saint-Pol-de-Léon|29,2128,2024,DVF
Saint-Pol-sur-Ternoise,1127,2024,DVF
Saint-Pol-sur-Ternoise|62,1127,2024,DVF
Saint-Polycarpe,1169,2024,DVF
Saint-Polycarpe|11,1169,2024,DVF
Saint-Pompain,1568,2024,DVF
Saint-Pompain|79,1568,2024,DVF
Saint-Pons,2439,2024,DVF
Saint-Pons-de-Mauchiens,2637,2024,DVF
Saint-Pons-de-Mauchiens|34,2637,2024,DVF
Saint-Pons-de-Thomières,1241,2024,DVF
Saint-Pons-de-Thomières|34,1241,2024,DVF
Saint-Pons-la-Calm,2860,2024,DVF
Saint-Pons-la-Calm|30,2860,2024,DVF
Saint-Pons|04,2439,2024,DVF
Saint-Porchaire,2135,2024,DVF
Saint-Porchaire|17,2135,2024,DVF
Saint-Porquier,1392,2024,DVF
Saint-Porquier|82,1392,2024,DVF
Saint-Pouange,1882,2024,DVF
Saint-Pouange|10,1882,2024,DVF
Saint-Pourçain-sur-Sioule,1352,2024,DVF
Saint-Pourçain-sur-Sioule|03,1352,2024,DVF
Saint-Prest,2149,2024,DVF
Saint-Prest|28,2149,2024,DVF
Saint-Priest,3024,2024,DVF
Saint-Priest-Bramefant,1496,2024,DVF
Saint-Priest-Bramefant|63,1496,2024,DVF
Saint-Priest-Ligoure,1423,2024,DVF
Saint-Priest-Ligoure|87,1423,2024,DVF
Saint-Priest-Taurion,1626,2024,DVF
Saint-Priest-Taurion|87,1626,2024,DVF
Saint-Priest-de-Gimel,1249,2024,DVF
Saint-Priest-de-Gimel|19,1249,2024,DVF
Saint-Priest-des-Champs,1224,2024,DVF
Saint-Priest-des-Champs|63,1224,2024,DVF
Saint-Priest-en-Jarez,2503,2024,DVF
Saint-Priest-en-Jarez|42,2503,2024,DVF
Saint-Priest-la-Feuille,1052,2024,DVF
Saint-Priest-la-Feuille|23,1052,2024,DVF
Saint-Priest-la-Plaine,649,2024,DVF
Saint-Priest-la-Plaine|23,649,2024,DVF
Saint-Priest-la-Prugne,980,2024,DVF
Saint-Priest-la-Prugne|42,980,2024,DVF
Saint-Priest-les-Fougères,1536,2024,DVF
Saint-Priest-les-Fougères|24,1536,2024,DVF
Saint-Priest-sous-Aixe,1700,2024,DVF
Saint-Priest-sous-Aixe|87,1700,2024,DVF
Saint-Priest|69,3024,2024,DVF
Saint-Prim,2928,2024,DVF
Saint-Prim|38,2928,2024,DVF
Saint-Privat,2201,2024,DVF
Saint-Privat-d'Allier,1769,2024,DVF
Saint-Privat-d'Allier|43,1769,2024,DVF
Saint-Privat-de-Vallongue,1013,2024,DVF
Saint-Privat-de-Vallongue|48,1013,2024,DVF
Saint-Privat-des-Vieux,2162,2024,DVF
Saint-Privat-des-Vieux|30,2162,2024,DVF
Saint-Privat|07,2201,2024,DVF
Saint-Privat|19,1261,2024,DVF
Saint-Privat|34,1659,2024,DVF
Saint-Prix,3995,2024,DVF
Saint-Prix|03,848,2024,DVF
Saint-Prix|95,3995,2024,DVF
Saint-Projet,1673,2024,DVF
Saint-Projet|46,1673,2024,DVF
Saint-Projet|82,1547,2024,DVF
Saint-Prouant,1594,2024,DVF
Saint-Prouant|85,1594,2024,DVF
Saint-Pryvé-Saint-Mesmin,2380,2024,DVF
Saint-Pryvé-Saint-Mesmin|45,2380,2024,DVF
Saint-Puy,1447,2024,DVF
Saint-Puy|32,1447,2024,DVF
Saint-Python,1262,2024,DVF
Saint-Python|59,1262,2024,DVF
Saint-Père,1071,2024,DVF
Saint-Père-Marc-en-Poulet,3333,2024,DVF
Saint-Père-Marc-en-Poulet|35,3333,2024,DVF
Saint-Père-en-Retz,3044,2024,DVF
Saint-Père-en-Retz|44,3044,2024,DVF
Saint-Père-sur-Loire,1752,2024,DVF
Saint-Père-sur-Loire|45,1752,2024,DVF
Saint-Père|58,1071,2024,DVF
Saint-Père|89,1864,2024,DVF
Saint-Pé-de-Bigorre,1227,2024,DVF
Saint-Pé-de-Bigorre|65,1227,2024,DVF
Saint-Pée-sur-Nivelle,4332,2024,DVF
Saint-Pée-sur-Nivelle|64,4332,2024,DVF
Saint-Péran,3612,2024,DVF
Saint-Péran|35,3612,2024,DVF
Saint-Péravy-la-Colombe,1781,2024,DVF
Saint-Péravy-la-Colombe|45,1781,2024,DVF
Saint-Péray,2961,2024,DVF
Saint-Péray|07,2961,2024,DVF
Saint-Péver,1458,2024,DVF
Saint-Péver|22,1458,2024,DVF
Saint-Pôtan,2006,2024,DVF
Saint-Pôtan|22,2006,2024,DVF
Saint-Quantin-de-Rançanne,1658,2024,DVF
Saint-Quantin-de-Rançanne|17,1658,2024,DVF
Saint-Quay-Perros,2955,2024,DVF
Saint-Quay-Perros|22,2955,2024,DVF
Saint-Quay-Portrieux,3803,2024,DVF
Saint-Quay-Portrieux|22,3803,2024,DVF
Saint-Quentin,1220,2024,DVF
Saint-Quentin-Fallavier,2705,2024,DVF
Saint-Quentin-Fallavier|38,2705,2024,DVF
Saint-Quentin-de-Baron,2448,2024,DVF
Saint-Quentin-de-Baron|33,2448,2024,DVF
Saint-Quentin-en-Tourmont,2902,2024,DVF
Saint-Quentin-en-Tourmont|80,2902,2024,DVF
Saint-Quentin-la-Motte-Croix-au-Bailly,1656,2024,DVF
Saint-Quentin-la-Motte-Croix-au-Bailly|80,1656,2024,DVF
Saint-Quentin-la-Poterie,3668,2024,DVF
Saint-Quentin-la-Poterie|30,3668,2024,DVF
Saint-Quentin-les-Anges,1010,2024,DVF
Saint-Quentin-les-Anges|53,1010,2024,DVF
Saint-Quentin-sur-Indrois,1479,2024,DVF
Saint-Quentin-sur-Indrois|37,1479,2024,DVF
Saint-Quentin-sur-Isère,3557,2024,DVF
Saint-Quentin-sur-Isère|38,3557,2024,DVF
Saint-Quentin-sur-le-Homme,2115,2024,DVF
Saint-Quentin-sur-le-Homme|50,2115,2024,DVF
Saint-Quentin|02,1220,2024,DVF
Saint-Quirc,2454,2024,DVF
Saint-Quirc|09,2454,2024,DVF
Saint-Rabier,1437,2024,DVF
Saint-Rabier|24,1437,2024,DVF
Saint-Rambert-d'Albon,2045,2024,DVF
Saint-Rambert-d'Albon|26,2045,2024,DVF
Saint-Rambert-en-Bugey,1337,2024,DVF
Saint-Rambert-en-Bugey|01,1337,2024,DVF
Saint-Raphaël,5222,2024,DVF
Saint-Raphaël|24,1754,2024,DVF
Saint-Raphaël|83,5222,2024,DVF
Saint-Remimont,1652,2024,DVF
Saint-Remimont|54,1652,2024,DVF
Saint-Remy-Chaussée,1494,2024,DVF
Saint-Remy-Chaussée|59,1494,2024,DVF
Saint-Remy-du-Nord,1183,2024,DVF
Saint-Remy-du-Nord|59,1183,2024,DVF
Saint-Remy-en-Bouzemont-Saint-Genest-et-Isson,1042,2024,DVF
Saint-Remy-en-Bouzemont-Saint-Genest-et-Isson|51,1042,2024,DVF
Saint-Remy-en-l'Eau,2212,2024,DVF
Saint-Remy-en-l'Eau|60,2212,2024,DVF
Saint-Remèze,2306,2024,DVF
Saint-Remèze|07,2306,2024,DVF
Saint-Renan,2407,2024,DVF
Saint-Renan|29,2407,2024,DVF
Saint-Restitut,3284,2024,DVF
Saint-Restitut|26,3284,2024,DVF
Saint-Rieul,1603,2024,DVF
Saint-Rieul|22,1603,2024,DVF
Saint-Rimay,1627,2024,DVF
Saint-Rimay|41,1627,2024,DVF
Saint-Riquier,1536,2024,DVF
Saint-Riquier-ès-Plains,2264,2024,DVF
Saint-Riquier-ès-Plains|76,2264,2024,DVF
Saint-Riquier|80,1536,2024,DVF
Saint-Robert,1141,2024,DVF
Saint-Robert|19,1141,2024,DVF
Saint-Roch,2519,2024,DVF
Saint-Roch|37,2519,2024,DVF
Saint-Rogatien,3481,2024,DVF
Saint-Rogatien|17,3481,2024,DVF
Saint-Romain,996,2024,DVF
Saint-Romain-Lachalm,1494,2024,DVF
Saint-Romain-Lachalm|43,1494,2024,DVF
Saint-Romain-au-Mont-d'Or,4806,2024,DVF
Saint-Romain-au-Mont-d'Or|69,4806,2024,DVF
Saint-Romain-d'Ay,1909,2024,DVF
Saint-Romain-d'Ay|07,1909,2024,DVF
Saint-Romain-de-Benet,2005,2024,DVF
Saint-Romain-de-Benet|17,2005,2024,DVF
Saint-Romain-de-Colbosc,2528,2024,DVF
Saint-Romain-de-Colbosc|76,2528,2024,DVF
Saint-Romain-de-Jalionas,2709,2024,DVF
Saint-Romain-de-Jalionas|38,2709,2024,DVF
Saint-Romain-de-Lerps,2295,2024,DVF
Saint-Romain-de-Lerps|07,2295,2024,DVF
Saint-Romain-en-Gal,2553,2024,DVF
Saint-Romain-en-Gal|69,2553,2024,DVF
Saint-Romain-en-Gier,1591,2024,DVF
Saint-Romain-en-Gier|69,1591,2024,DVF
Saint-Romain-en-Jarez,2178,2024,DVF
Saint-Romain-en-Jarez|42,2178,2024,DVF
Saint-Romain-en-Viennois,3042,2024,DVF
Saint-Romain-en-Viennois|84,3042,2024,DVF
Saint-Romain-la-Motte,2026,2024,DVF
Saint-Romain-la-Motte|42,2026,2024,DVF
Saint-Romain-le-Puy,2048,2024,DVF
Saint-Romain-le-Puy|42,2048,2024,DVF
Saint-Romain-sur-Cher,1209,2024,DVF
Saint-Romain-sur-Cher|41,1209,2024,DVF
Saint-Romain|16,1399,2024,DVF
Saint-Romain|21,1548,2024,DVF
Saint-Romain|86,996,2024,DVF
Saint-Romans,2293,2024,DVF
Saint-Romans|38,2293,2024,DVF
Saint-Rome-de-Cernon,1317,2024,DVF
Saint-Rome-de-Cernon|12,1317,2024,DVF
Saint-Rome-de-Tarn,1350,2024,DVF
Saint-Rome-de-Tarn|12,1350,2024,DVF
Saint-Rémy,2008,2024,DVF
Saint-Rémy-Boscrocourt,1694,2024,DVF
Saint-Rémy-Boscrocourt|76,1694,2024,DVF
Saint-Rémy-de-Maurienne,2784,2024,DVF
Saint-Rémy-de-Maurienne|73,2784,2024,DVF
Saint-Rémy-de-Provence,5971,2024,DVF
Saint-Rémy-de-Provence|13,5971,2024,DVF
Saint-Rémy-de-Sillé,747,2024,DVF
Saint-Rémy-de-Sillé|72,747,2024,DVF
Saint-Rémy-de-la-Vanne,1978,2024,DVF
Saint-Rémy-de-la-Vanne|77,1978,2024,DVF
Saint-Rémy-des-Monts,1344,2024,DVF
Saint-Rémy-des-Monts|72,1344,2024,DVF
Saint-Rémy-du-Plain,1819,2024,DVF
Saint-Rémy-du-Plain|35,1819,2024,DVF
Saint-Rémy-du-Val,1129,2024,DVF
Saint-Rémy-du-Val|72,1129,2024,DVF
Saint-Rémy-en-Rollat,1493,2024,DVF
Saint-Rémy-en-Rollat|03,1493,2024,DVF
Saint-Rémy-l'Honoré,3684,2024,DVF
Saint-Rémy-l'Honoré|78,3684,2024,DVF
Saint-Rémy-lès-Chevreuse,4617,2024,DVF
Saint-Rémy-lès-Chevreuse|78,4617,2024,DVF
Saint-Rémy-sur-Avre,1795,2024,DVF
Saint-Rémy-sur-Avre|28,1795,2024,DVF
Saint-Rémy-sur-Durolle,1426,2024,DVF
Saint-Rémy-sur-Durolle|63,1426,2024,DVF
Saint-Rémy|01,2258,2024,DVF
Saint-Rémy|14,1741,2024,DVF
Saint-Rémy|21,1540,2024,DVF
Saint-Rémy|24,1673,2024,DVF
Saint-Rémy|71,2008,2024,DVF
Saint-Rémy|79,1994,2024,DVF
Saint-Révérend,2591,2024,DVF
Saint-Révérend|85,2591,2024,DVF
Saint-Saire,2063,2024,DVF
Saint-Saire|76,2063,2024,DVF
Saint-Salvy-de-la-Balme,1173,2024,DVF
Saint-Salvy-de-la-Balme|81,1173,2024,DVF
Saint-Samson-de-la-Roque,2536,2024,DVF
Saint-Samson-de-la-Roque|27,2536,2024,DVF
Saint-Samson-sur-Rance,2289,2024,DVF
Saint-Samson-sur-Rance|22,2289,2024,DVF
Saint-Santin,1205,2024,DVF
Saint-Santin-Cantalès,930,2024,DVF
Saint-Santin-Cantalès|15,930,2024,DVF
Saint-Santin|12,1205,2024,DVF
Saint-Sardos,1690,2024,DVF
Saint-Sardos|82,1690,2024,DVF
Saint-Satur,1319,2024,DVF
Saint-Saturnin,860,2024,DVF
Saint-Saturnin-de-Lenne,897,2024,DVF
Saint-Saturnin-de-Lenne|12,897,2024,DVF
Saint-Saturnin-du-Bois,1216,2024,DVF
Saint-Saturnin-du-Bois|17,1216,2024,DVF
Saint-Saturnin-du-Limet,1401,2024,DVF
Saint-Saturnin-du-Limet|53,1401,2024,DVF
Saint-Saturnin-lès-Apt,3982,2024,DVF
Saint-Saturnin-lès-Apt|84,3982,2024,DVF
Saint-Saturnin-lès-Avignon,2748,2024,DVF
Saint-Saturnin-lès-Avignon|84,2748,2024,DVF
Saint-Saturnin|16,1353,2024,DVF
Saint-Saturnin|18,860,2024,DVF
Saint-Saturnin|63,2468,2024,DVF
Saint-Saturnin|72,2254,2024,DVF
Saint-Satur|18,1319,2024,DVF
Saint-Saud-Lacoussière,1383,2024,DVF
Saint-Saud-Lacoussière|24,1383,2024,DVF
Saint-Sauflieu,2207,2024,DVF
Saint-Sauflieu|80,2207,2024,DVF
Saint-Saulge,934,2024,DVF
Saint-Saulge|58,934,2024,DVF
Saint-Saulve,1934,2024,DVF
Saint-Saulve|59,1934,2024,DVF
Saint-Sauvant,1071,2024,DVF
Saint-Sauvant|17,1785,2024,DVF
Saint-Sauvant|86,1071,2024,DVF
Saint-Sauves-d'Auvergne,1480,2024,DVF
Saint-Sauves-d'Auvergne|63,1480,2024,DVF
Saint-Sauveur,3075,2024,DVF
Saint-Sauveur-Camprieu,3097,2024,DVF
Saint-Sauveur-Camprieu|30,3097,2024,DVF
Saint-Sauveur-Marville,1722,2024,DVF
Saint-Sauveur-Marville|28,1722,2024,DVF
Saint-Sauveur-Villages,1409,2024,DVF
Saint-Sauveur-Villages|50,1409,2024,DVF
Saint-Sauveur-d'Aunis,2356,2024,DVF
Saint-Sauveur-d'Aunis|17,2356,2024,DVF
Saint-Sauveur-d'Émalleville,2153,2024,DVF
Saint-Sauveur-d'Émalleville|76,2153,2024,DVF
Saint-Sauveur-de-Cruzières,2710,2024,DVF
Saint-Sauveur-de-Cruzières|07,2710,2024,DVF
Saint-Sauveur-de-Meilhan,1491,2024,DVF
Saint-Sauveur-de-Meilhan|47,1491,2024,DVF
Saint-Sauveur-de-Montagut,1888,2024,DVF
Saint-Sauveur-de-Montagut|07,1888,2024,DVF
Saint-Sauveur-de-Pierrepont,1915,2024,DVF
Saint-Sauveur-de-Pierrepont|50,1915,2024,DVF
Saint-Sauveur-des-Landes,1597,2024,DVF
Saint-Sauveur-des-Landes|35,1597,2024,DVF
Saint-Sauveur-en-Puisaye,1333,2024,DVF
Saint-Sauveur-en-Puisaye|89,1333,2024,DVF
Saint-Sauveur-en-Rue,1795,2024,DVF
Saint-Sauveur-en-Rue|42,1795,2024,DVF
Saint-Sauveur-la-Pommeraye,2244,2024,DVF
Saint-Sauveur-la-Pommeraye|50,2244,2024,DVF
Saint-Sauveur-le-Vicomte,1528,2024,DVF
Saint-Sauveur-le-Vicomte|50,1528,2024,DVF
Saint-Sauveur-lès-Bray,2638,2024,DVF
Saint-Sauveur-lès-Bray|77,2638,2024,DVF
Saint-Sauveur-sur-Tinée,1446,2024,DVF
Saint-Sauveur-sur-Tinée|06,1446,2024,DVF
Saint-Sauveur-sur-École,3046,2024,DVF
Saint-Sauveur-sur-École|77,3046,2024,DVF
Saint-Sauveur|05,2551,2024,DVF
Saint-Sauveur|24,2119,2024,DVF
Saint-Sauveur|29,1200,2024,DVF
Saint-Sauveur|31,3075,2024,DVF
Saint-Sauveur|33,1819,2024,DVF
Saint-Sauveur|38,2269,2024,DVF
Saint-Sauveur|60,2330,2024,DVF
Saint-Sauveur|70,1124,2024,DVF
Saint-Sauveur|80,1784,2024,DVF
Saint-Sauvier,1127,2024,DVF
Saint-Sauvier|03,1127,2024,DVF
Saint-Savin,2700,2024,DVF
Saint-Savinien,1794,2024,DVF
Saint-Savinien|17,1794,2024,DVF
Saint-Savin|33,2069,2024,DVF
Saint-Savin|38,2700,2024,DVF
Saint-Savin|86,1082,2024,DVF
Saint-Savournin,4576,2024,DVF
Saint-Savournin|13,4576,2024,DVF
Saint-Saëns,1657,2024,DVF
Saint-Saëns|76,1657,2024,DVF
Saint-Secondin,872,2024,DVF
Saint-Secondin|86,872,2024,DVF
Saint-Selve,2992,2024,DVF
Saint-Selve|33,2992,2024,DVF
Saint-Senier-sous-Avranches,2852,2024,DVF
Saint-Senier-sous-Avranches|50,2852,2024,DVF
Saint-Senoux,2129,2024,DVF
Saint-Senoux|35,2129,2024,DVF
Saint-Sernin,2621,2024,DVF
Saint-Sernin-du-Bois,1466,2024,DVF
Saint-Sernin-du-Bois|71,1466,2024,DVF
Saint-Sernin-du-Plain,1240,2024,DVF
Saint-Sernin-du-Plain|71,1240,2024,DVF
Saint-Sernin-sur-Rance,1247,2024,DVF
Saint-Sernin-sur-Rance|12,1247,2024,DVF
Saint-Sernin|07,2621,2024,DVF
Saint-Sernin|47,2235,2024,DVF
Saint-Servais,1109,2024,DVF
Saint-Servais|22,1109,2024,DVF
Saint-Servant,1413,2024,DVF
Saint-Servant|56,1413,2024,DVF
Saint-Setiers,1268,2024,DVF
Saint-Setiers|19,1268,2024,DVF
Saint-Seurin-de-Cadourne,1574,2024,DVF
Saint-Seurin-de-Cadourne|33,1574,2024,DVF
Saint-Seurin-de-Cursac,1619,2024,DVF
Saint-Seurin-de-Cursac|33,1619,2024,DVF
Saint-Seurin-sur-l'Isle,1586,2024,DVF
Saint-Seurin-sur-l'Isle|33,1586,2024,DVF
Saint-Sever,1619,2024,DVF
Saint-Sever-du-Moustier,529,2024,DVF
Saint-Sever-du-Moustier|12,529,2024,DVF
Saint-Sever|40,1619,2024,DVF
Saint-Siffret,3624,2024,DVF
Saint-Siffret|30,3624,2024,DVF
Saint-Sigismond,1301,2024,DVF
Saint-Sigismond|45,1301,2024,DVF
Saint-Sigismond|74,4327,2024,DVF
Saint-Sigismond|85,1312,2024,DVF
Saint-Silvain-Bas-le-Roc,1522,2024,DVF
Saint-Silvain-Bas-le-Roc|23,1522,2024,DVF
Saint-Silvain-Montaigut,760,2024,DVF
Saint-Silvain-Montaigut|23,760,2024,DVF
Saint-Simon,1804,2024,DVF
Saint-Simon-de-Pellouaille,1824,2024,DVF
Saint-Simon-de-Pellouaille|17,1824,2024,DVF
Saint-Simon|02,1137,2024,DVF
Saint-Simon|15,1804,2024,DVF
Saint-Siméon,1740,2024,DVF
Saint-Siméon-de-Bressieux,1876,2024,DVF
Saint-Siméon-de-Bressieux|38,1876,2024,DVF
Saint-Siméon|77,1740,2024,DVF
Saint-Sixt,4090,2024,DVF
Saint-Sixte,1428,2024,DVF
Saint-Sixte|47,1428,2024,DVF
Saint-Sixt|74,4090,2024,DVF
Saint-Sorlin-d'Arves,3734,2024,DVF
Saint-Sorlin-d'Arves|73,3734,2024,DVF
Saint-Sorlin-de-Morestel,2075,2024,DVF
Saint-Sorlin-de-Morestel|38,2075,2024,DVF
Saint-Sorlin-en-Bugey,2163,2024,DVF
Saint-Sorlin-en-Bugey|01,2163,2024,DVF
Saint-Sorlin-en-Valloire,2246,2024,DVF
Saint-Sorlin-en-Valloire|26,2246,2024,DVF
Saint-Sornin,2005,2024,DVF
Saint-Sornin-Lavolps,1910,2024,DVF
Saint-Sornin-Lavolps|19,1910,2024,DVF
Saint-Sornin-Leulac,1047,2024,DVF
Saint-Sornin-Leulac|87,1047,2024,DVF
Saint-Sornin-la-Marche,936,2024,DVF
Saint-Sornin-la-Marche|87,936,2024,DVF
Saint-Sornin|16,2005,2024,DVF
Saint-Sornin|17,3183,2024,DVF
Saint-Souplet,1092,2024,DVF
Saint-Souplet|59,1092,2024,DVF
Saint-Soupplets,2768,2024,DVF
Saint-Soupplets|77,2768,2024,DVF
Saint-Sozy,1788,2024,DVF
Saint-Sozy|46,1788,2024,DVF
Saint-Suliac,4466,2024,DVF
Saint-Suliac|35,4466,2024,DVF
Saint-Sulpice,1104,2024,DVF
Saint-Sulpice-Laurière,903,2024,DVF
Saint-Sulpice-Laurière|87,903,2024,DVF
Saint-Sulpice-d'Arnoult,1623,2024,DVF
Saint-Sulpice-d'Arnoult|17,1623,2024,DVF
Saint-Sulpice-de-Faleyrens,2818,2024,DVF
Saint-Sulpice-de-Faleyrens|33,2818,2024,DVF
Saint-Sulpice-de-Pommeray,2063,2024,DVF
Saint-Sulpice-de-Pommeray|41,2063,2024,DVF
Saint-Sulpice-de-Royan,3066,2024,DVF
Saint-Sulpice-de-Royan|17,3066,2024,DVF
Saint-Sulpice-des-Landes,1562,2024,DVF
Saint-Sulpice-des-Landes|35,1562,2024,DVF
Saint-Sulpice-et-Cameyrac,2870,2024,DVF
Saint-Sulpice-et-Cameyrac|33,2870,2024,DVF
Saint-Sulpice-la-Forêt,2749,2024,DVF
Saint-Sulpice-la-Forêt|35,2749,2024,DVF
Saint-Sulpice-la-Pointe,2574,2024,DVF
Saint-Sulpice-la-Pointe|81,2574,2024,DVF
Saint-Sulpice-le-Dunois,908,2024,DVF
Saint-Sulpice-le-Dunois|23,908,2024,DVF
Saint-Sulpice-le-Guérétois,1245,2024,DVF
Saint-Sulpice-le-Guérétois|23,1245,2024,DVF
Saint-Sulpice-les-Feuilles,1254,2024,DVF
Saint-Sulpice-les-Feuilles|87,1254,2024,DVF
Saint-Sulpice-sur-Lèze,2197,2024,DVF
Saint-Sulpice-sur-Lèze|31,2197,2024,DVF
Saint-Sulpice-sur-Risle,1935,2024,DVF
Saint-Sulpice-sur-Risle|61,1935,2024,DVF
Saint-Sulpice|58,1104,2024,DVF
Saint-Sulpice|60,2488,2024,DVF
Saint-Sylvain,1926,2024,DVF
Saint-Sylvain|14,1926,2024,DVF
Saint-Sylvestre,1566,2024,DVF
Saint-Sylvestre-Cappel,2191,2024,DVF
Saint-Sylvestre-Cappel|59,2191,2024,DVF
Saint-Sylvestre-Pragoulin,1667,2024,DVF
Saint-Sylvestre-Pragoulin|63,1667,2024,DVF
Saint-Sylvestre-sur-Lot,1876,2024,DVF
Saint-Sylvestre-sur-Lot|47,1876,2024,DVF
Saint-Sylvestre|87,1566,2024,DVF
Saint-Symphorien,2383,2024,DVF
Saint-Symphorien-d'Ancelles,1901,2024,DVF
Saint-Symphorien-d'Ancelles|71,1901,2024,DVF
Saint-Symphorien-d'Ozon,3259,2024,DVF
Saint-Symphorien-d'Ozon|69,3259,2024,DVF
Saint-Symphorien-de-Lay,1765,2024,DVF
Saint-Symphorien-de-Lay|42,1765,2024,DVF
Saint-Symphorien-des-Bruyères,1701,2024,DVF
Saint-Symphorien-des-Bruyères|61,1701,2024,DVF
Saint-Symphorien-sur-Coise,2298,2024,DVF
Saint-Symphorien-sur-Coise|69,2298,2024,DVF
Saint-Symphorien|33,2383,2024,DVF
Saint-Symphorien|35,2131,2024,DVF
Saint-Symphorien|72,1248,2024,DVF
Saint-Symphorien|79,1756,2024,DVF
Saint-Sébastien,940,2024,DVF
Saint-Sébastien-de-Morsent,1832,2024,DVF
Saint-Sébastien-de-Morsent|27,1832,2024,DVF
Saint-Sébastien-sur-Loire,3353,2024,DVF
Saint-Sébastien-sur-Loire|44,3353,2024,DVF
Saint-Sébastien|23,940,2024,DVF
Saint-Ségal,1488,2024,DVF
Saint-Ségal|29,1488,2024,DVF
Saint-Sériès,3761,2024,DVF
Saint-Sériès|34,3761,2024,DVF
Saint-Sérotin,1702,2024,DVF
Saint-Sérotin|89,1702,2024,DVF
Saint-Séverin,1217,2024,DVF
Saint-Séverin|16,1217,2024,DVF
Saint-Thibault-des-Vignes,3818,2024,DVF
Saint-Thibault-des-Vignes|77,3818,2024,DVF
Saint-Thibéry,2218,2024,DVF
Saint-Thibéry|34,2218,2024,DVF
Saint-Thierry,2481,2024,DVF
Saint-Thierry|51,2481,2024,DVF
Saint-Thiébault,790,2024,DVF
Saint-Thiébault|52,790,2024,DVF
Saint-Thois,1560,2024,DVF
Saint-Thois|29,1560,2024,DVF
Saint-Thomas-de-Conac,1373,2024,DVF
Saint-Thomas-de-Conac|17,1373,2024,DVF
Saint-Thomas-la-Garde,2305,2024,DVF
Saint-Thomas-la-Garde|42,2305,2024,DVF
Saint-Thomé,2494,2024,DVF
Saint-Thomé|07,2494,2024,DVF
Saint-Thonan,2524,2024,DVF
Saint-Thonan|29,2524,2024,DVF
Saint-Thual,2583,2024,DVF
Saint-Thual|35,2583,2024,DVF
Saint-Thurial,2089,2024,DVF
Saint-Thurial|35,2089,2024,DVF
Saint-Thuriau,1700,2024,DVF
Saint-Thuriau|56,1700,2024,DVF
Saint-Thurien,1618,2024,DVF
Saint-Thurien|29,1618,2024,DVF
Saint-Thégonnec Loc-Eguiner,1886,2024,DVF
Saint-Thégonnec Loc-Eguiner|29,1886,2024,DVF
Saint-Théoffrey,2484,2024,DVF
Saint-Théoffrey|38,2484,2024,DVF
Saint-Tricat,2039,2024,DVF
Saint-Tricat|62,2039,2024,DVF
Saint-Trinit,2410,2024,DVF
Saint-Trinit|84,2410,2024,DVF
Saint-Trivier-de-Courtes,1778,2024,DVF
Saint-Trivier-de-Courtes|01,1778,2024,DVF
Saint-Trivier-sur-Moignans,2516,2024,DVF
Saint-Trivier-sur-Moignans|01,2516,2024,DVF
Saint-Trojan-les-Bains,3943,2024,DVF
Saint-Trojan-les-Bains|17,3943,2024,DVF
Saint-Tropez,10870,2024,DVF
Saint-Tropez|83,10870,2024,DVF
Saint-Tugdual,1342,2024,DVF
Saint-Tugdual|56,1342,2024,DVF
Saint-Ulphace,1253,2024,DVF
Saint-Ulphace|72,1253,2024,DVF
Saint-Uniac,1964,2024,DVF
Saint-Uniac|35,1964,2024,DVF
Saint-Urbain,2282,2024,DVF
Saint-Urbain-Maconcourt,928,2024,DVF
Saint-Urbain-Maconcourt|52,928,2024,DVF
Saint-Urbain|29,1983,2024,DVF
Saint-Urbain|85,2282,2024,DVF
Saint-Usage,1747,2024,DVF
Saint-Usage|21,1747,2024,DVF
Saint-Usuge,1805,2024,DVF
Saint-Usuge|71,1805,2024,DVF
Saint-Uze,1914,2024,DVF
Saint-Uze|26,1914,2024,DVF
Saint-Vaast-Dieppedalle,1527,2024,DVF
Saint-Vaast-Dieppedalle|76,1527,2024,DVF
Saint-Vaast-d'Équiqueville,1958,2024,DVF
Saint-Vaast-d'Équiqueville|76,1958,2024,DVF
Saint-Vaast-en-Cambrésis,1271,2024,DVF
Saint-Vaast-en-Cambrésis|59,1271,2024,DVF
Saint-Vaast-en-Chaussée,1819,2024,DVF
Saint-Vaast-en-Chaussée|80,1819,2024,DVF
Saint-Vaast-la-Hougue,2459,2024,DVF
Saint-Vaast-la-Hougue|50,2459,2024,DVF
Saint-Vaast-lès-Mello,2114,2024,DVF
Saint-Vaast-lès-Mello|60,2114,2024,DVF
Saint-Vaize,2073,2024,DVF
Saint-Vaize|17,2073,2024,DVF
Saint-Valery-en-Caux,2270,2024,DVF
Saint-Valery-en-Caux|76,2270,2024,DVF
Saint-Valery-sur-Somme,3819,2024,DVF
Saint-Valery-sur-Somme|80,3819,2024,DVF
Saint-Vallier,1271,2024,DVF
Saint-Vallier-de-Thiey,3859,2024,DVF
Saint-Vallier-de-Thiey|06,3859,2024,DVF
Saint-Vallier|26,1479,2024,DVF
Saint-Vallier|71,1271,2024,DVF
Saint-Valérien,1632,2024,DVF
Saint-Valérien|85,1387,2024,DVF
Saint-Valérien|89,1632,2024,DVF
Saint-Varent,1074,2024,DVF
Saint-Varent|79,1074,2024,DVF
Saint-Vaury,1005,2024,DVF
Saint-Vaury|23,1005,2024,DVF
Saint-Venant,1652,2024,DVF
Saint-Venant|62,1652,2024,DVF
Saint-Viance,1756,2024,DVF
Saint-Viance|19,1756,2024,DVF
Saint-Viaud,2690,2024,DVF
Saint-Viaud|44,2690,2024,DVF
Saint-Victeur,1919,2024,DVF
Saint-Victeur|72,1919,2024,DVF
Saint-Victor,1798,2024,DVF
Saint-Victor-Malescours,1901,2024,DVF
Saint-Victor-Malescours|43,1901,2024,DVF
Saint-Victor-de-Buthon,1570,2024,DVF
Saint-Victor-de-Buthon|28,1570,2024,DVF
Saint-Victor-de-Cessieu,2586,2024,DVF
Saint-Victor-de-Cessieu|38,2586,2024,DVF
Saint-Victor-de-Chrétienville,1563,2024,DVF
Saint-Victor-de-Chrétienville|27,1563,2024,DVF
Saint-Victor-de-Malcap,2147,2024,DVF
Saint-Victor-de-Malcap|30,2147,2024,DVF
Saint-Victor-de-Morestel,2177,2024,DVF
Saint-Victor-de-Morestel|38,2177,2024,DVF
Saint-Victor-en-Marche,1606,2024,DVF
Saint-Victor-en-Marche|23,1606,2024,DVF
Saint-Victor-l'Abbaye,2819,2024,DVF
Saint-Victor-l'Abbaye|76,2819,2024,DVF
Saint-Victor-la-Coste,2981,2024,DVF
Saint-Victor-la-Coste|30,2981,2024,DVF
Saint-Victor-sur-Rhins,1604,2024,DVF
Saint-Victor-sur-Rhins|42,1604,2024,DVF
Saint-Victoret,3736,2024,DVF
Saint-Victoret|13,3736,2024,DVF
Saint-Victor|03,1460,2024,DVF
Saint-Victor|07,1798,2024,DVF
Saint-Victurnien,1550,2024,DVF
Saint-Victurnien|87,1550,2024,DVF
Saint-Vigor-d'Ymonville,2578,2024,DVF
Saint-Vigor-d'Ymonville|76,2578,2024,DVF
Saint-Vigor-le-Grand,2738,2024,DVF
Saint-Vigor-le-Grand|14,2738,2024,DVF
Saint-Vincent,1459,2024,DVF
Saint-Vincent-Bragny,1191,2024,DVF
Saint-Vincent-Bragny|71,1191,2024,DVF
Saint-Vincent-Cramesnil,2090,2024,DVF
Saint-Vincent-Cramesnil|76,2090,2024,DVF
Saint-Vincent-Jalmoutiers,1015,2024,DVF
Saint-Vincent-Jalmoutiers|24,1015,2024,DVF
Saint-Vincent-Sterlanges,1383,2024,DVF
Saint-Vincent-Sterlanges|85,1383,2024,DVF
Saint-Vincent-d'Olargues,1709,2024,DVF
Saint-Vincent-d'Olargues|34,1709,2024,DVF
Saint-Vincent-de-Boisset,2121,2024,DVF
Saint-Vincent-de-Boisset|42,2121,2024,DVF
Saint-Vincent-de-Connezac,1041,2024,DVF
Saint-Vincent-de-Connezac|24,1041,2024,DVF
Saint-Vincent-de-Mercuze,3399,2024,DVF
Saint-Vincent-de-Mercuze|38,3399,2024,DVF
Saint-Vincent-de-Paul,2557,2024,DVF
Saint-Vincent-de-Paul|40,2557,2024,DVF
Saint-Vincent-de-Reins,1587,2024,DVF
Saint-Vincent-de-Reins|69,1587,2024,DVF
Saint-Vincent-de-Tyrosse,3366,2024,DVF
Saint-Vincent-de-Tyrosse|40,3366,2024,DVF
Saint-Vincent-des-Landes,1406,2024,DVF
Saint-Vincent-des-Landes|44,1406,2024,DVF
Saint-Vincent-du-Lorouër,1078,2024,DVF
Saint-Vincent-du-Lorouër|72,1078,2024,DVF
Saint-Vincent-en-Bresse,1706,2024,DVF
Saint-Vincent-en-Bresse|71,1706,2024,DVF
Saint-Vincent-la-Châtre,1008,2024,DVF
Saint-Vincent-la-Châtre|79,1008,2024,DVF
Saint-Vincent-la-Commanderie,3226,2024,DVF
Saint-Vincent-la-Commanderie|26,3226,2024,DVF
Saint-Vincent-sur-Graon,2200,2024,DVF
Saint-Vincent-sur-Graon|85,2200,2024,DVF
Saint-Vincent-sur-Jard,3703,2024,DVF
Saint-Vincent-sur-Jard|85,3703,2024,DVF
Saint-Vincent-sur-Oust,1811,2024,DVF
Saint-Vincent-sur-Oust|56,1811,2024,DVF
Saint-Vincent|43,1459,2024,DVF
Saint-Vit,1867,2024,DVF
Saint-Vital,3032,2024,DVF
Saint-Vital|73,3032,2024,DVF
Saint-Vite,1363,2024,DVF
Saint-Vite|47,1363,2024,DVF
Saint-Vit|25,1867,2024,DVF
Saint-Vivien,3399,2024,DVF
Saint-Vivien-de-Blaye,2100,2024,DVF
Saint-Vivien-de-Blaye|33,2100,2024,DVF
Saint-Vivien-de-Médoc,2282,2024,DVF
Saint-Vivien-de-Médoc|33,2282,2024,DVF
Saint-Vivien|17,3399,2024,DVF
Saint-Viâtre,1517,2024,DVF
Saint-Viâtre|41,1517,2024,DVF
Saint-Vougay,1529,2024,DVF
Saint-Vougay|29,1529,2024,DVF
Saint-Vrain,3160,2024,DVF
Saint-Vrain|91,3160,2024,DVF
Saint-Vran,1466,2024,DVF
Saint-Vran|22,1466,2024,DVF
Saint-Vulbas,2932,2024,DVF
Saint-Vulbas|01,2932,2024,DVF
Saint-Vérain,1075,2024,DVF
Saint-Vérain|58,1075,2024,DVF
Saint-Vérand,2667,2024,DVF
Saint-Vérand|38,2667,2024,DVF
Saint-Vérand|69,2963,2024,DVF
Saint-Waast,2064,2024,DVF
Saint-Waast|59,2064,2024,DVF
Saint-Witz,3538,2024,DVF
Saint-Witz|95,3538,2024,DVF
Saint-Xandre,3393,2024,DVF
Saint-Xandre|17,3393,2024,DVF
Saint-Yaguen,2132,2024,DVF
Saint-Yaguen|40,2132,2024,DVF
Saint-Yan,1404,2024,DVF
Saint-Yan|71,1404,2024,DVF
Saint-Ybars,1869,2024,DVF
Saint-Ybars|09,1869,2024,DVF
Saint-Yon,3242,2024,DVF
Saint-Yon|91,3242,2024,DVF
Saint-Yorre,1475,2024,DVF
Saint-Yorre|03,1475,2024,DVF
Saint-Yrieix-la-Perche,1450,2024,DVF
Saint-Yrieix-la-Perche|87,1450,2024,DVF
Saint-Yrieix-les-Bois,737,2024,DVF
Saint-Yrieix-les-Bois|23,737,2024,DVF
Saint-Yrieix-sous-Aixe,1455,2024,DVF
Saint-Yrieix-sous-Aixe|87,1455,2024,DVF
Saint-Yrieix-sur-Charente,1849,2024,DVF
Saint-Yrieix-sur-Charente|16,1849,2024,DVF
Saint-Yvi,2040,2024,DVF
Saint-Yvi|29,2040,2024,DVF
Saint-Yvoine,2036,2024,DVF
Saint-Yvoine|63,2036,2024,DVF
Saint-Yzan-de-Soudiac,1747,2024,DVF
Saint-Yzan-de-Soudiac|33,1747,2024,DVF
Saint-Yzans-de-Médoc,1058,2024,DVF
Saint-Yzans-de-Médoc|33,1058,2024,DVF
Saint-Zacharie,4126,2024,DVF
Saint-Zacharie|83,4126,2024,DVF
Saint-Égrève,2959,2024,DVF
Saint-Égrève|38,2959,2024,DVF
Saint-Éliph,1521,2024,DVF
Saint-Éliph|28,1521,2024,DVF
Saint-Élix-le-Château,2258,2024,DVF
Saint-Élix-le-Château|31,2258,2024,DVF
Saint-Éloi,1588,2024,DVF
Saint-Éloi|58,1588,2024,DVF
Saint-Éloy-de-Gy,1712,2024,DVF
Saint-Éloy-de-Gy|18,1712,2024,DVF
Saint-Éloy-les-Mines,898,2024,DVF
Saint-Éloy-les-Mines|63,898,2024,DVF
Saint-Émiland,1204,2024,DVF
Saint-Émiland|71,1204,2024,DVF
Saint-Émilion,3065,2024,DVF
Saint-Émilion|33,3065,2024,DVF
Saint-Épain,1649,2024,DVF
Saint-Épain|37,1649,2024,DVF
Saint-Étienne,1379,2024,DVF
Saint-Étienne-Estréchoux,1571,2024,DVF
Saint-Étienne-Estréchoux|34,1571,2024,DVF
Saint-Étienne-Lardeyrol,1311,2024,DVF
Saint-Étienne-Lardeyrol|43,1311,2024,DVF
Saint-Étienne-Vallée-Française,2764,2024,DVF
Saint-Étienne-Vallée-Française|48,2764,2024,DVF
Saint-Étienne-au-Mont,1963,2024,DVF
Saint-Étienne-au-Mont|62,1963,2024,DVF
Saint-Étienne-au-Temple,1430,2024,DVF
Saint-Étienne-au-Temple|51,1430,2024,DVF
Saint-Étienne-d'Albagnan,1333,2024,DVF
Saint-Étienne-d'Albagnan|34,1333,2024,DVF
Saint-Étienne-d'Orthe,2677,2024,DVF
Saint-Étienne-d'Orthe|40,2677,2024,DVF
Saint-Étienne-de-Boulogne,2143,2024,DVF
Saint-Étienne-de-Boulogne|07,2143,2024,DVF
Saint-Étienne-de-Brillouet,1452,2024,DVF
Saint-Étienne-de-Brillouet|85,1452,2024,DVF
Saint-Étienne-de-Chigny,2451,2024,DVF
Saint-Étienne-de-Chigny|37,2451,2024,DVF
Saint-Étienne-de-Chomeil,1222,2024,DVF
Saint-Étienne-de-Chomeil|15,1222,2024,DVF
Saint-Étienne-de-Crossey,2574,2024,DVF
Saint-Étienne-de-Crossey|38,2574,2024,DVF
Saint-Étienne-de-Cuines,2110,2024,DVF
Saint-Étienne-de-Cuines|73,2110,2024,DVF
Saint-Étienne-de-Fontbellon,2211,2024,DVF
Saint-Étienne-de-Fontbellon|07,2211,2024,DVF
Saint-Étienne-de-Fougères,1755,2024,DVF
Saint-Étienne-de-Fougères|47,1755,2024,DVF
Saint-Étienne-de-Gourgas,2332,2024,DVF
Saint-Étienne-de-Gourgas|34,2332,2024,DVF
Saint-Étienne-de-Lugdarès,1262,2024,DVF
Saint-Étienne-de-Lugdarès|07,1262,2024,DVF
Saint-Étienne-de-Maurs,1703,2024,DVF
Saint-Étienne-de-Maurs|15,1703,2024,DVF
Saint-Étienne-de-Mer-Morte,2173,2024,DVF
Saint-Étienne-de-Mer-Morte|44,2173,2024,DVF
Saint-Étienne-de-Montluc,2956,2024,DVF
Saint-Étienne-de-Montluc|44,2956,2024,DVF
Saint-Étienne-de-Saint-Geoirs,2027,2024,DVF
Saint-Étienne-de-Saint-Geoirs|38,2027,2024,DVF
Saint-Étienne-de-Serre,2268,2024,DVF
Saint-Étienne-de-Serre|07,2268,2024,DVF
Saint-Étienne-de-Tinée,5890,2024,DVF
Saint-Étienne-de-Tinée|06,5890,2024,DVF
Saint-Étienne-de-Tulmont,2389,2024,DVF
Saint-Étienne-de-Tulmont|82,2389,2024,DVF
Saint-Étienne-des-Oullières,2391,2024,DVF
Saint-Étienne-des-Oullières|69,2391,2024,DVF
Saint-Étienne-des-Sorts,1867,2024,DVF
Saint-Étienne-des-Sorts|30,1867,2024,DVF
Saint-Étienne-du-Bois,1931,2024,DVF
Saint-Étienne-du-Bois|01,2088,2024,DVF
Saint-Étienne-du-Bois|85,1931,2024,DVF
Saint-Étienne-du-Grès,4495,2024,DVF
Saint-Étienne-du-Grès|13,4495,2024,DVF
Saint-Étienne-du-Rouvray,1893,2024,DVF
Saint-Étienne-du-Rouvray|76,1893,2024,DVF
Saint-Étienne-du-Vauvray,2092,2024,DVF
Saint-Étienne-du-Vauvray|27,2092,2024,DVF
Saint-Étienne-en-Bresse,1413,2024,DVF
Saint-Étienne-en-Bresse|71,1413,2024,DVF
Saint-Étienne-la-Thillaye,4102,2024,DVF
Saint-Étienne-la-Thillaye|14,4102,2024,DVF
Saint-Étienne-le-Molard,1299,2024,DVF
Saint-Étienne-le-Molard|42,1299,2024,DVF
Saint-Étienne-les-Orgues,2769,2024,DVF
Saint-Étienne-les-Orgues|04,2769,2024,DVF
Saint-Étienne-lès-Remiremont,1868,2024,DVF
Saint-Étienne-lès-Remiremont|88,1868,2024,DVF
Saint-Étienne-sur-Chalaronne,2035,2024,DVF
Saint-Étienne-sur-Chalaronne|01,2035,2024,DVF
Saint-Étienne-sur-Reyssouze,1261,2024,DVF
Saint-Étienne-sur-Reyssouze|01,1261,2024,DVF
Saint-Étienne-sur-Suippe,2204,2024,DVF
Saint-Étienne-sur-Suippe|51,2204,2024,DVF
Saint-Étienne|42,1379,2024,DVF
Saint-Évarzec,2356,2024,DVF
Saint-Évarzec|29,2356,2024,DVF
Sainte-Adresse,3577,2024,DVF
Sainte-Adresse|76,3577,2024,DVF
Sainte-Agathe-la-Bouteresse,2057,2024,DVF
Sainte-Agathe-la-Bouteresse|42,2057,2024,DVF
Sainte-Agnès,3655,2024,DVF
Sainte-Agnès|06,3655,2024,DVF
Sainte-Anastasie,2351,2024,DVF
Sainte-Anastasie-sur-Issole,2957,2024,DVF
Sainte-Anastasie-sur-Issole|83,2957,2024,DVF
Sainte-Anastasie|30,2351,2024,DVF
Sainte-Anne-d'Auray,2889,2024,DVF
Sainte-Anne-d'Auray|56,2889,2024,DVF
Sainte-Anne-sur-Brivet,2447,2024,DVF
Sainte-Anne-sur-Brivet|44,2447,2024,DVF
Sainte-Anne-sur-Gervonde,2147,2024,DVF
Sainte-Anne-sur-Gervonde|38,2147,2024,DVF
Sainte-Anne-sur-Vilaine,1319,2024,DVF
Sainte-Anne-sur-Vilaine|35,1319,2024,DVF
Sainte-Aulde,2171,2024,DVF
Sainte-Aulde|77,2171,2024,DVF
Sainte-Austreberthe,1810,2024,DVF
Sainte-Austreberthe|76,1810,2024,DVF
Sainte-Barbe,992,2024,DVF
Sainte-Barbe|88,992,2024,DVF
Sainte-Bazeille,1454,2024,DVF
Sainte-Bazeille|47,1454,2024,DVF
Sainte-Blandine,2701,2024,DVF
Sainte-Blandine|38,2701,2024,DVF
Sainte-Catherine,2311,2024,DVF
Sainte-Catherine-de-Fierbois,1750,2024,DVF
Sainte-Catherine-de-Fierbois|37,1750,2024,DVF
Sainte-Catherine|62,2311,2024,DVF
Sainte-Catherine|69,2600,2024,DVF
Sainte-Colombe,2763,2024,DVF
Sainte-Colombe-en-Bruilhois,2999,2024,DVF
Sainte-Colombe-en-Bruilhois|47,2999,2024,DVF
Sainte-Colombe-la-Commanderie,1684,2024,DVF
Sainte-Colombe-la-Commanderie|27,1684,2024,DVF
Sainte-Colombe-sur-Gand,1166,2024,DVF
Sainte-Colombe-sur-Gand|42,1166,2024,DVF
Sainte-Colombe-sur-Seine,1179,2024,DVF
Sainte-Colombe-sur-Seine|21,1179,2024,DVF
Sainte-Colombe-sur-l'Hers,925,2024,DVF
Sainte-Colombe-sur-l'Hers|11,925,2024,DVF
Sainte-Colombe|25,2051,2024,DVF
Sainte-Colombe|69,2763,2024,DVF
Sainte-Colombe|77,2028,2024,DVF
Sainte-Consorce,3672,2024,DVF
Sainte-Consorce|69,3672,2024,DVF
Sainte-Croix,3163,2024,DVF
Sainte-Croix-Volvestre,1587,2024,DVF
Sainte-Croix-Volvestre|09,1587,2024,DVF
Sainte-Croix-du-Mont,1870,2024,DVF
Sainte-Croix-du-Mont|33,1870,2024,DVF
Sainte-Croix-sur-Buchy,1906,2024,DVF
Sainte-Croix-sur-Buchy|76,1906,2024,DVF
Sainte-Croix|01,3163,2024,DVF
Sainte-Croix|12,1404,2024,DVF
Sainte-Cécile,1509,2024,DVF
Sainte-Cécile-les-Vignes,2423,2024,DVF
Sainte-Cécile-les-Vignes|84,2423,2024,DVF
Sainte-Cécile|50,1584,2024,DVF
Sainte-Cécile|85,1509,2024,DVF
Sainte-Dode,1328,2024,DVF
Sainte-Dode|32,1328,2024,DVF
Sainte-Eanne,1106,2024,DVF
Sainte-Eanne|79,1106,2024,DVF
Sainte-Eulalie,3002,2024,DVF
Sainte-Eulalie-d'Ans,1309,2024,DVF
Sainte-Eulalie-d'Ans|24,1309,2024,DVF
Sainte-Eulalie-d'Olt,1227,2024,DVF
Sainte-Eulalie-d'Olt|12,1227,2024,DVF
Sainte-Eulalie-en-Born,2764,2024,DVF
Sainte-Eulalie-en-Born|40,2764,2024,DVF
Sainte-Eulalie|11,1127,2024,DVF
Sainte-Eulalie|15,1023,2024,DVF
Sainte-Eulalie|33,3002,2024,DVF
Sainte-Euphémie,3239,2024,DVF
Sainte-Euphémie|01,3239,2024,DVF
Sainte-Feyre,1399,2024,DVF
Sainte-Feyre|23,1399,2024,DVF
Sainte-Flaive-des-Loups,2254,2024,DVF
Sainte-Flaive-des-Loups|85,2254,2024,DVF
Sainte-Florine,1458,2024,DVF
Sainte-Florine|43,1458,2024,DVF
Sainte-Fortunade,1468,2024,DVF
Sainte-Fortunade|19,1468,2024,DVF
Sainte-Foy,3100,2024,DVF
Sainte-Foy-Saint-Sulpice,2161,2024,DVF
Sainte-Foy-Saint-Sulpice|42,2161,2024,DVF
Sainte-Foy-Tarentaise,5800,2024,DVF
Sainte-Foy-Tarentaise|73,5800,2024,DVF
Sainte-Foy-d'Aigrefeuille,3104,2024,DVF
Sainte-Foy-d'Aigrefeuille|31,3104,2024,DVF
Sainte-Foy-de-Longas,1628,2024,DVF
Sainte-Foy-de-Longas|24,1628,2024,DVF
Sainte-Foy-de-Peyrolières,2181,2024,DVF
Sainte-Foy-de-Peyrolières|31,2181,2024,DVF
Sainte-Foy-l'Argentière,2594,2024,DVF
Sainte-Foy-l'Argentière|69,2594,2024,DVF
Sainte-Foy-la-Grande,1089,2024,DVF
Sainte-Foy-la-Grande|33,1089,2024,DVF
Sainte-Foy-lès-Lyon,3940,2024,DVF
Sainte-Foy-lès-Lyon|69,3940,2024,DVF
Sainte-Foy|85,3100,2024,DVF
Sainte-Féréole,1911,2024,DVF
Sainte-Féréole|19,1911,2024,DVF
Sainte-Gauburge-Sainte-Colombe,1165,2024,DVF
Sainte-Gauburge-Sainte-Colombe|61,1165,2024,DVF
Sainte-Gemme,1692,2024,DVF
Sainte-Gemme-Moronval,2284,2024,DVF
Sainte-Gemme-Moronval|28,2284,2024,DVF
Sainte-Gemme-en-Sancerrois,1338,2024,DVF
Sainte-Gemme-en-Sancerrois|18,1338,2024,DVF
Sainte-Gemme-la-Plaine,1815,2024,DVF
Sainte-Gemme-la-Plaine|85,1815,2024,DVF
Sainte-Gemmes-le-Robert,1567,2024,DVF
Sainte-Gemmes-le-Robert|53,1567,2024,DVF
Sainte-Gemmes-sur-Loire,2994,2024,DVF
Sainte-Gemmes-sur-Loire|49,2994,2024,DVF
Sainte-Gemme|17,1692,2024,DVF
Sainte-Gemme|81,1341,2024,DVF
Sainte-Geneviève,2304,2024,DVF
Sainte-Geneviève-des-Bois,3451,2024,DVF
Sainte-Geneviève-des-Bois|45,1241,2024,DVF
Sainte-Geneviève-des-Bois|91,3451,2024,DVF
Sainte-Geneviève|60,2304,2024,DVF
Sainte-Honorine-du-Fay,2119,2024,DVF
Sainte-Honorine-du-Fay|14,2119,2024,DVF
Sainte-Honorine-la-Chardonne,1463,2024,DVF
Sainte-Honorine-la-Chardonne|61,1463,2024,DVF
Sainte-Hélène,2991,2024,DVF
Sainte-Hélène-Bondeville,2048,2024,DVF
Sainte-Hélène-Bondeville|76,2048,2024,DVF
Sainte-Hélène-sur-Isère,2461,2024,DVF
Sainte-Hélène-sur-Isère|73,2461,2024,DVF
Sainte-Hélène|33,2991,2024,DVF
Sainte-Hélène|56,3484,2024,DVF
Sainte-Jalle,2264,2024,DVF
Sainte-Jalle|26,2264,2024,DVF
Sainte-Jamme-sur-Sarthe,1595,2024,DVF
Sainte-Jamme-sur-Sarthe|72,1595,2024,DVF
Sainte-Julie,2799,2024,DVF
Sainte-Julie|01,2799,2024,DVF
Sainte-Livrade-sur-Lot,1369,2024,DVF
Sainte-Livrade-sur-Lot|47,1369,2024,DVF
Sainte-Lizaigne,953,2024,DVF
Sainte-Lizaigne|36,953,2024,DVF
Sainte-Luce-sur-Loire,3256,2024,DVF
Sainte-Luce-sur-Loire|44,3256,2024,DVF
Sainte-Léocadie,3503,2024,DVF
Sainte-Léocadie|66,3503,2024,DVF
Sainte-Marguerite,1815,2024,DVF
Sainte-Marguerite-d'Elle,1505,2024,DVF
Sainte-Marguerite-d'Elle|14,1505,2024,DVF
Sainte-Marguerite-de-Carrouges,1122,2024,DVF
Sainte-Marguerite-de-Carrouges|61,1122,2024,DVF
Sainte-Marguerite-sur-Duclair,2027,2024,DVF
Sainte-Marguerite-sur-Duclair|76,2027,2024,DVF
Sainte-Marguerite-sur-Mer,2611,2024,DVF
Sainte-Marguerite-sur-Mer|76,2611,2024,DVF
Sainte-Marguerite|88,1815,2024,DVF
Sainte-Marie,1822,2024,DVF
Sainte-Marie-Cappel,2374,2024,DVF
Sainte-Marie-Cappel|59,2374,2024,DVF
Sainte-Marie-Kerque,1603,2024,DVF
Sainte-Marie-Kerque|62,1603,2024,DVF
Sainte-Marie-d'Attez,1408,2024,DVF
Sainte-Marie-d'Attez|27,1408,2024,DVF
Sainte-Marie-de-Cuines,2175,2024,DVF
Sainte-Marie-de-Cuines|73,2175,2024,DVF
Sainte-Marie-de-Gosse,2276,2024,DVF
Sainte-Marie-de-Gosse|40,2276,2024,DVF
Sainte-Marie-de-Ré,7484,2024,DVF
Sainte-Marie-de-Ré|17,7484,2024,DVF
Sainte-Marie-des-Champs,2491,2024,DVF
Sainte-Marie-des-Champs|76,2491,2024,DVF
Sainte-Marie-du-Mont,1608,2024,DVF
Sainte-Marie-du-Mont|38,3663,2024,DVF
Sainte-Marie-du-Mont|50,1608,2024,DVF
Sainte-Marie-la-Blanche,2603,2024,DVF
Sainte-Marie-la-Blanche|21,2603,2024,DVF
Sainte-Marie-la-Mer,3569,2024,DVF
Sainte-Marie-la-Mer|66,3569,2024,DVF
Sainte-Marie|25,1716,2024,DVF
Sainte-Marie|35,1822,2024,DVF
Sainte-Maure,1902,2024,DVF
Sainte-Maure-de-Peyriac,2363,2024,DVF
Sainte-Maure-de-Peyriac|47,2363,2024,DVF
Sainte-Maure-de-Touraine,1810,2024,DVF
Sainte-Maure-de-Touraine|37,1810,2024,DVF
Sainte-Maure|10,1902,2024,DVF
Sainte-Maxime,6463,2024,DVF
Sainte-Maxime|83,6463,2024,DVF
Sainte-Menehould,956,2024,DVF
Sainte-Menehould|51,956,2024,DVF
Sainte-Mesme,2310,2024,DVF
Sainte-Mesme|78,2310,2024,DVF
Sainte-Mère-Église,1976,2024,DVF
Sainte-Mère-Église|50,1976,2024,DVF
Sainte-Nathalène,2191,2024,DVF
Sainte-Nathalène|24,2191,2024,DVF
Sainte-Néomaye,1935,2024,DVF
Sainte-Néomaye|79,1935,2024,DVF
Sainte-Opportune-du-Bosc,1697,2024,DVF
Sainte-Opportune-du-Bosc|27,1697,2024,DVF
Sainte-Orse,1322,2024,DVF
Sainte-Orse|24,1322,2024,DVF
Sainte-Ouenne,1540,2024,DVF
Sainte-Ouenne|79,1540,2024,DVF
Sainte-Pazanne,2849,2024,DVF
Sainte-Pazanne|44,2849,2024,DVF
Sainte-Radegonde,2592,2024,DVF
Sainte-Radegonde|12,2592,2024,DVF
Sainte-Radegonde|17,2136,2024,DVF
Sainte-Radégonde-des-Noyers,1698,2024,DVF
Sainte-Radégonde-des-Noyers|85,1698,2024,DVF
Sainte-Reine-de-Bretagne,2189,2024,DVF
Sainte-Reine-de-Bretagne|44,2189,2024,DVF
Sainte-Sabine-sur-Longève,1494,2024,DVF
Sainte-Sabine-sur-Longève|72,1494,2024,DVF
Sainte-Savine,1990,2024,DVF
Sainte-Savine|10,1990,2024,DVF
Sainte-Scolasse-sur-Sarthe,1173,2024,DVF
Sainte-Scolasse-sur-Sarthe|61,1173,2024,DVF
Sainte-Sigolène,1590,2024,DVF
Sainte-Sigolène|43,1590,2024,DVF
Sainte-Solange,1369,2024,DVF
Sainte-Solange|18,1369,2024,DVF
Sainte-Soline,846,2024,DVF
Sainte-Soline|79,846,2024,DVF
Sainte-Soulle,3089,2024,DVF
Sainte-Soulle|17,3089,2024,DVF
Sainte-Suzanne,1344,2024,DVF
Sainte-Suzanne-et-Chammes,1350,2024,DVF
Sainte-Suzanne-et-Chammes|53,1350,2024,DVF
Sainte-Suzanne-sur-Vire,1508,2024,DVF
Sainte-Suzanne-sur-Vire|50,1508,2024,DVF
Sainte-Suzanne|25,1344,2024,DVF
Sainte-Sève,2004,2024,DVF
Sainte-Sève|29,2004,2024,DVF
Sainte-Sévère-sur-Indre,1304,2024,DVF
Sainte-Sévère-sur-Indre|36,1304,2024,DVF
Sainte-Terre,2297,2024,DVF
Sainte-Terre|33,2297,2024,DVF
Sainte-Tulle,2671,2024,DVF
Sainte-Tulle|04,2671,2024,DVF
Sainte-Valière,1691,2024,DVF
Sainte-Valière|11,1691,2024,DVF
Sainte-Verge,1416,2024,DVF
Sainte-Verge|79,1416,2024,DVF
Saintes,2158,2024,DVF
Saintes-Maries-de-la-Mer,5095,2024,DVF
Saintes-Maries-de-la-Mer|13,5095,2024,DVF
Saintes|17,2158,2024,DVF
Saintigny,1611,2024,DVF
Saintigny|28,1611,2024,DVF
Saintines,2092,2024,DVF
Saintines|60,2092,2024,DVF
Saintry-sur-Seine,3167,2024,DVF
Saintry-sur-Seine|91,3167,2024,DVF
Saints-Geosmes,1338,2024,DVF
Saints-Geosmes|52,1338,2024,DVF
Saints-en-Puisaye,1462,2024,DVF
Saints-en-Puisaye|89,1462,2024,DVF
Sainville,2427,2024,DVF
Sainville|28,2427,2024,DVF
Saissac,1275,2024,DVF
Saissac|11,1275,2024,DVF
Saivres,1254,2024,DVF
Saivres|79,1254,2024,DVF
Saix,1653,2024,DVF
Saix|86,1653,2024,DVF
Saizerais,1713,2024,DVF
Saizerais|54,1713,2024,DVF
Salagnon,3561,2024,DVF
Salagnon|38,3561,2024,DVF
Salaise-sur-Sanne,2207,2024,DVF
Salaise-sur-Sanne|38,2207,2024,DVF
Salans,2639,2024,DVF
Salans|39,2639,2024,DVF
Salaunes,3290,2024,DVF
Salaunes|33,3290,2024,DVF
Salavas,2527,2024,DVF
Salavas|07,2527,2024,DVF
Salazac,2445,2024,DVF
Salazac|30,2445,2024,DVF
Salbris,1517,2024,DVF
Salbris|41,1517,2024,DVF
Saleich,1338,2024,DVF
Saleich|31,1338,2024,DVF
Saleilles,2664,2024,DVF
Saleilles|66,2664,2024,DVF
Salency,1078,2024,DVF
Salency|60,1078,2024,DVF
Salernes,2601,2024,DVF
Salernes|83,2601,2024,DVF
Salers,1239,2024,DVF
Salers|15,1239,2024,DVF
Sales,3885,2024,DVF
Sales|74,3885,2024,DVF
Saleux,2297,2024,DVF
Saleux|80,2297,2024,DVF
Salies-de-Béarn,2134,2024,DVF
Salies-de-Béarn|64,2134,2024,DVF
Salies-du-Salat,1562,2024,DVF
Salies-du-Salat|31,1562,2024,DVF
Salignac-Eyvigues,2121,2024,DVF
Salignac-Eyvigues|24,2121,2024,DVF
Salignac-sur-Charente,1448,2024,DVF
Salignac-sur-Charente|17,1448,2024,DVF
Saligny-sur-Roudon,1332,2024,DVF
Saligny-sur-Roudon|03,1332,2024,DVF
Salindres,2024,2024,DVF
Salindres|30,2024,2024,DVF
Salinelles,2669,2024,DVF
Salinelles|30,2669,2024,DVF
Salins,1979,2024,DVF
Salins-Fontaine,3030,2024,DVF
Salins-Fontaine|73,3030,2024,DVF
Salins-les-Bains,1320,2024,DVF
Salins-les-Bains|39,1320,2024,DVF
Salins|77,1979,2024,DVF
Sallanches,3819,2024,DVF
Sallanches|74,3819,2024,DVF
Sallaumines,1437,2024,DVF
Sallaumines|62,1437,2024,DVF
Sallebœuf,2982,2024,DVF
Sallebœuf|33,2982,2024,DVF
Sallenelles,3600,2024,DVF
Sallenelles|14,3600,2024,DVF
Sallertaine,2539,2024,DVF
Sallertaine|85,2539,2024,DVF
Salles,3299,2024,DVF
Salles-Arbuissonnas-en-Beaujolais,2439,2024,DVF
Salles-Arbuissonnas-en-Beaujolais|69,2439,2024,DVF
Salles-Curan,2617,2024,DVF
Salles-Curan|12,2617,2024,DVF
Salles-Lavalette,1259,2024,DVF
Salles-Lavalette|16,1259,2024,DVF
Salles-d'Angles,1310,2024,DVF
Salles-d'Angles|16,1310,2024,DVF
Salles-d'Aude,2465,2024,DVF
Salles-d'Aude|11,2465,2024,DVF
Salles-de-Villefagnan,942,2024,DVF
Salles-de-Villefagnan|16,942,2024,DVF
Salles-la-Source,1754,2024,DVF
Salles-la-Source|12,1754,2024,DVF
Salles-sur-Garonne,2109,2024,DVF
Salles-sur-Garonne|31,2109,2024,DVF
Salles-sur-Mer,2984,2024,DVF
Salles-sur-Mer|17,2984,2024,DVF
Salles-sur-l'Hers,1999,2024,DVF
Salles-sur-l'Hers|11,1999,2024,DVF
Sallespisse,1375,2024,DVF
Sallespisse|64,1375,2024,DVF
Salles|33,3299,2024,DVF
Salles|65,1610,2024,DVF
Salles|81,1431,2024,DVF
Sallèdes,1563,2024,DVF
Sallèdes|63,1563,2024,DVF
Sallèles-d'Aude,2012,2024,DVF
Sallèles-d'Aude|11,2012,2024,DVF
Salmiech,1688,2024,DVF
Salmiech|12,1688,2024,DVF
Salomé,1888,2024,DVF
Salomé|59,1888,2024,DVF
Salon-de-Provence,3162,2024,DVF
Salon-de-Provence|13,3162,2024,DVF
Salornay-sur-Guye,1862,2024,DVF
Salornay-sur-Guye|71,1862,2024,DVF
Salouël,2476,2024,DVF
Salouël|80,2476,2024,DVF
Salses-le-Château,2030,2024,DVF
Salses-le-Château|66,2030,2024,DVF
Salvagnac,1957,2024,DVF
Salvagnac-Cajarc,2242,2024,DVF
Salvagnac-Cajarc|12,2242,2024,DVF
Salvagnac|81,1957,2024,DVF
Salvezines,1434,2024,DVF
Salvezines|11,1434,2024,DVF
Salviac,1450,2024,DVF
Salviac|46,1450,2024,DVF
Samadet,1316,2024,DVF
Samadet|40,1316,2024,DVF
Samatan,2174,2024,DVF
Samatan|32,2174,2024,DVF
Samazan,1380,2024,DVF
Samazan|47,1380,2024,DVF
Sambin,1485,2024,DVF
Sambin|41,1485,2024,DVF
Samer,1887,2024,DVF
Samer|62,1887,2024,DVF
Sammarçolles,1459,2024,DVF
Sammarçolles|86,1459,2024,DVF
Sammeron,2800,2024,DVF
Sammeron|77,2800,2024,DVF
Samognat,1689,2024,DVF
Samognat|01,1689,2024,DVF
Samois-sur-Seine,3907,2024,DVF
Samois-sur-Seine|77,3907,2024,DVF
Samoreau,3032,2024,DVF
Samoreau|77,3032,2024,DVF
Samoëns,5302,2024,DVF
Samoëns|74,5302,2024,DVF
Sampans,1456,2024,DVF
Sampans|39,1456,2024,DVF
Sampigny,1331,2024,DVF
Sampigny|55,1331,2024,DVF
Saméon,2998,2024,DVF
Saméon|59,2998,2024,DVF
San-Gavino-di-Carbini,6151,2024,DVF
San-Gavino-di-Carbini|2A,6151,2024,DVF
San-Martino-di-Lota,3431,2024,DVF
San-Martino-di-Lota|2B,3431,2024,DVF
San-Nicolao,3153,2024,DVF
San-Nicolao|2B,3153,2024,DVF
Sanary-sur-Mer,6529,2024,DVF
Sanary-sur-Mer|83,6529,2024,DVF
Sancergues,791,2024,DVF
Sancergues|18,791,2024,DVF
Sancerre,1815,2024,DVF
Sancerre|18,1815,2024,DVF
Sancey,1716,2024,DVF
Sancey|25,1716,2024,DVF
Sancheville,1344,2024,DVF
Sancheville|28,1344,2024,DVF
Sancoins,967,2024,DVF
Sancoins|18,967,2024,DVF
Sancé,2327,2024,DVF
Sancé|71,2327,2024,DVF
Sandillon,2134,2024,DVF
Sandillon|45,2134,2024,DVF
Sandouville,2042,2024,DVF
Sandouville|76,2042,2024,DVF
Sangatte,2597,2024,DVF
Sangatte|62,2597,2024,DVF
Sanguinet,3910,2024,DVF
Sanguinet|40,3910,2024,DVF
Sanilhac,1801,2024,DVF
Sanilhac-Sagriès,3173,2024,DVF
Sanilhac-Sagriès|30,3173,2024,DVF
Sanilhac|24,1801,2024,DVF
Sannat,829,2024,DVF
Sannat|23,829,2024,DVF
Sannerville,2462,2024,DVF
Sannerville|14,2462,2024,DVF
Sannois,3695,2024,DVF
Sannois|95,3695,2024,DVF
Sansac-de-Marmiesse,1811,2024,DVF
Sansac-de-Marmiesse|15,1811,2024,DVF
Sanssac-l'Église,1778,2024,DVF
Sanssac-l'Église|43,1778,2024,DVF
Santa-Lucia-di-Moriani,2835,2024,DVF
Santa-Lucia-di-Moriani|2B,2835,2024,DVF
Santa-Maria-Poggio,4047,2024,DVF
Santa-Maria-Poggio|2B,4047,2024,DVF
Santa-Maria-Siché,3443,2024,DVF
Santa-Maria-Siché|2A,3443,2024,DVF
Santa-Maria-di-Lota,3288,2024,DVF
Santa-Maria-di-Lota|2B,3288,2024,DVF
Santa-Reparata-di-Balagna,4055,2024,DVF
Santa-Reparata-di-Balagna|2B,4055,2024,DVF
Santec,3079,2024,DVF
Santec|29,3079,2024,DVF
Santenay,1631,2024,DVF
Santenay|21,1631,2024,DVF
Santeny,3982,2024,DVF
Santeny|94,3982,2024,DVF
Santes,2889,2024,DVF
Santes|59,2889,2024,DVF
Santeuil,3322,2024,DVF
Santeuil|95,3322,2024,DVF
Santranges,1063,2024,DVF
Santranges|18,1063,2024,DVF
Sanvensa,1490,2024,DVF
Sanvensa|12,1490,2024,DVF
Sanvignes-les-Mines,1178,2024,DVF
Sanvignes-les-Mines|71,1178,2024,DVF
Sanxay,919,2024,DVF
Sanxay|86,919,2024,DVF
Saorge,1513,2024,DVF
Saorge|06,1513,2024,DVF
Saou,2919,2024,DVF
Saou|26,2919,2024,DVF
Sap-en-Auge,1085,2024,DVF
Sap-en-Auge|61,1085,2024,DVF
Sapogne-et-Feuchères,1334,2024,DVF
Sapogne-et-Feuchères|08,1334,2024,DVF
Sapois,2630,2024,DVF
Sapois|88,2630,2024,DVF
Saramon,1672,2024,DVF
Saramon|32,1672,2024,DVF
Saran,2242,2024,DVF
Saran|45,2242,2024,DVF
Sarbazan,1648,2024,DVF
Sarbazan|40,1648,2024,DVF
Sarceaux,1638,2024,DVF
Sarceaux|61,1638,2024,DVF
Sarcelles,2383,2024,DVF
Sarcelles|95,2383,2024,DVF
Sarcey,2593,2024,DVF
Sarcey|69,2593,2024,DVF
Sardent,874,2024,DVF
Sardent|23,874,2024,DVF
Sardieu,2064,2024,DVF
Sardieu|38,2064,2024,DVF
Sare,3899,2024,DVF
Sare|64,3899,2024,DVF
Sargé-lès-le-Mans,2435,2024,DVF
Sargé-lès-le-Mans|72,2435,2024,DVF
Sargé-sur-Braye,1283,2024,DVF
Sargé-sur-Braye|41,1283,2024,DVF
Sari-Solenzara,3944,2024,DVF
Sari-Solenzara|2A,3944,2024,DVF
Sariac-Magnoac,1086,2024,DVF
Sariac-Magnoac|65,1086,2024,DVF
Sarlande,1272,2024,DVF
Sarlande|24,1272,2024,DVF
Sarlat-la-Canéda,2125,2024,DVF
Sarlat-la-Canéda|24,2125,2024,DVF
Sarliac-sur-l'Isle,1807,2024,DVF
Sarliac-sur-l'Isle|24,1807,2024,DVF
Saron-sur-Aube,1193,2024,DVF
Saron-sur-Aube|51,1193,2024,DVF
Sarrancolin,1340,2024,DVF
Sarrancolin|65,1340,2024,DVF
Sarras,2088,2024,DVF
Sarras|07,2088,2024,DVF
Sarrazac,2043,2024,DVF
Sarrazac|24,2043,2024,DVF
Sarrey,1210,2024,DVF
Sarrey|52,1210,2024,DVF
Sarrians,2365,2024,DVF
Sarrians|84,2365,2024,DVF
Sarrogna,1946,2024,DVF
Sarrogna|39,1946,2024,DVF
Sarrola-Carcopino,3224,2024,DVF
Sarrola-Carcopino|2A,3224,2024,DVF
Sarrouilles,1398,2024,DVF
Sarrouilles|65,1398,2024,DVF
Sarroux - Saint Julien,1074,2024,DVF
Sarroux - Saint Julien|19,1074,2024,DVF
Sarry,2110,2024,DVF
Sarry|51,2110,2024,DVF
Sars-Poteries,963,2024,DVF
Sars-Poteries|59,963,2024,DVF
Sars-et-Rosières,2361,2024,DVF
Sars-et-Rosières|59,2361,2024,DVF
Sartilly-Baie-Bocage,2182,2024,DVF
Sartilly-Baie-Bocage|50,2182,2024,DVF
Sartrouville,4528,2024,DVF
Sartrouville|78,4528,2024,DVF
Sartène,3297,2024,DVF
Sartène|2A,3297,2024,DVF
Sarzeau,4476,2024,DVF
Sarzeau|56,4476,2024,DVF
Sassay,1747,2024,DVF
Sassay|41,1747,2024,DVF
Sassenage,2779,2024,DVF
Sassenage|38,2779,2024,DVF
Sassenay,2106,2024,DVF
Sassenay|71,2106,2024,DVF
Sassetot-le-Mauconduit,2405,2024,DVF
Sassetot-le-Mauconduit|76,2405,2024,DVF
Sassierges-Saint-Germain,963,2024,DVF
Sassierges-Saint-Germain|36,963,2024,DVF
Sathonay-Camp,3512,2024,DVF
Sathonay-Camp|69,3512,2024,DVF
Sathonay-Village,4368,2024,DVF
Sathonay-Village|69,4368,2024,DVF
Satillieu,1594,2024,DVF
Satillieu|07,1594,2024,DVF
Satolas-et-Bonce,2993,2024,DVF
Satolas-et-Bonce|38,2993,2024,DVF
Saturargues,3079,2024,DVF
Saturargues|34,3079,2024,DVF
Saubens,2765,2024,DVF
Saubens|31,2765,2024,DVF
Saubion,5051,2024,DVF
Saubion|40,5051,2024,DVF
Saubrigues,3457,2024,DVF
Saubrigues|40,3457,2024,DVF
Saubusse,3016,2024,DVF
Saubusse|40,3016,2024,DVF
Saucats,3076,2024,DVF
Saucats|33,3076,2024,DVF
Sauchy-Lestrée,1160,2024,DVF
Sauchy-Lestrée|62,1160,2024,DVF
Saudemont,1061,2024,DVF
Saudemont|62,1061,2024,DVF
Saudoy,1716,2024,DVF
Saudoy|51,1716,2024,DVF
Saugnac-et-Cambran,2703,2024,DVF
Saugnac-et-Cambran|40,2703,2024,DVF
Saugnac-et-Muret,1975,2024,DVF
Saugnac-et-Muret|40,1975,2024,DVF
Saugues,1444,2024,DVF
Saugues|43,1444,2024,DVF
Saujon,2692,2024,DVF
Saujon|17,2692,2024,DVF
Saulce-sur-Rhône,2140,2024,DVF
Saulce-sur-Rhône|26,2140,2024,DVF
Saulces-Monclin,1393,2024,DVF
Saulces-Monclin|08,1393,2024,DVF
Saulcet,1720,2024,DVF
Saulcet|03,1720,2024,DVF
Saulchery,1358,2024,DVF
Saulchery|02,1358,2024,DVF
Saulcy-sur-Meurthe,1709,2024,DVF
Saulcy-sur-Meurthe|88,1709,2024,DVF
Saulgé,1170,2024,DVF
Saulgé|86,1170,2024,DVF
Saulieu,1944,2024,DVF
Saulieu|21,1944,2024,DVF
Saulnes,1984,2024,DVF
Saulnes|54,1984,2024,DVF
Saulnières,1768,2024,DVF
Saulnières|28,1768,2024,DVF
Saulon-la-Chapelle,2668,2024,DVF
Saulon-la-Chapelle|21,2668,2024,DVF
Sault,2404,2024,DVF
Sault-Brénaz,2092,2024,DVF
Sault-Brénaz|01,2092,2024,DVF
Sault-de-Navailles,2193,2024,DVF
Sault-de-Navailles|64,2193,2024,DVF
Sault-lès-Rethel,1591,2024,DVF
Sault-lès-Rethel|08,1591,2024,DVF
Saultain,1750,2024,DVF
Saultain|59,1750,2024,DVF
Sault|84,2404,2024,DVF
Saulx,1705,2024,DVF
Saulx-Marchais,4021,2024,DVF
Saulx-Marchais|78,4021,2024,DVF
Saulx-les-Chartreux,3416,2024,DVF
Saulx-les-Chartreux|91,3416,2024,DVF
Saulxures-lès-Nancy,2374,2024,DVF
Saulxures-lès-Nancy|54,2374,2024,DVF
Saulxures-sur-Moselotte,1732,2024,DVF
Saulxures-sur-Moselotte|88,1732,2024,DVF
Saulx|70,1705,2024,DVF
Saulzoir,1606,2024,DVF
Saulzoir|59,1606,2024,DVF
Saumane-de-Vaucluse,3875,2024,DVF
Saumane-de-Vaucluse|84,3875,2024,DVF
Saumeray,1569,2024,DVF
Saumeray|28,1569,2024,DVF
Saumont-la-Poterie,1644,2024,DVF
Saumont-la-Poterie|76,1644,2024,DVF
Saumur,1980,2024,DVF
Saumur|49,1980,2024,DVF
Saunay,1335,2024,DVF
Saunay|37,1335,2024,DVF
Saurat,2336,2024,DVF
Saurat|09,2336,2024,DVF
Saurier,1634,2024,DVF
Saurier|63,1634,2024,DVF
Saussan,3425,2024,DVF
Saussan|34,3425,2024,DVF
Saussay,2593,2024,DVF
Saussay-la-Campagne,1697,2024,DVF
Saussay-la-Campagne|27,1697,2024,DVF
Saussay|28,2593,2024,DVF
Saussay|76,1698,2024,DVF
Saussemesnil,1885,2024,DVF
Saussemesnil|50,1885,2024,DVF
Sausset-les-Pins,6462,2024,DVF
Sausset-les-Pins|13,6462,2024,DVF
Sausseuzemare-en-Caux,1597,2024,DVF
Sausseuzemare-en-Caux|76,1597,2024,DVF
Saussey,1571,2024,DVF
Saussey|50,1571,2024,DVF
Saussignac,1564,2024,DVF
Saussignac|24,1564,2024,DVF
Saussines,2994,2024,DVF
Saussines|34,2994,2024,DVF
Sauternes,2491,2024,DVF
Sauternes|33,2491,2024,DVF
Sautron,3469,2024,DVF
Sautron|44,3469,2024,DVF
Sauvagnas,2461,2024,DVF
Sauvagnas|47,2461,2024,DVF
Sauvagnat-Sainte-Marthe,1240,2024,DVF
Sauvagnat-Sainte-Marthe|63,1240,2024,DVF
Sauvagnon,2524,2024,DVF
Sauvagnon|64,2524,2024,DVF
Sauve,2099,2024,DVF
Sauverny,5080,2024,DVF
Sauverny|01,5080,2024,DVF
Sauveterre,3070,2024,DVF
Sauveterre-de-Béarn,1742,2024,DVF
Sauveterre-de-Béarn|64,1742,2024,DVF
Sauveterre-de-Comminges,1416,2024,DVF
Sauveterre-de-Comminges|31,1416,2024,DVF
Sauveterre-de-Guyenne,1449,2024,DVF
Sauveterre-de-Guyenne|33,1449,2024,DVF
Sauveterre-de-Rouergue,2094,2024,DVF
Sauveterre-de-Rouergue|12,2094,2024,DVF
Sauveterre-la-Lémance,954,2024,DVF
Sauveterre-la-Lémance|47,954,2024,DVF
Sauveterre|30,3070,2024,DVF
Sauveterre|32,1622,2024,DVF
Sauve|30,2099,2024,DVF
Sauvian,2989,2024,DVF
Sauvian|34,2989,2024,DVF
Sauviat-sur-Vige,1472,2024,DVF
Sauviat-sur-Vige|87,1472,2024,DVF
Sauvigny,1042,2024,DVF
Sauvigny-le-Bois,1608,2024,DVF
Sauvigny-le-Bois|89,1608,2024,DVF
Sauvigny-les-Bois,1207,2024,DVF
Sauvigny-les-Bois|58,1207,2024,DVF
Sauvigny|55,1042,2024,DVF
Sauxillanges,1208,2024,DVF
Sauxillanges|63,1208,2024,DVF
Sauzet,2158,2024,DVF
Sauzet|26,2158,2024,DVF
Sauzet|30,2592,2024,DVF
Sauzet|46,1497,2024,DVF
Sauzon,5350,2024,DVF
Sauzon|56,5350,2024,DVF
Sauzé-entre-Bois,932,2024,DVF
Sauzé-entre-Bois|79,932,2024,DVF
Savas,2228,2024,DVF
Savas-Mépin,2541,2024,DVF
Savas-Mépin|38,2541,2024,DVF
Savasse,2943,2024,DVF
Savasse|26,2943,2024,DVF
Savas|07,2228,2024,DVF
Savenay,2740,2024,DVF
Savenay|44,2740,2024,DVF
Savennières,2389,2024,DVF
Savennières|49,2389,2024,DVF
Savenès,1773,2024,DVF
Savenès|82,1773,2024,DVF
Saverdun,1691,2024,DVF
Saverdun|09,1691,2024,DVF
Saveuse,2400,2024,DVF
Saveuse|80,2400,2024,DVF
Savignac,2113,2024,DVF
Savignac-Lédrier,1351,2024,DVF
Savignac-Lédrier|24,1351,2024,DVF
Savignac-de-l'Isle,2308,2024,DVF
Savignac-de-l'Isle|33,2308,2024,DVF
Savignac-les-Ormeaux,2477,2024,DVF
Savignac-les-Ormeaux|09,2477,2024,DVF
Savignac-les-Églises,1630,2024,DVF
Savignac-les-Églises|24,1630,2024,DVF
Savignac|12,1622,2024,DVF
Savignac|33,2113,2024,DVF
Savigneux,2319,2024,DVF
Savigneux|01,2727,2024,DVF
Savigneux|42,2319,2024,DVF
Savignies,2600,2024,DVF
Savignies|60,2600,2024,DVF
Savigny,2649,2024,DVF
Savigny-Lévescault,1832,2024,DVF
Savigny-Lévescault|86,1832,2024,DVF
Savigny-en-Revermont,1613,2024,DVF
Savigny-en-Revermont|71,1613,2024,DVF
Savigny-en-Sancerre,1342,2024,DVF
Savigny-en-Sancerre|18,1342,2024,DVF
Savigny-en-Véron,1879,2024,DVF
Savigny-en-Véron|37,1879,2024,DVF
Savigny-le-Sec,2615,2024,DVF
Savigny-le-Sec|21,2615,2024,DVF
Savigny-le-Temple,2722,2024,DVF
Savigny-le-Temple|77,2722,2024,DVF
Savigny-le-Vieux,1482,2024,DVF
Savigny-le-Vieux|50,1482,2024,DVF
Savigny-lès-Beaune,2862,2024,DVF
Savigny-lès-Beaune|21,2862,2024,DVF
Savigny-sur-Braye,1508,2024,DVF
Savigny-sur-Braye|41,1508,2024,DVF
Savigny-sur-Clairis,5012,2024,DVF
Savigny-sur-Clairis|89,5012,2024,DVF
Savigny-sur-Orge,3506,2024,DVF
Savigny-sur-Orge|91,3506,2024,DVF
Savigny-sur-Seille,1695,2024,DVF
Savigny-sur-Seille|71,1695,2024,DVF
Savigny|69,2649,2024,DVF
Savigny|74,2846,2024,DVF
Savigné,870,2024,DVF
Savigné-l'Évêque,1954,2024,DVF
Savigné-l'Évêque|72,1954,2024,DVF
Savigné-sous-le-Lude,1073,2024,DVF
Savigné-sous-le-Lude|72,1073,2024,DVF
Savigné-sur-Lathan,1513,2024,DVF
Savigné-sur-Lathan|37,1513,2024,DVF
Savigné|86,870,2024,DVF
Savines-le-Lac,4095,2024,DVF
Savines-le-Lac|05,4095,2024,DVF
Savins,1939,2024,DVF
Savins|77,1939,2024,DVF
Savières,1673,2024,DVF
Savières|10,1673,2024,DVF
Savonnières,2381,2024,DVF
Savonnières|37,2381,2024,DVF
Savy-Berlette,1836,2024,DVF
Savy-Berlette|62,1836,2024,DVF
Sayat,2468,2024,DVF
Sayat|63,2468,2024,DVF
Saze,2816,2024,DVF
Saze|30,2816,2024,DVF
Sazos,3004,2024,DVF
Sazos|65,3004,2024,DVF
Saâcy-sur-Marne,2111,2024,DVF
Saâcy-sur-Marne|77,2111,2024,DVF
Saïx,1815,2024,DVF
Saïx|81,1815,2024,DVF
Saône,2250,2024,DVF
Saône|25,2250,2024,DVF
Scaër,1491,2024,DVF
Scaër|29,1491,2024,DVF
Sceaux,6294,2024,DVF
Sceaux-d'Anjou,2170,2024,DVF
Sceaux-d'Anjou|49,2170,2024,DVF
Sceaux-du-Gâtinais,1547,2024,DVF
Sceaux-du-Gâtinais|45,1547,2024,DVF
Sceaux-sur-Huisne,1311,2024,DVF
Sceaux-sur-Huisne|72,1311,2024,DVF
Sceaux|92,6294,2024,DVF
Scey-sur-Saône-et-Saint-Albin,1468,2024,DVF
Scey-sur-Saône-et-Saint-Albin|70,1468,2024,DVF
Sciecq,1891,2024,DVF
Sciecq|79,1891,2024,DVF
Scientrier,4603,2024,DVF
Scientrier|74,4603,2024,DVF
Sciez,4065,2024,DVF
Sciez|74,4065,2024,DVF
Scionzier,2887,2024,DVF
Scionzier|74,2887,2024,DVF
Scorbé-Clairvaux,1371,2024,DVF
Scorbé-Clairvaux|86,1371,2024,DVF
Scrignac,1436,2024,DVF
Scrignac|29,1436,2024,DVF
Seboncourt,1119,2024,DVF
Seboncourt|02,1119,2024,DVF
Sebourg,2470,2024,DVF
Sebourg|59,2470,2024,DVF
Seclin,2372,2024,DVF
Seclin|59,2372,2024,DVF
Secondigny,1176,2024,DVF
Secondigny|79,1176,2024,DVF
Sedan,1110,2024,DVF
Sedan|08,1110,2024,DVF
Segonzac,1422,2024,DVF
Segonzac|16,1422,2024,DVF
Segré-en-Anjou Bleu,1615,2024,DVF
Segré-en-Anjou Bleu|49,1615,2024,DVF
Seichamps,2219,2024,DVF
Seichamps|54,2219,2024,DVF
Seiches-sur-le-Loir,1933,2024,DVF
Seiches-sur-le-Loir|49,1933,2024,DVF
Seignelay,1338,2024,DVF
Seignelay|89,1338,2024,DVF
Seignosse,6657,2024,DVF
Seignosse|40,6657,2024,DVF
Seigy,1680,2024,DVF
Seigy|41,1680,2024,DVF
Seilh,3155,2024,DVF
Seilhac,1257,2024,DVF
Seilhac|19,1257,2024,DVF
Seilh|31,3155,2024,DVF
Seillans,4292,2024,DVF
Seillans|83,4292,2024,DVF
Seillons-Source-d'Argens,3559,2024,DVF
Seillons-Source-d'Argens|83,3559,2024,DVF
Seine-Port,3672,2024,DVF
Seine-Port|77,3672,2024,DVF
Seissan,1957,2024,DVF
Seissan|32,1957,2024,DVF
Seix,2091,2024,DVF
Seix|09,2091,2024,DVF
Selles,2083,2024,DVF
Selles-Saint-Denis,1561,2024,DVF
Selles-Saint-Denis|41,1561,2024,DVF
Selles-sur-Cher,1420,2024,DVF
Selles-sur-Cher|41,1420,2024,DVF
Selles|27,2083,2024,DVF
Selles|70,1019,2024,DVF
Sellières,1721,2024,DVF
Sellières|39,1721,2024,DVF
Selommes,1361,2024,DVF
Selommes|41,1361,2024,DVF
Seloncourt,1475,2024,DVF
Seloncourt|25,1475,2024,DVF
Selongey,1754,2024,DVF
Selongey|21,1754,2024,DVF
Selonnet,2148,2024,DVF
Selonnet|04,2148,2024,DVF
Semblançay,2856,2024,DVF
Semblançay|37,2856,2024,DVF
Semondans,1396,2024,DVF
Semondans|25,1396,2024,DVF
Semoy,2639,2024,DVF
Semoy|45,2639,2024,DVF
Sempigny,1395,2024,DVF
Sempigny|60,1395,2024,DVF
Semur-en-Auxois,1612,2024,DVF
Semur-en-Auxois|21,1612,2024,DVF
Semussac,2643,2024,DVF
Semussac|17,2643,2024,DVF
Senan,1302,2024,DVF
Senantes,2160,2024,DVF
Senantes|60,2160,2024,DVF
Senan|89,1302,2024,DVF
Sendets,2324,2024,DVF
Sendets|33,2324,2024,DVF
Sendets|64,2462,2024,DVF
Sengouagnet,1227,2024,DVF
Sengouagnet|31,1227,2024,DVF
Senillé-Saint-Sauveur,1381,2024,DVF
Senillé-Saint-Sauveur|86,1381,2024,DVF
Seninghem,1844,2024,DVF
Seninghem|62,1844,2024,DVF
Senlis,3451,2024,DVF
Senlis|60,3451,2024,DVF
Sennecey-le-Grand,1488,2024,DVF
Sennecey-le-Grand|71,1488,2024,DVF
Sennecey-lès-Dijon,2579,2024,DVF
Sennecey-lès-Dijon|21,2579,2024,DVF
Sennely,3016,2024,DVF
Sennely|45,3016,2024,DVF
Senneville-sur-Fécamp,2218,2024,DVF
Senneville-sur-Fécamp|76,2218,2024,DVF
Senonches,1413,2024,DVF
Senonches|28,1413,2024,DVF
Senoncourt-les-Maujouy,1096,2024,DVF
Senoncourt-les-Maujouy|55,1096,2024,DVF
Senones,861,2024,DVF
Senones|88,861,2024,DVF
Senouillac,2395,2024,DVF
Senouillac|81,2395,2024,DVF
Senozan,1957,2024,DVF
Senozan|71,1957,2024,DVF
Sens,1772,2024,DVF
Sens-Beaujeu,1575,2024,DVF
Sens-Beaujeu|18,1575,2024,DVF
Sens-de-Bretagne,2002,2024,DVF
Sens-de-Bretagne|35,2002,2024,DVF
Sens-sur-Seille,1361,2024,DVF
Sens-sur-Seille|71,1361,2024,DVF
Sens|89,1772,2024,DVF
Sentein,1420,2024,DVF
Sentein|09,1420,2024,DVF
Sentenac-d'Oust,1584,2024,DVF
Sentenac-d'Oust|09,1584,2024,DVF
Senven-Léhart,1303,2024,DVF
Senven-Léhart|22,1303,2024,DVF
Sepmeries,2001,2024,DVF
Sepmeries|59,2001,2024,DVF
Septeuil,2815,2024,DVF
Septeuil|78,2815,2024,DVF
Septfonds,1463,2024,DVF
Septfonds|82,1463,2024,DVF
Septmoncel les Molunes,3346,2024,DVF
Septmoncel les Molunes|39,3346,2024,DVF
Septmonts,1695,2024,DVF
Septmonts|02,1695,2024,DVF
Septème,2832,2024,DVF
Septèmes-les-Vallons,3411,2024,DVF
Septèmes-les-Vallons|13,3411,2024,DVF
Septème|38,2832,2024,DVF
Sequedin,2643,2024,DVF
Sequedin|59,2643,2024,DVF
Seraincourt,3714,2024,DVF
Seraincourt|95,3714,2024,DVF
Serbannes,1752,2024,DVF
Serbannes|03,1752,2024,DVF
Serbonnes,1276,2024,DVF
Serbonnes|89,1276,2024,DVF
Serdinya,1144,2024,DVF
Serdinya|66,1144,2024,DVF
Sergines,1526,2024,DVF
Sergines|89,1526,2024,DVF
Sergy,5304,2024,DVF
Sergy|01,5304,2024,DVF
Serley,1786,2024,DVF
Serley|71,1786,2024,DVF
Sermaise,2977,2024,DVF
Sermaises,2182,2024,DVF
Sermaises|45,2182,2024,DVF
Sermaise|91,2977,2024,DVF
Sermaize-les-Bains,907,2024,DVF
Sermaize-les-Bains|51,907,2024,DVF
Sermamagny,1463,2024,DVF
Sermamagny|90,1463,2024,DVF
Sermesse,1352,2024,DVF
Sermesse|71,1352,2024,DVF
Sermiers,2807,2024,DVF
Sermiers|51,2807,2024,DVF
Sermoise-sur-Loire,1356,2024,DVF
Sermoise-sur-Loire|58,1356,2024,DVF
Sermoyer,2149,2024,DVF
Sermoyer|01,2149,2024,DVF
Sermérieu,2602,2024,DVF
Sermérieu|38,2602,2024,DVF
Sernhac,1953,2024,DVF
Sernhac|30,1953,2024,DVF
Serpaize,3803,2024,DVF
Serpaize|38,3803,2024,DVF
Serques,1883,2024,DVF
Serques|62,1883,2024,DVF
Serqueux,813,2024,DVF
Serqueux|52,813,2024,DVF
Serqueux|76,1624,2024,DVF
Serquigny,1491,2024,DVF
Serquigny|27,1491,2024,DVF
Serra-di-Ferro,4568,2024,DVF
Serra-di-Ferro|2A,4568,2024,DVF
Serralongue,1637,2024,DVF
Serralongue|66,1637,2024,DVF
Serre-les-Sapins,2602,2024,DVF
Serre-les-Sapins|25,2602,2024,DVF
Serres,1610,2024,DVF
Serres-Castet,2565,2024,DVF
Serres-Castet|64,2565,2024,DVF
Serres-Gaston,1942,2024,DVF
Serres-Gaston|40,1942,2024,DVF
Serres-Morlaàs,2866,2024,DVF
Serres-Morlaàs|64,2866,2024,DVF
Serres-Sainte-Marie,2224,2024,DVF
Serres-Sainte-Marie|64,2224,2024,DVF
Serres-sur-Arget,1620,2024,DVF
Serres-sur-Arget|09,1620,2024,DVF
Serres|05,1610,2024,DVF
Serris,4747,2024,DVF
Serris|77,4747,2024,DVF
Serrières,1606,2024,DVF
Serrières-de-Briord,2158,2024,DVF
Serrières-de-Briord|01,2158,2024,DVF
Serrières-en-Chautagne,4291,2024,DVF
Serrières-en-Chautagne|73,4291,2024,DVF
Serrières|07,1606,2024,DVF
Serrouville,2084,2024,DVF
Serrouville|54,2084,2024,DVF
Sers,1517,2024,DVF
Sers|16,1517,2024,DVF
Servance-Miellin,2063,2024,DVF
Servance-Miellin|70,2063,2024,DVF
Servant,777,2024,DVF
Servant|63,777,2024,DVF
Servas,2085,2024,DVF
Servas|01,2085,2024,DVF
Servaville-Salmonville,2093,2024,DVF
Servaville-Salmonville|76,2093,2024,DVF
Serverette,2062,2024,DVF
Serverette|48,2062,2024,DVF
Serves-sur-Rhône,2066,2024,DVF
Serves-sur-Rhône|26,2066,2024,DVF
Servian,2255,2024,DVF
Servian|34,2255,2024,DVF
Serviers-et-Labaume,3171,2024,DVF
Serviers-et-Labaume|30,3171,2024,DVF
Servières-le-Château,1182,2024,DVF
Servières-le-Château|19,1182,2024,DVF
Serviès,1401,2024,DVF
Serviès|81,1401,2024,DVF
Servon,3719,2024,DVF
Servon-sur-Vilaine,2620,2024,DVF
Servon-sur-Vilaine|35,2620,2024,DVF
Servon|77,3719,2024,DVF
Servoz,6621,2024,DVF
Servoz|74,6621,2024,DVF
Setques,1885,2024,DVF
Setques|62,1885,2024,DVF
Seugy,3719,2024,DVF
Seugy|95,3719,2024,DVF
Seuil-d'Argonne,873,2024,DVF
Seuil-d'Argonne|55,873,2024,DVF
Seulline,1414,2024,DVF
Seulline|14,1414,2024,DVF
Seur,1410,2024,DVF
Seurre,1657,2024,DVF
Seurre|21,1657,2024,DVF
Seur|41,1410,2024,DVF
Seveux-Motey,1278,2024,DVF
Seveux-Motey|70,1278,2024,DVF
Sevran,2927,2024,DVF
Sevran|93,2927,2024,DVF
Sevrier,6713,2024,DVF
Sevrier|74,6713,2024,DVF
Sexey-aux-Forges,1351,2024,DVF
Sexey-aux-Forges|54,1351,2024,DVF
Seychalles,1731,2024,DVF
Seychalles|63,1731,2024,DVF
Seyches,1552,2024,DVF
Seyches|47,1552,2024,DVF
Seyne,1938,2024,DVF
Seyne|04,1938,2024,DVF
Seyresse,2516,2024,DVF
Seyresse|40,2516,2024,DVF
Seyssel,2878,2024,DVF
Seyssel|01,2954,2024,DVF
Seyssel|74,2878,2024,DVF
Seysses,2523,2024,DVF
Seysses|31,2523,2024,DVF
Seyssinet-Pariset,2608,2024,DVF
Seyssinet-Pariset|38,2608,2024,DVF
Seyssins,3475,2024,DVF
Seyssins|38,3475,2024,DVF
Seyssuel,3704,2024,DVF
Seyssuel|38,3704,2024,DVF
Seytroux,5154,2024,DVF
Seytroux|74,5154,2024,DVF
Siaugues-Sainte-Marie,974,2024,DVF
Siaugues-Sainte-Marie|43,974,2024,DVF
Sibiril,3074,2024,DVF
Sibiril|29,3074,2024,DVF
Sideville,2536,2024,DVF
Sideville|50,2536,2024,DVF
Sidiailles,1296,2024,DVF
Sidiailles|18,1296,2024,DVF
Sierville,2260,2024,DVF
Sierville|76,2260,2024,DVF
Sigale,978,2024,DVF
Sigalens,1455,2024,DVF
Sigalens|33,1455,2024,DVF
Sigale|06,978,2024,DVF
Sigean,2023,2024,DVF
Sigean|11,2023,2024,DVF
Sigloy,1955,2024,DVF
Sigloy|45,1955,2024,DVF
Signes,3534,2024,DVF
Signes|83,3534,2024,DVF
Signy-Signets,1823,2024,DVF
Signy-Signets|77,1823,2024,DVF
Signy-l'Abbaye,1125,2024,DVF
Signy-l'Abbaye|08,1125,2024,DVF
Signy-le-Petit,1073,2024,DVF
Signy-le-Petit|08,1073,2024,DVF
Sigogne,1343,2024,DVF
Sigogne|16,1343,2024,DVF
Sigoulès-et-Flaugeac,1911,2024,DVF
Sigoulès-et-Flaugeac|24,1911,2024,DVF
Sigournais,1786,2024,DVF
Sigournais|85,1786,2024,DVF
Sigoyer,2618,2024,DVF
Sigoyer|05,2618,2024,DVF
Siguer,1091,2024,DVF
Siguer|09,1091,2024,DVF
Sigy-le-Châtel,1480,2024,DVF
Sigy-le-Châtel|71,1480,2024,DVF
Silfiac,1476,2024,DVF
Silfiac|56,1476,2024,DVF
Silhac,2608,2024,DVF
Silhac|07,2608,2024,DVF
Sillans,2075,2024,DVF
Sillans-la-Cascade,2972,2024,DVF
Sillans-la-Cascade|83,2972,2024,DVF
Sillans|38,2075,2024,DVF
Sillars,1105,2024,DVF
Sillars|86,1105,2024,DVF
Sillery,2688,2024,DVF
Sillery|51,2688,2024,DVF
Sillingy,4561,2024,DVF
Sillingy|74,4561,2024,DVF
Silly-Tillard,2528,2024,DVF
Silly-Tillard|60,2528,2024,DVF
Silly-le-Long,2806,2024,DVF
Silly-le-Long|60,2806,2024,DVF
Sillé-le-Guillaume,1173,2024,DVF
Sillé-le-Guillaume|72,1173,2024,DVF
Sillé-le-Philippe,1770,2024,DVF
Sillé-le-Philippe|72,1770,2024,DVF
Simacourbe,1740,2024,DVF
Simacourbe|64,1740,2024,DVF
Simandre,1650,2024,DVF
Simandre-sur-Suran,1410,2024,DVF
Simandre-sur-Suran|01,1410,2024,DVF
Simandres,3991,2024,DVF
Simandres|69,3991,2024,DVF
Simandre|71,1650,2024,DVF
Simard,1554,2024,DVF
Simard|71,1554,2024,DVF
Simencourt,1919,2024,DVF
Simencourt|62,1919,2024,DVF
Simiane-Collongue,4498,2024,DVF
Simiane-Collongue|13,4498,2024,DVF
Simiane-la-Rotonde,3716,2024,DVF
Simiane-la-Rotonde|04,3716,2024,DVF
Simplé,1233,2024,DVF
Simplé|53,1233,2024,DVF
Sin-le-Noble,1341,2024,DVF
Sin-le-Noble|59,1341,2024,DVF
Sinceny,1179,2024,DVF
Sinceny|02,1179,2024,DVF
Sion-les-Mines,1267,2024,DVF
Sion-les-Mines|44,1267,2024,DVF
Siorac-en-Périgord,1295,2024,DVF
Siorac-en-Périgord|24,1295,2024,DVF
Siouville-Hague,3481,2024,DVF
Siouville-Hague|50,3481,2024,DVF
Siran,2019,2024,DVF
Siran|34,2019,2024,DVF
Sireuil,1644,2024,DVF
Sireuil|16,1644,2024,DVF
Sirod,1448,2024,DVF
Sirod|39,1448,2024,DVF
Sisco,3004,2024,DVF
Sisco|2B,3004,2024,DVF
Sissonne,897,2024,DVF
Sissonne|02,897,2024,DVF
Sissy,1247,2024,DVF
Sissy|02,1247,2024,DVF
Sisteron,1953,2024,DVF
Sisteron|04,1953,2024,DVF
Sivry-Courtry,3444,2024,DVF
Sivry-Courtry|77,3444,2024,DVF
Sivry-sur-Meuse,998,2024,DVF
Sivry-sur-Meuse|55,998,2024,DVF
Six-Fours-les-Plages,5367,2024,DVF
Six-Fours-les-Plages|83,5367,2024,DVF
Sixt-Fer-à-Cheval,5205,2024,DVF
Sixt-Fer-à-Cheval|74,5205,2024,DVF
Sixt-sur-Aff,1469,2024,DVF
Sixt-sur-Aff|35,1469,2024,DVF
Sizun,1732,2024,DVF
Sizun|29,1732,2024,DVF
Smarves,1820,2024,DVF
Smarves|86,1820,2024,DVF
Sochaux,1623,2024,DVF
Sochaux|25,1623,2024,DVF
Socx,2259,2024,DVF
Socx|59,2259,2024,DVF
Sognolles-en-Montois,2008,2024,DVF
Sognolles-en-Montois|77,2008,2024,DVF
Soignolles-en-Brie,3089,2024,DVF
Soignolles-en-Brie|77,3089,2024,DVF
Soindres,2814,2024,DVF
Soindres|78,2814,2024,DVF
Soing-Cubry-Charentenay,573,2024,DVF
Soing-Cubry-Charentenay|70,573,2024,DVF
Soings-en-Sologne,1539,2024,DVF
Soings-en-Sologne|41,1539,2024,DVF
Soissons,1832,2024,DVF
Soissons-sur-Nacey,1461,2024,DVF
Soissons-sur-Nacey|21,1461,2024,DVF
Soissons|02,1832,2024,DVF
Soisy-Bouy,2242,2024,DVF
Soisy-Bouy|77,2242,2024,DVF
Soisy-sous-Montmorency,3936,2024,DVF
Soisy-sous-Montmorency|95,3936,2024,DVF
Soisy-sur-Seine,3451,2024,DVF
Soisy-sur-Seine|91,3451,2024,DVF
Soisy-sur-École,3273,2024,DVF
Soisy-sur-École|91,3273,2024,DVF
Solaize,3624,2024,DVF
Solaize|69,3624,2024,DVF
Solaro,2943,2024,DVF
Solaro|2B,2943,2024,DVF
Solaure en Diois,3559,2024,DVF
Solaure en Diois|26,3559,2024,DVF
Soleilhas,1238,2024,DVF
Soleilhas|04,1238,2024,DVF
Solers,2856,2024,DVF
Solers|77,2856,2024,DVF
Solesmes,1203,2024,DVF
Solesmes|59,1203,2024,DVF
Solesmes|72,1662,2024,DVF
Soleymieu,2700,2024,DVF
Soleymieux,1197,2024,DVF
Soleymieux|42,1197,2024,DVF
Soleymieu|38,2700,2024,DVF
Solférino,1961,2024,DVF
Solférino|40,1961,2024,DVF
Soliers,2661,2024,DVF
Soliers|14,2661,2024,DVF
Solignac,2163,2024,DVF
Solignac-sur-Loire,1693,2024,DVF
Solignac-sur-Loire|43,1693,2024,DVF
Solignac|87,2163,2024,DVF
Soligny-la-Trappe,1354,2024,DVF
Soligny-la-Trappe|61,1354,2024,DVF
Sollacaro,2796,2024,DVF
Sollacaro|2A,2796,2024,DVF
Solliès-Pont,3677,2024,DVF
Solliès-Pont|83,3677,2024,DVF
Solliès-Toucas,3529,2024,DVF
Solliès-Toucas|83,3529,2024,DVF
Solliès-Ville,4098,2024,DVF
Solliès-Ville|83,4098,2024,DVF
Sologny,1574,2024,DVF
Sologny|71,1574,2024,DVF
Solomiac,1243,2024,DVF
Solomiac|32,1243,2024,DVF
Solre-le-Château,1329,2024,DVF
Solre-le-Château|59,1329,2024,DVF
Solterre,1506,2024,DVF
Solterre|45,1506,2024,DVF
Somain,1466,2024,DVF
Somain|59,1466,2024,DVF
Sombernon,1751,2024,DVF
Sombernon|21,1751,2024,DVF
Sombrun,1570,2024,DVF
Sombrun|65,1570,2024,DVF
Somloire,1584,2024,DVF
Somloire|49,1584,2024,DVF
Sommant,1257,2024,DVF
Sommant|71,1257,2024,DVF
Sommecaise,1597,2024,DVF
Sommecaise|89,1597,2024,DVF
Sommedieue,1137,2024,DVF
Sommedieue|55,1137,2024,DVF
Sommelonne,1768,2024,DVF
Sommelonne|55,1768,2024,DVF
Sommereux,1382,2024,DVF
Sommereux|60,1382,2024,DVF
Sommervieu,1222,2024,DVF
Sommervieu|14,1222,2024,DVF
Sommerviller,1951,2024,DVF
Sommerviller|54,1951,2024,DVF
Sommery,1738,2024,DVF
Sommery|76,1738,2024,DVF
Sommevoire,1059,2024,DVF
Sommevoire|52,1059,2024,DVF
Sommières,2591,2024,DVF
Sommières-du-Clain,846,2024,DVF
Sommières-du-Clain|86,846,2024,DVF
Sommières|30,2591,2024,DVF
Sonchamp,3193,2024,DVF
Sonchamp|78,3193,2024,DVF
Songeons,1525,2024,DVF
Songeons|60,1525,2024,DVF
Sonnac,777,2024,DVF
Sonnac|12,1705,2024,DVF
Sonnac|17,777,2024,DVF
Sonnay,1850,2024,DVF
Sonnay|38,1850,2024,DVF
Sonnaz,3829,2024,DVF
Sonnaz|73,3829,2024,DVF
Sonzay,1830,2024,DVF
Sonzay|37,1830,2024,DVF
Soorts-Hossegor,10022,2024,DVF
Soorts-Hossegor|40,10022,2024,DVF
Sorbiers,2755,2024,DVF
Sorbiers|42,2755,2024,DVF
Sorbo-Ocagnano,2955,2024,DVF
Sorbo-Ocagnano|2B,2955,2024,DVF
Sorcy-Saint-Martin,1110,2024,DVF
Sorcy-Saint-Martin|55,1110,2024,DVF
Sorde-l'Abbaye,1649,2024,DVF
Sorde-l'Abbaye|40,1649,2024,DVF
Sore,3842,2024,DVF
Sorel-Moussel,2204,2024,DVF
Sorel-Moussel|28,2204,2024,DVF
Sore|40,3842,2024,DVF
Sorges et Ligueux en Périgord,2110,2024,DVF
Sorges et Ligueux en Périgord|24,2110,2024,DVF
Sorgues,2254,2024,DVF
Sorgues|84,2254,2024,DVF
Sorigny,2263,2024,DVF
Sorigny|37,2263,2024,DVF
Sornay,1716,2024,DVF
Sornay|70,1579,2024,DVF
Sornay|71,1716,2024,DVF
Sort-en-Chalosse,1919,2024,DVF
Sort-en-Chalosse|40,1919,2024,DVF
Sorède,3313,2024,DVF
Sorède|66,3313,2024,DVF
Sorèze,1671,2024,DVF
Sorèze|81,1671,2024,DVF
Sos,1070,2024,DVF
Sospel,3340,2024,DVF
Sospel|06,3340,2024,DVF
Sossais,1304,2024,DVF
Sossais|86,1304,2024,DVF
Sost,1038,2024,DVF
Sost|65,1038,2024,DVF
Sos|47,1070,2024,DVF
Sotta,3916,2024,DVF
Sotta|2A,3916,2024,DVF
Sottevast,1759,2024,DVF
Sottevast|50,1759,2024,DVF
Sotteville-lès-Rouen,2061,2024,DVF
Sotteville-lès-Rouen|76,2061,2024,DVF
Soturac,1388,2024,DVF
Soturac|46,1388,2024,DVF
Soual,1654,2024,DVF
Soual|81,1654,2024,DVF
Soubise,2588,2024,DVF
Soubise|17,2588,2024,DVF
Soubès,3054,2024,DVF
Soubès|34,3054,2024,DVF
Souchez,1744,2024,DVF
Souchez|62,1744,2024,DVF
Soucieu-en-Jarrest,3380,2024,DVF
Soucieu-en-Jarrest|69,3380,2024,DVF
Soucy,1795,2024,DVF
Soucy|89,1795,2024,DVF
Soudan,1349,2024,DVF
Soudan|44,1349,2024,DVF
Soudeilles,804,2024,DVF
Soudeilles|19,804,2024,DVF
Soudron,1236,2024,DVF
Soudron|51,1236,2024,DVF
Soueich,1595,2024,DVF
Soueich|31,1595,2024,DVF
Soueix-Rogalle,2250,2024,DVF
Soueix-Rogalle|09,2250,2024,DVF
Soues,1880,2024,DVF
Souesmes,1312,2024,DVF
Souesmes|41,1312,2024,DVF
Soues|65,1880,2024,DVF
Sougeal,1295,2024,DVF
Sougeal|35,1295,2024,DVF
Sougy,1639,2024,DVF
Sougy|45,1639,2024,DVF
Sougères-en-Puisaye,1034,2024,DVF
Sougères-en-Puisaye|89,1034,2024,DVF
Sougé-le-Ganelon,1150,2024,DVF
Sougé-le-Ganelon|72,1150,2024,DVF
Souillac,1428,2024,DVF
Souillac|46,1428,2024,DVF
Souillé,1885,2024,DVF
Souillé|72,1885,2024,DVF
Soulac-sur-Mer,4322,2024,DVF
Soulac-sur-Mer|33,4322,2024,DVF
Soulaines-sur-Aubance,2752,2024,DVF
Soulaines-sur-Aubance|49,2752,2024,DVF
Soulaire-et-Bourg,2363,2024,DVF
Soulaire-et-Bourg|49,2363,2024,DVF
Soulaires,2232,2024,DVF
Soulaires|28,2232,2024,DVF
Soulan,1501,2024,DVF
Soulangis,1500,2024,DVF
Soulangis|18,1500,2024,DVF
Soulan|09,1501,2024,DVF
Souleuvre en Bocage,1309,2024,DVF
Souleuvre en Bocage|14,1309,2024,DVF
Soulgé-sur-Ouette,1296,2024,DVF
Soulgé-sur-Ouette|53,1296,2024,DVF
Soulignonne,1765,2024,DVF
Soulignonne|17,1765,2024,DVF
Souligny,1810,2024,DVF
Souligny|10,1810,2024,DVF
Souligné-Flacé,1570,2024,DVF
Souligné-Flacé|72,1570,2024,DVF
Souligné-sous-Ballon,1727,2024,DVF
Souligné-sous-Ballon|72,1727,2024,DVF
Soulitré,1573,2024,DVF
Soulitré|72,1573,2024,DVF
Soullans,2245,2024,DVF
Soullans|85,2245,2024,DVF
Soulosse-sous-Saint-Élophe,1340,2024,DVF
Soulosse-sous-Saint-Élophe|88,1340,2024,DVF
Soulvache,1156,2024,DVF
Soulvache|44,1156,2024,DVF
Soumans,1173,2024,DVF
Soumans|23,1173,2024,DVF
Soumont-Saint-Quentin,1987,2024,DVF
Soumont-Saint-Quentin|14,1987,2024,DVF
Soumoulou,2480,2024,DVF
Soumoulou|64,2480,2024,DVF
Souppes-sur-Loing,1797,2024,DVF
Souppes-sur-Loing|77,1797,2024,DVF
Souprosse,1826,2024,DVF
Souprosse|40,1826,2024,DVF
Sourcieux-les-Mines,3673,2024,DVF
Sourcieux-les-Mines|69,3673,2024,DVF
Sourdeval,1307,2024,DVF
Sourdeval|50,1307,2024,DVF
Sourdun,1785,2024,DVF
Sourdun|77,1785,2024,DVF
Sournia,1511,2024,DVF
Sourniac,1339,2024,DVF
Sourniac|15,1339,2024,DVF
Sournia|66,1511,2024,DVF
Sours,2451,2024,DVF
Soursac,1003,2024,DVF
Soursac|19,1003,2024,DVF
Sours|28,2451,2024,DVF
Sourzac,1366,2024,DVF
Sourzac|24,1366,2024,DVF
Sousceyrac-en-Quercy,1254,2024,DVF
Sousceyrac-en-Quercy|46,1254,2024,DVF
Soussans,2378,2024,DVF
Soussans|33,2378,2024,DVF
Soustons,4178,2024,DVF
Soustons|40,4178,2024,DVF
Souternon,1413,2024,DVF
Souternon|42,1413,2024,DVF
Souvans,1586,2024,DVF
Souvans|39,1586,2024,DVF
Souvignargues,2554,2024,DVF
Souvignargues|30,2554,2024,DVF
Souvigny,1410,2024,DVF
Souvigny-de-Touraine,1614,2024,DVF
Souvigny-de-Touraine|37,1614,2024,DVF
Souvigny|03,1410,2024,DVF
Souvigné,2025,2024,DVF
Souvigné|37,2025,2024,DVF
Souvigné|79,1422,2024,DVF
Souzay-Champigny,1956,2024,DVF
Souzay-Champigny|49,1956,2024,DVF
Souzy-la-Briche,2839,2024,DVF
Souzy-la-Briche|91,2839,2024,DVF
Soyaux,1699,2024,DVF
Soyaux|16,1699,2024,DVF
Soye-en-Septaine,1582,2024,DVF
Soye-en-Septaine|18,1582,2024,DVF
Soyons,2757,2024,DVF
Soyons|07,2757,2024,DVF
Spay,2118,2024,DVF
Spay|72,2118,2024,DVF
Spincourt,1114,2024,DVF
Spincourt|55,1114,2024,DVF
Spycker,2206,2024,DVF
Spycker|59,2206,2024,DVF
Spéracèdes,4470,2024,DVF
Spéracèdes|06,4470,2024,DVF
Spézet,1237,2024,DVF
Spézet|29,1237,2024,DVF
Squiffiec,1644,2024,DVF
Squiffiec|22,1644,2024,DVF
Stains,3201,2024,DVF
Stains|93,3201,2024,DVF
Staple,1807,2024,DVF
Staple|59,1807,2024,DVF
Steenbecque,1434,2024,DVF
Steenbecque|59,1434,2024,DVF
Steene,1937,2024,DVF
Steene|59,1937,2024,DVF
Steenvoorde,2149,2024,DVF
Steenvoorde|59,2149,2024,DVF
Steenwerck,2169,2024,DVF
Steenwerck|59,2169,2024,DVF
Stenay,784,2024,DVF
Stenay|55,784,2024,DVF
Strazeele,2501,2024,DVF
Strazeele|59,2501,2024,DVF
Subles,2132,2024,DVF
Subles|14,2132,2024,DVF
Subligny,1038,2024,DVF
Subligny|18,1038,2024,DVF
Succieu,2507,2024,DVF
Succieu|38,2507,2024,DVF
Sucy-en-Brie,4089,2024,DVF
Sucy-en-Brie|94,4089,2024,DVF
Sucé-sur-Erdre,3681,2024,DVF
Sucé-sur-Erdre|44,3681,2024,DVF
Sugères,1474,2024,DVF
Sugères|63,1474,2024,DVF
Suilly-la-Tour,1170,2024,DVF
Suilly-la-Tour|58,1170,2024,DVF
Suippes,1355,2024,DVF
Suippes|51,1355,2024,DVF
Sulignat,3527,2024,DVF
Sulignat|01,3527,2024,DVF
Sully,1212,2024,DVF
Sully-la-Chapelle,2122,2024,DVF
Sully-la-Chapelle|45,2122,2024,DVF
Sully-sur-Loire,1784,2024,DVF
Sully-sur-Loire|45,1784,2024,DVF
Sully|60,2064,2024,DVF
Sully|71,1212,2024,DVF
Sulniac,2614,2024,DVF
Sulniac|56,2614,2024,DVF
Sumène,1734,2024,DVF
Sumène|30,1734,2024,DVF
Suresnes,6920,2024,DVF
Suresnes|92,6920,2024,DVF
Surgy,1149,2024,DVF
Surgy|58,1149,2024,DVF
Surgères,1976,2024,DVF
Surgères|17,1976,2024,DVF
Surin,1147,2024,DVF
Surin|79,1147,2024,DVF
Surin|86,1088,2024,DVF
Surtainville,2270,2024,DVF
Surtainville|50,2270,2024,DVF
Surville,3158,2024,DVF
Surville|14,3158,2024,DVF
Surville|27,1744,2024,DVF
Survilliers,2594,2024,DVF
Survilliers|95,2594,2024,DVF
Sury-aux-Bois,1239,2024,DVF
Sury-aux-Bois|45,1239,2024,DVF
Sury-en-Vaux,968,2024,DVF
Sury-en-Vaux|18,968,2024,DVF
Sury-le-Comtal,2053,2024,DVF
Sury-le-Comtal|42,2053,2024,DVF
Sury-près-Léré,1058,2024,DVF
Sury-près-Léré|18,1058,2024,DVF
Sury-ès-Bois,765,2024,DVF
Sury-ès-Bois|18,765,2024,DVF
Surzur,2968,2024,DVF
Surzur|56,2968,2024,DVF
Sus-Saint-Léger,1678,2024,DVF
Sus-Saint-Léger|62,1678,2024,DVF
Sussac,1266,2024,DVF
Sussac|87,1266,2024,DVF
Sussargues,3756,2024,DVF
Sussargues|34,3756,2024,DVF
Susville,2367,2024,DVF
Susville|38,2367,2024,DVF
Suze-la-Rousse,2701,2024,DVF
Suze-la-Rousse|26,2701,2024,DVF
Suèvres,1662,2024,DVF
Suèvres|41,1662,2024,DVF
Sylvains-Lès-Moulins,1979,2024,DVF
Sylvains-Lès-Moulins|27,1979,2024,DVF
Sète,3856,2024,DVF
Sète|34,3856,2024,DVF
Sèvremoine,1896,2024,DVF
Sèvremoine|49,1896,2024,DVF
Sèvremont,1769,2024,DVF
Sèvremont|85,1769,2024,DVF
Sèvres,6156,2024,DVF
Sèvres-Anxaumont,1756,2024,DVF
Sèvres-Anxaumont|86,1756,2024,DVF
Sèvres|92,6156,2024,DVF
Sébazac-Concourès,2732,2024,DVF
Sébazac-Concourès|12,2732,2024,DVF
Sébrazac,1524,2024,DVF
Sébrazac|12,1524,2024,DVF
Sébécourt,1839,2024,DVF
Sébécourt|27,1839,2024,DVF
Sécheras,2373,2024,DVF
Sécheras|07,2373,2024,DVF
Séchilienne,2157,2024,DVF
Séchilienne|38,2157,2024,DVF
Séderon,1035,2024,DVF
Séderon|26,1035,2024,DVF
Sées,1341,2024,DVF
Sées|61,1341,2024,DVF
Séez,3768,2024,DVF
Séez|73,3768,2024,DVF
Séglien,1419,2024,DVF
Séglien|56,1419,2024,DVF
Ségny,5081,2024,DVF
Ségny|01,5081,2024,DVF
Ségoufielle,2922,2024,DVF
Ségoufielle|32,2922,2024,DVF
Ségrie,1264,2024,DVF
Ségrie|72,1264,2024,DVF
Ségry,1155,2024,DVF
Ségry|36,1155,2024,DVF
Ségur-le-Château,1760,2024,DVF
Ségur-le-Château|19,1760,2024,DVF
Séguret,3509,2024,DVF
Séguret|84,3509,2024,DVF
Sémalens,1546,2024,DVF
Sémalens|81,1546,2024,DVF
Sémelay,1166,2024,DVF
Sémelay|58,1166,2024,DVF
Sémeries,1296,2024,DVF
Sémeries|59,1296,2024,DVF
Séméac,1883,2024,DVF
Séméacq-Blachon,1743,2024,DVF
Séméacq-Blachon|64,1743,2024,DVF
Séméac|65,1883,2024,DVF
Sénas,3079,2024,DVF
Sénas|13,3079,2024,DVF
Sénergues,1351,2024,DVF
Sénergues|12,1351,2024,DVF
Séneujols,1185,2024,DVF
Séneujols|43,1185,2024,DVF
Séné,4156,2024,DVF
Séné|56,4156,2024,DVF
Séranon,2684,2024,DVF
Séranon|06,2684,2024,DVF
Séreilhac,1228,2024,DVF
Séreilhac|87,1228,2024,DVF
Sérent,2148,2024,DVF
Sérent|56,2148,2024,DVF
Sérifontaine,2050,2024,DVF
Sérifontaine|60,2050,2024,DVF
Sérignac,2911,2024,DVF
Sérignac-Péboudou,2352,2024,DVF
Sérignac-Péboudou|47,2352,2024,DVF
Sérignac-sur-Garonne,1610,2024,DVF
Sérignac-sur-Garonne|47,1610,2024,DVF
Sérignac|46,2911,2024,DVF
Sérignan,2917,2024,DVF
Sérignan-du-Comtat,2716,2024,DVF
Sérignan-du-Comtat|84,2716,2024,DVF
Sérignan|34,2917,2024,DVF
Sérigné,1497,2024,DVF
Sérigné|85,1497,2024,DVF
Séry-lès-Mézières,1177,2024,DVF
Séry-lès-Mézières|02,1177,2024,DVF
Sérézin-de-la-Tour,3028,2024,DVF
Sérézin-de-la-Tour|38,3028,2024,DVF
Sérézin-du-Rhône,3767,2024,DVF
Sérézin-du-Rhône|69,3767,2024,DVF
Sévignac,1328,2024,DVF
Sévignacq,1804,2024,DVF
Sévignacq|64,1804,2024,DVF
Sévignac|22,1328,2024,DVF
Sévérac,1708,2024,DVF
Sévérac d'Aveyron,1605,2024,DVF
Sévérac d'Aveyron|12,1605,2024,DVF
Sévérac|44,1708,2024,DVF
Sézanne,1243,2024,DVF
Sézanne|51,1243,2024,DVF
Tacoignières,3601,2024,DVF
Tacoignières|78,3601,2024,DVF
Taden,2593,2024,DVF
Taden|22,2593,2024,DVF
Tagnon,1535,2024,DVF
Tagnon|08,1535,2024,DVF
Taillades,3798,2024,DVF
Taillades|84,3798,2024,DVF
Taillebourg,1563,2024,DVF
Taillebourg|17,1563,2024,DVF
Taillecourt,1783,2024,DVF
Taillecourt|25,1783,2024,DVF
Taillis,1478,2024,DVF
Taillis|35,1478,2024,DVF
Tain-l'Hermitage,2248,2024,DVF
Tain-l'Hermitage|26,2248,2024,DVF
Taintrux,2367,2024,DVF
Taintrux|88,2367,2024,DVF
Taisnières-en-Thiérache,1472,2024,DVF
Taisnières-en-Thiérache|59,1472,2024,DVF
Taisnières-sur-Hon,1660,2024,DVF
Taisnières-sur-Hon|59,1660,2024,DVF
Taissy,2614,2024,DVF
Taissy|51,2614,2024,DVF
Taizé-Aizie,1224,2024,DVF
Taizé-Aizie|16,1224,2024,DVF
Talais,2464,2024,DVF
Talais|33,2464,2024,DVF
Talant,2509,2024,DVF
Talant|21,2509,2024,DVF
Talence,4036,2024,DVF
Talence|33,4036,2024,DVF
Talencieux,2579,2024,DVF
Talencieux|07,2579,2024,DVF
Talensac,2267,2024,DVF
Talensac|35,2267,2024,DVF
Tallard,2157,2024,DVF
Tallard|05,2157,2024,DVF
Tallende,2435,2024,DVF
Tallende|63,2435,2024,DVF
Talloires-Montmin,7137,2024,DVF
Talloires-Montmin|74,7137,2024,DVF
Tallud-Sainte-Gemme,1045,2024,DVF
Tallud-Sainte-Gemme|85,1045,2024,DVF
Talmas,2080,2024,DVF
Talmas|80,2080,2024,DVF
Talmay,1359,2024,DVF
Talmay|21,1359,2024,DVF
Talmont-Saint-Hilaire,3546,2024,DVF
Talmont-Saint-Hilaire|85,3546,2024,DVF
Talmontiers,2356,2024,DVF
Talmontiers|60,2356,2024,DVF
Taluyers,3841,2024,DVF
Taluyers|69,3841,2024,DVF
Tamnay-en-Bazois,640,2024,DVF
Tamnay-en-Bazois|58,640,2024,DVF
Tamniès,4123,2024,DVF
Tamniès|24,4123,2024,DVF
Tancarville,1730,2024,DVF
Tancarville|76,1730,2024,DVF
Tancon,1574,2024,DVF
Tancon|71,1574,2024,DVF
Taninges,4110,2024,DVF
Taninges|74,4110,2024,DVF
Tanis,1305,2024,DVF
Tanis|50,1305,2024,DVF
Tanlay,1124,2024,DVF
Tanlay|89,1124,2024,DVF
Tannay,653,2024,DVF
Tannay|58,653,2024,DVF
Tanneron,4884,2024,DVF
Tanneron|83,4884,2024,DVF
Tannerre-en-Puisaye,1133,2024,DVF
Tannerre-en-Puisaye|89,1133,2024,DVF
Tantonville,1668,2024,DVF
Tantonville|54,1668,2024,DVF
Tanus,1423,2024,DVF
Tanus|81,1423,2024,DVF
Tanville,1442,2024,DVF
Tanville|61,1442,2024,DVF
Taponas,2891,2024,DVF
Taponas|69,2891,2024,DVF
Taponnat-Fleurignac,1540,2024,DVF
Taponnat-Fleurignac|16,1540,2024,DVF
Taradeau,3825,2024,DVF
Taradeau|83,3825,2024,DVF
Tarare,2033,2024,DVF
Tarare|69,2033,2024,DVF
Tarascon,1937,2024,DVF
Tarascon-sur-Ariège,1677,2024,DVF
Tarascon-sur-Ariège|09,1677,2024,DVF
Tarascon|13,1937,2024,DVF
Tarbes,1550,2024,DVF
Tarbes|65,1550,2024,DVF
Tarcenay-Foucherans,1772,2024,DVF
Tarcenay-Foucherans|25,1772,2024,DVF
Tardets-Sorholus,937,2024,DVF
Tardets-Sorholus|64,937,2024,DVF
Targasonne,3534,2024,DVF
Targasonne|66,3534,2024,DVF
Targon,2059,2024,DVF
Targon|33,2059,2024,DVF
Tarnac,1054,2024,DVF
Tarnac|19,1054,2024,DVF
Tarnos,3927,2024,DVF
Tarnos|40,3927,2024,DVF
Tarsul,1608,2024,DVF
Tarsul|21,1608,2024,DVF
Tart,2410,2024,DVF
Tartaras,3018,2024,DVF
Tartaras|42,3018,2024,DVF
Tartas,1730,2024,DVF
Tartas|40,1730,2024,DVF
Tart|21,2410,2024,DVF
Tassin-la-Demi-Lune,4325,2024,DVF
Tassin-la-Demi-Lune|69,4325,2024,DVF
Tassé,1106,2024,DVF
Tassé|72,1106,2024,DVF
Taugon,1478,2024,DVF
Taugon|17,1478,2024,DVF
Taulignan,2621,2024,DVF
Taulignan|26,2621,2024,DVF
Taulé,1747,2024,DVF
Taulé|29,1747,2024,DVF
Taupont,1787,2024,DVF
Taupont|56,1787,2024,DVF
Tauriac,2336,2024,DVF
Tauriac|33,2336,2024,DVF
Taussac-la-Billière,2162,2024,DVF
Taussac-la-Billière|34,2162,2024,DVF
Tautavel,2042,2024,DVF
Tautavel|66,2042,2024,DVF
Tauves,1041,2024,DVF
Tauves|63,1041,2024,DVF
Tauxigny-Saint-Bauld,2060,2024,DVF
Tauxigny-Saint-Bauld|37,2060,2024,DVF
Tavaux,1561,2024,DVF
Tavaux-et-Pontséricourt,1395,2024,DVF
Tavaux-et-Pontséricourt|02,1395,2024,DVF
Tavaux|39,1561,2024,DVF
Tavel,2808,2024,DVF
Tavel|30,2808,2024,DVF
Tavera,3344,2024,DVF
Tavera|2A,3344,2024,DVF
Tavernes,2777,2024,DVF
Tavernes|83,2777,2024,DVF
Taverny,3322,2024,DVF
Taverny|95,3322,2024,DVF
Tavers,2018,2024,DVF
Tavers|45,2018,2024,DVF
Tayrac,1772,2024,DVF
Tayrac|47,1772,2024,DVF
Tazilly,1042,2024,DVF
Tazilly|58,1042,2024,DVF
Teillay,1417,2024,DVF
Teillay|35,1417,2024,DVF
Teillet,1095,2024,DVF
Teillet|81,1095,2024,DVF
Teillé,2126,2024,DVF
Teillé|44,2126,2024,DVF
Teillé|72,826,2024,DVF
Telgruc-sur-Mer,2597,2024,DVF
Telgruc-sur-Mer|29,2597,2024,DVF
Tellancourt,1694,2024,DVF
Tellancourt|54,1694,2024,DVF
Teloché,1945,2024,DVF
Teloché|72,1945,2024,DVF
Templemars,2657,2024,DVF
Templemars|59,2657,2024,DVF
Templeuve-en-Pévèle,2852,2024,DVF
Templeuve-en-Pévèle|59,2852,2024,DVF
Tenay,1450,2024,DVF
Tenay|01,1450,2024,DVF
Tence,1696,2024,DVF
Tence|43,1696,2024,DVF
Tencin,3293,2024,DVF
Tencin|38,3293,2024,DVF
Tende,1755,2024,DVF
Tende|06,1755,2024,DVF
Tendu,1275,2024,DVF
Tendu|36,1275,2024,DVF
Teneur,1326,2024,DVF
Teneur|62,1326,2024,DVF
Tennie,1480,2024,DVF
Tennie|72,1480,2024,DVF
Tercis-les-Bains,2177,2024,DVF
Tercis-les-Bains|40,2177,2024,DVF
Tercé,1575,2024,DVF
Tercé|86,1575,2024,DVF
Tergnier,1152,2024,DVF
Tergnier|02,1152,2024,DVF
Terminiers,1393,2024,DVF
Terminiers|28,1393,2024,DVF
Ternand,2648,2024,DVF
Ternand|69,2648,2024,DVF
Ternant,953,2024,DVF
Ternant|17,1619,2024,DVF
Ternant|58,953,2024,DVF
Ternay,4000,2024,DVF
Ternay|41,1157,2024,DVF
Ternay|69,4000,2024,DVF
Terranjou,1791,2024,DVF
Terranjou|49,1791,2024,DVF
Terrasson-Lavilledieu,1708,2024,DVF
Terrasson-Lavilledieu|24,1708,2024,DVF
Terrats,2920,2024,DVF
Terrats|66,2920,2024,DVF
Terre-de-Bancalié,1598,2024,DVF
Terre-de-Bancalié|81,1598,2024,DVF
Terre-et-Marais,1340,2024,DVF
Terre-et-Marais|50,1340,2024,DVF
Terres de Bord,1831,2024,DVF
Terres de Bord|27,1831,2024,DVF
Terres de Druance,1049,2024,DVF
Terres de Druance|14,1049,2024,DVF
Terres-de-Caux,1802,2024,DVF
Terres-de-Caux|76,1802,2024,DVF
Terres-de-Haute-Charente,1030,2024,DVF
Terres-de-Haute-Charente|16,1030,2024,DVF
Terssac,2509,2024,DVF
Terssac|81,2509,2024,DVF
Terval,1385,2024,DVF
Terval|85,1385,2024,DVF
Tessancourt-sur-Aubette,2840,2024,DVF
Tessancourt-sur-Aubette|78,2840,2024,DVF
Tessel,2044,2024,DVF
Tessel|14,2044,2024,DVF
Tesson,1879,2024,DVF
Tesson|17,1879,2024,DVF
Tessy-Bocage,1315,2024,DVF
Tessy-Bocage|50,1315,2024,DVF
Tessé-Froulay,1584,2024,DVF
Tessé-Froulay|61,1584,2024,DVF
Teuillac,2050,2024,DVF
Teuillac|33,2050,2024,DVF
Teurthéville-Bocage,1282,2024,DVF
Teurthéville-Bocage|50,1282,2024,DVF
Teurthéville-Hague,2458,2024,DVF
Teurthéville-Hague|50,2458,2024,DVF
Teyran,3889,2024,DVF
Teyran|34,3889,2024,DVF
Thaims,1823,2024,DVF
Thaims|17,1823,2024,DVF
Thairé,2560,2024,DVF
Thairé|17,2560,2024,DVF
Thaon,2175,2024,DVF
Thaon-les-Vosges,1436,2024,DVF
Thaon-les-Vosges|88,1436,2024,DVF
Thaon|14,2175,2024,DVF
Theil-Rabier,1476,2024,DVF
Theil-Rabier|16,1476,2024,DVF
Theillay,1360,2024,DVF
Theillay|41,1360,2024,DVF
Theix-Noyalo,3374,2024,DVF
Theix-Noyalo|56,3374,2024,DVF
Theizé,3595,2024,DVF
Theizé|69,3595,2024,DVF
Thelonne,895,2024,DVF
Thelonne|08,895,2024,DVF
Thenay,1171,2024,DVF
Thenay|36,1171,2024,DVF
Thenelles,830,2024,DVF
Thenelles|02,830,2024,DVF
Theneuille,1040,2024,DVF
Theneuille|03,1040,2024,DVF
Thennes,2062,2024,DVF
Thennes|80,2062,2024,DVF
Thenon,1365,2024,DVF
Thenon|24,1365,2024,DVF
Therdonne,2206,2024,DVF
Therdonne|60,2206,2024,DVF
Thevet-Saint-Julien,840,2024,DVF
Thevet-Saint-Julien|36,840,2024,DVF
Theys,3454,2024,DVF
Theys|38,3454,2024,DVF
Thiais,3862,2024,DVF
Thiais|94,3862,2024,DVF
Thiant,1404,2024,DVF
Thiant|59,1404,2024,DVF
Thiaucourt-Regniéville,1741,2024,DVF
Thiaucourt-Regniéville|54,1741,2024,DVF
Thiaville-sur-Meurthe,1122,2024,DVF
Thiaville-sur-Meurthe|54,1122,2024,DVF
Thiberville,1794,2024,DVF
Thiberville|27,1794,2024,DVF
Thibouville,1504,2024,DVF
Thibouville|27,1504,2024,DVF
Thiel-sur-Acolin,1342,2024,DVF
Thiel-sur-Acolin|03,1342,2024,DVF
Thiembronne,1265,2024,DVF
Thiembronne|62,1265,2024,DVF
Thiers,1111,2024,DVF
Thiers-sur-Thève,2924,2024,DVF
Thiers-sur-Thève|60,2924,2024,DVF
Thiers|63,1111,2024,DVF
Thierville-sur-Meuse,1426,2024,DVF
Thierville-sur-Meuse|55,1426,2024,DVF
Thiescourt,1489,2024,DVF
Thiescourt|60,1489,2024,DVF
Thieulloy-l'Abbaye,1277,2024,DVF
Thieulloy-l'Abbaye|80,1277,2024,DVF
Thieuloy-Saint-Antoine,1614,2024,DVF
Thieuloy-Saint-Antoine|60,1614,2024,DVF
Thieux,3604,2024,DVF
Thieux|77,3604,2024,DVF
Thil,2905,2024,DVF
Thil-Manneville,1940,2024,DVF
Thil-Manneville|76,1940,2024,DVF
Thil-sur-Arroux,1221,2024,DVF
Thil-sur-Arroux|71,1221,2024,DVF
Thilay,1495,2024,DVF
Thilay|08,1495,2024,DVF
Thillot,1446,2024,DVF
Thillot|55,1446,2024,DVF
Thilouze,1783,2024,DVF
Thilouze|37,1783,2024,DVF
Thil|01,4025,2024,DVF
Thil|31,1889,2024,DVF
Thil|54,2905,2024,DVF
Thimert-Gâtelles,1830,2024,DVF
Thimert-Gâtelles|28,1830,2024,DVF
Thimory,1377,2024,DVF
Thimory|45,1377,2024,DVF
Thin-le-Moutier,781,2024,DVF
Thin-le-Moutier|08,781,2024,DVF
Thiron-Gardais,1360,2024,DVF
Thiron-Gardais|28,1360,2024,DVF
Thiré,1689,2024,DVF
Thiré|85,1689,2024,DVF
Thise,2454,2024,DVF
Thise|25,2454,2024,DVF
Thivars,2193,2024,DVF
Thivars|28,2193,2024,DVF
Thiverny,3797,2024,DVF
Thiverny|60,3797,2024,DVF
Thiverval-Grignon,4789,2024,DVF
Thiverval-Grignon|78,4789,2024,DVF
Thiviers,1256,2024,DVF
Thiviers|24,1256,2024,DVF
Thizy-les-Bourgs,1452,2024,DVF
Thizy-les-Bourgs|69,1452,2024,DVF
Thiéfosse,1225,2024,DVF
Thiéfosse|88,1225,2024,DVF
Thiézac,1404,2024,DVF
Thiézac|15,1404,2024,DVF
Thoard,1981,2024,DVF
Thoard|04,1981,2024,DVF
Thodure,2706,2024,DVF
Thodure|38,2706,2024,DVF
Thoirette-Coisia,2180,2024,DVF
Thoirette-Coisia|39,2180,2024,DVF
Thoiry,4922,2024,DVF
Thoiry|01,4922,2024,DVF
Thoiry|73,4278,2024,DVF
Thoiry|78,3513,2024,DVF
Thoissey,1589,2024,DVF
Thoissey|01,1589,2024,DVF
Thollon-les-Mémises,3776,2024,DVF
Thollon-les-Mémises|74,3776,2024,DVF
Thomery,3774,2024,DVF
Thomery|77,3774,2024,DVF
Thonnance-lès-Joinville,1085,2024,DVF
Thonnance-lès-Joinville|52,1085,2024,DVF
Thonne-le-Thil,1254,2024,DVF
Thonne-le-Thil|55,1254,2024,DVF
Thonon-les-Bains,3804,2024,DVF
Thonon-les-Bains|74,3804,2024,DVF
Thorame-Basse,1920,2024,DVF
Thorame-Basse|04,1920,2024,DVF
Thorame-Haute,1909,2024,DVF
Thorame-Haute|04,1909,2024,DVF
Thorey-en-Plaine,2488,2024,DVF
Thorey-en-Plaine|21,2488,2024,DVF
Thorigny,1630,2024,DVF
Thorigny-sur-Marne,3527,2024,DVF
Thorigny-sur-Marne|77,3527,2024,DVF
Thorigny-sur-Oreuse,1315,2024,DVF
Thorigny-sur-Oreuse|89,1315,2024,DVF
Thorigny|85,1630,2024,DVF
Thorigné-Fouillard,3164,2024,DVF
Thorigné-Fouillard|35,3164,2024,DVF
Thorigné-d'Anjou,1616,2024,DVF
Thorigné-d'Anjou|49,1616,2024,DVF
Thorigné-sur-Dué,1870,2024,DVF
Thorigné-sur-Dué|72,1870,2024,DVF
Thors,1190,2024,DVF
Thors|17,1190,2024,DVF
Thoré-la-Rochette,1543,2024,DVF
Thoré-la-Rochette|41,1543,2024,DVF
Thorée-les-Pins,1657,2024,DVF
Thorée-les-Pins|72,1657,2024,DVF
Thouars,1224,2024,DVF
Thouars|79,1224,2024,DVF
Thouaré-sur-Loire,3308,2024,DVF
Thouaré-sur-Loire|44,3308,2024,DVF
Thourie,1435,2024,DVF
Thourie|35,1435,2024,DVF
Thouron,1668,2024,DVF
Thouron|87,1668,2024,DVF
Thourotte,1737,2024,DVF
Thourotte|60,1737,2024,DVF
Thoury-Férottes,2219,2024,DVF
Thoury-Férottes|77,2219,2024,DVF
Thue et Mue,2454,2024,DVF
Thue et Mue|14,2454,2024,DVF
Thueyts,1892,2024,DVF
Thueyts|07,1892,2024,DVF
Thuir,2409,2024,DVF
Thuir|66,2409,2024,DVF
Thumeries,2120,2024,DVF
Thumeries|59,2120,2024,DVF
Thun-Saint-Amand,1787,2024,DVF
Thun-Saint-Amand|59,1787,2024,DVF
Thun-Saint-Martin,1652,2024,DVF
Thun-Saint-Martin|59,1652,2024,DVF
Thun-l'Évêque,1414,2024,DVF
Thun-l'Évêque|59,1414,2024,DVF
Thurageau,1239,2024,DVF
Thurageau|86,1239,2024,DVF
Thuret,1758,2024,DVF
Thuret|63,1758,2024,DVF
Thurey,1695,2024,DVF
Thurey|71,1695,2024,DVF
Thurins,3301,2024,DVF
Thurins|69,3301,2024,DVF
Thury,1115,2024,DVF
Thury-Harcourt-le-Hom,1769,2024,DVF
Thury-Harcourt-le-Hom|14,1769,2024,DVF
Thury|21,1432,2024,DVF
Thury|89,1115,2024,DVF
Thuré,1393,2024,DVF
Thuré|86,1393,2024,DVF
Thusy,3508,2024,DVF
Thusy|74,3508,2024,DVF
Thyez,3287,2024,DVF
Thyez|74,3287,2024,DVF
Thèreval,1210,2024,DVF
Thèreval|50,1210,2024,DVF
Thèze,2245,2024,DVF
Thèze|64,2245,2024,DVF
Thégra,1604,2024,DVF
Thégra|46,1604,2024,DVF
Théhillac,1470,2024,DVF
Théhillac|56,1470,2024,DVF
Thélus,1660,2024,DVF
Thélus|62,1660,2024,DVF
Théméricourt,3444,2024,DVF
Théméricourt|95,3444,2024,DVF
Thénac,2056,2024,DVF
Thénac|17,2056,2024,DVF
Thénac|24,1875,2024,DVF
Thénezay,1061,2024,DVF
Thénezay|79,1061,2024,DVF
Thénioux,1662,2024,DVF
Thénioux|18,1662,2024,DVF
Thénouville,2109,2024,DVF
Thénouville|27,2109,2024,DVF
Théoule-sur-Mer,7957,2024,DVF
Théoule-sur-Mer|06,7957,2024,DVF
Thérondels,1440,2024,DVF
Thérondels|12,1440,2024,DVF
Thérouanne,1569,2024,DVF
Thérouanne|62,1569,2024,DVF
Thérouldeville,2279,2024,DVF
Thérouldeville|76,2279,2024,DVF
Thésée,1326,2024,DVF
Thésée|41,1326,2024,DVF
Théza,2727,2024,DVF
Thézan-des-Corbières,1399,2024,DVF
Thézan-des-Corbières|11,1399,2024,DVF
Thézan-lès-Béziers,2028,2024,DVF
Thézan-lès-Béziers|34,2028,2024,DVF
Théza|66,2727,2024,DVF
Théziers,2686,2024,DVF
Théziers|30,2686,2024,DVF
Thônes,4712,2024,DVF
Thônes|74,4712,2024,DVF
Tiercé,2262,2024,DVF
Tiercé|49,2262,2024,DVF
Tiffauges,1833,2024,DVF
Tiffauges|85,1833,2024,DVF
Tigery,3408,2024,DVF
Tigery|91,3408,2024,DVF
Tignes,9290,2024,DVF
Tignes|73,9290,2024,DVF
Tignieu-Jameyzieu,3042,2024,DVF
Tignieu-Jameyzieu|38,3042,2024,DVF
Tigy,2052,2024,DVF
Tigy|45,2052,2024,DVF
Til-Châtel,1914,2024,DVF
Til-Châtel|21,1914,2024,DVF
Tillières-sur-Avre,1662,2024,DVF
Tillières-sur-Avre|27,1662,2024,DVF
Tilloloy,1029,2024,DVF
Tilloloy|80,1029,2024,DVF
Tilloy-lès-Mofflaines,2084,2024,DVF
Tilloy-lès-Mofflaines|62,2084,2024,DVF
Tilly,2490,2024,DVF
Tilly-sur-Seulles,2093,2024,DVF
Tilly-sur-Seulles|14,2093,2024,DVF
Tilly|78,2490,2024,DVF
Tillé,2246,2024,DVF
Tillé|60,2246,2024,DVF
Tilques,2206,2024,DVF
Tilques|62,2206,2024,DVF
Tinchebray-Bocage,1119,2024,DVF
Tinchebray-Bocage|61,1119,2024,DVF
Tincourt-Boucly,1522,2024,DVF
Tincourt-Boucly|80,1522,2024,DVF
Tinqueux,2418,2024,DVF
Tinqueux|51,2418,2024,DVF
Tinténiac,2634,2024,DVF
Tinténiac|35,2634,2024,DVF
Tiranges,1380,2024,DVF
Tiranges|43,1380,2024,DVF
Tirepied-sur-Sée,1844,2024,DVF
Tirepied-sur-Sée|50,1844,2024,DVF
Tocane-Saint-Apre,1553,2024,DVF
Tocane-Saint-Apre|24,1553,2024,DVF
Tollevast,2083,2024,DVF
Tollevast|50,2083,2024,DVF
Tombebœuf,945,2024,DVF
Tombebœuf|47,945,2024,DVF
Tomblaine,2205,2024,DVF
Tomblaine|54,2205,2024,DVF
Tonnay-Boutonne,1524,2024,DVF
Tonnay-Boutonne|17,1524,2024,DVF
Tonnay-Charente,2174,2024,DVF
Tonnay-Charente|17,2174,2024,DVF
Tonneins,1276,2024,DVF
Tonneins|47,1276,2024,DVF
Tonnerre,1174,2024,DVF
Tonnerre|89,1174,2024,DVF
Tonnoy,1618,2024,DVF
Tonnoy|54,1618,2024,DVF
Tonquédec,1667,2024,DVF
Tonquédec|22,1667,2024,DVF
Torcenay,1545,2024,DVF
Torcenay|52,1545,2024,DVF
Torchamp,1055,2024,DVF
Torchamp|61,1055,2024,DVF
Torcieu,1909,2024,DVF
Torcieu|01,1909,2024,DVF
Torcy,3374,2024,DVF
Torcy-le-Grand,1417,2024,DVF
Torcy-le-Grand|76,1417,2024,DVF
Torcy-le-Petit,1938,2024,DVF
Torcy-le-Petit|76,1938,2024,DVF
Torcy|71,1422,2024,DVF
Torcy|77,3374,2024,DVF
Torcé,1900,2024,DVF
Torcé-Viviers-en-Charnie,1150,2024,DVF
Torcé-Viviers-en-Charnie|53,1150,2024,DVF
Torcé-en-Vallée,1652,2024,DVF
Torcé-en-Vallée|72,1652,2024,DVF
Torcé|35,1900,2024,DVF
Torigny-les-Villes,1571,2024,DVF
Torigny-les-Villes|50,1571,2024,DVF
Tornac,2077,2024,DVF
Tornac|30,2077,2024,DVF
Torreilles,3361,2024,DVF
Torreilles|66,3361,2024,DVF
Torsac,1370,2024,DVF
Torsac|16,1370,2024,DVF
Torteron,900,2024,DVF
Torteron|18,900,2024,DVF
Torvilliers,2187,2024,DVF
Torvilliers|10,2187,2024,DVF
Tosse,4738,2024,DVF
Tosse|40,4738,2024,DVF
Tossiat,2093,2024,DVF
Tossiat|01,2093,2024,DVF
Tostat,1520,2024,DVF
Tostat|65,1520,2024,DVF
Touchay,1276,2024,DVF
Touchay|18,1276,2024,DVF
Toucy,1500,2024,DVF
Toucy|89,1500,2024,DVF
Toudon,2731,2024,DVF
Toudon|06,2731,2024,DVF
Touffailles,1244,2024,DVF
Touffailles|82,1244,2024,DVF
Toufflers,2633,2024,DVF
Toufflers|59,2633,2024,DVF
Touffreville,2062,2024,DVF
Touffreville|27,2062,2024,DVF
Touget,1447,2024,DVF
Touget|32,1447,2024,DVF
Touillon,1088,2024,DVF
Touillon|21,1088,2024,DVF
Toul,1585,2024,DVF
Toulaud,2653,2024,DVF
Toulaud|07,2653,2024,DVF
Toulenne,2452,2024,DVF
Toulenne|33,2452,2024,DVF
Toulon,3183,2024,DVF
Toulon-sur-Allier,2770,2024,DVF
Toulon-sur-Allier|03,2770,2024,DVF
Toulon-sur-Arroux,1248,2024,DVF
Toulon-sur-Arroux|71,1248,2024,DVF
Toulonjac,1250,2024,DVF
Toulonjac|12,1250,2024,DVF
Toulon|83,3183,2024,DVF
Toulouges,2567,2024,DVF
Toulouges|66,2567,2024,DVF
Toulouse,3497,2024,DVF
Toulouse|31,3497,2024,DVF
Toul|54,1585,2024,DVF
Touques,4174,2024,DVF
Touques|14,4174,2024,DVF
Touquin,2024,2024,DVF
Touquin|77,2024,2024,DVF
Tour-de-Faure,2414,2024,DVF
Tour-de-Faure|46,2414,2024,DVF
Tour-en-Bessin,1526,2024,DVF
Tour-en-Bessin|14,1526,2024,DVF
Tour-en-Sologne,2306,2024,DVF
Tour-en-Sologne|41,2306,2024,DVF
Tourbes,2588,2024,DVF
Tourbes|34,2588,2024,DVF
Tourch,1492,2024,DVF
Tourch|29,1492,2024,DVF
Tourcoing,1853,2024,DVF
Tourcoing|59,1853,2024,DVF
Tourgéville,6275,2024,DVF
Tourgéville|14,6275,2024,DVF
Tourmignies,2183,2024,DVF
Tourmignies|59,2183,2024,DVF
Tourmont,1679,2024,DVF
Tourmont|39,1679,2024,DVF
Tournan-en-Brie,3328,2024,DVF
Tournan-en-Brie|77,3328,2024,DVF
Tournay,1470,2024,DVF
Tournay|65,1470,2024,DVF
Tournefeuille,3213,2024,DVF
Tournefeuille|31,3213,2024,DVF
Tournehem-sur-la-Hem,1783,2024,DVF
Tournehem-sur-la-Hem|62,1783,2024,DVF
Tournemire,959,2024,DVF
Tournemire|12,959,2024,DVF
Tournes,1495,2024,DVF
Tournes|08,1495,2024,DVF
Tourneville-sur-Mer,2305,2024,DVF
Tourneville-sur-Mer|50,2305,2024,DVF
Tournissan,1717,2024,DVF
Tournissan|11,1717,2024,DVF
Tournoisis,1500,2024,DVF
Tournoisis|45,1500,2024,DVF
Tournon,3271,2024,DVF
Tournon-Saint-Martin,1077,2024,DVF
Tournon-Saint-Martin|36,1077,2024,DVF
Tournon-Saint-Pierre,979,2024,DVF
Tournon-Saint-Pierre|37,979,2024,DVF
Tournon-d'Agenais,1508,2024,DVF
Tournon-d'Agenais|47,1508,2024,DVF
Tournon-sur-Rhône,2226,2024,DVF
Tournon-sur-Rhône|07,2226,2024,DVF
Tournon|73,3271,2024,DVF
Tournus,1407,2024,DVF
Tournus|71,1407,2024,DVF
Tourouvre au Perche,1493,2024,DVF
Tourouvre au Perche|61,1493,2024,DVF
Tourouzelle,1935,2024,DVF
Tourouzelle|11,1935,2024,DVF
Tourrette-Levens,4478,2024,DVF
Tourrette-Levens|06,4478,2024,DVF
Tourrettes,4844,2024,DVF
Tourrettes-sur-Loup,6248,2024,DVF
Tourrettes-sur-Loup|06,6248,2024,DVF
Tourrettes|83,4844,2024,DVF
Tourriers,1435,2024,DVF
Tourriers|16,1435,2024,DVF
Tours,2954,2024,DVF
Tours-en-Savoie,3482,2024,DVF
Tours-en-Savoie|73,3482,2024,DVF
Tours-en-Vimeu,1972,2024,DVF
Tours-en-Vimeu|80,1972,2024,DVF
Tours-sur-Marne,1776,2024,DVF
Tours-sur-Marne|51,1776,2024,DVF
Tours-sur-Meymont,914,2024,DVF
Tours-sur-Meymont|63,914,2024,DVF
Tours|37,2954,2024,DVF
Tourtoirac,1295,2024,DVF
Tourtoirac|24,1295,2024,DVF
Tourtour,3032,2024,DVF
Tourtour|83,3032,2024,DVF
Tourves,3410,2024,DVF
Tourves|83,3410,2024,DVF
Tourville-la-Campagne,2118,2024,DVF
Tourville-la-Campagne|27,2118,2024,DVF
Tourville-la-Rivière,2139,2024,DVF
Tourville-la-Rivière|76,2139,2024,DVF
Tourville-les-Ifs,2061,2024,DVF
Tourville-les-Ifs|76,2061,2024,DVF
Tourville-sur-Arques,1855,2024,DVF
Tourville-sur-Arques|76,1855,2024,DVF
Tourville-sur-Odon,2636,2024,DVF
Tourville-sur-Odon|14,2636,2024,DVF
Tourville-sur-Pont-Audemer,1792,2024,DVF
Tourville-sur-Pont-Audemer|27,1792,2024,DVF
Tourville-sur-Sienne,2429,2024,DVF
Tourville-sur-Sienne|50,2429,2024,DVF
Toury,1726,2024,DVF
Toury-Lurcy,1263,2024,DVF
Toury-Lurcy|58,1263,2024,DVF
Toury|28,1726,2024,DVF
Toussieu,3951,2024,DVF
Toussieux,3526,2024,DVF
Toussieux|01,3526,2024,DVF
Toussieu|69,3951,2024,DVF
Toussus-le-Noble,5631,2024,DVF
Toussus-le-Noble|78,5631,2024,DVF
Toutainville,1797,2024,DVF
Toutainville|27,1797,2024,DVF
Toutens,2551,2024,DVF
Toutens|31,2551,2024,DVF
Toutlemonde,2011,2024,DVF
Toutlemonde|49,2011,2024,DVF
Toutry,1499,2024,DVF
Toutry|21,1499,2024,DVF
Touvois,1873,2024,DVF
Touvois|44,1873,2024,DVF
Touvre,2049,2024,DVF
Touvre|16,2049,2024,DVF
Touvérac,1352,2024,DVF
Touvérac|16,1352,2024,DVF
Touzac,1379,2024,DVF
Touzac|46,1379,2024,DVF
Touët-de-l'Escarène,3613,2024,DVF
Touët-de-l'Escarène|06,3613,2024,DVF
Touët-sur-Var,2519,2024,DVF
Touët-sur-Var|06,2519,2024,DVF
Tracy-le-Mont,1809,2024,DVF
Tracy-le-Mont|60,1809,2024,DVF
Tracy-le-Val,2069,2024,DVF
Tracy-le-Val|60,2069,2024,DVF
Tracy-sur-Loire,956,2024,DVF
Tracy-sur-Loire|58,956,2024,DVF
Tramain,1779,2024,DVF
Tramain|22,1779,2024,DVF
Tramayes,1644,2024,DVF
Tramayes|71,1644,2024,DVF
Tramolé,3015,2024,DVF
Tramolé|38,3015,2024,DVF
Tramoyes,3919,2024,DVF
Tramoyes|01,3919,2024,DVF
Trancrainville,1432,2024,DVF
Trancrainville|28,1432,2024,DVF
Trangé,2209,2024,DVF
Trangé|72,2209,2024,DVF
Trans,1235,2024,DVF
Trans-en-Provence,2885,2024,DVF
Trans-en-Provence|83,2885,2024,DVF
Trans-la-Forêt,1533,2024,DVF
Trans-la-Forêt|35,1533,2024,DVF
Trans-sur-Erdre,2010,2024,DVF
Trans-sur-Erdre|44,2010,2024,DVF
Trans|53,1235,2024,DVF
Trappes,2936,2024,DVF
Trappes|78,2936,2024,DVF
Trausse,1472,2024,DVF
Trausse|11,1472,2024,DVF
Travaillan,2397,2024,DVF
Travaillan|84,2397,2024,DVF
Travecy,1150,2024,DVF
Travecy|02,1150,2024,DVF
Traves,1186,2024,DVF
Traves|70,1186,2024,DVF
Traînel,1283,2024,DVF
Traînel|10,1283,2024,DVF
Traînou,2150,2024,DVF
Traînou|45,2150,2024,DVF
Treffendel,2069,2024,DVF
Treffendel|35,2069,2024,DVF
Treffiagat,2863,2024,DVF
Treffiagat|29,2863,2024,DVF
Treffieux,1341,2024,DVF
Treffieux|44,1341,2024,DVF
Treffléan,2517,2024,DVF
Treffléan|56,2517,2024,DVF
Treffrin,1181,2024,DVF
Treffrin|22,1181,2024,DVF
Treignac,1056,2024,DVF
Treignac|19,1056,2024,DVF
Treignat,939,2024,DVF
Treignat|03,939,2024,DVF
Treigny-Perreuse-Sainte-Colombe,1066,2024,DVF
Treigny-Perreuse-Sainte-Colombe|89,1066,2024,DVF
Treillières,2866,2024,DVF
Treillières|44,2866,2024,DVF
Treis-Sants-en-Ouche,1792,2024,DVF
Treis-Sants-en-Ouche|27,1792,2024,DVF
Treize-Septiers,1873,2024,DVF
Treize-Septiers|85,1873,2024,DVF
Treize-Vents,1874,2024,DVF
Treize-Vents|85,1874,2024,DVF
Tremblay-en-France,3363,2024,DVF
Tremblay-en-France|93,3363,2024,DVF
Tremblay-les-Villages,1783,2024,DVF
Tremblay-les-Villages|28,1783,2024,DVF
Trentels,1541,2024,DVF
Trentels|47,1541,2024,DVF
Trept,2995,2024,DVF
Trept|38,2995,2024,DVF
Tresbœuf,2068,2024,DVF
Tresbœuf|35,2068,2024,DVF
Trescault,1047,2024,DVF
Trescault|62,1047,2024,DVF
Trespoux-Rassiels,1628,2024,DVF
Trespoux-Rassiels|46,1628,2024,DVF
Tresques,2521,2024,DVF
Tresques|30,2521,2024,DVF
Tressan,2268,2024,DVF
Tressan|34,2268,2024,DVF
Tresserre,2849,2024,DVF
Tresserre|66,2849,2024,DVF
Tresserve,5590,2024,DVF
Tresserve|73,5590,2024,DVF
Tresses,3196,2024,DVF
Tresses|33,3196,2024,DVF
Tressignaux,1481,2024,DVF
Tressignaux|22,1481,2024,DVF
Tressin,3153,2024,DVF
Tressin|59,3153,2024,DVF
Tresson,1220,2024,DVF
Tresson|72,1220,2024,DVF
Treteau,1100,2024,DVF
Treteau|03,1100,2024,DVF
Trets,3852,2024,DVF
Trets|13,3852,2024,DVF
Treuzy-Levelay,2571,2024,DVF
Treuzy-Levelay|77,2571,2024,DVF
Triac-Lautrait,1267,2024,DVF
Triac-Lautrait|16,1267,2024,DVF
Triaize,1766,2024,DVF
Triaize|85,1766,2024,DVF
Tribehou,1190,2024,DVF
Tribehou|50,1190,2024,DVF
Tricot,1509,2024,DVF
Tricot|60,1509,2024,DVF
Trie-Château,2348,2024,DVF
Trie-Château|60,2348,2024,DVF
Trie-sur-Baïse,990,2024,DVF
Trie-sur-Baïse|65,990,2024,DVF
Triel-sur-Seine,3531,2024,DVF
Triel-sur-Seine|78,3531,2024,DVF
Trieux,2070,2024,DVF
Trieux|54,2070,2024,DVF
Trignac,2475,2024,DVF
Trignac|44,2475,2024,DVF
Trigny,2213,2024,DVF
Trigny|51,2213,2024,DVF
Triguères,1376,2024,DVF
Triguères|45,1376,2024,DVF
Trilbardou,2201,2024,DVF
Trilbardou|77,2201,2024,DVF
Trilport,2919,2024,DVF
Trilport|77,2919,2024,DVF
Triors,2937,2024,DVF
Triors|26,2937,2024,DVF
Triqueville,2098,2024,DVF
Triqueville|27,2098,2024,DVF
Trith-Saint-Léger,1389,2024,DVF
Trith-Saint-Léger|59,1389,2024,DVF
Trizac,1134,2024,DVF
Trizac|15,1134,2024,DVF
Trizay,2007,2024,DVF
Trizay|17,2007,2024,DVF
Troarn,2268,2024,DVF
Troarn|14,2268,2024,DVF
Troche,1587,2024,DVF
Troche|19,1587,2024,DVF
Trois-Palis,1967,2024,DVF
Trois-Palis|16,1967,2024,DVF
Trois-Rivières,1648,2024,DVF
Trois-Rivières|80,1648,2024,DVF
Troissereux,2288,2024,DVF
Troissereux|60,2288,2024,DVF
Troissy,1622,2024,DVF
Troissy|51,1622,2024,DVF
Troisvilles,1218,2024,DVF
Troisvilles|59,1218,2024,DVF
Trondes,845,2024,DVF
Trondes|54,845,2024,DVF
Tronget,1077,2024,DVF
Tronget|03,1077,2024,DVF
Tronville-en-Barrois,990,2024,DVF
Tronville-en-Barrois|55,990,2024,DVF
Troo,1887,2024,DVF
Troo|41,1887,2024,DVF
Trosly-Breuil,1780,2024,DVF
Trosly-Breuil|60,1780,2024,DVF
Trouhans,1419,2024,DVF
Trouhans|21,1419,2024,DVF
Trouillas,2270,2024,DVF
Trouillas|66,2270,2024,DVF
Trouville-Alliquerville,1840,2024,DVF
Trouville-Alliquerville|76,1840,2024,DVF
Trouville-la-Haule,1520,2024,DVF
Trouville-la-Haule|27,1520,2024,DVF
Trouville-sur-Mer,5242,2024,DVF
Trouville-sur-Mer|14,5242,2024,DVF
Trouy,1706,2024,DVF
Trouy|18,1706,2024,DVF
Troye-d'Ariège,1403,2024,DVF
Troye-d'Ariège|09,1403,2024,DVF
Troyes,1800,2024,DVF
Troyes|10,1800,2024,DVF
Trumilly,2592,2024,DVF
Trumilly|60,2592,2024,DVF
Trun,1146,2024,DVF
Trun|61,1146,2024,DVF
Truyes,2506,2024,DVF
Truyes|37,2506,2024,DVF
Trèbes,1629,2024,DVF
Trèbes|11,1629,2024,DVF
Tréal,1968,2024,DVF
Tréal|56,1968,2024,DVF
Tréauville,2141,2024,DVF
Tréauville|50,2141,2024,DVF
Trébabu,3016,2024,DVF
Trébabu|29,3016,2024,DVF
Trébeurden,3173,2024,DVF
Trébeurden|22,3173,2024,DVF
Trébrivan,1081,2024,DVF
Trébrivan|22,1081,2024,DVF
Trébry,2293,2024,DVF
Trébry|22,2293,2024,DVF
Trébédan,2326,2024,DVF
Trébédan|22,2326,2024,DVF
Trédarzec,2573,2024,DVF
Trédarzec|22,2573,2024,DVF
Trédion,2255,2024,DVF
Trédion|56,2255,2024,DVF
Trédrez-Locquémeau,2851,2024,DVF
Trédrez-Locquémeau|22,2851,2024,DVF
Tréflaouénan,1705,2024,DVF
Tréflaouénan|29,1705,2024,DVF
Tréflez,1602,2024,DVF
Tréflez|29,1602,2024,DVF
Trégarantec,1883,2024,DVF
Trégarantec|29,1883,2024,DVF
Trégastel,4949,2024,DVF
Trégastel|22,4949,2024,DVF
Tréglamus,1788,2024,DVF
Tréglamus|22,1788,2024,DVF
Tréglonou,1900,2024,DVF
Tréglonou|29,1900,2024,DVF
Trégomeur,1708,2024,DVF
Trégomeur|22,1708,2024,DVF
Trégonneau,1837,2024,DVF
Trégonneau|22,1837,2024,DVF
Trégourez,1124,2024,DVF
Trégourez|29,1124,2024,DVF
Trégueux,2168,2024,DVF
Trégueux|22,2168,2024,DVF
Tréguidel,1700,2024,DVF
Tréguidel|22,1700,2024,DVF
Tréguier,2032,2024,DVF
Tréguier|22,2032,2024,DVF
Trégunc,3035,2024,DVF
Trégunc|29,3035,2024,DVF
Trélazé,2460,2024,DVF
Trélazé|49,2460,2024,DVF
Trélissac,1853,2024,DVF
Trélissac|24,1853,2024,DVF
Trélivan,2612,2024,DVF
Trélivan|22,2612,2024,DVF
Trélon,1112,2024,DVF
Trélon|59,1112,2024,DVF
Trélou-sur-Marne,1589,2024,DVF
Trélou-sur-Marne|02,1589,2024,DVF
Trélévern,2579,2024,DVF
Trélévern|22,2579,2024,DVF
Trémel,1871,2024,DVF
Trémel|22,1871,2024,DVF
Trémentines,1958,2024,DVF
Trémentines|49,1958,2024,DVF
Trémeur,1320,2024,DVF
Trémeur|22,1320,2024,DVF
Trémolat,1981,2024,DVF
Trémolat|24,1981,2024,DVF
Trémonzey,830,2024,DVF
Trémonzey|88,830,2024,DVF
Trémorel,1281,2024,DVF
Trémorel|22,1281,2024,DVF
Trémouille,1891,2024,DVF
Trémouilles,869,2024,DVF
Trémouilles|12,869,2024,DVF
Trémouille|15,1891,2024,DVF
Trémuson,2238,2024,DVF
Trémuson|22,2238,2024,DVF
Tréméoc,3055,2024,DVF
Tréméoc|29,3055,2024,DVF
Tréméreuc,4549,2024,DVF
Tréméreuc|22,4549,2024,DVF
Tréméven,2263,2024,DVF
Tréméven|29,2263,2024,DVF
Tréon,1809,2024,DVF
Tréon|28,1809,2024,DVF
Tréprel,1365,2024,DVF
Tréprel|14,1365,2024,DVF
Trévenans,1401,2024,DVF
Trévenans|90,1401,2024,DVF
Tréveneuc,2608,2024,DVF
Tréveneuc|22,2608,2024,DVF
Tréveray,926,2024,DVF
Tréveray|55,926,2024,DVF
Trévignin,3800,2024,DVF
Trévignin|73,3800,2024,DVF
Trévillers,1893,2024,DVF
Trévillers|25,1893,2024,DVF
Trévières,1733,2024,DVF
Trévières|14,1733,2024,DVF
Trévol,1405,2024,DVF
Trévol|03,1405,2024,DVF
Trévou-Tréguignec,2979,2024,DVF
Trévou-Tréguignec|22,2979,2024,DVF
Trévoux,3028,2024,DVF
Trévoux|01,3028,2024,DVF
Trévron,2359,2024,DVF
Trévron|22,2359,2024,DVF
Trévé,1498,2024,DVF
Trévérien,1887,2024,DVF
Trévérien|35,1887,2024,DVF
Trévé|22,1498,2024,DVF
Tuchan,2109,2024,DVF
Tuchan|11,2109,2024,DVF
Tucquegnieux,1448,2024,DVF
Tucquegnieux|54,1448,2024,DVF
Tuffalun,1980,2024,DVF
Tuffalun|49,1980,2024,DVF
Tuffé Val de la Chéronne,1446,2024,DVF
Tuffé Val de la Chéronne|72,1446,2024,DVF
Tugny-et-Pont,891,2024,DVF
Tugny-et-Pont|02,891,2024,DVF
Tulette,2512,2024,DVF
Tulette|26,2512,2024,DVF
Tulle,1069,2024,DVF
Tulle|19,1069,2024,DVF
Tullins,2372,2024,DVF
Tullins|38,2372,2024,DVF
Tully,1207,2024,DVF
Tully|80,1207,2024,DVF
Tupin-et-Semons,2347,2024,DVF
Tupin-et-Semons|69,2347,2024,DVF
Turenne,1474,2024,DVF
Turenne|19,1474,2024,DVF
Turny,1064,2024,DVF
Turny|89,1064,2024,DVF
Turquant,1748,2024,DVF
Turquant|49,1748,2024,DVF
Turretot,2258,2024,DVF
Turretot|76,2258,2024,DVF
Tuzaguet,1156,2024,DVF
Tuzaguet|65,1156,2024,DVF
Téteghem-Coudekerque-Village,2469,2024,DVF
Téteghem-Coudekerque-Village|59,2469,2024,DVF
Tôtes,1642,2024,DVF
Tôtes|76,1642,2024,DVF
Ubaye-Serre-Ponçon,2006,2024,DVF
Ubaye-Serre-Ponçon|04,2006,2024,DVF
Ucel,2513,2024,DVF
Ucel|07,2513,2024,DVF
Uchaud,2687,2024,DVF
Uchaud|30,2687,2024,DVF
Uchaux,3671,2024,DVF
Uchaux|84,3671,2024,DVF
Uchizy,1390,2024,DVF
Uchizy|71,1390,2024,DVF
Ugine,2743,2024,DVF
Ugine|73,2743,2024,DVF
Ugny,2503,2024,DVF
Ugny|54,2503,2024,DVF
Uhart-Cize,2582,2024,DVF
Uhart-Cize|64,2582,2024,DVF
Ully-Saint-Georges,2410,2024,DVF
Ully-Saint-Georges|60,2410,2024,DVF
Unias,2432,2024,DVF
Unias|42,2432,2024,DVF
Unieux,1896,2024,DVF
Unieux|42,1896,2024,DVF
Unverre,1383,2024,DVF
Unverre|28,1383,2024,DVF
Upaix,2290,2024,DVF
Upaix|05,2290,2024,DVF
Upie,2198,2024,DVF
Upie|26,2198,2024,DVF
Ur,2716,2024,DVF
Urciers,808,2024,DVF
Urciers|36,808,2024,DVF
Urcuit,3424,2024,DVF
Urcuit|64,3424,2024,DVF
Uriménil,1360,2024,DVF
Uriménil|88,1360,2024,DVF
Urrugne,5012,2024,DVF
Urrugne|64,5012,2024,DVF
Urt,3318,2024,DVF
Urt|64,3318,2024,DVF
Ury,2226,2024,DVF
Ury|77,2226,2024,DVF
Urzy,1308,2024,DVF
Urzy|58,1308,2024,DVF
Ur|66,2716,2024,DVF
Urçay,724,2024,DVF
Urçay|03,724,2024,DVF
Us,3176,2024,DVF
Usclades-et-Rieutord,6116,2024,DVF
Usclades-et-Rieutord|07,6116,2024,DVF
Usclas-d'Hérault,2362,2024,DVF
Usclas-d'Hérault|34,2362,2024,DVF
Ussac,1836,2024,DVF
Ussac|19,1836,2024,DVF
Ussat,1530,2024,DVF
Ussat|09,1530,2024,DVF
Usseau,1584,2024,DVF
Usseau|86,1584,2024,DVF
Ussel,1235,2024,DVF
Ussel|15,1014,2024,DVF
Ussel|19,1235,2024,DVF
Usson-du-Poitou,855,2024,DVF
Usson-du-Poitou|86,855,2024,DVF
Usson-en-Forez,1725,2024,DVF
Usson-en-Forez|42,1725,2024,DVF
Ussy,2477,2024,DVF
Ussy-sur-Marne,1697,2024,DVF
Ussy-sur-Marne|77,1697,2024,DVF
Ussy|14,2477,2024,DVF
Ustaritz,3971,2024,DVF
Ustaritz|64,3971,2024,DVF
Ustou,1896,2024,DVF
Ustou|09,1896,2024,DVF
Us|95,3176,2024,DVF
Utelle,1806,2024,DVF
Utelle|06,1806,2024,DVF
Uvernet-Fours,2964,2024,DVF
Uvernet-Fours|04,2964,2024,DVF
Uxegney,1781,2024,DVF
Uxegney|88,1781,2024,DVF
Uxem,2428,2024,DVF
Uxem|59,2428,2024,DVF
Uzay-le-Venon,1082,2024,DVF
Uzay-le-Venon|18,1082,2024,DVF
Uzel,1154,2024,DVF
Uzel|22,1154,2024,DVF
Uzemain,1341,2024,DVF
Uzemain|88,1341,2024,DVF
Uzerche,1137,2024,DVF
Uzerche|19,1137,2024,DVF
Uzos,2530,2024,DVF
Uzos|64,2530,2024,DVF
Uzès,3821,2024,DVF
Uzès|30,3821,2024,DVF
Vaas,1270,2024,DVF
Vaas|72,1270,2024,DVF
Vabre,1015,2024,DVF
Vabres-l'Abbaye,1446,2024,DVF
Vabres-l'Abbaye|12,1446,2024,DVF
Vabre|81,1015,2024,DVF
Vacheresse,4504,2024,DVF
Vacheresse|74,4504,2024,DVF
Vacognes-Neuilly,2401,2024,DVF
Vacognes-Neuilly|14,2401,2024,DVF
Vacqueyras,3292,2024,DVF
Vacqueyras|84,3292,2024,DVF
Vacquiers,2375,2024,DVF
Vacquiers|31,2375,2024,DVF
Vacquières,2524,2024,DVF
Vacquières|34,2524,2024,DVF
Vadans,1031,2024,DVF
Vadans|70,1031,2024,DVF
Vadencourt,694,2024,DVF
Vadencourt|02,694,2024,DVF
Vagney,1926,2024,DVF
Vagney|88,1926,2024,DVF
Vaiges,1391,2024,DVF
Vaiges|53,1391,2024,DVF
Vailhauquès,3478,2024,DVF
Vailhauquès|34,3478,2024,DVF
Vailhourles,1887,2024,DVF
Vailhourles|12,1887,2024,DVF
Vailly,3028,2024,DVF
Vailly-sur-Aisne,1435,2024,DVF
Vailly-sur-Aisne|02,1435,2024,DVF
Vailly-sur-Sauldre,1069,2024,DVF
Vailly-sur-Sauldre|18,1069,2024,DVF
Vailly|74,3028,2024,DVF
Vains,3101,2024,DVF
Vains|50,3101,2024,DVF
Vair-sur-Loire,1972,2024,DVF
Vair-sur-Loire|44,1972,2024,DVF
Vaire,1660,2024,DVF
Vaires-sur-Marne,4003,2024,DVF
Vaires-sur-Marne|77,4003,2024,DVF
Vaire|25,1660,2024,DVF
Vairé,3024,2024,DVF
Vairé|85,3024,2024,DVF
Vaison-la-Romaine,3396,2024,DVF
Vaison-la-Romaine|84,3396,2024,DVF
Vaivre-et-Montoille,1593,2024,DVF
Vaivre-et-Montoille|70,1593,2024,DVF
Val Buëch-Méouge,2404,2024,DVF
Val Buëch-Méouge|05,2404,2024,DVF
Val Suran,1084,2024,DVF
Val Suran|39,1084,2024,DVF
Val d'Anast,2090,2024,DVF
Val d'Anast|35,2090,2024,DVF
Val d'Arcomie,1603,2024,DVF
Val d'Arcomie|15,1603,2024,DVF
Val d'Arry,1920,2024,DVF
Val d'Arry|14,1920,2024,DVF
Val d'Erdre-Auxence,1770,2024,DVF
Val d'Erdre-Auxence|49,1770,2024,DVF
Val d'Issoire,1034,2024,DVF
Val d'Issoire|87,1034,2024,DVF
Val d'Oingt,3223,2024,DVF
Val d'Oingt|69,3223,2024,DVF
Val d'Orger,1852,2024,DVF
Val d'Orger|27,1852,2024,DVF
Val d'Oust,1857,2024,DVF
Val d'Oust|56,1857,2024,DVF
Val de Briey,1855,2024,DVF
Val de Briey|54,1855,2024,DVF
Val de Chaise,2457,2024,DVF
Val de Chaise|74,2457,2024,DVF
Val de Drôme,1159,2024,DVF
Val de Drôme|14,1159,2024,DVF
Val de Louyre et Caudeau,2005,2024,DVF
Val de Louyre et Caudeau|24,2005,2024,DVF
Val de Virvée,2262,2024,DVF
Val de Virvée|33,2262,2024,DVF
Val des Vignes,1621,2024,DVF
Val des Vignes|16,1621,2024,DVF
Val en Vignes,1188,2024,DVF
Val en Vignes|79,1188,2024,DVF
Val-Cenis,3686,2024,DVF
Val-Cenis|73,3686,2024,DVF
Val-Couesnon,1567,2024,DVF
Val-Couesnon|35,1567,2024,DVF
Val-Fouzon,1070,2024,DVF
Val-Fouzon|36,1070,2024,DVF
Val-Mont,680,2024,DVF
Val-Mont|21,680,2024,DVF
Val-Revermont,1964,2024,DVF
Val-Revermont|01,1964,2024,DVF
Val-Sonnette,1883,2024,DVF
Val-Sonnette|39,1883,2024,DVF
Val-au-Perche,1655,2024,DVF
Val-au-Perche|61,1655,2024,DVF
Val-d'Aigoual,1720,2024,DVF
Val-d'Aigoual|30,1720,2024,DVF
Val-d'Arc,1984,2024,DVF
Val-d'Arc|73,1984,2024,DVF
Val-d'Arguenon,1838,2024,DVF
Val-d'Arguenon|22,1838,2024,DVF
Val-d'Auge,1141,2024,DVF
Val-d'Auge|16,1141,2024,DVF
Val-d'Isère,11896,2024,DVF
Val-d'Isère|73,11896,2024,DVF
Val-d'Izé,1757,2024,DVF
Val-d'Izé|35,1757,2024,DVF
Val-d'Oire-et-Gartempe,1112,2024,DVF
Val-d'Oire-et-Gartempe|87,1112,2024,DVF
Val-d'Usiers,2070,2024,DVF
Val-d'Usiers|25,2070,2024,DVF
Val-d'Épy,1519,2024,DVF
Val-d'Épy|39,1519,2024,DVF
Val-d'Étangson,1079,2024,DVF
Val-d'Étangson|72,1079,2024,DVF
Val-de-Bonnieure,1201,2024,DVF
Val-de-Bonnieure|16,1201,2024,DVF
Val-de-Chalvagne,1712,2024,DVF
Val-de-Chalvagne|04,1712,2024,DVF
Val-de-Cognac,1426,2024,DVF
Val-de-Cognac|16,1426,2024,DVF
Val-de-Comporté,762,2024,DVF
Val-de-Comporté|86,762,2024,DVF
Val-de-Dagne,1386,2024,DVF
Val-de-Dagne|11,1386,2024,DVF
Val-de-Livenne,1297,2024,DVF
Val-de-Livenne|33,1297,2024,DVF
Val-de-Meuse,884,2024,DVF
Val-de-Meuse|52,884,2024,DVF
Val-de-Reuil,1664,2024,DVF
Val-de-Reuil|27,1664,2024,DVF
Val-de-Saâne,1738,2024,DVF
Val-de-Saâne|76,1738,2024,DVF
Val-de-Scie,1907,2024,DVF
Val-de-Scie|76,1907,2024,DVF
Val-de-Sos,1343,2024,DVF
Val-de-Sos|09,1343,2024,DVF
Val-de-Vesle,2260,2024,DVF
Val-de-Vesle|51,2260,2024,DVF
Val-de-Vie,1787,2024,DVF
Val-de-Vie|14,1787,2024,DVF
Val-de-Virieu,2473,2024,DVF
Val-de-Virieu|38,2473,2024,DVF
Val-de-la-Haye,1892,2024,DVF
Val-de-la-Haye|76,1892,2024,DVF
Val-de-la-Hune,1409,2024,DVF
Val-de-la-Hune|72,1409,2024,DVF
Val-du-Faby,939,2024,DVF
Val-du-Faby|11,939,2024,DVF
Val-du-Layon,1968,2024,DVF
Val-du-Layon|49,1968,2024,DVF
Val-du-Maine,912,2024,DVF
Val-du-Maine|53,912,2024,DVF
Val-du-Mignon,1457,2024,DVF
Val-du-Mignon|79,1457,2024,DVF
Val-et-Châtillon,776,2024,DVF
Val-et-Châtillon|54,776,2024,DVF
Valady,2078,2024,DVF
Valady|12,2078,2024,DVF
Valambray,1693,2024,DVF
Valambray|14,1693,2024,DVF
Valaurie,3139,2024,DVF
Valaurie|26,3139,2024,DVF
Valbonne,5318,2024,DVF
Valbonne|06,5318,2024,DVF
Valcivières,1780,2024,DVF
Valcivières|63,1780,2024,DVF
Valcourt,1475,2024,DVF
Valcourt|52,1475,2024,DVF
Vald'Yerre,1159,2024,DVF
Vald'Yerre|28,1159,2024,DVF
Valdahon,2527,2024,DVF
Valdahon|25,2527,2024,DVF
Valdallière,1112,2024,DVF
Valdallière|14,1112,2024,DVF
Valdampierre,2404,2024,DVF
Valdampierre|60,2404,2024,DVF
Valdeblore,2602,2024,DVF
Valdeblore|06,2602,2024,DVF
Valdelaume,1115,2024,DVF
Valdelaume|79,1115,2024,DVF
Valdivienne,1321,2024,DVF
Valdivienne|86,1321,2024,DVF
Valdoie,1493,2024,DVF
Valdoie|90,1493,2024,DVF
Valdrôme,1953,2024,DVF
Valdrôme|26,1953,2024,DVF
Valdurenque,1527,2024,DVF
Valdurenque|81,1527,2024,DVF
Valeille,1934,2024,DVF
Valeille|42,1934,2024,DVF
Valence,2264,2024,DVF
Valence-d'Albigeois,1137,2024,DVF
Valence-d'Albigeois|81,1137,2024,DVF
Valence-en-Brie,2236,2024,DVF
Valence-en-Brie|77,2236,2024,DVF
Valence-en-Poitou,1134,2024,DVF
Valence-en-Poitou|86,1134,2024,DVF
Valence-sur-Baïse,1361,2024,DVF
Valence-sur-Baïse|32,1361,2024,DVF
Valence|26,2264,2024,DVF
Valence|82,1561,2024,DVF
Valenciennes,1815,2024,DVF
Valenciennes|59,1815,2024,DVF
Valencin,3773,2024,DVF
Valencin|38,3773,2024,DVF
Valencisse,1650,2024,DVF
Valencisse|41,1650,2024,DVF
Valennes,1405,2024,DVF
Valennes|72,1405,2024,DVF
Valensole,2630,2024,DVF
Valensole|04,2630,2024,DVF
Valentigney,1201,2024,DVF
Valentigney|25,1201,2024,DVF
Valentine,1027,2024,DVF
Valentine|31,1027,2024,DVF
Valenton,3613,2024,DVF
Valenton|94,3613,2024,DVF
Valençay,1083,2024,DVF
Valençay|36,1083,2024,DVF
Valergues,3315,2024,DVF
Valergues|34,3315,2024,DVF
Valescourt,1834,2024,DVF
Valescourt|60,1834,2024,DVF
Valeyrac,1483,2024,DVF
Valeyrac|33,1483,2024,DVF
Valflaunès,4111,2024,DVF
Valflaunès|34,4111,2024,DVF
Valfleury,1836,2024,DVF
Valfleury|42,1836,2024,DVF
Valframbert,1737,2024,DVF
Valframbert|61,1737,2024,DVF
Valgelon-La Rochette,2436,2024,DVF
Valgelon-La Rochette|73,2436,2024,DVF
Valgorge,1774,2024,DVF
Valgorge|07,1774,2024,DVF
Valherbasse,1785,2024,DVF
Valherbasse|26,1785,2024,DVF
Valjouffrey,1645,2024,DVF
Valjouffrey|38,1645,2024,DVF
Vallabrix,3278,2024,DVF
Vallabrix|30,3278,2024,DVF
Vallabrègues,2738,2024,DVF
Vallabrègues|30,2738,2024,DVF
Vallan,1532,2024,DVF
Vallangoujard,3561,2024,DVF
Vallangoujard|95,3561,2024,DVF
Vallans,1396,2024,DVF
Vallans|79,1396,2024,DVF
Vallan|89,1532,2024,DVF
Vallauris,4796,2024,DVF
Vallauris|06,4796,2024,DVF
Valleiry,4244,2024,DVF
Valleiry|74,4244,2024,DVF
Vallenay,693,2024,DVF
Vallenay|18,693,2024,DVF
Valleroy,1607,2024,DVF
Valleroy|54,1607,2024,DVF
Vallery,1323,2024,DVF
Vallery|89,1323,2024,DVF
Vallet,2552,2024,DVF
Vallet|44,2552,2024,DVF
Valliquerville,2295,2024,DVF
Valliquerville|76,2295,2024,DVF
Vallière,712,2024,DVF
Vallières-les-Grandes,2148,2024,DVF
Vallières-les-Grandes|41,2148,2024,DVF
Vallières-sur-Fier,3551,2024,DVF
Vallières-sur-Fier|74,3551,2024,DVF
Vallière|23,712,2024,DVF
Valloire,5508,2024,DVF
Valloire-sur-Cisse,1788,2024,DVF
Valloire-sur-Cisse|41,1788,2024,DVF
Valloire|73,5508,2024,DVF
Vallon-Pont-d'Arc,2918,2024,DVF
Vallon-Pont-d'Arc|07,2918,2024,DVF
Vallon-en-Sully,1128,2024,DVF
Vallon-en-Sully|03,1128,2024,DVF
Vallon-sur-Gée,1031,2024,DVF
Vallon-sur-Gée|72,1031,2024,DVF
Vallons-de-l'Erdre,1654,2024,DVF
Vallons-de-l'Erdre|44,1654,2024,DVF
Vallorcine,4439,2024,DVF
Vallorcine|74,4439,2024,DVF
Vallouise-Pelvoux,3229,2024,DVF
Vallouise-Pelvoux|05,3229,2024,DVF
Vallègue,2681,2024,DVF
Vallègue|31,2681,2024,DVF
Vallères,2286,2024,DVF
Vallères|37,2286,2024,DVF
Vallée-de-Ronsard,1274,2024,DVF
Vallée-de-Ronsard|41,1274,2024,DVF
Vallées en Champagne,1151,2024,DVF
Vallées en Champagne|02,1151,2024,DVF
Vallées-d'Antraigues-Asperjoc,2632,2024,DVF
Vallées-d'Antraigues-Asperjoc|07,2632,2024,DVF
Valmeinier,3547,2024,DVF
Valmeinier|73,3547,2024,DVF
Valmondois,3757,2024,DVF
Valmondois|95,3757,2024,DVF
Valmont,1844,2024,DVF
Valmont|76,1844,2024,DVF
Valognes,2341,2024,DVF
Valognes|50,2341,2024,DVF
Valorbiquet,1761,2024,DVF
Valorbiquet|14,1761,2024,DVF
Valprivas,1116,2024,DVF
Valprivas|43,1116,2024,DVF
Valpuiseaux,2705,2024,DVF
Valpuiseaux|91,2705,2024,DVF
Valras-Plage,3739,2024,DVF
Valras-Plage|34,3739,2024,DVF
Valravillon,1592,2024,DVF
Valravillon|89,1592,2024,DVF
Valromey-sur-Séran,2073,2024,DVF
Valromey-sur-Séran|01,2073,2024,DVF
Valros,2110,2024,DVF
Valros|34,2110,2024,DVF
Valréas,1868,2024,DVF
Valréas|84,1868,2024,DVF
Vals-les-Bains,1857,2024,DVF
Vals-les-Bains|07,1857,2024,DVF
Vals-près-le-Puy,1746,2024,DVF
Vals-près-le-Puy|43,1746,2024,DVF
Valserhône,2576,2024,DVF
Valserhône|01,2576,2024,DVF
Valsonne,2077,2024,DVF
Valsonne|69,2077,2024,DVF
Valzin en Petite Montagne,1279,2024,DVF
Valzin en Petite Montagne|39,1279,2024,DVF
Vancé,871,2024,DVF
Vancé|72,871,2024,DVF
Vandeins,2193,2024,DVF
Vandeins|01,2193,2024,DVF
Vandenesse,942,2024,DVF
Vandenesse|58,942,2024,DVF
Vandières,1407,2024,DVF
Vandières|54,1407,2024,DVF
Vandoncourt,1646,2024,DVF
Vandoncourt|25,1646,2024,DVF
Vandrimare,2007,2024,DVF
Vandrimare|27,2007,2024,DVF
Vandy,778,2024,DVF
Vandy|08,778,2024,DVF
Vandœuvre-lès-Nancy,2010,2024,DVF
Vandœuvre-lès-Nancy|54,2010,2024,DVF
Vannes,4054,2024,DVF
Vannes-le-Châtel,790,2024,DVF
Vannes-le-Châtel|54,790,2024,DVF
Vannes-sur-Cosson,2054,2024,DVF
Vannes-sur-Cosson|45,2054,2024,DVF
Vannes|56,4054,2024,DVF
Vannoz,2142,2024,DVF
Vannoz|39,2142,2024,DVF
Vanosc,1671,2024,DVF
Vanosc|07,1671,2024,DVF
Vanves,6310,2024,DVF
Vanves|92,6310,2024,DVF
Vanxains,1283,2024,DVF
Vanxains|24,1283,2024,DVF
Vanzy,4332,2024,DVF
Vanzy|74,4332,2024,DVF
Varacieux,2018,2024,DVF
Varacieux|38,2018,2024,DVF
Varages,2992,2024,DVF
Varages|83,2992,2024,DVF
Varaignes,1021,2024,DVF
Varaignes|24,1021,2024,DVF
Varaize,1177,2024,DVF
Varaize|17,1177,2024,DVF
Varanges,2135,2024,DVF
Varanges|21,2135,2024,DVF
Varangéville,1629,2024,DVF
Varangéville|54,1629,2024,DVF
Varaville,4767,2024,DVF
Varaville|14,4767,2024,DVF
Varces-Allières-et-Risset,3452,2024,DVF
Varces-Allières-et-Risset|38,3452,2024,DVF
Vareilles,1211,2024,DVF
Vareilles|23,1211,2024,DVF
Varen,1314,2024,DVF
Varengeville-sur-Mer,3811,2024,DVF
Varengeville-sur-Mer|76,3811,2024,DVF
Varenguebec,1694,2024,DVF
Varenguebec|50,1694,2024,DVF
Varenne-Saint-Germain,1287,2024,DVF
Varenne-Saint-Germain|71,1287,2024,DVF
Varenne-l'Arconce,1027,2024,DVF
Varenne-l'Arconce|71,1027,2024,DVF
Varennes,1536,2024,DVF
Varennes-Changy,1509,2024,DVF
Varennes-Changy|45,1509,2024,DVF
Varennes-Jarcy,3642,2024,DVF
Varennes-Jarcy|91,3642,2024,DVF
Varennes-Saint-Sauveur,1530,2024,DVF
Varennes-Saint-Sauveur|71,1530,2024,DVF
Varennes-Vauzelles,1647,2024,DVF
Varennes-Vauzelles|58,1647,2024,DVF
Varennes-en-Argonne,1012,2024,DVF
Varennes-en-Argonne|55,1012,2024,DVF
Varennes-le-Grand,1767,2024,DVF
Varennes-le-Grand|71,1767,2024,DVF
Varennes-lès-Mâcon,1906,2024,DVF
Varennes-lès-Mâcon|71,1906,2024,DVF
Varennes-lès-Narcy,1184,2024,DVF
Varennes-lès-Narcy|58,1184,2024,DVF
Varennes-sous-Dun,1529,2024,DVF
Varennes-sous-Dun|71,1529,2024,DVF
Varennes-sur-Allier,1093,2024,DVF
Varennes-sur-Allier|03,1093,2024,DVF
Varennes-sur-Loire,1902,2024,DVF
Varennes-sur-Loire|49,1902,2024,DVF
Varennes-sur-Morge,2460,2024,DVF
Varennes-sur-Morge|63,2460,2024,DVF
Varennes-sur-Seine,2504,2024,DVF
Varennes-sur-Seine|77,2504,2024,DVF
Varennes|24,1552,2024,DVF
Varennes|37,1190,2024,DVF
Varennes|89,1536,2024,DVF
Varen|82,1314,2024,DVF
Varesnes,1824,2024,DVF
Varesnes|60,1824,2024,DVF
Varetz,1770,2024,DVF
Varetz|19,1770,2024,DVF
Varilhes,1799,2024,DVF
Varilhes|09,1799,2024,DVF
Varinfroy,1952,2024,DVF
Varinfroy|60,1952,2024,DVF
Varois-et-Chaignot,3016,2024,DVF
Varois-et-Chaignot|21,3016,2024,DVF
Varrains,1953,2024,DVF
Varrains|49,1953,2024,DVF
Varreddes,2960,2024,DVF
Varreddes|77,2960,2024,DVF
Vars,3705,2024,DVF
Vars|05,3705,2024,DVF
Varzay,1872,2024,DVF
Varzay|17,1872,2024,DVF
Varzy,942,2024,DVF
Varzy|58,942,2024,DVF
Varès,1487,2024,DVF
Varès|47,1487,2024,DVF
Vasles,1296,2024,DVF
Vasles|79,1296,2024,DVF
Vasselay,1723,2024,DVF
Vasselay|18,1723,2024,DVF
Vasselin,1749,2024,DVF
Vasselin|38,1749,2024,DVF
Vatan,851,2024,DVF
Vatan|36,851,2024,DVF
Vatteville-la-Rue,1818,2024,DVF
Vatteville-la-Rue|76,1818,2024,DVF
Vauchassis,1225,2024,DVF
Vauchassis|10,1225,2024,DVF
Vauchelles-les-Quesnoy,1863,2024,DVF
Vauchelles-les-Quesnoy|80,1863,2024,DVF
Vauciennes,2435,2024,DVF
Vauciennes|60,2435,2024,DVF
Vauclaix,847,2024,DVF
Vauclaix|58,847,2024,DVF
Vauclerc,1282,2024,DVF
Vauclerc|51,1282,2024,DVF
Vaucouleurs,1002,2024,DVF
Vaucouleurs|55,1002,2024,DVF
Vaucresson,5727,2024,DVF
Vaucresson|92,5727,2024,DVF
Vaudelnay,1540,2024,DVF
Vaudelnay|49,1540,2024,DVF
Vaudes,1219,2024,DVF
Vaudes|10,1219,2024,DVF
Vaudoy-en-Brie,2050,2024,DVF
Vaudoy-en-Brie|77,2050,2024,DVF
Vaudricourt,2078,2024,DVF
Vaudricourt|62,2078,2024,DVF
Vaudricourt|80,1780,2024,DVF
Vaudringhem,1662,2024,DVF
Vaudringhem|62,1662,2024,DVF
Vaugines,4765,2024,DVF
Vaugines|84,4765,2024,DVF
Vaugneray,3532,2024,DVF
Vaugneray|69,3532,2024,DVF
Vaugrigneuse,2923,2024,DVF
Vaugrigneuse|91,2923,2024,DVF
Vauhallan,4796,2024,DVF
Vauhallan|91,4796,2024,DVF
Vaujany,7206,2024,DVF
Vaujany|38,7206,2024,DVF
Vaujours,3561,2024,DVF
Vaujours|93,3561,2024,DVF
Vaulnaveys-le-Bas,3647,2024,DVF
Vaulnaveys-le-Bas|38,3647,2024,DVF
Vaulnaveys-le-Haut,3531,2024,DVF
Vaulnaveys-le-Haut|38,3531,2024,DVF
Vaulx,4260,2024,DVF
Vaulx-Milieu,2825,2024,DVF
Vaulx-Milieu|38,2825,2024,DVF
Vaulx-Vraucourt,1600,2024,DVF
Vaulx-Vraucourt|62,1600,2024,DVF
Vaulx-en-Velin,2777,2024,DVF
Vaulx-en-Velin|69,2777,2024,DVF
Vaulx|74,4260,2024,DVF
Vaumas,1011,2024,DVF
Vaumas|03,1011,2024,DVF
Vaumoise,2022,2024,DVF
Vaumoise|60,2022,2024,DVF
Vaupillon,1531,2024,DVF
Vaupillon|28,1531,2024,DVF
Vauréal,3535,2024,DVF
Vauréal|95,3535,2024,DVF
Vautorte,1833,2024,DVF
Vautorte|53,1833,2024,DVF
Vauvenargues,6610,2024,DVF
Vauvenargues|13,6610,2024,DVF
Vauvert,2556,2024,DVF
Vauvert|30,2556,2024,DVF
Vauvillers,690,2024,DVF
Vauvillers|70,690,2024,DVF
Vaux d'Amognes,1061,2024,DVF
Vaux d'Amognes|58,1061,2024,DVF
Vaux-Andigny,883,2024,DVF
Vaux-Andigny|02,883,2024,DVF
Vaux-en-Beaujolais,2346,2024,DVF
Vaux-en-Beaujolais|69,2346,2024,DVF
Vaux-en-Bugey,2457,2024,DVF
Vaux-en-Bugey|01,2457,2024,DVF
Vaux-et-Chantegrue,3001,2024,DVF
Vaux-et-Chantegrue|25,3001,2024,DVF
Vaux-le-Pénil,2746,2024,DVF
Vaux-le-Pénil|77,2746,2024,DVF
Vaux-sur-Mer,4601,2024,DVF
Vaux-sur-Mer|17,4601,2024,DVF
Vaux-sur-Seine,3380,2024,DVF
Vaux-sur-Seine|78,3380,2024,DVF
Vaux-sur-Seulles,1740,2024,DVF
Vaux-sur-Seulles|14,1740,2024,DVF
Vauxaillon,1371,2024,DVF
Vauxaillon|02,1371,2024,DVF
Vavincourt,1376,2024,DVF
Vavincourt|55,1376,2024,DVF
Vay,1797,2024,DVF
Vayrac,1540,2024,DVF
Vayrac|46,1540,2024,DVF
Vayres,2375,2024,DVF
Vayres-sur-Essonne,2996,2024,DVF
Vayres-sur-Essonne|91,2996,2024,DVF
Vayres|33,2375,2024,DVF
Vayres|87,931,2024,DVF
Vay|44,1797,2024,DVF
Vazerac,1334,2024,DVF
Vazerac|82,1334,2024,DVF
Vaïssac,2196,2024,DVF
Vaïssac|82,2196,2024,DVF
Veauche,2542,2024,DVF
Veauchette,2724,2024,DVF
Veauchette|42,2724,2024,DVF
Veauche|42,2542,2024,DVF
Veaugues,1123,2024,DVF
Veaugues|18,1123,2024,DVF
Vebret,929,2024,DVF
Vebret|15,929,2024,DVF
Vebron,1350,2024,DVF
Vebron|48,1350,2024,DVF
Vecoux,1405,2024,DVF
Vecoux|88,1405,2024,DVF
Vecquemont,1625,2024,DVF
Vecquemont|80,1625,2024,DVF
Vecqueville,742,2024,DVF
Vecqueville|52,742,2024,DVF
Vedène,2828,2024,DVF
Vedène|84,2828,2024,DVF
Veigné,2728,2024,DVF
Veigné|37,2728,2024,DVF
Veigy-Foncenex,4430,2024,DVF
Veigy-Foncenex|74,4430,2024,DVF
Velaines,1430,2024,DVF
Velaines|55,1430,2024,DVF
Velars-sur-Ouche,2363,2024,DVF
Velars-sur-Ouche|21,2363,2024,DVF
Velaux,4676,2024,DVF
Velaux|13,4676,2024,DVF
Vellefaux,1340,2024,DVF
Vellefaux|70,1340,2024,DVF
Velleron,3437,2024,DVF
Velleron|84,3437,2024,DVF
Velzic,1661,2024,DVF
Velzic|15,1661,2024,DVF
Venansault,2237,2024,DVF
Venansault|85,2237,2024,DVF
Venarey-les-Laumes,1446,2024,DVF
Venarey-les-Laumes|21,1446,2024,DVF
Venasque,4769,2024,DVF
Venasque|84,4769,2024,DVF
Vence,4568,2024,DVF
Vence|06,4568,2024,DVF
Vendargues,3810,2024,DVF
Vendargues|34,3810,2024,DVF
Vendat,1867,2024,DVF
Vendat|03,1867,2024,DVF
Vendays-Montalivet,3825,2024,DVF
Vendays-Montalivet|33,3825,2024,DVF
Vendegies-sur-Écaillon,2168,2024,DVF
Vendegies-sur-Écaillon|59,2168,2024,DVF
Vendenesse-lès-Charolles,1521,2024,DVF
Vendenesse-lès-Charolles|71,1521,2024,DVF
Vendenesse-sur-Arroux,1441,2024,DVF
Vendenesse-sur-Arroux|71,1441,2024,DVF
Vendeuil,1287,2024,DVF
Vendeuil-Caply,1380,2024,DVF
Vendeuil-Caply|60,1380,2024,DVF
Vendeuil|02,1287,2024,DVF
Vendeuvre,1679,2024,DVF
Vendeuvre-sur-Barse,1119,2024,DVF
Vendeuvre-sur-Barse|10,1119,2024,DVF
Vendeuvre|14,1679,2024,DVF
Vendeville,2781,2024,DVF
Vendeville|59,2781,2024,DVF
Vendin-le-Vieil,1706,2024,DVF
Vendin-le-Vieil|62,1706,2024,DVF
Vendin-lès-Béthune,1447,2024,DVF
Vendin-lès-Béthune|62,1447,2024,DVF
Vendrennes,1928,2024,DVF
Vendrennes|85,1928,2024,DVF
Vendres,3200,2024,DVF
Vendresse,948,2024,DVF
Vendresse|08,948,2024,DVF
Vendrest,2145,2024,DVF
Vendrest|77,2145,2024,DVF
Vendres|34,3200,2024,DVF
Vendémian,2089,2024,DVF
Vendémian|34,2089,2024,DVF
Vendôme,1860,2024,DVF
Vendôme|41,1860,2024,DVF
Vendœuvres,1061,2024,DVF
Vendœuvres|36,1061,2024,DVF
Venelles,5023,2024,DVF
Venelles|13,5023,2024,DVF
Venerque,2536,2024,DVF
Venerque|31,2536,2024,DVF
Venesmes,1019,2024,DVF
Venesmes|18,1019,2024,DVF
Venette,2319,2024,DVF
Venette|60,2319,2024,DVF
Venizel,1788,2024,DVF
Venizel|02,1788,2024,DVF
Venizy,1248,2024,DVF
Venizy|89,1248,2024,DVF
Vennecy,2106,2024,DVF
Vennecy|45,2106,2024,DVF
Venon,3371,2024,DVF
Venon|38,3371,2024,DVF
Venoy,1762,2024,DVF
Venoy|89,1762,2024,DVF
Vensac,2522,2024,DVF
Vensac|33,2522,2024,DVF
Ventabren,5612,2024,DVF
Ventabren|13,5612,2024,DVF
Ventalon en Cévennes,1246,2024,DVF
Ventalon en Cévennes|48,1246,2024,DVF
Ventenac-Cabardès,1467,2024,DVF
Ventenac-Cabardès|11,1467,2024,DVF
Ventenac-en-Minervois,2179,2024,DVF
Ventenac-en-Minervois|11,2179,2024,DVF
Venterol,2492,2024,DVF
Venterol|26,2492,2024,DVF
Venteuil,1333,2024,DVF
Venteuil|51,1333,2024,DVF
Venthon,3089,2024,DVF
Venthon|73,3089,2024,DVF
Ventiseri,2873,2024,DVF
Ventiseri|2B,2873,2024,DVF
Ventron,2228,2024,DVF
Ventron|88,2228,2024,DVF
Venzolasca,2468,2024,DVF
Venzolasca|2B,2468,2024,DVF
Ver,1414,2024,DVF
Ver-lès-Chartres,2206,2024,DVF
Ver-lès-Chartres|28,2206,2024,DVF
Ver-sur-Launette,3236,2024,DVF
Ver-sur-Launette|60,3236,2024,DVF
Ver-sur-Mer,2644,2024,DVF
Ver-sur-Mer|14,2644,2024,DVF
Verberie,2513,2024,DVF
Verberie|60,2513,2024,DVF
Vercel-Villedieu-le-Camp,2039,2024,DVF
Vercel-Villedieu-le-Camp|25,2039,2024,DVF
Verchain-Maugré,1577,2024,DVF
Verchain-Maugré|59,1577,2024,DVF
Verchaix,5137,2024,DVF
Verchaix|74,5137,2024,DVF
Verchocq,827,2024,DVF
Verchocq|62,827,2024,DVF
Verdaches,1887,2024,DVF
Verdaches|04,1887,2024,DVF
Verdalle,1241,2024,DVF
Verdalle|81,1241,2024,DVF
Verdelais,2205,2024,DVF
Verdelais|33,2205,2024,DVF
Verdelot,1452,2024,DVF
Verdelot|77,1452,2024,DVF
Verderonne,2699,2024,DVF
Verderonne|60,2699,2024,DVF
Verdun,1427,2024,DVF
Verdun-Ciel,1207,2024,DVF
Verdun-Ciel|71,1207,2024,DVF
Verdun-en-Lauragais,1042,2024,DVF
Verdun-en-Lauragais|11,1042,2024,DVF
Verdun-sur-Garonne,1797,2024,DVF
Verdun-sur-Garonne|82,1797,2024,DVF
Verdun|09,1764,2024,DVF
Verdun|55,1427,2024,DVF
Verel-Pragondran,3392,2024,DVF
Verel-Pragondran|73,3392,2024,DVF
Verfeil,2614,2024,DVF
Verfeil|31,2614,2024,DVF
Verfeil|82,1554,2024,DVF
Verfeuil,2479,2024,DVF
Verfeuil|30,2479,2024,DVF
Vergeroux,2823,2024,DVF
Vergeroux|17,2823,2024,DVF
Vergigny,1329,2024,DVF
Vergigny|89,1329,2024,DVF
Vergongheon,1453,2024,DVF
Vergongheon|43,1453,2024,DVF
Vergons,1419,2024,DVF
Vergons|04,1419,2024,DVF
Vergt,1584,2024,DVF
Vergt|24,1584,2024,DVF
Vergèze,3105,2024,DVF
Vergèze|30,3105,2024,DVF
Vergéal,2021,2024,DVF
Vergéal|35,2021,2024,DVF
Verlin,1444,2024,DVF
Verlinghem,3146,2024,DVF
Verlinghem|59,3146,2024,DVF
Verlin|89,1444,2024,DVF
Vermand,1190,2024,DVF
Vermand|02,1190,2024,DVF
Vermelles,1591,2024,DVF
Vermelles|62,1591,2024,DVF
Vermenton,940,2024,DVF
Vermenton|89,940,2024,DVF
Vern-sur-Seiche,2743,2024,DVF
Vern-sur-Seiche|35,2743,2024,DVF
Vernaison,3548,2024,DVF
Vernaison|69,3548,2024,DVF
Vernantes,1356,2024,DVF
Vernantes|49,1356,2024,DVF
Vernassal,1263,2024,DVF
Vernassal|43,1263,2024,DVF
Verneil-le-Chétif,1297,2024,DVF
Verneil-le-Chétif|72,1297,2024,DVF
Vernet,2875,2024,DVF
Vernet-les-Bains,1698,2024,DVF
Vernet-les-Bains|66,1698,2024,DVF
Vernet|31,2875,2024,DVF
Verneuil,842,2024,DVF
Verneuil d'Avre et d'Iton,1816,2024,DVF
Verneuil d'Avre et d'Iton|27,1816,2024,DVF
Verneuil-en-Bourbonnais,1700,2024,DVF
Verneuil-en-Bourbonnais|03,1700,2024,DVF
Verneuil-en-Halatte,2868,2024,DVF
Verneuil-en-Halatte|60,2868,2024,DVF
Verneuil-l'Étang,2746,2024,DVF
Verneuil-l'Étang|77,2746,2024,DVF
Verneuil-sur-Seine,3554,2024,DVF
Verneuil-sur-Seine|78,3554,2024,DVF
Verneuil-sur-Serre,1380,2024,DVF
Verneuil-sur-Serre|02,1380,2024,DVF
Verneuil-sur-Vienne,1893,2024,DVF
Verneuil-sur-Vienne|87,1893,2024,DVF
Verneuil|51,1605,2024,DVF
Verneuil|58,842,2024,DVF
Verneusses,1180,2024,DVF
Verneusses|27,1180,2024,DVF
Vernierfontaine,1703,2024,DVF
Vernierfontaine|25,1703,2024,DVF
Verniolle,1937,2024,DVF
Verniolle|09,1937,2024,DVF
Vernioz,2732,2024,DVF
Vernioz|38,2732,2024,DVF
Vernoil-le-Fourrier,1679,2024,DVF
Vernoil-le-Fourrier|49,1679,2024,DVF
Vernon,2676,2024,DVF
Vernon|27,2676,2024,DVF
Vernon|86,1720,2024,DVF
Vernosc-lès-Annonay,2378,2024,DVF
Vernosc-lès-Annonay|07,2378,2024,DVF
Vernou-la-Celle-sur-Seine,2557,2024,DVF
Vernou-la-Celle-sur-Seine|77,2557,2024,DVF
Vernou-sur-Brenne,2271,2024,DVF
Vernou-sur-Brenne|37,2271,2024,DVF
Vernouillet,2060,2024,DVF
Vernouillet|28,2060,2024,DVF
Vernouillet|78,4256,2024,DVF
Vernoux-en-Gâtine,1405,2024,DVF
Vernoux-en-Gâtine|79,1405,2024,DVF
Vernoux-en-Vivarais,1921,2024,DVF
Vernoux-en-Vivarais|07,1921,2024,DVF
Vernoy,1775,2024,DVF
Vernoy|89,1775,2024,DVF
Vernègues,3800,2024,DVF
Vernègues|13,3800,2024,DVF
Vero,3805,2024,DVF
Vero|2A,3805,2024,DVF
Verquigneul,1627,2024,DVF
Verquigneul|62,1627,2024,DVF
Verquin,1519,2024,DVF
Verquin|62,1519,2024,DVF
Verrens-Arvey,2797,2024,DVF
Verrens-Arvey|73,2797,2024,DVF
Verrey-sous-Salmaise,1295,2024,DVF
Verrey-sous-Salmaise|21,1295,2024,DVF
Verrières,2083,2024,DVF
Verrières-de-Joux,3763,2024,DVF
Verrières-de-Joux|25,3763,2024,DVF
Verrières-en-Anjou,2629,2024,DVF
Verrières-en-Anjou|49,2629,2024,DVF
Verrières-en-Forez,1880,2024,DVF
Verrières-en-Forez|42,1880,2024,DVF
Verrières-le-Buisson,4690,2024,DVF
Verrières-le-Buisson|91,4690,2024,DVF
Verrières|10,2083,2024,DVF
Verrières|61,2522,2024,DVF
Verrières|86,1417,2024,DVF
Verrue,1116,2024,DVF
Verrue|86,1116,2024,DVF
Verruyes,1142,2024,DVF
Verruyes|79,1142,2024,DVF
Vers,3764,2024,DVF
Vers-Pont-du-Gard,3185,2024,DVF
Vers-Pont-du-Gard|30,3185,2024,DVF
Vers-sur-Selle,2359,2024,DVF
Vers-sur-Selle|80,2359,2024,DVF
Versailles,6898,2024,DVF
Versailles|78,6898,2024,DVF
Versigny,1179,2024,DVF
Versigny|02,1179,2024,DVF
Verson,2852,2024,DVF
Versonnex,5083,2024,DVF
Versonnex|01,5083,2024,DVF
Versonnex|74,3250,2024,DVF
Verson|14,2852,2024,DVF
Vers|74,3764,2024,DVF
Vert,3342,2024,DVF
Vert-Saint-Denis,2949,2024,DVF
Vert-Saint-Denis|77,2949,2024,DVF
Vert-en-Drouais,1875,2024,DVF
Vert-en-Drouais|28,1875,2024,DVF
Vert-le-Grand,3248,2024,DVF
Vert-le-Grand|91,3248,2024,DVF
Vert-le-Petit,2552,2024,DVF
Vert-le-Petit|91,2552,2024,DVF
Vertain,1050,2024,DVF
Vertain|59,1050,2024,DVF
Vertaizon,2156,2024,DVF
Vertaizon|63,2156,2024,DVF
Verteillac,1228,2024,DVF
Verteillac|24,1228,2024,DVF
Verteuil-sur-Charente,1542,2024,DVF
Verteuil-sur-Charente|16,1542,2024,DVF
Verthemex,3866,2024,DVF
Verthemex|73,3866,2024,DVF
Vertheuil,2404,2024,DVF
Vertheuil|33,2404,2024,DVF
Verton,2503,2024,DVF
Verton|62,2503,2024,DVF
Vertou,3619,2024,DVF
Vertou|44,3619,2024,DVF
Vertrieu,2089,2024,DVF
Vertrieu|38,2089,2024,DVF
Vert|78,3342,2024,DVF
Vervins,985,2024,DVF
Vervins|02,985,2024,DVF
Verzeille,1284,2024,DVF
Verzeille|11,1284,2024,DVF
Verzenay,1978,2024,DVF
Verzenay|51,1978,2024,DVF
Verzy,1894,2024,DVF
Verzy|51,1894,2024,DVF
Verzé,2284,2024,DVF
Verzé|71,2284,2024,DVF
Ver|50,1414,2024,DVF
Vescemont,1787,2024,DVF
Vescemont|90,1787,2024,DVF
Vescovato,2874,2024,DVF
Vescovato|2B,2874,2024,DVF
Vesdun,1135,2024,DVF
Vesdun|18,1135,2024,DVF
Vesly,1281,2024,DVF
Vesly|27,2273,2024,DVF
Vesly|50,1281,2024,DVF
Vesoul,1269,2024,DVF
Vesoul|70,1269,2024,DVF
Vesseaux,2412,2024,DVF
Vesseaux|07,2412,2024,DVF
Vestric-et-Candiac,3151,2024,DVF
Vestric-et-Candiac|30,3151,2024,DVF
Veuil,1459,2024,DVF
Veuil|36,1459,2024,DVF
Veules-les-Roses,3914,2024,DVF
Veules-les-Roses|76,3914,2024,DVF
Veulettes-sur-Mer,2540,2024,DVF
Veulettes-sur-Mer|76,2540,2024,DVF
Veurey-Voroize,3250,2024,DVF
Veurey-Voroize|38,3250,2024,DVF
Veuvey-sur-Ouche,1114,2024,DVF
Veuvey-sur-Ouche|21,1114,2024,DVF
Veuxhaulles-sur-Aube,764,2024,DVF
Veuxhaulles-sur-Aube|21,764,2024,DVF
Veuzain-sur-Loire,1647,2024,DVF
Veuzain-sur-Loire|41,1647,2024,DVF
Vexin-sur-Epte,2136,2024,DVF
Vexin-sur-Epte|27,2136,2024,DVF
Veynes,1731,2024,DVF
Veynes|05,1731,2024,DVF
Veyrac,1546,2024,DVF
Veyrac|87,1546,2024,DVF
Veyras,2135,2024,DVF
Veyras|07,2135,2024,DVF
Veyre-Monton,2698,2024,DVF
Veyre-Monton|63,2698,2024,DVF
Veyrier-du-Lac,9919,2024,DVF
Veyrier-du-Lac|74,9919,2024,DVF
Vezin-le-Coquet,3126,2024,DVF
Vezin-le-Coquet|35,3126,2024,DVF
Vezins,1730,2024,DVF
Vezins|49,1730,2024,DVF
Viala-du-Tarn,1031,2024,DVF
Viala-du-Tarn|12,1031,2024,DVF
Vialas,4285,2024,DVF
Vialas|48,4285,2024,DVF
Viane,969,2024,DVF
Viane|81,969,2024,DVF
Vianne,1289,2024,DVF
Vianne|47,1289,2024,DVF
Viarmes,3115,2024,DVF
Viarmes|95,3115,2024,DVF
Vias,3062,2024,DVF
Vias|34,3062,2024,DVF
Vibeuf,1857,2024,DVF
Vibeuf|76,1857,2024,DVF
Vibrac,1686,2024,DVF
Vibrac|16,1686,2024,DVF
Vibraye,1283,2024,DVF
Vibraye|72,1283,2024,DVF
Vic-Fezensac,1750,2024,DVF
Vic-Fezensac|32,1750,2024,DVF
Vic-en-Bigorre,1402,2024,DVF
Vic-en-Bigorre|65,1402,2024,DVF
Vic-la-Gardiole,5609,2024,DVF
Vic-la-Gardiole|34,5609,2024,DVF
Vic-le-Comte,2162,2024,DVF
Vic-le-Comte|63,2162,2024,DVF
Vic-le-Fesq,2572,2024,DVF
Vic-le-Fesq|30,2572,2024,DVF
Vic-sur-Aisne,1686,2024,DVF
Vic-sur-Aisne|02,1686,2024,DVF
Vic-sur-Cère,1406,2024,DVF
Vic-sur-Cère|15,1406,2024,DVF
Vichy,1918,2024,DVF
Vichy|03,1918,2024,DVF
Vichères,1450,2024,DVF
Vichères|28,1450,2024,DVF
Vico,3057,2024,DVF
Vico|2A,3057,2024,DVF
Vicq,1488,2024,DVF
Vicq-Exemplet,920,2024,DVF
Vicq-Exemplet|36,920,2024,DVF
Vicq-sur-Breuilh,1652,2024,DVF
Vicq-sur-Breuilh|87,1652,2024,DVF
Vicq-sur-Gartempe,970,2024,DVF
Vicq-sur-Gartempe|86,970,2024,DVF
Vicq-sur-Mer,2319,2024,DVF
Vicq-sur-Mer|50,2319,2024,DVF
Vicq-sur-Nahon,977,2024,DVF
Vicq-sur-Nahon|36,977,2024,DVF
Vicq|59,1488,2024,DVF
Vidauban,3259,2024,DVF
Vidauban|83,3259,2024,DVF
Videlles,2763,2024,DVF
Videlles|91,2763,2024,DVF
Vidouze,1157,2024,DVF
Vidouze|65,1157,2024,DVF
Vieil-Hesdin,1768,2024,DVF
Vieil-Hesdin|62,1768,2024,DVF
Vieil-Moutier,1386,2024,DVF
Vieil-Moutier|62,1386,2024,DVF
Vieille-Brioude,1481,2024,DVF
Vieille-Brioude|43,1481,2024,DVF
Vieille-Chapelle,1949,2024,DVF
Vieille-Chapelle|62,1949,2024,DVF
Vieille-Toulouse,3909,2024,DVF
Vieille-Toulouse|31,3909,2024,DVF
Vieille-Église,1673,2024,DVF
Vieille-Église|62,1673,2024,DVF
Vieilles-Maisons-sur-Joudry,1300,2024,DVF
Vieilles-Maisons-sur-Joudry|45,1300,2024,DVF
Vieillevigne,2114,2024,DVF
Vieillevigne|44,2114,2024,DVF
Vieilley,1835,2024,DVF
Vieilley|25,1835,2024,DVF
Viella,1172,2024,DVF
Viella|32,1172,2024,DVF
Vielle-Aure,3630,2024,DVF
Vielle-Aure|65,3630,2024,DVF
Vielle-Saint-Girons,4192,2024,DVF
Vielle-Saint-Girons|40,4192,2024,DVF
Vielleségure,1463,2024,DVF
Vielleségure|64,1463,2024,DVF
Vielmur-sur-Agout,1430,2024,DVF
Vielmur-sur-Agout|81,1430,2024,DVF
Viels-Maisons,1577,2024,DVF
Viels-Maisons|02,1577,2024,DVF
Vielverge,1349,2024,DVF
Vielverge|21,1349,2024,DVF
Viennay,1546,2024,DVF
Viennay|79,1546,2024,DVF
Vienne,2562,2024,DVF
Vienne-en-Val,2034,2024,DVF
Vienne-en-Val|45,2034,2024,DVF
Vienne|38,2562,2024,DVF
Viens,2221,2024,DVF
Viens|84,2221,2024,DVF
Vierzon,1070,2024,DVF
Vierzon|18,1070,2024,DVF
Viesly,1029,2024,DVF
Viesly|59,1029,2024,DVF
Vieussan,1826,2024,DVF
Vieussan|34,1826,2024,DVF
Vieux,2425,2024,DVF
Vieux-Berquin,1860,2024,DVF
Vieux-Berquin|59,1860,2024,DVF
Vieux-Boucau-les-Bains,5216,2024,DVF
Vieux-Boucau-les-Bains|40,5216,2024,DVF
Vieux-Charmont,1489,2024,DVF
Vieux-Charmont|25,1489,2024,DVF
Vieux-Condé,1402,2024,DVF
Vieux-Condé|59,1402,2024,DVF
Vieux-Manoir,1897,2024,DVF
Vieux-Manoir|76,1897,2024,DVF
Vieux-Mesnil,1916,2024,DVF
Vieux-Mesnil|59,1916,2024,DVF
Vieux-Pont,1112,2024,DVF
Vieux-Pont|61,1112,2024,DVF
Vieux-Reng,1373,2024,DVF
Vieux-Reng|59,1373,2024,DVF
Vieux-Rouen-sur-Bresle,1080,2024,DVF
Vieux-Rouen-sur-Bresle|76,1080,2024,DVF
Vieux-Viel,1502,2024,DVF
Vieux-Viel|35,1502,2024,DVF
Vieux-Vy-sur-Couesnon,1889,2024,DVF
Vieux-Vy-sur-Couesnon|35,1889,2024,DVF
Vieux|14,2425,2024,DVF
Vievy-le-Rayé,1113,2024,DVF
Vievy-le-Rayé|41,1113,2024,DVF
Vif,3616,2024,DVF
Vif|38,3616,2024,DVF
Vigeois,1256,2024,DVF
Vigeois|19,1256,2024,DVF
Viglain,2604,2024,DVF
Viglain|45,2604,2024,DVF
Vignacourt,1610,2024,DVF
Vignacourt|80,1610,2024,DVF
Vignec,3786,2024,DVF
Vignec|65,3786,2024,DVF
Vignely,3189,2024,DVF
Vignely|77,3189,2024,DVF
Vigneulles-lès-Hattonchâtel,1360,2024,DVF
Vigneulles-lès-Hattonchâtel|55,1360,2024,DVF
Vigneux-de-Bretagne,2822,2024,DVF
Vigneux-de-Bretagne|44,2822,2024,DVF
Vigneux-sur-Seine,3325,2024,DVF
Vigneux-sur-Seine|91,3325,2024,DVF
Vignieu,2777,2024,DVF
Vignieu|38,2777,2024,DVF
Vignoc,2905,2024,DVF
Vignoc|35,2905,2024,DVF
Vignols,1076,2024,DVF
Vignols|19,1076,2024,DVF
Vignot,1519,2024,DVF
Vignot|55,1519,2024,DVF
Vignoux-sous-les-Aix,1184,2024,DVF
Vignoux-sous-les-Aix|18,1184,2024,DVF
Vignoux-sur-Barangeon,1739,2024,DVF
Vignoux-sur-Barangeon|18,1739,2024,DVF
Vigny,3156,2024,DVF
Vigny|95,3156,2024,DVF
Vigoulet-Auzil,3578,2024,DVF
Vigoulet-Auzil|31,3578,2024,DVF
Vijon,1284,2024,DVF
Vijon|36,1284,2024,DVF
Vildé-Guingalan,1765,2024,DVF
Vildé-Guingalan|22,1765,2024,DVF
Villabon,1314,2024,DVF
Villabon|18,1314,2024,DVF
Villabé,2974,2024,DVF
Villabé|91,2974,2024,DVF
Villac,1348,2024,DVF
Villacerf,1624,2024,DVF
Villacerf|10,1624,2024,DVF
Villac|24,1348,2024,DVF
Villages du Lac de Paladru,2750,2024,DVF
Villages du Lac de Paladru|38,2750,2024,DVF
Villaines-la-Gonais,1279,2024,DVF
Villaines-la-Gonais|72,1279,2024,DVF
Villaines-la-Juhel,1225,2024,DVF
Villaines-la-Juhel|53,1225,2024,DVF
Villaines-les-Rochers,1660,2024,DVF
Villaines-les-Rochers|37,1660,2024,DVF
Villaines-sous-Bois,3572,2024,DVF
Villaines-sous-Bois|95,3572,2024,DVF
Villaines-sous-Lucé,1766,2024,DVF
Villaines-sous-Lucé|72,1766,2024,DVF
Villaines-sous-Malicorne,1348,2024,DVF
Villaines-sous-Malicorne|72,1348,2024,DVF
Villainville,2014,2024,DVF
Villainville|76,2014,2024,DVF
Villalier,1311,2024,DVF
Villalier|11,1311,2024,DVF
Villamblain,1462,2024,DVF
Villamblain|45,1462,2024,DVF
Villamblard,1716,2024,DVF
Villamblard|24,1716,2024,DVF
Villamée,1588,2024,DVF
Villamée|35,1588,2024,DVF
Villandraut,1839,2024,DVF
Villandraut|33,1839,2024,DVF
Villandry,2346,2024,DVF
Villandry|37,2346,2024,DVF
Villapourçon,1296,2024,DVF
Villapourçon|58,1296,2024,DVF
Villar-Saint-Pancrace,3826,2024,DVF
Villar-Saint-Pancrace|05,3826,2024,DVF
Villard,3011,2024,DVF
Villard-Bonnot,2947,2024,DVF
Villard-Bonnot|38,2947,2024,DVF
Villard-Saint-Sauveur,1740,2024,DVF
Villard-Saint-Sauveur|39,1740,2024,DVF
Villard-de-Lans,3638,2024,DVF
Villard-de-Lans|38,3638,2024,DVF
Villard-sur-Doron,5554,2024,DVF
Villard-sur-Doron|73,5554,2024,DVF
Villardebelle,1122,2024,DVF
Villardebelle|11,1122,2024,DVF
Villardonnel,1329,2024,DVF
Villardonnel|11,1329,2024,DVF
Villard|74,3011,2024,DVF
Villarembert,2425,2024,DVF
Villarembert|73,2425,2024,DVF
Villargondran,2483,2024,DVF
Villargondran|73,2483,2024,DVF
Villariès,2589,2024,DVF
Villariès|31,2589,2024,DVF
Villarodin-Bourget,3143,2024,DVF
Villarodin-Bourget|73,3143,2024,DVF
Villars,1647,2024,DVF
Villars-Colmars,1824,2024,DVF
Villars-Colmars|04,1824,2024,DVF
Villars-les-Dombes,2681,2024,DVF
Villars-les-Dombes|01,2681,2024,DVF
Villars-sur-Var,2346,2024,DVF
Villars-sur-Var|06,2346,2024,DVF
Villars|24,1175,2024,DVF
Villars|42,1647,2024,DVF
Villars|84,3410,2024,DVF
Villasavary,1584,2024,DVF
Villasavary|11,1584,2024,DVF
Villate,2082,2024,DVF
Villate|31,2082,2024,DVF
Villaudric,2266,2024,DVF
Villaudric|31,2266,2024,DVF
Villaz,5076,2024,DVF
Villaz|74,5076,2024,DVF
Ville,1535,2024,DVF
Ville-Houdlémont,2772,2024,DVF
Ville-Houdlémont|54,2772,2024,DVF
Ville-Saint-Jacques,2063,2024,DVF
Ville-Saint-Jacques|77,2063,2024,DVF
Ville-d'Avray,5701,2024,DVF
Ville-d'Avray|92,5701,2024,DVF
Ville-di-Pietrabugno,3589,2024,DVF
Ville-di-Pietrabugno|2B,3589,2024,DVF
Ville-en-Sallaz,4379,2024,DVF
Ville-en-Sallaz|74,4379,2024,DVF
Ville-en-Tardenois,1908,2024,DVF
Ville-en-Tardenois|51,1908,2024,DVF
Ville-la-Grand,4372,2024,DVF
Ville-la-Grand|74,4372,2024,DVF
Ville-le-Marclet,1623,2024,DVF
Ville-le-Marclet|80,1623,2024,DVF
Ville-sous-Anjou,2768,2024,DVF
Ville-sous-Anjou|38,2768,2024,DVF
Ville-sous-la-Ferté,893,2024,DVF
Ville-sous-la-Ferté|10,893,2024,DVF
Ville-sur-Ancre,2316,2024,DVF
Ville-sur-Ancre|80,2316,2024,DVF
Ville-sur-Illon,1348,2024,DVF
Ville-sur-Illon|88,1348,2024,DVF
Ville-sur-Jarnioux,2221,2024,DVF
Ville-sur-Jarnioux|69,2221,2024,DVF
Villebarou,2034,2024,DVF
Villebarou|41,2034,2024,DVF
Villebaudon,1080,2024,DVF
Villebaudon|50,1080,2024,DVF
Villebernier,1626,2024,DVF
Villebernier|49,1626,2024,DVF
Villeblevin,2052,2024,DVF
Villeblevin|89,2052,2024,DVF
Villebois,1896,2024,DVF
Villebois-Lavalette,1035,2024,DVF
Villebois-Lavalette|16,1035,2024,DVF
Villebois|01,1896,2024,DVF
Villebon-sur-Yvette,3615,2024,DVF
Villebon-sur-Yvette|91,3615,2024,DVF
Villebougis,1370,2024,DVF
Villebougis|89,1370,2024,DVF
Villebret,1008,2024,DVF
Villebret|03,1008,2024,DVF
Villebrumier,1697,2024,DVF
Villebrumier|82,1697,2024,DVF
Villebéon,2084,2024,DVF
Villebéon|77,2084,2024,DVF
Villecerf,2335,2024,DVF
Villecerf|77,2335,2024,DVF
Villechenève,2334,2024,DVF
Villechenève|69,2334,2024,DVF
Villechétif,2394,2024,DVF
Villechétif|10,2394,2024,DVF
Villecien,1460,2024,DVF
Villecien|89,1460,2024,DVF
Villecomtal-sur-Arros,1304,2024,DVF
Villecomtal-sur-Arros|32,1304,2024,DVF
Villecomte,2538,2024,DVF
Villecomte|21,2538,2024,DVF
Villeconin,4729,2024,DVF
Villeconin|91,4729,2024,DVF
Villecresnes,3737,2024,DVF
Villecresnes|94,3737,2024,DVF
Villecroze,2990,2024,DVF
Villecroze|83,2990,2024,DVF
Villedaigne,1934,2024,DVF
Villedaigne|11,1934,2024,DVF
Villedieu,3099,2024,DVF
Villedieu-le-Château,1348,2024,DVF
Villedieu-le-Château|41,1348,2024,DVF
Villedieu-les-Poêles-Rouffigny,1694,2024,DVF
Villedieu-les-Poêles-Rouffigny|50,1694,2024,DVF
Villedieu-sur-Indre,1470,2024,DVF
Villedieu-sur-Indre|36,1470,2024,DVF
Villedieu|84,3099,2024,DVF
Villedoux,2688,2024,DVF
Villedoux|17,2688,2024,DVF
Villedubert,1334,2024,DVF
Villedubert|11,1334,2024,DVF
Villedômer,2010,2024,DVF
Villedômer|37,2010,2024,DVF
Villefagnan,1108,2024,DVF
Villefagnan|16,1108,2024,DVF
Villefargeau,1720,2024,DVF
Villefargeau|89,1720,2024,DVF
Villefontaine,2295,2024,DVF
Villefontaine|38,2295,2024,DVF
Villefort,1548,2024,DVF
Villefort|48,1548,2024,DVF
Villefranche-d'Albigeois,1431,2024,DVF
Villefranche-d'Albigeois|81,1431,2024,DVF
Villefranche-d'Allier,1056,2024,DVF
Villefranche-d'Allier|03,1056,2024,DVF
Villefranche-de-Lauragais,2521,2024,DVF
Villefranche-de-Lauragais|31,2521,2024,DVF
Villefranche-de-Lonchat,1502,2024,DVF
Villefranche-de-Lonchat|24,1502,2024,DVF
Villefranche-de-Panat,1564,2024,DVF
Villefranche-de-Panat|12,1564,2024,DVF
Villefranche-de-Rouergue,1441,2024,DVF
Villefranche-de-Rouergue|12,1441,2024,DVF
Villefranche-du-Périgord,1442,2024,DVF
Villefranche-du-Périgord|24,1442,2024,DVF
Villefranche-sur-Cher,1405,2024,DVF
Villefranche-sur-Cher|41,1405,2024,DVF
Villefranche-sur-Mer,8848,2024,DVF
Villefranche-sur-Mer|06,8848,2024,DVF
Villefranche-sur-Saône,2561,2024,DVF
Villefranche-sur-Saône|69,2561,2024,DVF
Villefranque,4564,2024,DVF
Villefranque|64,4564,2024,DVF
Villegailhenc,1643,2024,DVF
Villegailhenc|11,1643,2024,DVF
Villegly,1867,2024,DVF
Villegly|11,1867,2024,DVF
Villegouge,3022,2024,DVF
Villegouge|33,3022,2024,DVF
Villegusien-le-Lac,1086,2024,DVF
Villegusien-le-Lac|52,1086,2024,DVF
Villejoubert,1506,2024,DVF
Villejoubert|16,1506,2024,DVF
Villejuif,5090,2024,DVF
Villejuif|94,5090,2024,DVF
Villejust,3799,2024,DVF
Villejust|91,3799,2024,DVF
Villelaure,3322,2024,DVF
Villelaure|84,3322,2024,DVF
Villeloin-Coulangé,1332,2024,DVF
Villeloin-Coulangé|37,1332,2024,DVF
Villelongue,2280,2024,DVF
Villelongue-de-la-Salanque,2247,2024,DVF
Villelongue-de-la-Salanque|66,2247,2024,DVF
Villelongue-dels-Monts,2968,2024,DVF
Villelongue-dels-Monts|66,2968,2024,DVF
Villelongue|65,2280,2024,DVF
Villemade,2269,2024,DVF
Villemade|82,2269,2024,DVF
Villemagne,1357,2024,DVF
Villemagne-l'Argentière,1603,2024,DVF
Villemagne-l'Argentière|34,1603,2024,DVF
Villemagne|11,1357,2024,DVF
Villemain,804,2024,DVF
Villemain|79,804,2024,DVF
Villemandeur,1778,2024,DVF
Villemandeur|45,1778,2024,DVF
Villemanoche,1538,2024,DVF
Villemanoche|89,1538,2024,DVF
Villemareuil,2665,2024,DVF
Villemareuil|77,2665,2024,DVF
Villemaréchal,1962,2024,DVF
Villemaréchal|77,1962,2024,DVF
Villematier,2304,2024,DVF
Villematier|31,2304,2024,DVF
Villemaury,1551,2024,DVF
Villemaury|28,1551,2024,DVF
Villembray,2229,2024,DVF
Villembray|60,2229,2024,DVF
Villemeux-sur-Eure,2029,2024,DVF
Villemeux-sur-Eure|28,2029,2024,DVF
Villemoirieu,2931,2024,DVF
Villemoirieu|38,2931,2024,DVF
Villemoisson-sur-Orge,3673,2024,DVF
Villemoisson-sur-Orge|91,3673,2024,DVF
Villemolaque,4055,2024,DVF
Villemolaque|66,4055,2024,DVF
Villemomble,3918,2024,DVF
Villemomble|93,3918,2024,DVF
Villemontais,1787,2024,DVF
Villemontais|42,1787,2024,DVF
Villemotier,1676,2024,DVF
Villemotier|01,1676,2024,DVF
Villemoustaussou,2110,2024,DVF
Villemoustaussou|11,2110,2024,DVF
Villemoutiers,1490,2024,DVF
Villemoutiers|45,1490,2024,DVF
Villemur-sur-Tarn,1844,2024,DVF
Villemur-sur-Tarn|31,1844,2024,DVF
Villemurlin,1262,2024,DVF
Villemurlin|45,1262,2024,DVF
Villenauxe-la-Grande,1254,2024,DVF
Villenauxe-la-Grande|10,1254,2024,DVF
Villenauxe-la-Petite,2015,2024,DVF
Villenauxe-la-Petite|77,2015,2024,DVF
Villenave-d'Ornon,3456,2024,DVF
Villenave-d'Ornon|33,3456,2024,DVF
Villeneuve,2603,2024,DVF
Villeneuve-Loubet,6190,2024,DVF
Villeneuve-Loubet|06,6190,2024,DVF
Villeneuve-Minervois,1456,2024,DVF
Villeneuve-Minervois|11,1456,2024,DVF
Villeneuve-Saint-Georges,3103,2024,DVF
Villeneuve-Saint-Georges|94,3103,2024,DVF
Villeneuve-Saint-Germain,1496,2024,DVF
Villeneuve-Saint-Germain|02,1496,2024,DVF
Villeneuve-Saint-Salves,1652,2024,DVF
Villeneuve-Saint-Salves|89,1652,2024,DVF
Villeneuve-Tolosane,2729,2024,DVF
Villeneuve-Tolosane|31,2729,2024,DVF
Villeneuve-d'Allier,1143,2024,DVF
Villeneuve-d'Allier|43,1143,2024,DVF
Villeneuve-d'Ascq,2978,2024,DVF
Villeneuve-d'Ascq|59,2978,2024,DVF
Villeneuve-d'Olmes,1039,2024,DVF
Villeneuve-d'Olmes|09,1039,2024,DVF
Villeneuve-de-Berg,2005,2024,DVF
Villeneuve-de-Berg|07,2005,2024,DVF
Villeneuve-de-Marc,2245,2024,DVF
Villeneuve-de-Marc|38,2245,2024,DVF
Villeneuve-de-Marsan,1989,2024,DVF
Villeneuve-de-Marsan|40,1989,2024,DVF
Villeneuve-de-Rivière,1745,2024,DVF
Villeneuve-de-Rivière|31,1745,2024,DVF
Villeneuve-de-la-Raho,2934,2024,DVF
Villeneuve-de-la-Raho|66,2934,2024,DVF
Villeneuve-du-Paréage,1617,2024,DVF
Villeneuve-du-Paréage|09,1617,2024,DVF
Villeneuve-en-Perseigne,1544,2024,DVF
Villeneuve-en-Perseigne|72,1544,2024,DVF
Villeneuve-en-Retz,2381,2024,DVF
Villeneuve-en-Retz|44,2381,2024,DVF
Villeneuve-l'Archevêque,868,2024,DVF
Villeneuve-l'Archevêque|89,868,2024,DVF
Villeneuve-la-Comptal,1815,2024,DVF
Villeneuve-la-Comptal|11,1815,2024,DVF
Villeneuve-la-Comtesse,1256,2024,DVF
Villeneuve-la-Comtesse|17,1256,2024,DVF
Villeneuve-la-Dondagre,1285,2024,DVF
Villeneuve-la-Dondagre|89,1285,2024,DVF
Villeneuve-la-Garenne,3411,2024,DVF
Villeneuve-la-Garenne|92,3411,2024,DVF
Villeneuve-la-Guyard,1618,2024,DVF
Villeneuve-la-Guyard|89,1618,2024,DVF
Villeneuve-la-Lionne,1817,2024,DVF
Villeneuve-la-Lionne|51,1817,2024,DVF
Villeneuve-la-Rivière,1952,2024,DVF
Villeneuve-la-Rivière|66,1952,2024,DVF
Villeneuve-le-Comte,3252,2024,DVF
Villeneuve-le-Comte|77,3252,2024,DVF
Villeneuve-le-Roi,3844,2024,DVF
Villeneuve-le-Roi|94,3844,2024,DVF
Villeneuve-les-Bordes,2368,2024,DVF
Villeneuve-les-Bordes|77,2368,2024,DVF
Villeneuve-les-Cerfs,1793,2024,DVF
Villeneuve-les-Cerfs|63,1793,2024,DVF
Villeneuve-les-Genêts,1106,2024,DVF
Villeneuve-les-Genêts|89,1106,2024,DVF
Villeneuve-les-Sablons,3078,2024,DVF
Villeneuve-les-Sablons|60,3078,2024,DVF
Villeneuve-lès-Avignon,3808,2024,DVF
Villeneuve-lès-Avignon|30,3808,2024,DVF
Villeneuve-lès-Bouloc,2639,2024,DVF
Villeneuve-lès-Bouloc|31,2639,2024,DVF
Villeneuve-lès-Béziers,2249,2024,DVF
Villeneuve-lès-Béziers|34,2249,2024,DVF
Villeneuve-lès-Maguelone,3866,2024,DVF
Villeneuve-lès-Maguelone|34,3866,2024,DVF
Villeneuve-sur-Aisne,1781,2024,DVF
Villeneuve-sur-Aisne|02,1781,2024,DVF
Villeneuve-sur-Allier,1612,2024,DVF
Villeneuve-sur-Allier|03,1612,2024,DVF
Villeneuve-sur-Bellot,1728,2024,DVF
Villeneuve-sur-Bellot|77,1728,2024,DVF
Villeneuve-sur-Lot,1434,2024,DVF
Villeneuve-sur-Lot|47,1434,2024,DVF
Villeneuve-sur-Verberie,2367,2024,DVF
Villeneuve-sur-Verberie|60,2367,2024,DVF
Villeneuve-sur-Vère,2112,2024,DVF
Villeneuve-sur-Vère|81,2112,2024,DVF
Villeneuve-sur-Yonne,1550,2024,DVF
Villeneuve-sur-Yonne|89,1550,2024,DVF
Villeneuve|04,2603,2024,DVF
Villeneuve|12,1563,2024,DVF
Villennes-sur-Seine,4955,2024,DVF
Villennes-sur-Seine|78,4955,2024,DVF
Villenouvelle,2610,2024,DVF
Villenouvelle|31,2610,2024,DVF
Villenoy,3556,2024,DVF
Villenoy|77,3556,2024,DVF
Villentrois-Faverolles-en-Berry,1089,2024,DVF
Villentrois-Faverolles-en-Berry|36,1089,2024,DVF
Villeny,1599,2024,DVF
Villeny|41,1599,2024,DVF
Villepail,797,2024,DVF
Villepail|53,797,2024,DVF
Villeparisis,3374,2024,DVF
Villeparisis|77,3374,2024,DVF
Villeperdrix,3055,2024,DVF
Villeperdrix|26,3055,2024,DVF
Villeperdue,1998,2024,DVF
Villeperdue|37,1998,2024,DVF
Villepinte,2990,2024,DVF
Villepinte|11,1326,2024,DVF
Villepinte|93,2990,2024,DVF
Villepot,1485,2024,DVF
Villepot|44,1485,2024,DVF
Villepreux,3934,2024,DVF
Villepreux|78,3934,2024,DVF
Villequier-Aumont,1490,2024,DVF
Villequier-Aumont|02,1490,2024,DVF
Villequiers,1541,2024,DVF
Villequiers|18,1541,2024,DVF
Villerbon,1848,2024,DVF
Villerbon|41,1848,2024,DVF
Villerest,1901,2024,DVF
Villerest|42,1901,2024,DVF
Villereversure,1713,2024,DVF
Villereversure|01,1713,2024,DVF
Villermain,1226,2024,DVF
Villermain|41,1226,2024,DVF
Villeron,3427,2024,DVF
Villeron|95,3427,2024,DVF
Villeroy,2993,2024,DVF
Villeroy|77,2993,2024,DVF
Villeroy|89,1770,2024,DVF
Villers-Allerand,1966,2024,DVF
Villers-Allerand|51,1966,2024,DVF
Villers-Bocage,2248,2024,DVF
Villers-Bocage|14,2248,2024,DVF
Villers-Bocage|80,1914,2024,DVF
Villers-Bretonneux,1833,2024,DVF
Villers-Bretonneux|80,1833,2024,DVF
Villers-Cotterêts,2021,2024,DVF
Villers-Cotterêts|02,2021,2024,DVF
Villers-Farlay,2115,2024,DVF
Villers-Farlay|39,2115,2024,DVF
Villers-Faucon,958,2024,DVF
Villers-Faucon|80,958,2024,DVF
Villers-Guislain,877,2024,DVF
Villers-Guislain|59,877,2024,DVF
Villers-Marmery,2126,2024,DVF
Villers-Marmery|51,2126,2024,DVF
Villers-Outréaux,975,2024,DVF
Villers-Outréaux|59,975,2024,DVF
Villers-Plouich,914,2024,DVF
Villers-Plouich|59,914,2024,DVF
Villers-Pol,1870,2024,DVF
Villers-Pol|59,1870,2024,DVF
Villers-Saint-Barthélemy,1765,2024,DVF
Villers-Saint-Barthélemy|60,1765,2024,DVF
Villers-Saint-Christophe,1238,2024,DVF
Villers-Saint-Christophe|02,1238,2024,DVF
Villers-Saint-Frambourg-Ognon,3277,2024,DVF
Villers-Saint-Frambourg-Ognon|60,3277,2024,DVF
Villers-Saint-Genest,2251,2024,DVF
Villers-Saint-Genest|60,2251,2024,DVF
Villers-Saint-Paul,2207,2024,DVF
Villers-Saint-Paul|60,2207,2024,DVF
Villers-Saint-Sépulcre,2372,2024,DVF
Villers-Saint-Sépulcre|60,2372,2024,DVF
Villers-Semeuse,1524,2024,DVF
Villers-Semeuse|08,1524,2024,DVF
Villers-Sire-Nicole,1751,2024,DVF
Villers-Sire-Nicole|59,1751,2024,DVF
Villers-aux-Bois,1890,2024,DVF
Villers-aux-Bois|51,1890,2024,DVF
Villers-devant-le-Thour,1774,2024,DVF
Villers-devant-le-Thour|08,1774,2024,DVF
Villers-en-Arthies,2874,2024,DVF
Villers-en-Arthies|95,2874,2024,DVF
Villers-en-Cauchies,1550,2024,DVF
Villers-en-Cauchies|59,1550,2024,DVF
Villers-la-Faye,2541,2024,DVF
Villers-la-Faye|21,2541,2024,DVF
Villers-la-Montagne,2338,2024,DVF
Villers-la-Montagne|54,2338,2024,DVF
Villers-le-Lac,3048,2024,DVF
Villers-le-Lac|25,3048,2024,DVF
Villers-les-Pots,2040,2024,DVF
Villers-les-Pots|21,2040,2024,DVF
Villers-lès-Luxeuil,1449,2024,DVF
Villers-lès-Luxeuil|70,1449,2024,DVF
Villers-lès-Nancy,2303,2024,DVF
Villers-lès-Nancy|54,2303,2024,DVF
Villers-sous-Saint-Leu,2675,2024,DVF
Villers-sous-Saint-Leu|60,2675,2024,DVF
Villers-sur-Coudun,2427,2024,DVF
Villers-sur-Coudun|60,2427,2024,DVF
Villers-sur-Fère,1451,2024,DVF
Villers-sur-Fère|02,1451,2024,DVF
Villers-sur-Mer,4484,2024,DVF
Villers-sur-Mer|14,4484,2024,DVF
Villers-sur-le-Roule,1946,2024,DVF
Villers-sur-le-Roule|27,1946,2024,DVF
Villers-Écalles,2049,2024,DVF
Villers-Écalles|76,2049,2024,DVF
Villersexel,1160,2024,DVF
Villersexel|70,1160,2024,DVF
Villerupt,2433,2024,DVF
Villerupt|54,2433,2024,DVF
Villerville,4782,2024,DVF
Villerville|14,4782,2024,DVF
Villeréal,2077,2024,DVF
Villeréal|47,2077,2024,DVF
Villes-sur-Auzon,2526,2024,DVF
Villes-sur-Auzon|84,2526,2024,DVF
Villespy,1433,2024,DVF
Villespy|11,1433,2024,DVF
Villesèque-des-Corbières,2291,2024,DVF
Villesèque-des-Corbières|11,2291,2024,DVF
Villesèquelande,1693,2024,DVF
Villesèquelande|11,1693,2024,DVF
Villetaneuse,3311,2024,DVF
Villetaneuse|93,3311,2024,DVF
Villetelle,3344,2024,DVF
Villetelle|34,3344,2024,DVF
Villethierry,1771,2024,DVF
Villethierry|89,1771,2024,DVF
Villeton,3189,2024,DVF
Villeton|47,3189,2024,DVF
Villetoureix,1106,2024,DVF
Villetoureix|24,1106,2024,DVF
Villette,2847,2024,DVF
Villette-d'Anthon,3727,2024,DVF
Villette-d'Anthon|38,3727,2024,DVF
Villette-de-Vienne,3517,2024,DVF
Villette-de-Vienne|38,3517,2024,DVF
Villette-lès-Dole,1868,2024,DVF
Villette-lès-Dole|39,1868,2024,DVF
Villette-sur-Ain,3156,2024,DVF
Villette-sur-Ain|01,3156,2024,DVF
Villette|78,2847,2024,DVF
Villeurbanne,3605,2024,DVF
Villeurbanne|69,3605,2024,DVF
Villevallier,1015,2024,DVF
Villevallier|89,1015,2024,DVF
Villevaudé,3219,2024,DVF
Villevaudé|77,3219,2024,DVF
Villeveyrac,2570,2024,DVF
Villeveyrac|34,2570,2024,DVF
Villevieille,3104,2024,DVF
Villevieille|30,3104,2024,DVF
Villevocance,1976,2024,DVF
Villevocance|07,1976,2024,DVF
Villey-Saint-Étienne,1727,2024,DVF
Villey-Saint-Étienne|54,1727,2024,DVF
Villey-le-Sec,1619,2024,DVF
Villey-le-Sec|54,1619,2024,DVF
Ville|60,1535,2024,DVF
Villiers,1561,2024,DVF
Villiers-Adam,3336,2024,DVF
Villiers-Adam|95,3336,2024,DVF
Villiers-Charlemagne,1411,2024,DVF
Villiers-Charlemagne|53,1411,2024,DVF
Villiers-Fossard,1206,2024,DVF
Villiers-Fossard|50,1206,2024,DVF
Villiers-Saint-Benoît,1451,2024,DVF
Villiers-Saint-Benoît|89,1451,2024,DVF
Villiers-Saint-Denis,2099,2024,DVF
Villiers-Saint-Denis|02,2099,2024,DVF
Villiers-Saint-Frédéric,3780,2024,DVF
Villiers-Saint-Frédéric|78,3780,2024,DVF
Villiers-Saint-Georges,1578,2024,DVF
Villiers-Saint-Georges|77,1578,2024,DVF
Villiers-Vineux,1139,2024,DVF
Villiers-Vineux|89,1139,2024,DVF
Villiers-au-Bouin,1437,2024,DVF
Villiers-au-Bouin|37,1437,2024,DVF
Villiers-en-Désœuvre,2085,2024,DVF
Villiers-en-Désœuvre|27,2085,2024,DVF
Villiers-en-Lieu,1590,2024,DVF
Villiers-en-Lieu|52,1590,2024,DVF
Villiers-en-Plaine,1432,2024,DVF
Villiers-en-Plaine|79,1432,2024,DVF
Villiers-le-Bel,2535,2024,DVF
Villiers-le-Bel|95,2535,2024,DVF
Villiers-le-Bâcle,6569,2024,DVF
Villiers-le-Bâcle|91,6569,2024,DVF
Villiers-le-Morhier,2401,2024,DVF
Villiers-le-Morhier|28,2401,2024,DVF
Villiers-le-Sec,1481,2024,DVF
Villiers-le-Sec|52,1481,2024,DVF
Villiers-sous-Grez,1984,2024,DVF
Villiers-sous-Grez|77,1984,2024,DVF
Villiers-sur-Loir,1840,2024,DVF
Villiers-sur-Loir|41,1840,2024,DVF
Villiers-sur-Marne,3979,2024,DVF
Villiers-sur-Marne|94,3979,2024,DVF
Villiers-sur-Morin,3375,2024,DVF
Villiers-sur-Morin|77,3375,2024,DVF
Villiers-sur-Orge,3480,2024,DVF
Villiers-sur-Orge|91,3480,2024,DVF
Villiers|86,1561,2024,DVF
Villieu-Loyes-Mollon,2785,2024,DVF
Villieu-Loyes-Mollon|01,2785,2024,DVF
Villié-Morgon,2253,2024,DVF
Villié-Morgon|69,2253,2024,DVF
Villognon,993,2024,DVF
Villognon|16,993,2024,DVF
Villons-les-Buissons,3089,2024,DVF
Villons-les-Buissons|14,3089,2024,DVF
Villorceau,2058,2024,DVF
Villorceau|45,2058,2024,DVF
Villossanges,938,2024,DVF
Villossanges|63,938,2024,DVF
Villuis,1471,2024,DVF
Villuis|77,1471,2024,DVF
Villy-le-Moutier,2316,2024,DVF
Villy-le-Moutier|21,2316,2024,DVF
Villy-le-Pelloux,5081,2024,DVF
Villy-le-Pelloux|74,5081,2024,DVF
Villécloye,1228,2024,DVF
Villécloye|55,1228,2024,DVF
Vilosnes-Haraumont,734,2024,DVF
Vilosnes-Haraumont|55,734,2024,DVF
Vimartin-sur-Orthe,1195,2024,DVF
Vimartin-sur-Orthe|53,1195,2024,DVF
Vimenet,1109,2024,DVF
Vimenet|12,1109,2024,DVF
Vimines,3558,2024,DVF
Vimines|73,3558,2024,DVF
Vimont,2531,2024,DVF
Vimont|14,2531,2024,DVF
Vimory,1606,2024,DVF
Vimory|45,1606,2024,DVF
Vimoutiers,1219,2024,DVF
Vimoutiers|61,1219,2024,DVF
Vimy,1998,2024,DVF
Vimy|62,1998,2024,DVF
Vinassan,2619,2024,DVF
Vinassan|11,2619,2024,DVF
Vinay,2458,2024,DVF
Vinay|38,2458,2024,DVF
Vinay|51,2066,2024,DVF
Vincelles,1575,2024,DVF
Vincelles|51,1467,2024,DVF
Vincelles|89,1575,2024,DVF
Vincelottes,1328,2024,DVF
Vincelottes|89,1328,2024,DVF
Vincennes,8671,2024,DVF
Vincennes|94,8671,2024,DVF
Vincent-Froideville,1995,2024,DVF
Vincent-Froideville|39,1995,2024,DVF
Vincey,1226,2024,DVF
Vincey|88,1226,2024,DVF
Vindelle,1526,2024,DVF
Vindelle|16,1526,2024,DVF
Vindrac-Alayrac,2134,2024,DVF
Vindrac-Alayrac|81,2134,2024,DVF
Vindry-sur-Turdine,2823,2024,DVF
Vindry-sur-Turdine|69,2823,2024,DVF
Vineuil,2199,2024,DVF
Vineuil-Saint-Firmin,4385,2024,DVF
Vineuil-Saint-Firmin|60,4385,2024,DVF
Vineuil|36,1427,2024,DVF
Vineuil|41,2199,2024,DVF
Vinezac,2713,2024,DVF
Vinezac|07,2713,2024,DVF
Vingrau,1526,2024,DVF
Vingrau|66,1526,2024,DVF
Vinneuf,1905,2024,DVF
Vinneuf|89,1905,2024,DVF
Vinon-sur-Verdon,2825,2024,DVF
Vinon-sur-Verdon|83,2825,2024,DVF
Vins-sur-Caramy,2052,2024,DVF
Vins-sur-Caramy|83,2052,2024,DVF
Vinsobres,2767,2024,DVF
Vinsobres|26,2767,2024,DVF
Vinzelles,2244,2024,DVF
Vinzelles|71,2244,2024,DVF
Vinzier,5127,2024,DVF
Vinzier|74,5127,2024,DVF
Vinzieux,2819,2024,DVF
Vinzieux|07,2819,2024,DVF
Vinça,1767,2024,DVF
Vinça|66,1767,2024,DVF
Viodos-Abense-de-Bas,1710,2024,DVF
Viodos-Abense-de-Bas|64,1710,2024,DVF
Violaines,1812,2024,DVF
Violaines|62,1812,2024,DVF
Violay,1716,2024,DVF
Violay|42,1716,2024,DVF
Violès,2941,2024,DVF
Violès|84,2941,2024,DVF
Vion,1413,2024,DVF
Vions,2100,2024,DVF
Vions|73,2100,2024,DVF
Vion|07,2199,2024,DVF
Vion|72,1413,2024,DVF
Viplaix,701,2024,DVF
Viplaix|03,701,2024,DVF
Virandeville,2366,2024,DVF
Virandeville|50,2366,2024,DVF
Virazeil,1554,2024,DVF
Virazeil|47,1554,2024,DVF
Vire Normandie,1590,2024,DVF
Vire Normandie|14,1590,2024,DVF
Vire-sur-Lot,2191,2024,DVF
Vire-sur-Lot|46,2191,2024,DVF
Virecourt,1311,2024,DVF
Virecourt|54,1311,2024,DVF
Virelade,2444,2024,DVF
Virelade|33,2444,2024,DVF
Vireux-Molhain,1311,2024,DVF
Vireux-Molhain|08,1311,2024,DVF
Vireux-Wallerand,1482,2024,DVF
Vireux-Wallerand|08,1482,2024,DVF
Virey-le-Grand,1831,2024,DVF
Virey-le-Grand|71,1831,2024,DVF
Viriat,2412,2024,DVF
Viriat|01,2412,2024,DVF
Viricelles,2378,2024,DVF
Viricelles|42,2378,2024,DVF
Virieu-le-Grand,1625,2024,DVF
Virieu-le-Grand|01,1625,2024,DVF
Virigneux,1286,2024,DVF
Virigneux|42,1286,2024,DVF
Virignin,2687,2024,DVF
Virignin|01,2687,2024,DVF
Viriville,1992,2024,DVF
Viriville|38,1992,2024,DVF
Viroflay,6026,2024,DVF
Viroflay|78,6026,2024,DVF
Virsac,2712,2024,DVF
Virsac|33,2712,2024,DVF
Virson,2188,2024,DVF
Virson|17,2188,2024,DVF
Viry,4669,2024,DVF
Viry-Châtillon,3242,2024,DVF
Viry-Châtillon|91,3242,2024,DVF
Viry-Noureuil,1151,2024,DVF
Viry-Noureuil|02,1151,2024,DVF
Viry|39,2091,2024,DVF
Viry|74,4669,2024,DVF
Viré,1870,2024,DVF
Viré|71,1870,2024,DVF
Visan,2447,2024,DVF
Visan|84,2447,2024,DVF
Viscomtat,918,2024,DVF
Viscomtat|63,918,2024,DVF
Visseiche,1373,2024,DVF
Visseiche|35,1373,2024,DVF
Viterne,1513,2024,DVF
Viterne|54,1513,2024,DVF
Vitrac,2978,2024,DVF
Vitrac|24,2978,2024,DVF
Vitrey-sur-Mance,609,2024,DVF
Vitrey-sur-Mance|70,609,2024,DVF
Vitrolles,3592,2024,DVF
Vitrolles|13,3592,2024,DVF
Vitry-aux-Loges,1930,2024,DVF
Vitry-aux-Loges|45,1930,2024,DVF
Vitry-en-Artois,1611,2024,DVF
Vitry-en-Artois|62,1611,2024,DVF
Vitry-en-Charollais,1726,2024,DVF
Vitry-en-Charollais|71,1726,2024,DVF
Vitry-en-Perthois,1324,2024,DVF
Vitry-en-Perthois|51,1324,2024,DVF
Vitry-le-François,1155,2024,DVF
Vitry-le-François|51,1155,2024,DVF
Vitry-sur-Loire,948,2024,DVF
Vitry-sur-Loire|71,948,2024,DVF
Vitry-sur-Seine,4393,2024,DVF
Vitry-sur-Seine|94,4393,2024,DVF
Vitré,2565,2024,DVF
Vitré|35,2565,2024,DVF
Vitteaux,969,2024,DVF
Vitteaux|21,969,2024,DVF
Vittefleur,2312,2024,DVF
Vittefleur|76,2312,2024,DVF
Vittel,1411,2024,DVF
Vittel|88,1411,2024,DVF
Viuz-en-Sallaz,3671,2024,DVF
Viuz-en-Sallaz|74,3671,2024,DVF
Viuz-la-Chiésaz,3862,2024,DVF
Viuz-la-Chiésaz|74,3862,2024,DVF
Vivaise,1235,2024,DVF
Vivaise|02,1235,2024,DVF
Viverols,1348,2024,DVF
Viverols|63,1348,2024,DVF
Vivier-au-Court,1356,2024,DVF
Vivier-au-Court|08,1356,2024,DVF
Viviers,1748,2024,DVF
Viviers-du-Lac,4201,2024,DVF
Viviers-du-Lac|73,4201,2024,DVF
Viviers-le-Gras,873,2024,DVF
Viviers-le-Gras|88,873,2024,DVF
Viviers-lès-Montagnes,1609,2024,DVF
Viviers-lès-Montagnes|81,1609,2024,DVF
Viviers-sur-Chiers,2068,2024,DVF
Viviers-sur-Chiers|54,2068,2024,DVF
Viviers|07,1748,2024,DVF
Viviez,920,2024,DVF
Viviez|12,920,2024,DVF
Vivoin,1475,2024,DVF
Vivoin|72,1475,2024,DVF
Vivonne,1759,2024,DVF
Vivonne|86,1759,2024,DVF
Vivy,1877,2024,DVF
Vivy|49,1877,2024,DVF
Vix,1445,2024,DVF
Vix|85,1445,2024,DVF
Vizille,2288,2024,DVF
Vizille|38,2288,2024,DVF
Viévy,1059,2024,DVF
Viévy|21,1059,2024,DVF
Vocance,1506,2024,DVF
Vocance|07,1506,2024,DVF
Voglans,4319,2024,DVF
Voglans|73,4319,2024,DVF
Vogüé,2499,2024,DVF
Vogüé|07,2499,2024,DVF
Void-Vacon,1288,2024,DVF
Void-Vacon|55,1288,2024,DVF
Voinémont,1845,2024,DVF
Voinémont|54,1845,2024,DVF
Voiron,2515,2024,DVF
Voiron|38,2515,2024,DVF
Voisenon,3534,2024,DVF
Voisenon|77,3534,2024,DVF
Voisey,1278,2024,DVF
Voisey|52,1278,2024,DVF
Voisines,1425,2024,DVF
Voisines|89,1425,2024,DVF
Voisins-le-Bretonneux,4320,2024,DVF
Voisins-le-Bretonneux|78,4320,2024,DVF
Voissant,2302,2024,DVF
Voissant|38,2302,2024,DVF
Voiteur,1542,2024,DVF
Voiteur|39,1542,2024,DVF
Voivres-lès-le-Mans,1733,2024,DVF
Voivres-lès-le-Mans|72,1733,2024,DVF
Volckerinckhove,1534,2024,DVF
Volckerinckhove|59,1534,2024,DVF
Volesvres,1793,2024,DVF
Volesvres|71,1793,2024,DVF
Vollore-Ville,1078,2024,DVF
Vollore-Ville|63,1078,2024,DVF
Volonne,1367,2024,DVF
Volonne|04,1367,2024,DVF
Volvic,2038,2024,DVF
Volvic|63,2038,2024,DVF
Volx,2516,2024,DVF
Volx|04,2516,2024,DVF
Vonnas,2301,2024,DVF
Vonnas|01,2301,2024,DVF
Voray-sur-l'Ognon,2142,2024,DVF
Voray-sur-l'Ognon|70,2142,2024,DVF
Voreppe,2879,2024,DVF
Voreppe|38,2879,2024,DVF
Vorey,1745,2024,DVF
Vorey|43,1745,2024,DVF
Vornay,1258,2024,DVF
Vornay|18,1258,2024,DVF
Voudenay,1139,2024,DVF
Voudenay|21,1139,2024,DVF
Vougy,1851,2024,DVF
Vougy|42,1851,2024,DVF
Vougy|74,3729,2024,DVF
Vouhenans,1352,2024,DVF
Vouhenans|70,1352,2024,DVF
Vouhé,1641,2024,DVF
Vouhé|17,1641,2024,DVF
Vouillé,1714,2024,DVF
Vouillé-les-Marais,1323,2024,DVF
Vouillé-les-Marais|85,1323,2024,DVF
Vouillé|79,2113,2024,DVF
Vouillé|86,1714,2024,DVF
Voujeaucourt,1660,2024,DVF
Voujeaucourt|25,1660,2024,DVF
Voulaines-les-Templiers,581,2024,DVF
Voulaines-les-Templiers|21,581,2024,DVF
Voulangis,2667,2024,DVF
Voulangis|77,2667,2024,DVF
Voulmentin,1185,2024,DVF
Voulmentin|79,1185,2024,DVF
Voulton,1639,2024,DVF
Voulton|77,1639,2024,DVF
Voulx,1974,2024,DVF
Voulx|77,1974,2024,DVF
Voulême,1200,2024,DVF
Voulême|86,1200,2024,DVF
Vouneuil-sous-Biard,2164,2024,DVF
Vouneuil-sous-Biard|86,2164,2024,DVF
Vouneuil-sur-Vienne,1505,2024,DVF
Vouneuil-sur-Vienne|86,1505,2024,DVF
Vourey,2503,2024,DVF
Vourey|38,2503,2024,DVF
Vourles,4556,2024,DVF
Vourles|69,4556,2024,DVF
Voussac,1347,2024,DVF
Voussac|03,1347,2024,DVF
Voutezac,1658,2024,DVF
Voutezac|19,1658,2024,DVF
Vouthon,1022,2024,DVF
Vouthon|16,1022,2024,DVF
Voutré,1289,2024,DVF
Voutré|53,1289,2024,DVF
Vouvant,1728,2024,DVF
Vouvant|85,1728,2024,DVF
Vouvray,2897,2024,DVF
Vouvray|37,2897,2024,DVF
Vouzeron,1332,2024,DVF
Vouzeron|18,1332,2024,DVF
Vouziers,994,2024,DVF
Vouziers|08,994,2024,DVF
Vouzon,1835,2024,DVF
Vouzon|41,1835,2024,DVF
Voué,1634,2024,DVF
Voué|10,1634,2024,DVF
Vovray-en-Bornes,3899,2024,DVF
Vovray-en-Bornes|74,3899,2024,DVF
Voyenne,960,2024,DVF
Voyennes,1013,2024,DVF
Voyennes|80,1013,2024,DVF
Voyenne|02,960,2024,DVF
Vraiville,1942,2024,DVF
Vraiville|27,1942,2024,DVF
Vred,1827,2024,DVF
Vred|59,1827,2024,DVF
Vrigne aux Bois,1619,2024,DVF
Vrigne aux Bois|08,1619,2024,DVF
Vrigny,1678,2024,DVF
Vrigny|45,1678,2024,DVF
Vron,2181,2024,DVF
Vron|80,2181,2024,DVF
Vue,2598,2024,DVF
Vue|44,2598,2024,DVF
Vuillafans,1626,2024,DVF
Vuillafans|25,1626,2024,DVF
Vuillecin,2648,2024,DVF
Vuillecin|25,2648,2024,DVF
Vulaines-sur-Seine,3044,2024,DVF
Vulaines-sur-Seine|77,3044,2024,DVF
Vulbens,4302,2024,DVF
Vulbens|74,4302,2024,DVF
Vélines,1403,2024,DVF
Vélines|24,1403,2024,DVF
Vélizy-Villacoublay,4863,2024,DVF
Vélizy-Villacoublay|78,4863,2024,DVF
Vémars,3488,2024,DVF
Vémars|95,3488,2024,DVF
Vénissieux,2888,2024,DVF
Vénissieux|69,2888,2024,DVF
Vénès,2294,2024,DVF
Vénès|81,2294,2024,DVF
Vénéjan,2153,2024,DVF
Vénéjan|30,2153,2024,DVF
Vénérand,1824,2024,DVF
Vénérand|17,1824,2024,DVF
Vérac,1989,2024,DVF
Vérac|33,1989,2024,DVF
Véranne,1771,2024,DVF
Véranne|42,1771,2024,DVF
Véretz,2507,2024,DVF
Véretz|37,2507,2024,DVF
Vérin,2995,2024,DVF
Vérines,2844,2024,DVF
Vérines|17,2844,2024,DVF
Vérin|42,2995,2024,DVF
Véron,1716,2024,DVF
Véronnes,2223,2024,DVF
Véronnes|21,2223,2024,DVF
Véron|89,1716,2024,DVF
Vétheuil,3402,2024,DVF
Vétheuil|95,3402,2024,DVF
Vétraz-Monthoux,4626,2024,DVF
Vétraz-Monthoux|74,4626,2024,DVF
Vézac,1868,2024,DVF
Vézac|15,1868,2024,DVF
Vézac|24,2215,2024,DVF
Vézelay,2759,2024,DVF
Vézelay|89,2759,2024,DVF
Vézelise,1862,2024,DVF
Vézelise|54,1862,2024,DVF
Vézelois,2184,2024,DVF
Vézelois|90,2184,2024,DVF
Vézeronce-Curtin,2188,2024,DVF
Vézeronce-Curtin|38,2188,2024,DVF
Vézins-de-Lévézou,1147,2024,DVF
Vézins-de-Lévézou|12,1147,2024,DVF
Vézières,1296,2024,DVF
Vézières|86,1296,2024,DVF
Vézénobres,2553,2024,DVF
Vézénobres|30,2553,2024,DVF
Vêtre-sur-Anzon,1251,2024,DVF
Vêtre-sur-Anzon|42,1251,2024,DVF
Vœuil-et-Giget,1510,2024,DVF
Vœuil-et-Giget|16,1510,2024,DVF
Waben,2686,2024,DVF
Waben|62,2686,2024,DVF
Wadelincourt,1244,2024,DVF
Wadelincourt|08,1244,2024,DVF
Wahagnies,2047,2024,DVF
Wahagnies|59,2047,2024,DVF
Wail,1340,2024,DVF
Wailly,1945,2024,DVF
Wailly-Beaucamp,2273,2024,DVF
Wailly-Beaucamp|62,2273,2024,DVF
Wailly|62,1945,2024,DVF
Wail|62,1340,2024,DVF
Walincourt-Selvigny,990,2024,DVF
Walincourt-Selvigny|59,990,2024,DVF
Wallers,1555,2024,DVF
Wallers|59,1555,2024,DVF
Wallon-Cappel,2084,2024,DVF
Wallon-Cappel|59,2084,2024,DVF
Wambaix,1094,2024,DVF
Wambaix|59,1094,2024,DVF
Wambrechies,3321,2024,DVF
Wambrechies|59,3321,2024,DVF
Wanchy-Capval,1811,2024,DVF
Wanchy-Capval|76,1811,2024,DVF
Wancourt,2113,2024,DVF
Wancourt|62,2113,2024,DVF
Wandignies-Hamage,2091,2024,DVF
Wandignies-Hamage|59,2091,2024,DVF
Wannehain,3133,2024,DVF
Wannehain|59,3133,2024,DVF
Warcq,1876,2024,DVF
Warcq|08,1876,2024,DVF
Wardrecques,2052,2024,DVF
Wardrecques|62,2052,2024,DVF
Wargnies-le-Grand,1766,2024,DVF
Wargnies-le-Grand|59,1766,2024,DVF
Wargnies-le-Petit,1517,2024,DVF
Wargnies-le-Petit|59,1517,2024,DVF
Warhem,1832,2024,DVF
Warhem|59,1832,2024,DVF
Warluis,2145,2024,DVF
Warluis|60,2145,2024,DVF
Warmeriville,2320,2024,DVF
Warmeriville|51,2320,2024,DVF
Wasnes-au-Bac,1331,2024,DVF
Wasnes-au-Bac|59,1331,2024,DVF
Wasquehal,3332,2024,DVF
Wasquehal|59,3332,2024,DVF
Wassigny,716,2024,DVF
Wassigny|02,716,2024,DVF
Wassy,1208,2024,DVF
Wassy|52,1208,2024,DVF
Watten,1387,2024,DVF
Watten|59,1387,2024,DVF
Wattignies,2210,2024,DVF
Wattignies|59,2210,2024,DVF
Wattrelos,1893,2024,DVF
Wattrelos|59,1893,2024,DVF
Wavignies,1974,2024,DVF
Wavignies|60,1974,2024,DVF
Wavrans-sur-l'Aa,1417,2024,DVF
Wavrans-sur-l'Aa|62,1417,2024,DVF
Wavrechain-sous-Denain,1254,2024,DVF
Wavrechain-sous-Denain|59,1254,2024,DVF
Wavrin,2556,2024,DVF
Wavrin|59,2556,2024,DVF
Waziers,1388,2024,DVF
Waziers|59,1388,2024,DVF
Wervicq-Sud,2820,2024,DVF
Wervicq-Sud|59,2820,2024,DVF
West-Cappel,2223,2024,DVF
West-Cappel|59,2223,2024,DVF
Wignehies,1086,2024,DVF
Wignehies|59,1086,2024,DVF
Willems,2837,2024,DVF
Willems|59,2837,2024,DVF
Willerval,1970,2024,DVF
Willerval|62,1970,2024,DVF
Wimereux,4734,2024,DVF
Wimereux|62,4734,2024,DVF
Wimille,2465,2024,DVF
Wimille|62,2465,2024,DVF
Wingles,1694,2024,DVF
Wingles|62,1694,2024,DVF
Winnezeele,1656,2024,DVF
Winnezeele|59,1656,2024,DVF
Wirwignes,1898,2024,DVF
Wirwignes|62,1898,2024,DVF
Wisembach,1512,2024,DVF
Wisembach|88,1512,2024,DVF
Wismes,1543,2024,DVF
Wismes|62,1543,2024,DVF
Wissant,5314,2024,DVF
Wissant|62,5314,2024,DVF
Wissous,4102,2024,DVF
Wissous|91,4102,2024,DVF
Witry-lès-Reims,2515,2024,DVF
Witry-lès-Reims|51,2515,2024,DVF
Witternesse,1830,2024,DVF
Witternesse|62,1830,2024,DVF
Wittes,1762,2024,DVF
Wittes|62,1762,2024,DVF
Wizernes,1823,2024,DVF
Wizernes|62,1823,2024,DVF
Woignarue,2721,2024,DVF
Woignarue|80,2721,2024,DVF
Woincourt,1689,2024,DVF
Woincourt|80,1689,2024,DVF
Wormhout,1987,2024,DVF
Wormhout|59,1987,2024,DVF
Wy-dit-Joli-Village,2529,2024,DVF
Wy-dit-Joli-Village|95,2529,2024,DVF
Xaintray,1354,2024,DVF
Xaintray|79,1354,2024,DVF
Xambes,1284,2024,DVF
Xambes|16,1284,2024,DVF
Xanton-Chassenon,1915,2024,DVF
Xanton-Chassenon|85,1915,2024,DVF
Xermaménil,1703,2024,DVF
Xermaménil|54,1703,2024,DVF
Xertigny,1213,2024,DVF
Xertigny|88,1213,2024,DVF
Xeuilley,1865,2024,DVF
Xeuilley|54,1865,2024,DVF
Xirocourt,1457,2024,DVF
Xirocourt|54,1457,2024,DVF
Xivry-Circourt,1616,2024,DVF
Xivry-Circourt|54,1616,2024,DVF
Xonrupt-Longemer,3394,2024,DVF
Xonrupt-Longemer|88,3394,2024,DVF
Yainville,2126,2024,DVF
Yainville|76,2126,2024,DVF
Ychoux,2740,2024,DVF
Ychoux|40,2740,2024,DVF
Ydes,1121,2024,DVF
Ydes|15,1121,2024,DVF
Yenne,2364,2024,DVF
Yenne|73,2364,2024,DVF
Yermenonville,2275,2024,DVF
Yermenonville|28,2275,2024,DVF
Yerres,3657,2024,DVF
Yerres|91,3657,2024,DVF
Yerville,2053,2024,DVF
Yerville|76,2053,2024,DVF
Yffiniac,2124,2024,DVF
Yffiniac|22,2124,2024,DVF
Ygos-Saint-Saturnin,1617,2024,DVF
Ygos-Saint-Saturnin|40,1617,2024,DVF
Ygrande,1394,2024,DVF
Ygrande|03,1394,2024,DVF
Ymare,2090,2024,DVF
Ymare|76,2090,2024,DVF
Ymeray,2765,2024,DVF
Ymeray|28,2765,2024,DVF
Ymonville,1711,2024,DVF
Ymonville|28,1711,2024,DVF
Yolet,1370,2024,DVF
Yolet|15,1370,2024,DVF
Youx,827,2024,DVF
Youx|63,827,2024,DVF
Yport,3420,2024,DVF
Yport|76,3420,2024,DVF
Ypreville-Biville,1805,2024,DVF
Ypreville-Biville|76,1805,2024,DVF
Yquelon,2821,2024,DVF
Yquelon|50,2821,2024,DVF
Yronde-et-Buron,1512,2024,DVF
Yronde-et-Buron|63,1512,2024,DVF
Yssandon,1696,2024,DVF
Yssandon|19,1696,2024,DVF
Yssingeaux,1809,2024,DVF
Yssingeaux|43,1809,2024,DVF
Ytrac,1858,2024,DVF
Ytrac|15,1858,2024,DVF
Yvecrique,1878,2024,DVF
Yvecrique|76,1878,2024,DVF
Yversay,1628,2024,DVF
Yversay|86,1628,2024,DVF
Yves,2638,2024,DVF
Yves|17,2638,2024,DVF
Yvetot,2121,2024,DVF
Yvetot|76,2121,2024,DVF
Yvias,1463,2024,DVF
Yvias|22,1463,2024,DVF
Yviers,1794,2024,DVF
Yviers|16,1794,2024,DVF
Yvignac-la-Tour,1625,2024,DVF
Yvignac-la-Tour|22,1625,2024,DVF
Yvoire,5021,2024,DVF
Yvoire|74,5021,2024,DVF
Yvrac,3011,2024,DVF
Yvrac-et-Malleyrand,1464,2024,DVF
Yvrac-et-Malleyrand|16,1464,2024,DVF
Yvrac|33,3011,2024,DVF
Yvré-l'Évêque,1943,2024,DVF
Yvré-l'Évêque|72,1943,2024,DVF
Yvré-le-Pôlin,1696,2024,DVF
Yvré-le-Pôlin|72,1696,2024,DVF
Yzengremer,1705,2024,DVF
Yzengremer|80,1705,2024,DVF
Yzernay,1518,2024,DVF
Yzernay|49,1518,2024,DVF
Yzeron,3288,2024,DVF
Yzeron|69,3288,2024,DVF
Yzeure,1507,2024,DVF
Yzeures-sur-Creuse,1752,2024,DVF
Yzeures-sur-Creuse|37,1752,2024,DVF
Yzeure|03,1507,2024,DVF
Yèbles,2699,2024,DVF
Yèbles|77,2699,2024,DVF
Yèvre-la-Ville,2055,2024,DVF
Yèvre-la-Ville|45,2055,2024,DVF
Yèvres,1611,2024,DVF
Yèvres|28,1611,2024,DVF
Yébleron,1828,2024,DVF
Yébleron|76,1828,2024,DVF
Zegerscappel,1789,2024,DVF
Zegerscappel|59,1789,2024,DVF
Zonza,6354,2024,DVF
Zonza|2A,6354,2024,DVF
Zutkerque,1885,2024,DVF
Zutkerque|62,1885,2024,DVF
Zuydcoote,2803,2024,DVF
Zuydcoote|59,2803,2024,DVF
prov:01,2859,2024,DVF
prov:02,1359,2024,DVF
prov:03,1373,2024,DVF
prov:04,2437,2024,DVF
prov:05,2977,2024,DVF
prov:06,5201,2024,DVF
prov:07,2130,2024,DVF
prov:08,1337,2024,DVF
prov:09,1643,2024,DVF
prov:10,1611,2024,DVF
prov:11,2209,2024,DVF
prov:12,1689,2024,DVF
prov:13,3860,2024,DVF
prov:14,3033,2024,DVF
prov:15,1442,2024,DVF
prov:16,1507,2024,DVF
prov:17,3217,2024,DVF
prov:18,1338,2024,DVF
prov:19,1578,2024,DVF
prov:21,2351,2024,DVF
prov:22,2234,2024,DVF
prov:23,1067,2024,DVF
prov:24,1741,2024,DVF
prov:25,2115,2024,DVF
prov:26,2328,2024,DVF
prov:27,1985,2024,DVF
prov:28,1951,2024,DVF
prov:29,2312,2024,DVF
prov:2A,4515,2024,DVF
prov:2B,3334,2024,DVF
prov:30,2709,2024,DVF
prov:31,2945,2024,DVF
prov:32,1679,2024,DVF
prov:33,3666,2024,DVF
prov:34,3374,2024,DVF
prov:35,3013,2024,DVF
prov:36,1175,2024,DVF
prov:37,2406,2024,DVF
prov:38,2809,2024,DVF
prov:39,1824,2024,DVF
prov:40,3230,2024,DVF
prov:41,1651,2024,DVF
prov:42,1751,2024,DVF
prov:43,1624,2024,DVF
prov:44,3341,2024,DVF
prov:45,2052,2024,DVF
prov:46,1717,2024,DVF
prov:47,1632,2024,DVF
prov:48,1759,2024,DVF
prov:49,2303,2024,DVF
prov:50,2111,2024,DVF
prov:51,2175,2024,DVF
prov:52,1124,2024,DVF
prov:53,1626,2024,DVF
prov:54,1941,2024,DVF
prov:55,1211,2024,DVF
prov:56,3010,2024,DVF
prov:58,1170,2024,DVF
prov:59,2258,2024,DVF
prov:60,2342,2024,DVF
prov:61,1475,2024,DVF
prov:62,2056,2024,DVF
prov:63,2028,2024,DVF
prov:64,3559,2024,DVF
prov:65,1946,2024,DVF
prov:66,2643,2024,DVF
prov:68,500,2024,DVF
prov:69,3803,2024,DVF
prov:70,1318,2024,DVF
prov:71,1559,2024,DVF
prov:72,1687,2024,DVF
prov:73,4321,2024,DVF
prov:74,4804,2024,DVF
prov:75,9674,2024,DVF
prov:76,2256,2024,DVF
prov:77,3086,2024,DVF
prov:78,4275,2024,DVF
prov:79,1505,2024,DVF
prov:80,1960,2024,DVF
prov:81,1786,2024,DVF
prov:82,1877,2024,DVF
prov:83,4411,2024,DVF
prov:84,2836,2024,DVF
prov:85,2794,2024,DVF
prov:86,1659,2024,DVF
prov:87,1571,2024,DVF
prov:88,1552,2024,DVF
prov:89,1487,2024,DVF
prov:90,1564,2024,DVF
prov:91,3273,2024,DVF
prov:92,6749,2024,DVF
prov:93,4232,2024,DVF
prov:94,5153,2024,DVF
prov:95,3519,2024,DVF
Èze,8684,2024,DVF
Èze|06,8684,2024,DVF
Ébreuil,1375,2024,DVF
Ébreuil|03,1375,2024,DVF
Écaillon,1407,2024,DVF
Écaillon|59,1407,2024,DVF
Écalles-Alix,1911,2024,DVF
Écalles-Alix|76,1911,2024,DVF
Écaquelon,1902,2024,DVF
Écaquelon|27,1902,2024,DVF
Écardenville-la-Campagne,1636,2024,DVF
Écardenville-la-Campagne|27,1636,2024,DVF
Échalas,2997,2024,DVF
Échalas|69,2997,2024,DVF
Échandelys,1055,2024,DVF
Échandelys|63,1055,2024,DVF
Échauffour,1239,2024,DVF
Échauffour|61,1239,2024,DVF
Échenevex,5073,2024,DVF
Échenevex|01,5073,2024,DVF
Échenon,1965,2024,DVF
Échenon|21,1965,2024,DVF
Échenoz-la-Méline,1684,2024,DVF
Échenoz-la-Méline|70,1684,2024,DVF
Échillais,2415,2024,DVF
Échillais|17,2415,2024,DVF
Échilleuses,1241,2024,DVF
Échilleuses|45,1241,2024,DVF
Échirolles,1982,2024,DVF
Échirolles|38,1982,2024,DVF
Échiré,1983,2024,DVF
Échiré|79,1983,2024,DVF
Éclaron-Braucourt-Sainte-Livière,1157,2024,DVF
Éclaron-Braucourt-Sainte-Livière|52,1157,2024,DVF
Écoche,1253,2024,DVF
Écoche|42,1253,2024,DVF
École,1962,2024,DVF
École-Valentin,2643,2024,DVF
École-Valentin|25,2643,2024,DVF
École|73,1962,2024,DVF
Écommoy,1671,2024,DVF
Écommoy|72,1671,2024,DVF
Écorcei,1526,2024,DVF
Écorcei|61,1526,2024,DVF
Écotay-l'Olme,2051,2024,DVF
Écotay-l'Olme|42,2051,2024,DVF
Écouché-les-Vallées,1540,2024,DVF
Écouché-les-Vallées|61,1540,2024,DVF
Écouen,3400,2024,DVF
Écouen|95,3400,2024,DVF
Écouflant,2549,2024,DVF
Écouflant|49,2549,2024,DVF
Écouis,2137,2024,DVF
Écouis|27,2137,2024,DVF
Écourt-Saint-Quentin,1397,2024,DVF
Écourt-Saint-Quentin|62,1397,2024,DVF
Écoust-Saint-Mein,1522,2024,DVF
Écoust-Saint-Mein|62,1522,2024,DVF
Écouves,1457,2024,DVF
Écouves|61,1457,2024,DVF
Écoyeux,1653,2024,DVF
Écoyeux|17,1653,2024,DVF
Écrainville,2596,2024,DVF
Écrainville|76,2596,2024,DVF
Écretteville-lès-Baons,1636,2024,DVF
Écretteville-lès-Baons|76,1636,2024,DVF
Écrosnes,2835,2024,DVF
Écrosnes|28,2835,2024,DVF
Écrouves,1658,2024,DVF
Écrouves|54,1658,2024,DVF
Écueillé,932,2024,DVF
Écueillé|36,932,2024,DVF
Écuillé,2092,2024,DVF
Écuillé|49,2092,2024,DVF
Écuisses,1382,2024,DVF
Écuisses|71,1382,2024,DVF
Écully,4448,2024,DVF
Écully|69,4448,2024,DVF
Écuras,1365,2024,DVF
Écuras|16,1365,2024,DVF
Égat,2889,2024,DVF
Égat|66,2889,2024,DVF
Égleny,1326,2024,DVF
Égleny|89,1326,2024,DVF
Égletons,1257,2024,DVF
Égletons|19,1257,2024,DVF
Égliseneuve-d'Entraigues,1262,2024,DVF
Égliseneuve-d'Entraigues|63,1262,2024,DVF
Égliseneuve-près-Billom,1907,2024,DVF
Égliseneuve-près-Billom|63,1907,2024,DVF
Égly,3131,2024,DVF
Égly|91,3131,2024,DVF
Égreville,1703,2024,DVF
Égreville|77,1703,2024,DVF
Égriselles-le-Bocage,1575,2024,DVF
Égriselles-le-Bocage|89,1575,2024,DVF
Éguilles,6354,2024,DVF
Éguilles|13,6354,2024,DVF
Éguzon-Chantôme,1385,2024,DVF
Éguzon-Chantôme|36,1385,2024,DVF
Élancourt,2903,2024,DVF
Élancourt|78,2903,2024,DVF
Élesmes,1447,2024,DVF
Élesmes|59,1447,2024,DVF
Éleu-dit-Leauwette,1509,2024,DVF
Éleu-dit-Leauwette|62,1509,2024,DVF
Élincourt,1109,2024,DVF
Élincourt-Sainte-Marguerite,2249,2024,DVF
Élincourt-Sainte-Marguerite|60,2249,2024,DVF
Élincourt|59,1109,2024,DVF
Éloie,1946,2024,DVF
Éloie|90,1946,2024,DVF
Éloise,3197,2024,DVF
Éloise|74,3197,2024,DVF
Éloyes,1588,2024,DVF
Éloyes|88,1588,2024,DVF
Émancé,3260,2024,DVF
Émancé|78,3260,2024,DVF
Émanville,1393,2024,DVF
Émanville|27,1393,2024,DVF
Émanville|76,2039,2024,DVF
Émerainville,3672,2024,DVF
Émerainville|77,3672,2024,DVF
Émerchicourt,1472,2024,DVF
Émerchicourt|59,1472,2024,DVF
Éole-en-Beauce,1305,2024,DVF
Éole-en-Beauce|28,1305,2024,DVF
Épagne-Épagnette,1949,2024,DVF
Épagne-Épagnette|80,1949,2024,DVF
Épagny,2407,2024,DVF
Épagny|21,2407,2024,DVF
Épaignes,1891,2024,DVF
Épaignes|27,1891,2024,DVF
Épannes,1869,2024,DVF
Épannes|79,1869,2024,DVF
Épargnes,1808,2024,DVF
Épargnes|17,1808,2024,DVF
Épaux-Bézu,2721,2024,DVF
Épaux-Bézu|02,2721,2024,DVF
Épehy,1057,2024,DVF
Épehy|80,1057,2024,DVF
Épeigné-les-Bois,1433,2024,DVF
Épeigné-les-Bois|37,1433,2024,DVF
Épenoy,1726,2024,DVF
Épenoy|25,1726,2024,DVF
Épercieux-Saint-Paul,1747,2024,DVF
Épercieux-Saint-Paul|42,1747,2024,DVF
Éperlecques,1596,2024,DVF
Éperlecques|62,1596,2024,DVF
Épernay,2064,2024,DVF
Épernay-sous-Gevrey,2338,2024,DVF
Épernay-sous-Gevrey|21,2338,2024,DVF
Épernay|51,2064,2024,DVF
Épernon,2651,2024,DVF
Épernon|28,2651,2024,DVF
Épervans,1863,2024,DVF
Épervans|71,1863,2024,DVF
Épiais-Rhus,3166,2024,DVF
Épiais-Rhus|95,3166,2024,DVF
Épieds,1224,2024,DVF
Épieds-en-Beauce,1658,2024,DVF
Épieds-en-Beauce|45,1658,2024,DVF
Épieds|27,1676,2024,DVF
Épieds|49,1224,2024,DVF
Épierre,1807,2024,DVF
Épierre|73,1807,2024,DVF
Épinac,940,2024,DVF
Épinac|71,940,2024,DVF
Épinal,1551,2024,DVF
Épinal|88,1551,2024,DVF
Épinay-sous-Sénart,2149,2024,DVF
Épinay-sous-Sénart|91,2149,2024,DVF
Épinay-sur-Odon,1764,2024,DVF
Épinay-sur-Odon|14,1764,2024,DVF
Épinay-sur-Orge,3646,2024,DVF
Épinay-sur-Orge|91,3646,2024,DVF
Épinay-sur-Seine,2982,2024,DVF
Épinay-sur-Seine|93,2982,2024,DVF
Épineau-les-Voves,1693,2024,DVF
Épineau-les-Voves|89,1693,2024,DVF
Épineu-le-Chevreuil,1140,2024,DVF
Épineu-le-Chevreuil|72,1140,2024,DVF
Épineuil,998,2024,DVF
Épineuil|89,998,2024,DVF
Épinouze,1894,2024,DVF
Épinouze|26,1894,2024,DVF
Épinoy,1300,2024,DVF
Épinoy|62,1300,2024,DVF
Époisses,1196,2024,DVF
Époisses|21,1196,2024,DVF
Épouville,2479,2024,DVF
Épouville|76,2479,2024,DVF
Époye,1808,2024,DVF
Époye|51,1808,2024,DVF
Épretot,2586,2024,DVF
Épretot|76,2586,2024,DVF
Épreville,2147,2024,DVF
Épreville|76,2147,2024,DVF
Épron,2993,2024,DVF
Épron|14,2993,2024,DVF
Épuisay,1095,2024,DVF
Épuisay|41,1095,2024,DVF
Épégard,1858,2024,DVF
Épégard|27,1858,2024,DVF
Épône,3049,2024,DVF
Épône|78,3049,2024,DVF
Équemauville,3145,2024,DVF
Équemauville|14,3145,2024,DVF
Équevillon,1418,2024,DVF
Équevillon|39,1418,2024,DVF
Équihen-Plage,3779,2024,DVF
Équihen-Plage|62,3779,2024,DVF
Éragny-sur-Epte,2357,2024,DVF
Éragny-sur-Epte|60,2357,2024,DVF
Éragny-sur-Oise,3204,2024,DVF
Éragny-sur-Oise|95,3204,2024,DVF
Érondelle,1651,2024,DVF
Érondelle|80,1651,2024,DVF
Éréac,1429,2024,DVF
Éréac|22,1429,2024,DVF
Érôme,2334,2024,DVF
Érôme|26,2334,2024,DVF
Étagnac,949,2024,DVF
Étagnac|16,949,2024,DVF
Étaimpuis,1971,2024,DVF
Étaimpuis|76,1971,2024,DVF
Étain,1206,2024,DVF
Étainhus,2376,2024,DVF
Étainhus|76,2376,2024,DVF
Étain|55,1206,2024,DVF
Étais-la-Sauvin,998,2024,DVF
Étais-la-Sauvin|89,998,2024,DVF
Étalans,2568,2024,DVF
Étalans|25,2568,2024,DVF
Étampes,2454,2024,DVF
Étampes-sur-Marne,2218,2024,DVF
Étampes-sur-Marne|02,2218,2024,DVF
Étampes|91,2454,2024,DVF
Étang-sur-Arroux,1222,2024,DVF
Étang-sur-Arroux|71,1222,2024,DVF
Étaples,2617,2024,DVF
Étaples|62,2617,2024,DVF
Étaule,1590,2024,DVF
Étaules,2706,2024,DVF
Étaules|17,2706,2024,DVF
Étaule|89,1590,2024,DVF
Étauliers,1341,2024,DVF
Étauliers|33,1341,2024,DVF
Éteignières,1106,2024,DVF
Éteignières|08,1106,2024,DVF
Étel,4215,2024,DVF
Étel|56,4215,2024,DVF
Étercy,3758,2024,DVF
Étercy|74,3758,2024,DVF
Éterville,2879,2024,DVF
Éterville|14,2879,2024,DVF
Étienville,1376,2024,DVF
Étienville|50,1376,2024,DVF
Étigny,1765,2024,DVF
Étigny|89,1765,2024,DVF
Étinehem-Méricourt,1189,2024,DVF
Étinehem-Méricourt|80,1189,2024,DVF
Étiolles,3853,2024,DVF
Étiolles|91,3853,2024,DVF
Étival-Clairefontaine,1599,2024,DVF
Étival-Clairefontaine|88,1599,2024,DVF
Étival-lès-le-Mans,1922,2024,DVF
Étival-lès-le-Mans|72,1922,2024,DVF
Étobon,1321,2024,DVF
Étobon|70,1321,2024,DVF
Étoile-sur-Rhône,2874,2024,DVF
Étoile-sur-Rhône|26,2874,2024,DVF
Étoutteville,2304,2024,DVF
Étoutteville|76,2304,2024,DVF
Étouvans,1035,2024,DVF
Étouvans|25,1035,2024,DVF
Étouy,2050,2024,DVF
Étouy|60,2050,2024,DVF
Étrechet,1314,2024,DVF
Étrechet|36,1314,2024,DVF
Étreillers,1325,2024,DVF
Étreillers|02,1325,2024,DVF
Étrelles,2139,2024,DVF
Étrelles|35,2139,2024,DVF
Étrembières,5108,2024,DVF
Étrembières|74,5108,2024,DVF
Étretat,3197,2024,DVF
Étretat|76,3197,2024,DVF
Étreux,920,2024,DVF
Étreux|02,920,2024,DVF
Étriché,1992,2024,DVF
Étriché|49,1992,2024,DVF
Étrigny,1129,2024,DVF
Étrigny|71,1129,2024,DVF
Étroussat,1115,2024,DVF
Étroussat|03,1115,2024,DVF
Étréaupont,794,2024,DVF
Étréaupont|02,794,2024,DVF
Étréchy,3072,2024,DVF
Étréchy|91,3072,2024,DVF
Étrépagny,1957,2024,DVF
Étrépagny|27,1957,2024,DVF
Étrépilly,2243,2024,DVF
Étrépilly|77,2243,2024,DVF
Étréville,2369,2024,DVF
Étréville|27,2369,2024,DVF
Étrœungt,892,2024,DVF
Étrœungt|59,892,2024,DVF
Étueffont,1662,2024,DVF
Étueffont|90,1662,2024,DVF
Étupes,1595,2024,DVF
Étupes|25,1595,2024,DVF
Évaux-et-Ménil,1552,2024,DVF
Évaux-et-Ménil|88,1552,2024,DVF
Évaux-les-Bains,974,2024,DVF
Évaux-les-Bains|23,974,2024,DVF
Évecquemont,3210,2024,DVF
Évecquemont|78,3210,2024,DVF
Évellys,1809,2024,DVF
Évellys|56,1809,2024,DVF
Évenos,4309,2024,DVF
Évenos|83,4309,2024,DVF
Évergnicourt,1191,2024,DVF
Évergnicourt|02,1191,2024,DVF
Évette-Salbert,1858,2024,DVF
Évette-Salbert|90,1858,2024,DVF
Éveux,3444,2024,DVF
Éveux|69,3444,2024,DVF
Évian-les-Bains,4791,2024,DVF
Évian-les-Bains|74,4791,2024,DVF
Évin-Malmaison,1856,2024,DVF
Évin-Malmaison|62,1856,2024,DVF
Évran,1553,2024,DVF
Évran|22,1553,2024,DVF
Évrecy,2431,2024,DVF
Évrecy|14,2431,2024,DVF
Évreux,1877,2024,DVF
Évreux|27,1877,2024,DVF
Évron,1549,2024,DVF
Évron|53,1549,2024,DVF
Évry-Courcouronnes,2437,2024,DVF
Évry-Courcouronnes|91,2437,2024,DVF
Évry-Grégy-sur-Yerre,3320,2024,DVF
Évry-Grégy-sur-Yerre|77,3320,2024,DVF
Ézanville,3222,2024,DVF
Ézanville|95,3222,2024,DVF
Ézy-sur-Eure,2303,2024,DVF
Ézy-sur-Eure|27,2303,2024,DVF
Île-Tudy,4399,2024,DVF
Île-Tudy|29,4399,2024,DVF
Île-aux-Moines,7542,2024,DVF
Île-aux-Moines|56,7542,2024,DVF
Île-d'Aix,7128,2024,DVF
Île-d'Aix|17,7128,2024,DVF
Île-d'Arz,5955,2024,DVF
Île-d'Arz|56,5955,2024,DVF
Île-de-Batz,3961,2024,DVF
Île-de-Batz|29,3961,2024,DVF
Île-de-Bréhat,6987,2024,DVF
Île-de-Bréhat|22,6987,2024,DVF
Œuilly,1563,2024,DVF
Œuilly|51,1563,2024,DVF
